[0m17:16:21.845128 [debug] [MainThread]: Sending event: {'category': 'dbt', 'action': 'invocation', 'label': 'start', 'context': [<snowplow_tracker.self_describing_json.SelfDescribingJson object at 0x7a87e4c7b7d0>, <snowplow_tracker.self_describing_json.SelfDescribingJson object at 0x7a87e59caa20>, <snowplow_tracker.self_describing_json.SelfDescribingJson object at 0x7a87e632cf50>]}


============================== 17:16:21.871990 | be9e0970-48a0-4129-bc7e-490d07826b14 ==============================
[0m17:16:21.871990 [info ] [MainThread]: Running with dbt=1.12.5
[0m17:16:21.872378 [debug] [MainThread]: running dbt with arguments {'fail_fast': 'False', 'hints_enabled': 'True', 'cache_selected_only': 'False', 'warn_error': 'None', 'debug': 'False', 'use_experimental_parser': 'False', 'log_format': 'default', 'warn_error_options': 'WarnErrorOptionsV2(error=[], warn=[], silence=[])', 'write_json': 'True', 'log_path': '/home/jenho/Proj 2 - Property Transaction V1/2a_data_warehouse/logs', 'log_cache_events': 'False', 'indirect_selection': 'eager', 'target_path': 'None', 'send_anonymous_usage_stats': 'True', 'empty': 'False', 'profiles_dir': '.', 'partial_parse': 'True', 'maximum_seed_size_mib': '1', 'use_colors': 'True', 'version_check': 'True', 'invocation_command': 'dbt compile', 'quiet': 'False', 'introspect': 'True', 'printer_width': '80', 'static_parser': 'True', 'no_print': 'None'}
[0m17:16:23.564362 [debug] [MainThread]: Sending event: {'category': 'dbt', 'action': 'project_id', 'label': 'be9e0970-48a0-4129-bc7e-490d07826b14', 'context': [<snowplow_tracker.self_describing_json.SelfDescribingJson object at 0x7a87ab3ac740>]}
[0m17:16:23.682662 [debug] [MainThread]: Sending event: {'category': 'dbt', 'action': 'adapter_info', 'label': 'be9e0970-48a0-4129-bc7e-490d07826b14', 'context': [<snowplow_tracker.self_describing_json.SelfDescribingJson object at 0x7a87e35fd190>]}
[0m17:16:23.683395 [info ] [MainThread]: Registered adapter: bigquery=1.12.1
[0m17:16:23.739714 [debug] [MainThread]: checksum: 9742bae524cb133816d56fa13025eeafb4819ed2acf766351b6099479fe392d2, vars: {}, profile: property_transaction_warehouse, target: dev, version: 1.12.5
[0m17:16:23.740243 [info ] [MainThread]: Unable to do partial parsing because saved manifest not found. Starting full parse.
[0m17:16:23.740628 [debug] [MainThread]: Sending event: {'category': 'dbt', 'action': 'partial_parser', 'label': 'be9e0970-48a0-4129-bc7e-490d07826b14', 'context': [<snowplow_tracker.self_describing_json.SelfDescribingJson object at 0x7a87e57e3da0>]}
[0m17:16:24.380598 [debug] [MainThread]: Sending event: {'category': 'dbt', 'action': 'load_project', 'label': 'be9e0970-48a0-4129-bc7e-490d07826b14', 'context': [<snowplow_tracker.self_describing_json.SelfDescribingJson object at 0x7a87aa5586e0>]}
[0m17:16:24.424374 [debug] [MainThread]: Wrote artifact WritableManifest to /home/jenho/Proj 2 - Property Transaction V1/2a_data_warehouse/target/manifest.json
[0m17:16:24.426244 [debug] [MainThread]: Wrote artifact SemanticManifest to /home/jenho/Proj 2 - Property Transaction V1/2a_data_warehouse/target/semantic_manifest.json
[0m17:16:24.444124 [debug] [MainThread]: Wrote artifact OsiDocument to /home/jenho/Proj 2 - Property Transaction V1/2a_data_warehouse/target/osi_document.json
[0m17:16:24.462284 [debug] [MainThread]: Sending event: {'category': 'dbt', 'action': 'resource_counts', 'label': 'be9e0970-48a0-4129-bc7e-490d07826b14', 'context': [<snowplow_tracker.self_describing_json.SelfDescribingJson object at 0x7a87a830dd60>]}
[0m17:16:24.462655 [info ] [MainThread]: Found 5 models, 1 source, 561 macros
[0m17:16:24.462842 [debug] [MainThread]: Sending event: {'category': 'dbt', 'action': 'runnable_timing', 'label': 'be9e0970-48a0-4129-bc7e-490d07826b14', 'context': [<snowplow_tracker.self_describing_json.SelfDescribingJson object at 0x7a87a84419a0>]}
[0m17:16:24.463980 [info ] [MainThread]: 
[0m17:16:24.464209 [info ] [MainThread]: Concurrency: 4 threads (target='dev')
[0m17:16:24.464372 [info ] [MainThread]: 
[0m17:16:24.464687 [debug] [MainThread]: Acquiring new bigquery connection 'master'
[0m17:16:24.467327 [debug] [ThreadPool]: Acquiring new bigquery connection 'list_ringed-griffin-509403-b4_propery_trans1'
[0m17:16:24.467797 [debug] [ThreadPool]: Opening a new connection, currently in state init
[0m17:16:36.707238 [debug] [MainThread]: Sending event: {'category': 'dbt', 'action': 'runnable_timing', 'label': 'be9e0970-48a0-4129-bc7e-490d07826b14', 'context': [<snowplow_tracker.self_describing_json.SelfDescribingJson object at 0x7a87aaea1160>]}
[0m17:16:36.707688 [debug] [MainThread]: Opening a new connection, currently in state init
[0m17:16:36.736007 [debug] [Thread-1 (]: Began running node model.property_transaction_warehouse.stg_property_transactions
[0m17:16:36.736687 [debug] [Thread-1 (]: Re-using an available connection from the pool (formerly list_ringed-griffin-509403-b4_propery_trans1, now model.property_transaction_warehouse.stg_property_transactions)
[0m17:16:36.737018 [debug] [Thread-1 (]: Began compiling node model.property_transaction_warehouse.stg_property_transactions
[0m17:16:36.740633 [debug] [Thread-1 (]: Writing injected SQL for node "model.property_transaction_warehouse.stg_property_transactions"
[0m17:16:36.741349 [debug] [Thread-1 (]: Began executing node model.property_transaction_warehouse.stg_property_transactions
[0m17:16:36.741607 [debug] [Thread-1 (]: Opening a new connection, currently in state closed
[0m17:16:36.742178 [debug] [Thread-1 (]: Finished running node model.property_transaction_warehouse.stg_property_transactions
[0m17:16:36.742830 [debug] [Thread-3 (]: Began running node model.property_transaction_warehouse.dim_date
[0m17:16:36.743143 [debug] [Thread-3 (]: Acquiring new bigquery connection 'model.property_transaction_warehouse.dim_date'
[0m17:16:36.743315 [debug] [Thread-3 (]: Began compiling node model.property_transaction_warehouse.dim_date
[0m17:16:36.744595 [debug] [Thread-3 (]: Writing injected SQL for node "model.property_transaction_warehouse.dim_date"
[0m17:16:36.744872 [debug] [Thread-4 (]: Began running node model.property_transaction_warehouse.dim_location
[0m17:16:36.745138 [debug] [Thread-4 (]: Acquiring new bigquery connection 'model.property_transaction_warehouse.dim_location'
[0m17:16:36.745415 [debug] [Thread-2 (]: Began running node model.property_transaction_warehouse.dim_project
[0m17:16:36.745740 [debug] [Thread-4 (]: Began compiling node model.property_transaction_warehouse.dim_location
[0m17:16:36.746200 [debug] [Thread-2 (]: Acquiring new bigquery connection 'model.property_transaction_warehouse.dim_project'
[0m17:16:36.746457 [debug] [Thread-3 (]: Began executing node model.property_transaction_warehouse.dim_date
[0m17:16:36.747409 [debug] [Thread-4 (]: Writing injected SQL for node "model.property_transaction_warehouse.dim_location"
[0m17:16:36.747692 [debug] [Thread-2 (]: Began compiling node model.property_transaction_warehouse.dim_project
[0m17:16:36.747943 [debug] [Thread-3 (]: Opening a new connection, currently in state init
[0m17:16:36.748900 [debug] [Thread-2 (]: Writing injected SQL for node "model.property_transaction_warehouse.dim_project"
[0m17:16:36.749180 [debug] [Thread-4 (]: Began executing node model.property_transaction_warehouse.dim_location
[0m17:16:36.749811 [debug] [Thread-3 (]: Finished running node model.property_transaction_warehouse.dim_date
[0m17:16:36.750090 [debug] [Thread-4 (]: Opening a new connection, currently in state init
[0m17:16:36.750295 [debug] [Thread-2 (]: Began executing node model.property_transaction_warehouse.dim_project
[0m17:16:36.750812 [debug] [Thread-4 (]: Finished running node model.property_transaction_warehouse.dim_location
[0m17:16:36.751058 [debug] [Thread-2 (]: Opening a new connection, currently in state init
[0m17:16:36.751671 [debug] [Thread-2 (]: Finished running node model.property_transaction_warehouse.dim_project
[0m17:16:36.752148 [debug] [Thread-1 (]: Began running node model.property_transaction_warehouse.fact_transaction
[0m17:16:36.752494 [debug] [Thread-1 (]: Re-using an available connection from the pool (formerly model.property_transaction_warehouse.stg_property_transactions, now model.property_transaction_warehouse.fact_transaction)
[0m17:16:36.752727 [debug] [Thread-1 (]: Began compiling node model.property_transaction_warehouse.fact_transaction
[0m17:16:36.754060 [debug] [Thread-1 (]: Writing injected SQL for node "model.property_transaction_warehouse.fact_transaction"
[0m17:16:36.754361 [debug] [Thread-1 (]: Began executing node model.property_transaction_warehouse.fact_transaction
[0m17:16:36.754554 [debug] [Thread-1 (]: Opening a new connection, currently in state closed
[0m17:16:36.755045 [debug] [Thread-1 (]: Finished running node model.property_transaction_warehouse.fact_transaction
[0m17:16:36.755996 [debug] [MainThread]: Connection 'master' was properly closed.
[0m17:16:36.756214 [debug] [MainThread]: Connection 'model.property_transaction_warehouse.fact_transaction' was properly closed.
[0m17:16:36.756374 [debug] [MainThread]: Connection 'model.property_transaction_warehouse.dim_date' was properly closed.
[0m17:16:36.756509 [debug] [MainThread]: Connection 'model.property_transaction_warehouse.dim_location' was properly closed.
[0m17:16:36.756640 [debug] [MainThread]: Connection 'model.property_transaction_warehouse.dim_project' was properly closed.
[0m17:16:36.757125 [debug] [MainThread]: Command end result
[0m17:16:36.774288 [debug] [MainThread]: Wrote artifact WritableManifest to /home/jenho/Proj 2 - Property Transaction V1/2a_data_warehouse/target/manifest.json
[0m17:16:36.776131 [debug] [MainThread]: Wrote artifact SemanticManifest to /home/jenho/Proj 2 - Property Transaction V1/2a_data_warehouse/target/semantic_manifest.json
[0m17:16:36.777425 [debug] [MainThread]: Wrote artifact OsiDocument to /home/jenho/Proj 2 - Property Transaction V1/2a_data_warehouse/target/osi_document.json
[0m17:16:36.781120 [debug] [MainThread]: Wrote artifact RunExecutionResult to /home/jenho/Proj 2 - Property Transaction V1/2a_data_warehouse/target/run_results.json
[0m17:16:36.781540 [debug] [MainThread]: Resource report: {"command_name": "compile", "command_success": true, "command_wall_clock_time": 14.981302, "process_in_blocks": "32528", "process_kernel_time": 0.387026, "process_mem_max_rss": "279292", "process_out_blocks": "85344", "process_user_time": 5.317579}
[0m17:16:36.781953 [debug] [MainThread]: Command `dbt compile` succeeded at 17:16:36.781896 after 14.98 seconds
[0m17:16:36.782170 [debug] [MainThread]: Sending event: {'category': 'dbt', 'action': 'invocation', 'label': 'end', 'context': [<snowplow_tracker.self_describing_json.SelfDescribingJson object at 0x7a87e549a2a0>, <snowplow_tracker.self_describing_json.SelfDescribingJson object at 0x7a87e54876e0>, <snowplow_tracker.self_describing_json.SelfDescribingJson object at 0x7a87aa6d5ee0>]}
[0m17:16:36.782376 [debug] [MainThread]: Flushing usage events
[0m17:16:37.782763 [debug] [MainThread]: An error was encountered while trying to flush usage events
[0m17:16:44.806181 [debug] [MainThread]: Sending event: {'category': 'dbt', 'action': 'invocation', 'label': 'start', 'context': [<snowplow_tracker.self_describing_json.SelfDescribingJson object at 0x7e0b351f92e0>, <snowplow_tracker.self_describing_json.SelfDescribingJson object at 0x7e0b35d77b00>, <snowplow_tracker.self_describing_json.SelfDescribingJson object at 0x7e0b351f9130>]}


============================== 17:16:44.808415 | 4fec6840-74e8-4b8e-bc5d-61426aaf9042 ==============================
[0m17:16:44.808415 [info ] [MainThread]: Running with dbt=1.12.5
[0m17:16:44.808735 [debug] [MainThread]: running dbt with arguments {'indirect_selection': 'eager', 'target_path': 'None', 'quiet': 'False', 'no_print': 'None', 'cache_selected_only': 'False', 'profiles_dir': '.', 'use_colors': 'True', 'invocation_command': 'dbt debug', 'partial_parse': 'True', 'fail_fast': 'False', 'use_experimental_parser': 'False', 'warn_error_options': 'WarnErrorOptionsV2(error=[], warn=[], silence=[])', 'maximum_seed_size_mib': '1', 'send_anonymous_usage_stats': 'True', 'warn_error': 'None', 'log_format': 'default', 'log_cache_events': 'False', 'write_json': 'True', 'debug': 'False', 'hints_enabled': 'True', 'log_path': '/home/jenho/Proj 2 - Property Transaction V1/2a_data_warehouse/logs', 'version_check': 'True', 'printer_width': '80', 'static_parser': 'True', 'introspect': 'True', 'empty': 'None'}
[0m17:16:44.817209 [info ] [MainThread]: dbt version: 1.12.5
[0m17:16:44.817752 [info ] [MainThread]: python version: 3.12.15
[0m17:16:44.817949 [info ] [MainThread]: python path: /home/jenho/Proj 2 - Property Transaction V1/2a_data_warehouse/.venv/bin/python
[0m17:16:44.818214 [info ] [MainThread]: os info: Linux-6.18.33.2-microsoft-standard-WSL2-x86_64-with-glibc2.43
[0m17:16:45.333397 [info ] [MainThread]: Using profiles dir at .
[0m17:16:45.333847 [info ] [MainThread]: Using profiles.yml file at ./profiles.yml
[0m17:16:45.334005 [info ] [MainThread]: Using dbt_project.yml file at /home/jenho/Proj 2 - Property Transaction V1/2a_data_warehouse/dbt_project.yml
[0m17:16:45.334148 [info ] [MainThread]: adapter type: bigquery
[0m17:16:45.334284 [info ] [MainThread]: adapter version: 1.12.1
[0m17:16:45.391571 [info ] [MainThread]: Configuration:
[0m17:16:45.392036 [info ] [MainThread]:   profiles.yml file [[32mOK found and valid[0m]
[0m17:16:45.392378 [info ] [MainThread]:   dbt_project.yml file [[32mOK found and valid[0m]
[0m17:16:45.392570 [info ] [MainThread]: Required dependencies:
[0m17:16:45.392739 [debug] [MainThread]: Executing "git --help"
[0m17:16:45.394067 [debug] [MainThread]: STDOUT: "b"usage: git [-v | --version] [-h | --help] [-C <path>] [-c <name>=<value>]\n           [--exec-path[=<path>]] [--html-path] [--man-path] [--info-path]\n           [-p | --paginate | -P | --no-pager] [--no-replace-objects] [--no-lazy-fetch]\n           [--no-optional-locks] [--no-advice] [--bare] [--git-dir=<path>]\n           [--work-tree=<path>] [--namespace=<name>] [--config-env=<name>=<envvar>]\n           <command> [<args>]\n\nThese are common Git commands used in various situations:\n\nstart a working area (see also: git help tutorial)\n   clone      Clone a repository into a new directory\n   init       Create an empty Git repository or reinitialize an existing one\n\nwork on the current change (see also: git help everyday)\n   add        Add file contents to the index\n   mv         Move or rename a file, a directory, or a symlink\n   restore    Restore working tree files\n   rm         Remove files from the working tree and from the index\n\nexamine the history and state (see also: git help revisions)\n   bisect     Use binary search to find the commit that introduced a bug\n   diff       Show changes between commits, commit and working tree, etc\n   grep       Print lines matching a pattern\n   log        Show commit logs\n   show       Show various types of objects\n   status     Show the working tree status\n\ngrow, mark and tweak your common history\n   backfill   Download missing objects in a partial clone\n   branch     List, create, or delete branches\n   commit     Record changes to the repository\n   merge      Join two or more development histories together\n   rebase     Reapply commits on top of another base tip\n   reset      Set `HEAD` or the index to a known state\n   switch     Switch branches\n   tag        Create, list, delete or verify tags\n\ncollaborate (see also: git help workflows)\n   fetch      Download objects and refs from another repository\n   pull       Fetch from and integrate with another repository or a local branch\n   push       Update remote refs along with associated objects\n\n'git help -a' and 'git help -g' list available subcommands and some\nconcept guides. See 'git help <command>' or 'git help <concept>'\nto read about a specific subcommand or concept.\nSee 'git help git' for an overview of the system.\n""
[0m17:16:45.394270 [debug] [MainThread]: STDERR: "b''"
[0m17:16:45.394418 [info ] [MainThread]:  - git [[32mOK found[0m]

[0m17:16:45.394552 [info ] [MainThread]: Connection:
[0m17:16:45.394706 [info ] [MainThread]:   method: oauth
[0m17:16:45.394836 [info ] [MainThread]:   database: ringed-griffin-509403-b4
[0m17:16:45.394969 [info ] [MainThread]:   execution_project: ringed-griffin-509403-b4
[0m17:16:45.395093 [info ] [MainThread]:   schema: propery_trans1
[0m17:16:45.395216 [info ] [MainThread]:   location: None
[0m17:16:45.395336 [info ] [MainThread]:   priority: interactive
[0m17:16:45.395494 [info ] [MainThread]:   maximum_bytes_billed: None
[0m17:16:45.395622 [info ] [MainThread]:   reservation: None
[0m17:16:45.395766 [info ] [MainThread]:   impersonate_service_account: None
[0m17:16:45.395885 [info ] [MainThread]:   job_retry_deadline_seconds: None
[0m17:16:45.396004 [info ] [MainThread]:   job_retries: 1
[0m17:16:45.396120 [info ] [MainThread]:   job_creation_timeout_seconds: None
[0m17:16:45.396239 [info ] [MainThread]:   job_execution_timeout_seconds: None
[0m17:16:45.396355 [info ] [MainThread]:   job_link_info_level_log: False
[0m17:16:45.396475 [info ] [MainThread]:   timeout_seconds: None
[0m17:16:45.396592 [info ] [MainThread]:   client_id: None
[0m17:16:45.396708 [info ] [MainThread]:   token_uri: None
[0m17:16:45.396825 [info ] [MainThread]:   compute_region: None
[0m17:16:45.396942 [info ] [MainThread]:   dataproc_cluster_name: None
[0m17:16:45.397058 [info ] [MainThread]:   gcs_bucket: None
[0m17:16:45.397173 [info ] [MainThread]:   dataproc_batch: None
[0m17:16:45.397430 [info ] [MainThread]: Registered adapter: bigquery=1.12.1
[0m17:16:45.444419 [debug] [MainThread]: Acquiring new bigquery connection 'debug'
[0m17:16:45.448737 [debug] [MainThread]: On debug: select 1 as id
[0m17:16:45.449078 [debug] [MainThread]: Opening a new connection, currently in state init
[0m17:16:58.131597 [debug] [MainThread]: BigQuery adapter: https://console.cloud.google.com/bigquery?project=ringed-griffin-509403-b4&j=bq:US:20b389ed-7acd-4cef-b7bc-02dc5bc6607a&page=queryresults
[0m17:16:58.501683 [debug] [MainThread]: SQL status: OK in 0.369 seconds
[0m17:16:58.944101 [info ] [MainThread]:   Connection test: [[32mOK connection ok[0m]

[0m17:16:58.944498 [info ] [MainThread]: [32mAll checks passed![0m
[0m17:16:58.944921 [debug] [MainThread]: Resource report: {"command_name": "debug", "command_success": true, "command_wall_clock_time": 14.180808, "process_in_blocks": "8", "process_kernel_time": 0.185938, "process_mem_max_rss": "255008", "process_out_blocks": "320", "process_user_time": 2.481873}
[0m17:16:58.945370 [debug] [MainThread]: Command `dbt debug` succeeded at 17:16:58.945307 after 14.18 seconds
[0m17:16:58.945577 [debug] [MainThread]: Connection 'debug' was properly closed.
[0m17:16:58.945806 [debug] [MainThread]: Sending event: {'category': 'dbt', 'action': 'invocation', 'label': 'end', 'context': [<snowplow_tracker.self_describing_json.SelfDescribingJson object at 0x7e0b34595100>, <snowplow_tracker.self_describing_json.SelfDescribingJson object at 0x7e0afb8cdd90>, <snowplow_tracker.self_describing_json.SelfDescribingJson object at 0x7e0afba98fb0>]}
[0m17:16:58.946042 [debug] [MainThread]: Flushing usage events
[0m17:16:59.881383 [debug] [MainThread]: An error was encountered while trying to flush usage events
[0m17:17:06.319163 [debug] [MainThread]: Sending event: {'category': 'dbt', 'action': 'invocation', 'label': 'start', 'context': [<snowplow_tracker.self_describing_json.SelfDescribingJson object at 0x7ebfa2c1cf80>, <snowplow_tracker.self_describing_json.SelfDescribingJson object at 0x7ebfa29cf620>, <snowplow_tracker.self_describing_json.SelfDescribingJson object at 0x7ebfa30f41a0>]}


============================== 17:17:06.321993 | 62dd9ee4-3dfc-451c-8be1-42cd322ffe1e ==============================
[0m17:17:06.321993 [info ] [MainThread]: Running with dbt=1.12.5
[0m17:17:06.322286 [debug] [MainThread]: running dbt with arguments {'warn_error': 'None', 'indirect_selection': 'eager', 'profiles_dir': '.', 'invocation_command': 'dbt ls --select model:* --output path', 'log_format': 'default', 'use_colors': 'True', 'partial_parse': 'True', 'hints_enabled': 'True', 'write_json': 'True', 'log_cache_events': 'False', 'send_anonymous_usage_stats': 'True', 'cache_selected_only': 'False', 'empty': 'None', 'debug': 'False', 'warn_error_options': 'WarnErrorOptionsV2(error=[], warn=[], silence=[])', 'no_print': 'None', 'use_experimental_parser': 'False', 'quiet': 'False', 'fail_fast': 'False', 'static_parser': 'True', 'introspect': 'True', 'printer_width': '80', 'target_path': 'None', 'maximum_seed_size_mib': '1', 'version_check': 'True', 'log_path': '/home/jenho/Proj 2 - Property Transaction V1/2a_data_warehouse/logs'}
[0m17:17:06.920147 [debug] [MainThread]: Sending event: {'category': 'dbt', 'action': 'project_id', 'label': '62dd9ee4-3dfc-451c-8be1-42cd322ffe1e', 'context': [<snowplow_tracker.self_describing_json.SelfDescribingJson object at 0x7ebf6ceebd40>]}
[0m17:17:06.960901 [debug] [MainThread]: Sending event: {'category': 'dbt', 'action': 'adapter_info', 'label': '62dd9ee4-3dfc-451c-8be1-42cd322ffe1e', 'context': [<snowplow_tracker.self_describing_json.SelfDescribingJson object at 0x7ebfa4973170>]}
[0m17:17:06.961577 [info ] [MainThread]: Registered adapter: bigquery=1.12.1
[0m17:17:07.015308 [debug] [MainThread]: checksum: 9742bae524cb133816d56fa13025eeafb4819ed2acf766351b6099479fe392d2, vars: {}, profile: property_transaction_warehouse, target: dev, version: 1.12.5
[0m17:17:07.075267 [debug] [MainThread]: Partial parsing enabled: 0 files deleted, 0 files added, 0 files changed.
[0m17:17:07.075572 [debug] [MainThread]: Nothing changed, skipping partial parsing.
[0m17:17:07.075731 [debug] [MainThread]: Partial parsing enabled, no changes found, skipping parsing
[0m17:17:07.080553 [debug] [MainThread]: Sending event: {'category': 'dbt', 'action': 'load_project', 'label': '62dd9ee4-3dfc-451c-8be1-42cd322ffe1e', 'context': [<snowplow_tracker.self_describing_json.SelfDescribingJson object at 0x7ebf6ca83f20>]}
[0m17:17:07.133190 [debug] [MainThread]: Wrote artifact WritableManifest to /home/jenho/Proj 2 - Property Transaction V1/2a_data_warehouse/target/manifest.json
[0m17:17:07.134925 [debug] [MainThread]: Wrote artifact SemanticManifest to /home/jenho/Proj 2 - Property Transaction V1/2a_data_warehouse/target/semantic_manifest.json
[0m17:17:07.141758 [debug] [MainThread]: Wrote artifact OsiDocument to /home/jenho/Proj 2 - Property Transaction V1/2a_data_warehouse/target/osi_document.json
[0m17:17:07.150270 [debug] [MainThread]: Sending event: {'category': 'dbt', 'action': 'resource_counts', 'label': '62dd9ee4-3dfc-451c-8be1-42cd322ffe1e', 'context': [<snowplow_tracker.self_describing_json.SelfDescribingJson object at 0x7ebf6c574950>]}
[0m17:17:07.150928 [info ] [MainThread]: Found 5 models, 1 source, 561 macros
[0m17:17:07.151302 [debug] [MainThread]: Sending event: {'category': 'dbt', 'action': 'runnable_timing', 'label': '62dd9ee4-3dfc-451c-8be1-42cd322ffe1e', 'context': [<snowplow_tracker.self_describing_json.SelfDescribingJson object at 0x7ebf6ca83e00>]}
[0m17:17:07.151877 [error] [MainThread]: [[31mERROR[0m]: Encountered an error:
Runtime Error
  'model' is not a valid method name
[0m17:17:07.152465 [debug] [MainThread]: Resource report: {"command_name": "list", "command_success": false, "command_wall_clock_time": 0.87870157, "process_in_blocks": "0", "process_kernel_time": 0.257172, "process_mem_max_rss": "253720", "process_out_blocks": "1416", "process_user_time": 2.583969}
[0m17:17:07.153179 [debug] [MainThread]: Command `dbt ls` failed at 17:17:07.153094 after 0.88 seconds
[0m17:17:07.153444 [debug] [MainThread]: Sending event: {'category': 'dbt', 'action': 'invocation', 'label': 'end', 'context': [<snowplow_tracker.self_describing_json.SelfDescribingJson object at 0x7ebfa3e24800>, <snowplow_tracker.self_describing_json.SelfDescribingJson object at 0x7ebf6c50cb30>, <snowplow_tracker.self_describing_json.SelfDescribingJson object at 0x7ebf6ca83ad0>]}
[0m17:17:07.153670 [debug] [MainThread]: Flushing usage events
[0m17:17:08.185804 [debug] [MainThread]: An error was encountered while trying to flush usage events
[0m17:17:42.654859 [debug] [MainThread]: Sending event: {'category': 'dbt', 'action': 'invocation', 'label': 'start', 'context': [<snowplow_tracker.self_describing_json.SelfDescribingJson object at 0x70a1c1d86a50>, <snowplow_tracker.self_describing_json.SelfDescribingJson object at 0x70a1c41ad940>, <snowplow_tracker.self_describing_json.SelfDescribingJson object at 0x70a1c1dbeb10>]}


============================== 17:17:42.657121 | 4b3ada97-09d6-4599-9404-f101bf25db3d ==============================
[0m17:17:42.657121 [info ] [MainThread]: Running with dbt=1.12.5
[0m17:17:42.657421 [debug] [MainThread]: running dbt with arguments {'indirect_selection': 'eager', 'introspect': 'True', 'printer_width': '80', 'send_anonymous_usage_stats': 'True', 'maximum_seed_size_mib': '1', 'profiles_dir': '.', 'log_cache_events': 'False', 'invocation_command': 'dbt build', 'use_colors': 'True', 'partial_parse': 'True', 'version_check': 'True', 'target_path': 'None', 'use_experimental_parser': 'False', 'debug': 'False', 'fail_fast': 'False', 'static_parser': 'True', 'no_print': 'None', 'log_path': '/home/jenho/Proj 2 - Property Transaction V1/2a_data_warehouse/logs', 'warn_error': 'None', 'empty': 'False', 'warn_error_options': 'WarnErrorOptionsV2(error=[], warn=[], silence=[])', 'log_format': 'default', 'cache_selected_only': 'False', 'quiet': 'False', 'hints_enabled': 'True', 'write_json': 'True'}
[0m17:17:43.260978 [debug] [MainThread]: Sending event: {'category': 'dbt', 'action': 'project_id', 'label': '4b3ada97-09d6-4599-9404-f101bf25db3d', 'context': [<snowplow_tracker.self_describing_json.SelfDescribingJson object at 0x70a1c3fa3710>]}
[0m17:17:43.296916 [debug] [MainThread]: Sending event: {'category': 'dbt', 'action': 'adapter_info', 'label': '4b3ada97-09d6-4599-9404-f101bf25db3d', 'context': [<snowplow_tracker.self_describing_json.SelfDescribingJson object at 0x70a1c25217f0>]}
[0m17:17:43.297578 [info ] [MainThread]: Registered adapter: bigquery=1.12.1
[0m17:17:43.355212 [debug] [MainThread]: checksum: 9742bae524cb133816d56fa13025eeafb4819ed2acf766351b6099479fe392d2, vars: {}, profile: property_transaction_warehouse, target: dev, version: 1.12.5
[0m17:17:43.416139 [debug] [MainThread]: Partial parsing enabled: 0 files deleted, 1 files added, 0 files changed.
[0m17:17:43.416589 [debug] [MainThread]: Partial parsing: added file: property_transaction_warehouse://model/schema.yml
[0m17:17:43.669985 [debug] [MainThread]: Sending event: {'category': 'dbt', 'action': 'load_project', 'label': '4b3ada97-09d6-4599-9404-f101bf25db3d', 'context': [<snowplow_tracker.self_describing_json.SelfDescribingJson object at 0x70a187e6bbf0>]}
[0m17:17:43.723709 [debug] [MainThread]: Wrote artifact WritableManifest to /home/jenho/Proj 2 - Property Transaction V1/2a_data_warehouse/target/manifest.json
[0m17:17:43.725339 [debug] [MainThread]: Wrote artifact SemanticManifest to /home/jenho/Proj 2 - Property Transaction V1/2a_data_warehouse/target/semantic_manifest.json
[0m17:17:43.733599 [debug] [MainThread]: Wrote artifact OsiDocument to /home/jenho/Proj 2 - Property Transaction V1/2a_data_warehouse/target/osi_document.json
[0m17:17:43.833362 [debug] [MainThread]: Sending event: {'category': 'dbt', 'action': 'resource_counts', 'label': '4b3ada97-09d6-4599-9404-f101bf25db3d', 'context': [<snowplow_tracker.self_describing_json.SelfDescribingJson object at 0x70a1876b4d70>]}
[0m17:17:43.833760 [info ] [MainThread]: Found 5 models, 13 data tests, 1 source, 561 macros
[0m17:17:43.835545 [info ] [MainThread]: 
[0m17:17:43.835793 [info ] [MainThread]: Concurrency: 4 threads (target='dev')
[0m17:17:43.835949 [info ] [MainThread]: 
[0m17:17:43.836286 [debug] [MainThread]: Acquiring new bigquery connection 'master'
[0m17:17:43.838850 [debug] [ThreadPool]: Acquiring new bigquery connection 'list_ringed-griffin-509403-b4'
[0m17:17:43.839155 [debug] [ThreadPool]: Opening a new connection, currently in state init
[0m17:17:54.058398 [debug] [ThreadPool]: Re-using an available connection from the pool (formerly list_ringed-griffin-509403-b4, now list_ringed-griffin-509403-b4_propery_trans1)
[0m17:17:54.058898 [debug] [ThreadPool]: Opening a new connection, currently in state closed
[0m17:17:54.807944 [debug] [MainThread]: Sending event: {'category': 'dbt', 'action': 'runnable_timing', 'label': '4b3ada97-09d6-4599-9404-f101bf25db3d', 'context': [<snowplow_tracker.self_describing_json.SelfDescribingJson object at 0x70a1c5146cc0>]}
[0m17:17:54.808898 [debug] [MainThread]: Opening a new connection, currently in state init
[0m17:17:54.813138 [debug] [Thread-1 (]: Began running node model.property_transaction_warehouse.stg_property_transactions
[0m17:17:54.813625 [info ] [Thread-1 (]: 1 of 18 START sql table model propery_trans1.stg_property_transactions ......... [RUN]
[0m17:17:54.813977 [debug] [Thread-1 (]: Re-using an available connection from the pool (formerly list_ringed-griffin-509403-b4_propery_trans1, now model.property_transaction_warehouse.stg_property_transactions)
[0m17:17:54.814214 [debug] [Thread-1 (]: Began compiling node model.property_transaction_warehouse.stg_property_transactions
[0m17:17:54.817688 [debug] [Thread-1 (]: Writing injected SQL for node "model.property_transaction_warehouse.stg_property_transactions"
[0m17:17:54.831216 [debug] [Thread-1 (]: Began executing node model.property_transaction_warehouse.stg_property_transactions
[0m17:17:54.850959 [debug] [Thread-1 (]: Writing runtime sql for node "model.property_transaction_warehouse.stg_property_transactions"
[0m17:17:54.851911 [debug] [Thread-1 (]: On model.property_transaction_warehouse.stg_property_transactions: /* {"app": "dbt", "dbt_version": "1.12.5", "profile_name": "property_transaction_warehouse", "target_name": "dev", "node_id": "model.property_transaction_warehouse.stg_property_transactions"} */

  
    

    create or replace table `ringed-griffin-509403-b4`.`propery_trans1`.`stg_property_transactions`
      
    
    

    
    OPTIONS()
    as (
      WITH cleaned AS (
    SELECT
        NULLIF(REGEXP_REPLACE(UPPER(TRIM(project_name)), r'\s+', ' '), '') AS project_name,
        SAFE_CAST(REGEXP_REPLACE(NULLIF(TRIM(transacted_price), '-'), r'[^0-9.-]', '') AS NUMERIC) AS transacted_price,
        SAFE_CAST(REGEXP_REPLACE(NULLIF(TRIM(area_sqft), '-'), r'[^0-9.-]', '') AS NUMERIC) AS area_sqft,
        SAFE_CAST(REGEXP_REPLACE(NULLIF(TRIM(unit_price_psf), '-'), r'[^0-9.-]', '') AS NUMERIC) AS unit_price_psf,
        SAFE.PARSE_DATE('%d %b %Y', NULLIF(TRIM(sale_date), '')) AS sale_date,
        NULLIF(REGEXP_REPLACE(UPPER(TRIM(address)), r'\s+', ' '), '') AS address,
        NULLIF(UPPER(TRIM(type_of_sale)), '') AS type_of_sale,
        NULLIF(UPPER(TRIM(type_of_area)), '') AS type_of_area,
        SAFE_CAST(REGEXP_REPLACE(NULLIF(TRIM(area_sqm), '-'), r'[^0-9.-]', '') AS NUMERIC) AS area_sqm,
        SAFE_CAST(REGEXP_REPLACE(NULLIF(TRIM(unit_price_psm), '-'), r'[^0-9.-]', '') AS NUMERIC) AS unit_price_psm,
        SAFE_CAST(REGEXP_REPLACE(NULLIF(TRIM(nett_price), '-'), r'[^0-9.-]', '') AS NUMERIC) AS nett_price,
        NULLIF(UPPER(TRIM(property_type)), '') AS property_type,
        SAFE_CAST(NULLIF(TRIM(number_of_units), '-') AS INT64) AS number_of_units,
        NULLIF(UPPER(TRIM(tenure)), '') AS tenure,
        NULLIF(TRIM(completion_date), '') AS completion_date,
        NULLIF(UPPER(TRIM(purchaser_address_indicator)), '') AS purchaser_address_indicator,
        NULLIF(TRIM(postal_code), '') AS postal_code,
        NULLIF(TRIM(postal_district), '') AS postal_district,
        NULLIF(TRIM(postal_sector), '') AS postal_sector,
        NULLIF(UPPER(TRIM(planning_region)), '') AS planning_region,
        NULLIF(UPPER(TRIM(planning_area)), '') AS planning_area
    FROM `ringed-griffin-509403-b4`.`propery_trans1`.`raw_property_trans`
)
SELECT
    *,
    SAFE_CAST(IF(REGEXP_CONTAINS(completion_date, r'^\d{4}$'), completion_date, NULL) AS INT64) AS completion_year,
    CASE
        WHEN UPPER(completion_date) = 'UNCOMPLETED' THEN 'UNCOMPLETED'
        WHEN REGEXP_CONTAINS(completion_date, r'^\d{4}$') THEN 'COMPLETED'
        WHEN completion_date IS NULL THEN NULL
        ELSE 'UNKNOWN'
    END AS completion_status
FROM cleaned
    );
  
[0m17:17:54.852205 [debug] [Thread-1 (]: Opening a new connection, currently in state closed
[0m17:17:55.567233 [debug] [Thread-1 (]: BigQuery adapter: https://console.cloud.google.com/bigquery?project=ringed-griffin-509403-b4&j=bq:US:aeafa646-f7a5-495a-8a45-a9da33f15a57&page=queryresults
[0m17:17:58.148443 [debug] [Thread-1 (]: SQL status: OK in 2.581 seconds
[0m17:17:58.556088 [debug] [Thread-1 (]: Sending event: {'category': 'dbt', 'action': 'run_model', 'label': '4b3ada97-09d6-4599-9404-f101bf25db3d', 'context': [<snowplow_tracker.self_describing_json.SelfDescribingJson object at 0x70a18c2c7350>]}
[0m17:17:58.556577 [info ] [Thread-1 (]: 1 of 18 OK created sql table model propery_trans1.stg_property_transactions .... [[32mCREATE TABLE (94.3k rows, 18.7 MiB processed)[0m in 3.74s]
[0m17:17:58.556931 [debug] [Thread-1 (]: Finished running node model.property_transaction_warehouse.stg_property_transactions
[0m17:17:58.557785 [debug] [Thread-3 (]: Began running node model.property_transaction_warehouse.dim_date
[0m17:17:58.558086 [info ] [Thread-3 (]: 2 of 18 START sql table model propery_trans1.dim_date .......................... [RUN]
[0m17:17:58.558551 [debug] [Thread-3 (]: Acquiring new bigquery connection 'model.property_transaction_warehouse.dim_date'
[0m17:17:58.558765 [debug] [Thread-3 (]: Began compiling node model.property_transaction_warehouse.dim_date
[0m17:17:58.560373 [debug] [Thread-3 (]: Writing injected SQL for node "model.property_transaction_warehouse.dim_date"
[0m17:17:58.560887 [debug] [Thread-4 (]: Began running node model.property_transaction_warehouse.dim_location
[0m17:17:58.561264 [debug] [Thread-2 (]: Began running node model.property_transaction_warehouse.dim_project
[0m17:17:58.575902 [debug] [Thread-3 (]: Began executing node model.property_transaction_warehouse.dim_date
[0m17:17:58.576417 [info ] [Thread-4 (]: 3 of 18 START sql table model propery_trans1.dim_location ...................... [RUN]
[0m17:17:58.578549 [debug] [Thread-3 (]: Writing runtime sql for node "model.property_transaction_warehouse.dim_date"
[0m17:17:58.576829 [info ] [Thread-2 (]: 4 of 18 START sql table model propery_trans1.dim_project ....................... [RUN]
[0m17:17:58.579053 [debug] [Thread-4 (]: Acquiring new bigquery connection 'model.property_transaction_warehouse.dim_location'
[0m17:17:58.579651 [debug] [Thread-2 (]: Acquiring new bigquery connection 'model.property_transaction_warehouse.dim_project'
[0m17:17:58.579942 [debug] [Thread-3 (]: On model.property_transaction_warehouse.dim_date: /* {"app": "dbt", "dbt_version": "1.12.5", "profile_name": "property_transaction_warehouse", "target_name": "dev", "node_id": "model.property_transaction_warehouse.dim_date"} */

  
    

    create or replace table `ringed-griffin-509403-b4`.`propery_trans1`.`dim_date`
      
    
    

    
    OPTIONS()
    as (
      WITH date_bounds AS (
    SELECT
        MIN(sale_date) AS first_date,
        MAX(sale_date) AS last_date
    FROM `ringed-griffin-509403-b4`.`propery_trans1`.`stg_property_transactions`
)
SELECT
    CAST(FORMAT_DATE('%Y%m%d', calendar_date) AS INT64) AS date_key,
    calendar_date AS full_date,
    EXTRACT(YEAR FROM calendar_date) AS year,
    EXTRACT(QUARTER FROM calendar_date) AS quarter,
    EXTRACT(MONTH FROM calendar_date) AS month,
    FORMAT_DATE('%B', calendar_date) AS month_name,
    EXTRACT(DAY FROM calendar_date) AS day_of_month,
    EXTRACT(DAYOFWEEK FROM calendar_date) AS day_of_week,
    FORMAT_DATE('%A', calendar_date) AS day_name,
    EXTRACT(ISOWEEK FROM calendar_date) AS iso_week
FROM date_bounds,
UNNEST(GENERATE_DATE_ARRAY(first_date, last_date)) AS calendar_date
    );
  
[0m17:17:58.580202 [debug] [Thread-4 (]: Began compiling node model.property_transaction_warehouse.dim_location
[0m17:17:58.580417 [debug] [Thread-2 (]: Began compiling node model.property_transaction_warehouse.dim_project
[0m17:17:58.580675 [debug] [Thread-3 (]: Opening a new connection, currently in state init
[0m17:17:58.581811 [debug] [Thread-4 (]: Writing injected SQL for node "model.property_transaction_warehouse.dim_location"
[0m17:17:58.582830 [debug] [Thread-2 (]: Writing injected SQL for node "model.property_transaction_warehouse.dim_project"
[0m17:17:58.584310 [debug] [Thread-4 (]: Began executing node model.property_transaction_warehouse.dim_location
[0m17:17:58.585407 [debug] [Thread-4 (]: Writing runtime sql for node "model.property_transaction_warehouse.dim_location"
[0m17:17:58.585778 [debug] [Thread-2 (]: Began executing node model.property_transaction_warehouse.dim_project
[0m17:17:58.586878 [debug] [Thread-2 (]: Writing runtime sql for node "model.property_transaction_warehouse.dim_project"
[0m17:17:58.587183 [debug] [Thread-2 (]: On model.property_transaction_warehouse.dim_project: /* {"app": "dbt", "dbt_version": "1.12.5", "profile_name": "property_transaction_warehouse", "target_name": "dev", "node_id": "model.property_transaction_warehouse.dim_project"} */

  
    

    create or replace table `ringed-griffin-509403-b4`.`propery_trans1`.`dim_project`
      
    
    

    
    OPTIONS()
    as (
      WITH projects AS (
    SELECT DISTINCT
        project_name,
        property_type,
        tenure,
        completion_year,
        completion_status
    FROM `ringed-griffin-509403-b4`.`propery_trans1`.`stg_property_transactions`
    WHERE project_name IS NOT NULL
)
SELECT
    FARM_FINGERPRINT(TO_JSON_STRING(STRUCT(
        project_name,
        property_type,
        tenure,
        completion_year,
        completion_status
    ))) AS project_key,
    project_name,
    property_type,
    tenure,
    completion_year,
    completion_status
FROM projects
    );
  
[0m17:17:58.587458 [debug] [Thread-2 (]: Opening a new connection, currently in state init
[0m17:17:58.587697 [debug] [Thread-4 (]: On model.property_transaction_warehouse.dim_location: /* {"app": "dbt", "dbt_version": "1.12.5", "profile_name": "property_transaction_warehouse", "target_name": "dev", "node_id": "model.property_transaction_warehouse.dim_location"} */

  
    

    create or replace table `ringed-griffin-509403-b4`.`propery_trans1`.`dim_location`
      
    
    

    
    OPTIONS()
    as (
      WITH locations AS (
    SELECT DISTINCT
        address,
        postal_code,
        postal_district,
        postal_sector,
        planning_region,
        planning_area
    FROM `ringed-griffin-509403-b4`.`propery_trans1`.`stg_property_transactions`
    WHERE address IS NOT NULL
       OR postal_code IS NOT NULL
       OR postal_district IS NOT NULL
       OR postal_sector IS NOT NULL
       OR planning_region IS NOT NULL
       OR planning_area IS NOT NULL
)
SELECT
    FARM_FINGERPRINT(TO_JSON_STRING(STRUCT(
        address,
        postal_code,
        postal_district,
        postal_sector,
        planning_region,
        planning_area
    ))) AS location_key,
    address,
    postal_code,
    postal_district,
    postal_sector,
    planning_region,
    planning_area
FROM locations
    );
  
[0m17:17:58.588555 [debug] [Thread-4 (]: Opening a new connection, currently in state init
[0m17:17:59.295687 [debug] [Thread-2 (]: BigQuery adapter: https://console.cloud.google.com/bigquery?project=ringed-griffin-509403-b4&j=bq:US:f68e32b8-0a44-4543-8f95-8281b259a6a4&page=queryresults
[0m17:17:59.326221 [debug] [Thread-3 (]: BigQuery adapter: https://console.cloud.google.com/bigquery?project=ringed-griffin-509403-b4&j=bq:US:78cf4c74-f074-4525-878f-4f479a2f580e&page=queryresults
[0m17:17:59.336680 [debug] [Thread-4 (]: BigQuery adapter: https://console.cloud.google.com/bigquery?project=ringed-griffin-509403-b4&j=bq:US:b3f9b6c3-b517-4ee5-9b26-8cbad69c14e0&page=queryresults
[0m17:18:00.791020 [debug] [Thread-2 (]: SQL status: OK in 1.495 seconds
[0m17:18:00.809535 [debug] [Thread-3 (]: SQL status: OK in 1.483 seconds
[0m17:18:01.171446 [debug] [Thread-2 (]: Sending event: {'category': 'dbt', 'action': 'run_model', 'label': '4b3ada97-09d6-4599-9404-f101bf25db3d', 'context': [<snowplow_tracker.self_describing_json.SelfDescribingJson object at 0x70a18769da00>]}
[0m17:18:01.171906 [info ] [Thread-2 (]: 4 of 18 OK created sql table model propery_trans1.dim_project .................. [[32mCREATE TABLE (2.7k rows, 5.8 MiB processed)[0m in 2.59s]
[0m17:18:01.172242 [debug] [Thread-2 (]: Finished running node model.property_transaction_warehouse.dim_project
[0m17:18:01.172843 [debug] [Thread-1 (]: Began running node test.property_transaction_warehouse.not_null_dim_project_project_key.5cfc354fab
[0m17:18:01.173095 [info ] [Thread-1 (]: 5 of 18 START test not_null_dim_project_project_key ............................ [RUN]
[0m17:18:01.173334 [debug] [Thread-1 (]: Re-using an available connection from the pool (formerly model.property_transaction_warehouse.stg_property_transactions, now test.property_transaction_warehouse.not_null_dim_project_project_key.5cfc354fab)
[0m17:18:01.173510 [debug] [Thread-1 (]: Began compiling node test.property_transaction_warehouse.not_null_dim_project_project_key.5cfc354fab
[0m17:18:01.178971 [debug] [Thread-2 (]: Began running node test.property_transaction_warehouse.unique_dim_project_project_key.793b35d8e1
[0m17:18:01.180184 [debug] [Thread-1 (]: Writing injected SQL for node "test.property_transaction_warehouse.not_null_dim_project_project_key.5cfc354fab"
[0m17:18:01.182010 [debug] [Thread-3 (]: Sending event: {'category': 'dbt', 'action': 'run_model', 'label': '4b3ada97-09d6-4599-9404-f101bf25db3d', 'context': [<snowplow_tracker.self_describing_json.SelfDescribingJson object at 0x70a18701c590>]}
[0m17:18:01.182352 [info ] [Thread-2 (]: 6 of 18 START test unique_dim_project_project_key .............................. [RUN]
[0m17:18:01.182914 [info ] [Thread-3 (]: 2 of 18 OK created sql table model propery_trans1.dim_date ..................... [[32mCREATE TABLE (3.3k rows, 736.7 KiB processed)[0m in 2.62s]
[0m17:18:01.183256 [debug] [Thread-2 (]: Re-using an available connection from the pool (formerly model.property_transaction_warehouse.dim_project, now test.property_transaction_warehouse.unique_dim_project_project_key.793b35d8e1)
[0m17:18:01.183597 [debug] [Thread-3 (]: Finished running node model.property_transaction_warehouse.dim_date
[0m17:18:01.183872 [debug] [Thread-2 (]: Began compiling node test.property_transaction_warehouse.unique_dim_project_project_key.793b35d8e1
[0m17:18:01.184137 [debug] [Thread-1 (]: Began executing node test.property_transaction_warehouse.not_null_dim_project_project_key.5cfc354fab
[0m17:18:01.188555 [debug] [Thread-2 (]: Writing injected SQL for node "test.property_transaction_warehouse.unique_dim_project_project_key.793b35d8e1"
[0m17:18:01.197062 [debug] [Thread-1 (]: Writing runtime sql for node "test.property_transaction_warehouse.not_null_dim_project_project_key.5cfc354fab"
[0m17:18:01.197509 [debug] [Thread-3 (]: Began running node test.property_transaction_warehouse.not_null_dim_date_date_key.881d0a31b6
[0m17:18:01.197950 [info ] [Thread-3 (]: 7 of 18 START test not_null_dim_date_date_key .................................. [RUN]
[0m17:18:01.198344 [debug] [Thread-3 (]: Re-using an available connection from the pool (formerly model.property_transaction_warehouse.dim_date, now test.property_transaction_warehouse.not_null_dim_date_date_key.881d0a31b6)
[0m17:18:01.198579 [debug] [Thread-3 (]: Began compiling node test.property_transaction_warehouse.not_null_dim_date_date_key.881d0a31b6
[0m17:18:01.202374 [debug] [Thread-3 (]: Writing injected SQL for node "test.property_transaction_warehouse.not_null_dim_date_date_key.881d0a31b6"
[0m17:18:01.202793 [debug] [Thread-2 (]: Began executing node test.property_transaction_warehouse.unique_dim_project_project_key.793b35d8e1
[0m17:18:01.203726 [debug] [Thread-2 (]: Writing runtime sql for node "test.property_transaction_warehouse.unique_dim_project_project_key.793b35d8e1"
[0m17:18:01.203939 [debug] [Thread-3 (]: Began executing node test.property_transaction_warehouse.not_null_dim_date_date_key.881d0a31b6
[0m17:18:01.205074 [debug] [Thread-3 (]: Writing runtime sql for node "test.property_transaction_warehouse.not_null_dim_date_date_key.881d0a31b6"
[0m17:18:01.205433 [debug] [Thread-1 (]: On test.property_transaction_warehouse.not_null_dim_project_project_key.5cfc354fab: /* {"app": "dbt", "dbt_version": "1.12.5", "profile_name": "property_transaction_warehouse", "target_name": "dev", "node_id": "test.property_transaction_warehouse.not_null_dim_project_project_key.5cfc354fab"} */

    
    select
      count(*) as failures,
      count(*) != 0 as should_warn,
      count(*) != 0 as should_error
    from (
      
    
  
    
    



select project_key
from `ringed-griffin-509403-b4`.`propery_trans1`.`dim_project`
where project_key is null



  
  
      
    ) dbt_internal_test
[0m17:18:01.205726 [debug] [Thread-3 (]: On test.property_transaction_warehouse.not_null_dim_date_date_key.881d0a31b6: /* {"app": "dbt", "dbt_version": "1.12.5", "profile_name": "property_transaction_warehouse", "target_name": "dev", "node_id": "test.property_transaction_warehouse.not_null_dim_date_date_key.881d0a31b6"} */

    
    select
      count(*) as failures,
      count(*) != 0 as should_warn,
      count(*) != 0 as should_error
    from (
      
    
  
    
    



select date_key
from `ringed-griffin-509403-b4`.`propery_trans1`.`dim_date`
where date_key is null



  
  
      
    ) dbt_internal_test
[0m17:18:01.206000 [debug] [Thread-2 (]: On test.property_transaction_warehouse.unique_dim_project_project_key.793b35d8e1: /* {"app": "dbt", "dbt_version": "1.12.5", "profile_name": "property_transaction_warehouse", "target_name": "dev", "node_id": "test.property_transaction_warehouse.unique_dim_project_project_key.793b35d8e1"} */

    
    select
      count(*) as failures,
      count(*) != 0 as should_warn,
      count(*) != 0 as should_error
    from (
      
    
  
    
    

with dbt_test__target as (

  select project_key as unique_field
  from `ringed-griffin-509403-b4`.`propery_trans1`.`dim_project`
  where project_key is not null

)

select
    unique_field,
    count(*) as n_records

from dbt_test__target
group by unique_field
having count(*) > 1



  
  
      
    ) dbt_internal_test
[0m17:18:01.206329 [debug] [Thread-1 (]: Opening a new connection, currently in state closed
[0m17:18:01.206576 [debug] [Thread-3 (]: Opening a new connection, currently in state closed
[0m17:18:01.206843 [debug] [Thread-2 (]: Opening a new connection, currently in state closed
[0m17:18:01.362812 [debug] [Thread-4 (]: SQL status: OK in 2.026 seconds
[0m17:18:01.756469 [debug] [Thread-4 (]: Sending event: {'category': 'dbt', 'action': 'run_model', 'label': '4b3ada97-09d6-4599-9404-f101bf25db3d', 'context': [<snowplow_tracker.self_describing_json.SelfDescribingJson object at 0x70a18767b230>]}
[0m17:18:01.756928 [info ] [Thread-4 (]: 3 of 18 OK created sql table model propery_trans1.dim_location ................. [[32mCREATE TABLE (91.7k rows, 6.2 MiB processed)[0m in 3.18s]
[0m17:18:01.757239 [debug] [Thread-4 (]: Finished running node model.property_transaction_warehouse.dim_location
[0m17:18:01.757562 [debug] [Thread-4 (]: Began running node test.property_transaction_warehouse.not_null_dim_date_full_date.598d7b137c
[0m17:18:01.758065 [info ] [Thread-4 (]: 8 of 18 START test not_null_dim_date_full_date ................................. [RUN]
[0m17:18:01.758379 [debug] [Thread-4 (]: Re-using an available connection from the pool (formerly model.property_transaction_warehouse.dim_location, now test.property_transaction_warehouse.not_null_dim_date_full_date.598d7b137c)
[0m17:18:01.758691 [debug] [Thread-4 (]: Began compiling node test.property_transaction_warehouse.not_null_dim_date_full_date.598d7b137c
[0m17:18:01.762547 [debug] [Thread-4 (]: Writing injected SQL for node "test.property_transaction_warehouse.not_null_dim_date_full_date.598d7b137c"
[0m17:18:01.783606 [debug] [Thread-4 (]: Began executing node test.property_transaction_warehouse.not_null_dim_date_full_date.598d7b137c
[0m17:18:01.784964 [debug] [Thread-4 (]: Writing runtime sql for node "test.property_transaction_warehouse.not_null_dim_date_full_date.598d7b137c"
[0m17:18:01.785269 [debug] [Thread-4 (]: On test.property_transaction_warehouse.not_null_dim_date_full_date.598d7b137c: /* {"app": "dbt", "dbt_version": "1.12.5", "profile_name": "property_transaction_warehouse", "target_name": "dev", "node_id": "test.property_transaction_warehouse.not_null_dim_date_full_date.598d7b137c"} */

    
    select
      count(*) as failures,
      count(*) != 0 as should_warn,
      count(*) != 0 as should_error
    from (
      
    
  
    
    



select full_date
from `ringed-griffin-509403-b4`.`propery_trans1`.`dim_date`
where full_date is null



  
  
      
    ) dbt_internal_test
[0m17:18:01.785503 [debug] [Thread-4 (]: Opening a new connection, currently in state closed
[0m17:18:01.927046 [debug] [Thread-1 (]: BigQuery adapter: https://console.cloud.google.com/bigquery?project=ringed-griffin-509403-b4&j=bq:US:e4ecd200-fc15-4517-a7d8-40764f64cbcc&page=queryresults
[0m17:18:01.943325 [debug] [Thread-3 (]: BigQuery adapter: https://console.cloud.google.com/bigquery?project=ringed-griffin-509403-b4&j=bq:US:e3945628-a541-45af-bca9-96c126a967e8&page=queryresults
[0m17:18:02.120329 [debug] [Thread-2 (]: BigQuery adapter: https://console.cloud.google.com/bigquery?project=ringed-griffin-509403-b4&j=bq:US:2d452f55-5cc5-4a2a-8cf3-3dd3d2537250&page=queryresults
[0m17:18:02.277238 [debug] [Thread-3 (]: SQL status: OK in 0.333 seconds
[0m17:18:02.278531 [debug] [Thread-1 (]: SQL status: OK in 0.351 seconds
[0m17:18:02.474866 [debug] [Thread-4 (]: BigQuery adapter: https://console.cloud.google.com/bigquery?project=ringed-griffin-509403-b4&j=bq:US:78d63bc5-1344-42d0-a615-f5772bd53a7c&page=queryresults
[0m17:18:02.502357 [debug] [Thread-2 (]: SQL status: OK in 0.381 seconds
[0m17:18:02.899844 [debug] [Thread-4 (]: SQL status: OK in 0.424 seconds
[0m17:18:02.963411 [info ] [Thread-3 (]: 7 of 18 PASS not_null_dim_date_date_key ........................................ [[32mPASS[0m in 1.76s]
[0m17:18:02.963923 [debug] [Thread-3 (]: Finished running node test.property_transaction_warehouse.not_null_dim_date_date_key.881d0a31b6
[0m17:18:02.964217 [debug] [Thread-3 (]: Began running node test.property_transaction_warehouse.unique_dim_date_date_key.0869fd48f9
[0m17:18:02.964409 [info ] [Thread-3 (]: 9 of 18 START test unique_dim_date_date_key .................................... [RUN]
[0m17:18:02.964784 [debug] [Thread-3 (]: Re-using an available connection from the pool (formerly test.property_transaction_warehouse.not_null_dim_date_date_key.881d0a31b6, now test.property_transaction_warehouse.unique_dim_date_date_key.0869fd48f9)
[0m17:18:02.965049 [debug] [Thread-3 (]: Began compiling node test.property_transaction_warehouse.unique_dim_date_date_key.0869fd48f9
[0m17:18:02.968667 [debug] [Thread-3 (]: Writing injected SQL for node "test.property_transaction_warehouse.unique_dim_date_date_key.0869fd48f9"
[0m17:18:02.979540 [info ] [Thread-1 (]: 5 of 18 PASS not_null_dim_project_project_key .................................. [[32mPASS[0m in 1.81s]
[0m17:18:02.988779 [debug] [Thread-3 (]: Began executing node test.property_transaction_warehouse.unique_dim_date_date_key.0869fd48f9
[0m17:18:02.989228 [debug] [Thread-1 (]: Finished running node test.property_transaction_warehouse.not_null_dim_project_project_key.5cfc354fab
[0m17:18:02.990422 [debug] [Thread-3 (]: Writing runtime sql for node "test.property_transaction_warehouse.unique_dim_date_date_key.0869fd48f9"
[0m17:18:02.990772 [debug] [Thread-1 (]: Began running node test.property_transaction_warehouse.unique_dim_date_full_date.fd8739c008
[0m17:18:02.991859 [debug] [Thread-3 (]: On test.property_transaction_warehouse.unique_dim_date_date_key.0869fd48f9: /* {"app": "dbt", "dbt_version": "1.12.5", "profile_name": "property_transaction_warehouse", "target_name": "dev", "node_id": "test.property_transaction_warehouse.unique_dim_date_date_key.0869fd48f9"} */

    
    select
      count(*) as failures,
      count(*) != 0 as should_warn,
      count(*) != 0 as should_error
    from (
      
    
  
    
    

with dbt_test__target as (

  select date_key as unique_field
  from `ringed-griffin-509403-b4`.`propery_trans1`.`dim_date`
  where date_key is not null

)

select
    unique_field,
    count(*) as n_records

from dbt_test__target
group by unique_field
having count(*) > 1



  
  
      
    ) dbt_internal_test
[0m17:18:02.992197 [debug] [Thread-3 (]: Opening a new connection, currently in state closed
[0m17:18:02.991465 [info ] [Thread-1 (]: 10 of 18 START test unique_dim_date_full_date .................................. [RUN]
[0m17:18:02.993468 [debug] [Thread-1 (]: Re-using an available connection from the pool (formerly test.property_transaction_warehouse.not_null_dim_project_project_key.5cfc354fab, now test.property_transaction_warehouse.unique_dim_date_full_date.fd8739c008)
[0m17:18:02.993732 [debug] [Thread-1 (]: Began compiling node test.property_transaction_warehouse.unique_dim_date_full_date.fd8739c008
[0m17:18:02.997171 [debug] [Thread-1 (]: Writing injected SQL for node "test.property_transaction_warehouse.unique_dim_date_full_date.fd8739c008"
[0m17:18:02.997568 [debug] [Thread-1 (]: Began executing node test.property_transaction_warehouse.unique_dim_date_full_date.fd8739c008
[0m17:18:02.998472 [debug] [Thread-1 (]: Writing runtime sql for node "test.property_transaction_warehouse.unique_dim_date_full_date.fd8739c008"
[0m17:18:02.998794 [debug] [Thread-1 (]: On test.property_transaction_warehouse.unique_dim_date_full_date.fd8739c008: /* {"app": "dbt", "dbt_version": "1.12.5", "profile_name": "property_transaction_warehouse", "target_name": "dev", "node_id": "test.property_transaction_warehouse.unique_dim_date_full_date.fd8739c008"} */

    
    select
      count(*) as failures,
      count(*) != 0 as should_warn,
      count(*) != 0 as should_error
    from (
      
    
  
    
    

with dbt_test__target as (

  select full_date as unique_field
  from `ringed-griffin-509403-b4`.`propery_trans1`.`dim_date`
  where full_date is not null

)

select
    unique_field,
    count(*) as n_records

from dbt_test__target
group by unique_field
having count(*) > 1



  
  
      
    ) dbt_internal_test
[0m17:18:02.999026 [debug] [Thread-1 (]: Opening a new connection, currently in state closed
[0m17:18:03.211814 [info ] [Thread-2 (]: 6 of 18 PASS unique_dim_project_project_key .................................... [[32mPASS[0m in 2.03s]
[0m17:18:03.212381 [debug] [Thread-2 (]: Finished running node test.property_transaction_warehouse.unique_dim_project_project_key.793b35d8e1
[0m17:18:03.212646 [debug] [Thread-2 (]: Began running node test.property_transaction_warehouse.not_null_dim_location_location_key.c1a2c0b86c
[0m17:18:03.212874 [info ] [Thread-2 (]: 11 of 18 START test not_null_dim_location_location_key ......................... [RUN]
[0m17:18:03.213138 [debug] [Thread-2 (]: Re-using an available connection from the pool (formerly test.property_transaction_warehouse.unique_dim_project_project_key.793b35d8e1, now test.property_transaction_warehouse.not_null_dim_location_location_key.c1a2c0b86c)
[0m17:18:03.213503 [debug] [Thread-2 (]: Began compiling node test.property_transaction_warehouse.not_null_dim_location_location_key.c1a2c0b86c
[0m17:18:03.217558 [debug] [Thread-2 (]: Writing injected SQL for node "test.property_transaction_warehouse.not_null_dim_location_location_key.c1a2c0b86c"
[0m17:18:03.217945 [debug] [Thread-2 (]: Began executing node test.property_transaction_warehouse.not_null_dim_location_location_key.c1a2c0b86c
[0m17:18:03.218892 [debug] [Thread-2 (]: Writing runtime sql for node "test.property_transaction_warehouse.not_null_dim_location_location_key.c1a2c0b86c"
[0m17:18:03.219196 [debug] [Thread-2 (]: On test.property_transaction_warehouse.not_null_dim_location_location_key.c1a2c0b86c: /* {"app": "dbt", "dbt_version": "1.12.5", "profile_name": "property_transaction_warehouse", "target_name": "dev", "node_id": "test.property_transaction_warehouse.not_null_dim_location_location_key.c1a2c0b86c"} */

    
    select
      count(*) as failures,
      count(*) != 0 as should_warn,
      count(*) != 0 as should_error
    from (
      
    
  
    
    



select location_key
from `ringed-griffin-509403-b4`.`propery_trans1`.`dim_location`
where location_key is null



  
  
      
    ) dbt_internal_test
[0m17:18:03.219442 [debug] [Thread-2 (]: Opening a new connection, currently in state closed
[0m17:18:03.602410 [info ] [Thread-4 (]: 8 of 18 PASS not_null_dim_date_full_date ....................................... [[32mPASS[0m in 1.84s]
[0m17:18:03.603198 [debug] [Thread-4 (]: Finished running node test.property_transaction_warehouse.not_null_dim_date_full_date.598d7b137c
[0m17:18:03.603681 [debug] [Thread-4 (]: Began running node test.property_transaction_warehouse.unique_dim_location_location_key.b5757d64b6
[0m17:18:03.603873 [info ] [Thread-4 (]: 12 of 18 START test unique_dim_location_location_key ........................... [RUN]
[0m17:18:03.604111 [debug] [Thread-4 (]: Re-using an available connection from the pool (formerly test.property_transaction_warehouse.not_null_dim_date_full_date.598d7b137c, now test.property_transaction_warehouse.unique_dim_location_location_key.b5757d64b6)
[0m17:18:03.604284 [debug] [Thread-4 (]: Began compiling node test.property_transaction_warehouse.unique_dim_location_location_key.b5757d64b6
[0m17:18:03.695683 [debug] [Thread-4 (]: Writing injected SQL for node "test.property_transaction_warehouse.unique_dim_location_location_key.b5757d64b6"
[0m17:18:03.696191 [debug] [Thread-4 (]: Began executing node test.property_transaction_warehouse.unique_dim_location_location_key.b5757d64b6
[0m17:18:03.697250 [debug] [Thread-4 (]: Writing runtime sql for node "test.property_transaction_warehouse.unique_dim_location_location_key.b5757d64b6"
[0m17:18:03.697543 [debug] [Thread-4 (]: On test.property_transaction_warehouse.unique_dim_location_location_key.b5757d64b6: /* {"app": "dbt", "dbt_version": "1.12.5", "profile_name": "property_transaction_warehouse", "target_name": "dev", "node_id": "test.property_transaction_warehouse.unique_dim_location_location_key.b5757d64b6"} */

    
    select
      count(*) as failures,
      count(*) != 0 as should_warn,
      count(*) != 0 as should_error
    from (
      
    
  
    
    

with dbt_test__target as (

  select location_key as unique_field
  from `ringed-griffin-509403-b4`.`propery_trans1`.`dim_location`
  where location_key is not null

)

select
    unique_field,
    count(*) as n_records

from dbt_test__target
group by unique_field
having count(*) > 1



  
  
      
    ) dbt_internal_test
[0m17:18:03.697779 [debug] [Thread-4 (]: Opening a new connection, currently in state closed
[0m17:18:03.741101 [debug] [Thread-3 (]: BigQuery adapter: https://console.cloud.google.com/bigquery?project=ringed-griffin-509403-b4&j=bq:US:90b30722-ccac-4148-bc7e-5b19079ae1a2&page=queryresults
[0m17:18:03.760647 [debug] [Thread-1 (]: BigQuery adapter: https://console.cloud.google.com/bigquery?project=ringed-griffin-509403-b4&j=bq:US:3a61e9ad-617b-4982-8eef-de4e7b7ace0b&page=queryresults
[0m17:18:03.934205 [debug] [Thread-2 (]: BigQuery adapter: https://console.cloud.google.com/bigquery?project=ringed-griffin-509403-b4&j=bq:US:f067d3d5-3d4b-47e3-8769-1967b03aede3&page=queryresults
[0m17:18:04.089851 [debug] [Thread-3 (]: SQL status: OK in 0.348 seconds
[0m17:18:04.122397 [debug] [Thread-1 (]: SQL status: OK in 0.361 seconds
[0m17:18:04.265298 [debug] [Thread-2 (]: SQL status: OK in 0.331 seconds
[0m17:18:04.474327 [debug] [Thread-4 (]: BigQuery adapter: https://console.cloud.google.com/bigquery?project=ringed-griffin-509403-b4&j=bq:US:6d248f6a-d4e1-4115-8a2e-5ee29fb68189&page=queryresults
[0m17:18:04.798280 [info ] [Thread-3 (]: 9 of 18 PASS unique_dim_date_date_key .......................................... [[32mPASS[0m in 1.83s]
[0m17:18:04.798755 [debug] [Thread-3 (]: Finished running node test.property_transaction_warehouse.unique_dim_date_date_key.0869fd48f9
[0m17:18:04.827728 [info ] [Thread-1 (]: 10 of 18 PASS unique_dim_date_full_date ........................................ [[32mPASS[0m in 1.83s]
[0m17:18:04.828198 [debug] [Thread-1 (]: Finished running node test.property_transaction_warehouse.unique_dim_date_full_date.fd8739c008
[0m17:18:04.838157 [debug] [Thread-4 (]: SQL status: OK in 0.363 seconds
[0m17:18:04.906748 [info ] [Thread-2 (]: 11 of 18 PASS not_null_dim_location_location_key ............................... [[32mPASS[0m in 1.69s]
[0m17:18:04.907518 [debug] [Thread-2 (]: Finished running node test.property_transaction_warehouse.not_null_dim_location_location_key.c1a2c0b86c
[0m17:18:05.554224 [info ] [Thread-4 (]: 12 of 18 PASS unique_dim_location_location_key ................................. [[32mPASS[0m in 1.95s]
[0m17:18:05.554681 [debug] [Thread-4 (]: Finished running node test.property_transaction_warehouse.unique_dim_location_location_key.b5757d64b6
[0m17:18:05.555976 [debug] [Thread-3 (]: Began running node model.property_transaction_warehouse.fact_transaction
[0m17:18:05.556655 [info ] [Thread-3 (]: 13 of 18 START sql table model propery_trans1.fact_transaction ................. [RUN]
[0m17:18:05.557111 [debug] [Thread-3 (]: Re-using an available connection from the pool (formerly test.property_transaction_warehouse.unique_dim_date_date_key.0869fd48f9, now model.property_transaction_warehouse.fact_transaction)
[0m17:18:05.557796 [debug] [Thread-3 (]: Began compiling node model.property_transaction_warehouse.fact_transaction
[0m17:18:05.581920 [debug] [Thread-3 (]: Writing injected SQL for node "model.property_transaction_warehouse.fact_transaction"
[0m17:18:05.582386 [debug] [Thread-3 (]: Began executing node model.property_transaction_warehouse.fact_transaction
[0m17:18:05.583822 [debug] [Thread-3 (]: Writing runtime sql for node "model.property_transaction_warehouse.fact_transaction"
[0m17:18:05.584175 [debug] [Thread-3 (]: On model.property_transaction_warehouse.fact_transaction: /* {"app": "dbt", "dbt_version": "1.12.5", "profile_name": "property_transaction_warehouse", "target_name": "dev", "node_id": "model.property_transaction_warehouse.fact_transaction"} */

  
    

    create or replace table `ringed-griffin-509403-b4`.`propery_trans1`.`fact_transaction`
      
    
    

    
    OPTIONS()
    as (
      WITH transactions AS (
    SELECT
        *,
        ROW_NUMBER() OVER (
            ORDER BY TO_JSON_STRING(STRUCT(
                project_name,
                transacted_price,
                area_sqft,
                unit_price_psf,
                sale_date,
                address,
                type_of_sale,
                type_of_area,
                area_sqm,
                unit_price_psm,
                nett_price,
                property_type,
                number_of_units,
                tenure,
                completion_date,
                purchaser_address_indicator,
                postal_code,
                postal_district,
                postal_sector,
                planning_region,
                planning_area
            ))
        ) AS transaction_row_number
    FROM `ringed-griffin-509403-b4`.`propery_trans1`.`stg_property_transactions`
)
SELECT
    FARM_FINGERPRINT(CONCAT(
        TO_JSON_STRING(STRUCT(
            project_name,
            transacted_price,
            area_sqft,
            unit_price_psf,
            sale_date,
            address,
            type_of_sale,
            type_of_area,
            area_sqm,
            unit_price_psm,
            nett_price,
            property_type,
            number_of_units,
            tenure,
            completion_date,
            purchaser_address_indicator,
            postal_code,
            postal_district,
            postal_sector,
            planning_region,
            planning_area
        )),
        '#',
        CAST(transaction_row_number AS STRING)
    )) AS transaction_key,
    d.date_key AS sale_date_key,
    p.project_key,
    l.location_key,
    transacted_price,
    nett_price,
    area_sqft,
    area_sqm,
    unit_price_psf,
    unit_price_psm,
    number_of_units,
    type_of_sale,
    type_of_area,
    purchaser_address_indicator
FROM transactions AS t
LEFT JOIN `ringed-griffin-509403-b4`.`propery_trans1`.`dim_date` AS d
    ON t.sale_date = d.full_date
LEFT JOIN `ringed-griffin-509403-b4`.`propery_trans1`.`dim_project` AS p
    ON t.project_name = p.project_name
    AND t.property_type IS NOT DISTINCT FROM p.property_type
    AND t.tenure IS NOT DISTINCT FROM p.tenure
    AND t.completion_year IS NOT DISTINCT FROM p.completion_year
    AND t.completion_status IS NOT DISTINCT FROM p.completion_status
LEFT JOIN `ringed-griffin-509403-b4`.`propery_trans1`.`dim_location` AS l
    ON t.address IS NOT DISTINCT FROM l.address
    AND t.postal_code IS NOT DISTINCT FROM l.postal_code
    AND t.postal_district IS NOT DISTINCT FROM l.postal_district
    AND t.postal_sector IS NOT DISTINCT FROM l.postal_sector
    AND t.planning_region IS NOT DISTINCT FROM l.planning_region
    AND t.planning_area IS NOT DISTINCT FROM l.planning_area
    );
  
[0m17:18:05.584440 [debug] [Thread-3 (]: Opening a new connection, currently in state closed
[0m17:18:06.235715 [debug] [Thread-3 (]: BigQuery adapter: https://console.cloud.google.com/bigquery?project=ringed-griffin-509403-b4&j=bq:US:49caf384-b8f4-4c7d-bd62-58a05a2b9f4d&page=queryresults
[0m17:18:06.556087 [error] [Thread-3 (]: BigQuery adapter: https://console.cloud.google.com/bigquery?project=ringed-griffin-509403-b4&j=bq:US:49caf384-b8f4-4c7d-bd62-58a05a2b9f4d&page=queryresults
[0m17:18:06.585425 [debug] [Thread-3 (]: Database Error in model fact_transaction (model/fact_transaction.sql)
  Column name project_name is ambiguous at [47:13]
  compiled code at target/run/property_transaction_warehouse/model/fact_transaction.sql
[0m17:18:06.585944 [debug] [Thread-3 (]: Sending event: {'category': 'dbt', 'action': 'run_model', 'label': '4b3ada97-09d6-4599-9404-f101bf25db3d', 'context': [<snowplow_tracker.self_describing_json.SelfDescribingJson object at 0x70a1878e0800>]}
[0m17:18:06.586349 [error] [Thread-3 (]: 13 of 18 ERROR creating sql table model propery_trans1.fact_transaction ........ [[31mERROR[0m in 1.03s]
[0m17:18:06.586642 [debug] [Thread-3 (]: Finished running node model.property_transaction_warehouse.fact_transaction
[0m17:18:06.586997 [debug] [Thread-7 (]: Marking all children of 'model.property_transaction_warehouse.fact_transaction' to be skipped because of status 'error'.  Reason: Database Error in model fact_transaction (model/fact_transaction.sql)
  Column name project_name is ambiguous at [47:13]
  compiled code at target/run/property_transaction_warehouse/model/fact_transaction.sql.
[0m17:18:06.588167 [debug] [Thread-2 (]: Began running node test.property_transaction_warehouse.not_null_fact_transaction_transaction_key.274831b9a6
[0m17:18:06.588516 [debug] [Thread-4 (]: Began running node test.property_transaction_warehouse.relationships_fact_transaction_location_key__location_key__ref_dim_location_.a942d8afdc
[0m17:18:06.588796 [info ] [Thread-2 (]: 14 of 18 SKIP test not_null_fact_transaction_transaction_key ................... [[33mSKIP[0m]
[0m17:18:06.589075 [info ] [Thread-4 (]: 15 of 18 SKIP test relationships_fact_transaction_location_key__location_key__ref_dim_location_  [[33mSKIP[0m]
[0m17:18:06.589331 [debug] [Thread-1 (]: Began running node test.property_transaction_warehouse.relationships_fact_transaction_project_key__project_key__ref_dim_project_.a445602349
[0m17:18:06.589598 [debug] [Thread-2 (]: Finished running node test.property_transaction_warehouse.not_null_fact_transaction_transaction_key.274831b9a6
[0m17:18:06.589894 [debug] [Thread-3 (]: Began running node test.property_transaction_warehouse.relationships_fact_transaction_sale_date_key__date_key__ref_dim_date_.1eb5b32c1c
[0m17:18:06.590128 [debug] [Thread-4 (]: Finished running node test.property_transaction_warehouse.relationships_fact_transaction_location_key__location_key__ref_dim_location_.a942d8afdc
[0m17:18:06.590550 [debug] [Thread-2 (]: Began running node test.property_transaction_warehouse.unique_fact_transaction_transaction_key.2bf6393ada
[0m17:18:06.590335 [info ] [Thread-1 (]: 16 of 18 SKIP test relationships_fact_transaction_project_key__project_key__ref_dim_project_  [[33mSKIP[0m]
[0m17:18:06.591712 [debug] [Thread-7 (]: Marking all children of 'test.property_transaction_warehouse.not_null_fact_transaction_transaction_key.274831b9a6' to be skipped because of status 'skipped'. 
[0m17:18:06.592360 [info ] [Thread-3 (]: 17 of 18 SKIP test relationships_fact_transaction_sale_date_key__date_key__ref_dim_date_  [[33mSKIP[0m]
[0m17:18:06.592723 [info ] [Thread-2 (]: 18 of 18 SKIP test unique_fact_transaction_transaction_key ..................... [[33mSKIP[0m]
[0m17:18:06.593014 [debug] [Thread-1 (]: Finished running node test.property_transaction_warehouse.relationships_fact_transaction_project_key__project_key__ref_dim_project_.a445602349
[0m17:18:06.593275 [debug] [Thread-7 (]: Marking all children of 'test.property_transaction_warehouse.relationships_fact_transaction_location_key__location_key__ref_dim_location_.a942d8afdc' to be skipped because of status 'skipped'. 
[0m17:18:06.593498 [debug] [Thread-3 (]: Finished running node test.property_transaction_warehouse.relationships_fact_transaction_sale_date_key__date_key__ref_dim_date_.1eb5b32c1c
[0m17:18:06.593714 [debug] [Thread-2 (]: Finished running node test.property_transaction_warehouse.unique_fact_transaction_transaction_key.2bf6393ada
[0m17:18:06.594109 [debug] [Thread-7 (]: Marking all children of 'test.property_transaction_warehouse.relationships_fact_transaction_project_key__project_key__ref_dim_project_.a445602349' to be skipped because of status 'skipped'. 
[0m17:18:06.594470 [debug] [Thread-7 (]: Marking all children of 'test.property_transaction_warehouse.relationships_fact_transaction_sale_date_key__date_key__ref_dim_date_.1eb5b32c1c' to be skipped because of status 'skipped'. 
[0m17:18:06.594685 [debug] [Thread-7 (]: Marking all children of 'test.property_transaction_warehouse.unique_fact_transaction_transaction_key.2bf6393ada' to be skipped because of status 'skipped'. 
[0m17:18:06.595861 [debug] [MainThread]: Opening a new connection, currently in state closed
[0m17:18:06.596311 [debug] [MainThread]: Connection 'master' was properly closed.
[0m17:18:06.596467 [debug] [MainThread]: Connection 'test.property_transaction_warehouse.unique_dim_date_full_date.fd8739c008' was properly closed.
[0m17:18:06.596603 [debug] [MainThread]: Connection 'model.property_transaction_warehouse.fact_transaction' was properly closed.
[0m17:18:06.596769 [debug] [MainThread]: Connection 'test.property_transaction_warehouse.unique_dim_location_location_key.b5757d64b6' was properly closed.
[0m17:18:06.596902 [debug] [MainThread]: Connection 'test.property_transaction_warehouse.not_null_dim_location_location_key.c1a2c0b86c' was properly closed.
[0m17:18:06.597092 [info ] [MainThread]: 
[0m17:18:06.597268 [info ] [MainThread]: Finished running 5 table models, 13 data tests in 0 hours 0 minutes and 22.76 seconds (22.76s).
[0m17:18:06.598266 [debug] [MainThread]: Command end result
[0m17:18:06.616044 [debug] [MainThread]: Wrote artifact WritableManifest to /home/jenho/Proj 2 - Property Transaction V1/2a_data_warehouse/target/manifest.json
[0m17:18:06.617713 [debug] [MainThread]: Wrote artifact SemanticManifest to /home/jenho/Proj 2 - Property Transaction V1/2a_data_warehouse/target/semantic_manifest.json
[0m17:18:06.618944 [debug] [MainThread]: Wrote artifact OsiDocument to /home/jenho/Proj 2 - Property Transaction V1/2a_data_warehouse/target/osi_document.json
[0m17:18:06.623051 [debug] [MainThread]: Wrote artifact RunExecutionResult to /home/jenho/Proj 2 - Property Transaction V1/2a_data_warehouse/target/run_results.json
[0m17:18:06.623260 [info ] [MainThread]: 
[0m17:18:06.623507 [info ] [MainThread]: [31mCompleted with 1 error, 0 partial successes, and 0 warnings:[0m
[0m17:18:06.623683 [info ] [MainThread]: 
[0m17:18:06.623911 [error] [MainThread]: [[31mERROR[0m]: in model fact_transaction (model/fact_transaction.sql)
[0m17:18:06.624126 [error] [MainThread]:   Database Error in model fact_transaction (model/fact_transaction.sql)
  Column name project_name is ambiguous at [47:13]
  compiled code at target/run/property_transaction_warehouse/model/fact_transaction.sql
[0m17:18:06.624310 [info ] [MainThread]: 
[0m17:18:06.624517 [info ] [MainThread]:   compiled code at target/compiled/property_transaction_warehouse/model/fact_transaction.sql
[0m17:18:06.624688 [info ] [MainThread]: 
[0m17:18:06.624865 [info ] [MainThread]: Done. PASS=12 WARN=0 ERROR=1 SKIP=5 NO-OP=0 REUSED=0 TOTAL=18
[0m17:18:06.625283 [debug] [MainThread]: Resource report: {"command_name": "build", "command_success": false, "command_wall_clock_time": 24.01564, "process_in_blocks": "56", "process_kernel_time": 0.332597, "process_mem_max_rss": "296848", "process_out_blocks": "6008", "process_user_time": 3.370595}
[0m17:18:06.625744 [debug] [MainThread]: Command `dbt build` failed at 17:18:06.625680 after 24.02 seconds
[0m17:18:06.625971 [debug] [MainThread]: Sending event: {'category': 'dbt', 'action': 'invocation', 'label': 'end', 'context': [<snowplow_tracker.self_describing_json.SelfDescribingJson object at 0x70a1c5523950>, <snowplow_tracker.self_describing_json.SelfDescribingJson object at 0x70a1876cfaa0>, <snowplow_tracker.self_describing_json.SelfDescribingJson object at 0x70a1c1d537d0>]}
[0m17:18:06.626172 [debug] [MainThread]: Flushing usage events
[0m17:18:07.875412 [debug] [MainThread]: An error was encountered while trying to flush usage events
[0m17:18:20.404160 [debug] [MainThread]: Sending event: {'category': 'dbt', 'action': 'invocation', 'label': 'start', 'context': [<snowplow_tracker.self_describing_json.SelfDescribingJson object at 0x70eebc9f92e0>, <snowplow_tracker.self_describing_json.SelfDescribingJson object at 0x70eebe1fafc0>, <snowplow_tracker.self_describing_json.SelfDescribingJson object at 0x70eebc9f93d0>]}


============================== 17:18:20.406727 | 585a8dfa-3144-4f75-aeb1-7b8557dfaa60 ==============================
[0m17:18:20.406727 [info ] [MainThread]: Running with dbt=1.12.5
[0m17:18:20.407065 [debug] [MainThread]: running dbt with arguments {'static_parser': 'True', 'hints_enabled': 'True', 'maximum_seed_size_mib': '1', 'target_path': 'None', 'warn_error_options': 'WarnErrorOptionsV2(error=[], warn=[], silence=[])', 'send_anonymous_usage_stats': 'True', 'version_check': 'True', 'debug': 'False', 'empty': 'False', 'warn_error': 'None', 'log_cache_events': 'False', 'no_print': 'None', 'indirect_selection': 'eager', 'quiet': 'False', 'partial_parse': 'True', 'fail_fast': 'False', 'invocation_command': 'dbt build', 'log_format': 'default', 'printer_width': '80', 'write_json': 'True', 'use_colors': 'True', 'log_path': '/home/jenho/Proj 2 - Property Transaction V1/2a_data_warehouse/logs', 'introspect': 'True', 'use_experimental_parser': 'False', 'cache_selected_only': 'False', 'profiles_dir': '.'}
[0m17:18:21.023189 [debug] [MainThread]: Sending event: {'category': 'dbt', 'action': 'project_id', 'label': '585a8dfa-3144-4f75-aeb1-7b8557dfaa60', 'context': [<snowplow_tracker.self_describing_json.SelfDescribingJson object at 0x70ee82c780b0>]}
[0m17:18:21.062828 [debug] [MainThread]: Sending event: {'category': 'dbt', 'action': 'adapter_info', 'label': '585a8dfa-3144-4f75-aeb1-7b8557dfaa60', 'context': [<snowplow_tracker.self_describing_json.SelfDescribingJson object at 0x70ee82bb9640>]}
[0m17:18:21.063579 [info ] [MainThread]: Registered adapter: bigquery=1.12.1
[0m17:18:21.122010 [debug] [MainThread]: checksum: 9742bae524cb133816d56fa13025eeafb4819ed2acf766351b6099479fe392d2, vars: {}, profile: property_transaction_warehouse, target: dev, version: 1.12.5
[0m17:18:21.187104 [debug] [MainThread]: Partial parsing enabled: 0 files deleted, 0 files added, 1 files changed.
[0m17:18:21.187659 [debug] [MainThread]: Partial parsing: updated file: property_transaction_warehouse://model/fact_transaction.sql
[0m17:18:21.529782 [debug] [MainThread]: Sending event: {'category': 'dbt', 'action': 'load_project', 'label': '585a8dfa-3144-4f75-aeb1-7b8557dfaa60', 'context': [<snowplow_tracker.self_describing_json.SelfDescribingJson object at 0x70ee801de420>]}
[0m17:18:21.583974 [debug] [MainThread]: Wrote artifact WritableManifest to /home/jenho/Proj 2 - Property Transaction V1/2a_data_warehouse/target/manifest.json
[0m17:18:21.585899 [debug] [MainThread]: Wrote artifact SemanticManifest to /home/jenho/Proj 2 - Property Transaction V1/2a_data_warehouse/target/semantic_manifest.json
[0m17:18:21.594689 [debug] [MainThread]: Wrote artifact OsiDocument to /home/jenho/Proj 2 - Property Transaction V1/2a_data_warehouse/target/osi_document.json
[0m17:18:21.607348 [debug] [MainThread]: Sending event: {'category': 'dbt', 'action': 'resource_counts', 'label': '585a8dfa-3144-4f75-aeb1-7b8557dfaa60', 'context': [<snowplow_tracker.self_describing_json.SelfDescribingJson object at 0x70ee3ff558e0>]}
[0m17:18:21.607797 [info ] [MainThread]: Found 5 models, 13 data tests, 1 source, 561 macros
[0m17:18:21.609362 [info ] [MainThread]: 
[0m17:18:21.609611 [info ] [MainThread]: Concurrency: 4 threads (target='dev')
[0m17:18:21.609779 [info ] [MainThread]: 
[0m17:18:21.610993 [debug] [MainThread]: Acquiring new bigquery connection 'master'
[0m17:18:21.613753 [debug] [ThreadPool]: Acquiring new bigquery connection 'list_ringed-griffin-509403-b4'
[0m17:18:21.614016 [debug] [ThreadPool]: Opening a new connection, currently in state init
[0m17:18:30.751974 [debug] [ThreadPool]: Re-using an available connection from the pool (formerly list_ringed-griffin-509403-b4, now list_ringed-griffin-509403-b4_propery_trans1)
[0m17:18:30.752425 [debug] [ThreadPool]: Opening a new connection, currently in state closed
[0m17:18:31.453255 [debug] [MainThread]: Sending event: {'category': 'dbt', 'action': 'runnable_timing', 'label': '585a8dfa-3144-4f75-aeb1-7b8557dfaa60', 'context': [<snowplow_tracker.self_describing_json.SelfDescribingJson object at 0x70eebbcba180>]}
[0m17:18:31.453795 [debug] [MainThread]: Opening a new connection, currently in state init
[0m17:18:31.456617 [debug] [Thread-1 (]: Began running node model.property_transaction_warehouse.stg_property_transactions
[0m17:18:31.457073 [info ] [Thread-1 (]: 1 of 18 START sql table model propery_trans1.stg_property_transactions ......... [RUN]
[0m17:18:31.457393 [debug] [Thread-1 (]: Re-using an available connection from the pool (formerly list_ringed-griffin-509403-b4_propery_trans1, now model.property_transaction_warehouse.stg_property_transactions)
[0m17:18:31.457600 [debug] [Thread-1 (]: Began compiling node model.property_transaction_warehouse.stg_property_transactions
[0m17:18:31.461162 [debug] [Thread-1 (]: Writing injected SQL for node "model.property_transaction_warehouse.stg_property_transactions"
[0m17:18:31.479612 [debug] [Thread-1 (]: Began executing node model.property_transaction_warehouse.stg_property_transactions
[0m17:18:31.486706 [debug] [Thread-1 (]: Opening a new connection, currently in state closed
[0m17:18:31.905813 [debug] [Thread-1 (]: Writing runtime sql for node "model.property_transaction_warehouse.stg_property_transactions"
[0m17:18:31.906592 [debug] [Thread-1 (]: On model.property_transaction_warehouse.stg_property_transactions: /* {"app": "dbt", "dbt_version": "1.12.5", "profile_name": "property_transaction_warehouse", "target_name": "dev", "node_id": "model.property_transaction_warehouse.stg_property_transactions"} */

  
    

    create or replace table `ringed-griffin-509403-b4`.`propery_trans1`.`stg_property_transactions`
      
    
    

    
    OPTIONS()
    as (
      WITH cleaned AS (
    SELECT
        NULLIF(REGEXP_REPLACE(UPPER(TRIM(project_name)), r'\s+', ' '), '') AS project_name,
        SAFE_CAST(REGEXP_REPLACE(NULLIF(TRIM(transacted_price), '-'), r'[^0-9.-]', '') AS NUMERIC) AS transacted_price,
        SAFE_CAST(REGEXP_REPLACE(NULLIF(TRIM(area_sqft), '-'), r'[^0-9.-]', '') AS NUMERIC) AS area_sqft,
        SAFE_CAST(REGEXP_REPLACE(NULLIF(TRIM(unit_price_psf), '-'), r'[^0-9.-]', '') AS NUMERIC) AS unit_price_psf,
        SAFE.PARSE_DATE('%d %b %Y', NULLIF(TRIM(sale_date), '')) AS sale_date,
        NULLIF(REGEXP_REPLACE(UPPER(TRIM(address)), r'\s+', ' '), '') AS address,
        NULLIF(UPPER(TRIM(type_of_sale)), '') AS type_of_sale,
        NULLIF(UPPER(TRIM(type_of_area)), '') AS type_of_area,
        SAFE_CAST(REGEXP_REPLACE(NULLIF(TRIM(area_sqm), '-'), r'[^0-9.-]', '') AS NUMERIC) AS area_sqm,
        SAFE_CAST(REGEXP_REPLACE(NULLIF(TRIM(unit_price_psm), '-'), r'[^0-9.-]', '') AS NUMERIC) AS unit_price_psm,
        SAFE_CAST(REGEXP_REPLACE(NULLIF(TRIM(nett_price), '-'), r'[^0-9.-]', '') AS NUMERIC) AS nett_price,
        NULLIF(UPPER(TRIM(property_type)), '') AS property_type,
        SAFE_CAST(NULLIF(TRIM(number_of_units), '-') AS INT64) AS number_of_units,
        NULLIF(UPPER(TRIM(tenure)), '') AS tenure,
        NULLIF(TRIM(completion_date), '') AS completion_date,
        NULLIF(UPPER(TRIM(purchaser_address_indicator)), '') AS purchaser_address_indicator,
        NULLIF(TRIM(postal_code), '') AS postal_code,
        NULLIF(TRIM(postal_district), '') AS postal_district,
        NULLIF(TRIM(postal_sector), '') AS postal_sector,
        NULLIF(UPPER(TRIM(planning_region)), '') AS planning_region,
        NULLIF(UPPER(TRIM(planning_area)), '') AS planning_area
    FROM `ringed-griffin-509403-b4`.`propery_trans1`.`raw_property_trans`
)
SELECT
    *,
    SAFE_CAST(IF(REGEXP_CONTAINS(completion_date, r'^\d{4}$'), completion_date, NULL) AS INT64) AS completion_year,
    CASE
        WHEN UPPER(completion_date) = 'UNCOMPLETED' THEN 'UNCOMPLETED'
        WHEN REGEXP_CONTAINS(completion_date, r'^\d{4}$') THEN 'COMPLETED'
        WHEN completion_date IS NULL THEN NULL
        ELSE 'UNKNOWN'
    END AS completion_status
FROM cleaned
    );
  
[0m17:18:32.635758 [debug] [Thread-1 (]: BigQuery adapter: https://console.cloud.google.com/bigquery?project=ringed-griffin-509403-b4&j=bq:US:a525119e-6c7c-447f-abbc-49c3130113d5&page=queryresults
[0m17:18:35.191116 [debug] [Thread-1 (]: SQL status: OK in 2.555 seconds
[0m17:18:35.584477 [debug] [Thread-1 (]: Sending event: {'category': 'dbt', 'action': 'run_model', 'label': '585a8dfa-3144-4f75-aeb1-7b8557dfaa60', 'context': [<snowplow_tracker.self_describing_json.SelfDescribingJson object at 0x70ee82ca30e0>]}
[0m17:18:35.585421 [info ] [Thread-1 (]: 1 of 18 OK created sql table model propery_trans1.stg_property_transactions .... [[32mCREATE TABLE (94.3k rows, 18.7 MiB processed)[0m in 4.13s]
[0m17:18:35.585884 [debug] [Thread-1 (]: Finished running node model.property_transaction_warehouse.stg_property_transactions
[0m17:18:35.587505 [debug] [Thread-3 (]: Began running node model.property_transaction_warehouse.dim_date
[0m17:18:35.587853 [debug] [Thread-4 (]: Began running node model.property_transaction_warehouse.dim_location
[0m17:18:35.588382 [info ] [Thread-3 (]: 2 of 18 START sql table model propery_trans1.dim_date .......................... [RUN]
[0m17:18:35.588955 [debug] [Thread-2 (]: Began running node model.property_transaction_warehouse.dim_project
[0m17:18:35.589374 [info ] [Thread-4 (]: 3 of 18 START sql table model propery_trans1.dim_location ...................... [RUN]
[0m17:18:35.589916 [debug] [Thread-3 (]: Acquiring new bigquery connection 'model.property_transaction_warehouse.dim_date'
[0m17:18:35.590276 [info ] [Thread-2 (]: 4 of 18 START sql table model propery_trans1.dim_project ....................... [RUN]
[0m17:18:35.590752 [debug] [Thread-4 (]: Acquiring new bigquery connection 'model.property_transaction_warehouse.dim_location'
[0m17:18:35.591880 [debug] [Thread-3 (]: Began compiling node model.property_transaction_warehouse.dim_date
[0m17:18:35.592245 [debug] [Thread-2 (]: Acquiring new bigquery connection 'model.property_transaction_warehouse.dim_project'
[0m17:18:35.592480 [debug] [Thread-4 (]: Began compiling node model.property_transaction_warehouse.dim_location
[0m17:18:35.593946 [debug] [Thread-3 (]: Writing injected SQL for node "model.property_transaction_warehouse.dim_date"
[0m17:18:35.594220 [debug] [Thread-2 (]: Began compiling node model.property_transaction_warehouse.dim_project
[0m17:18:35.595332 [debug] [Thread-4 (]: Writing injected SQL for node "model.property_transaction_warehouse.dim_location"
[0m17:18:35.596554 [debug] [Thread-2 (]: Writing injected SQL for node "model.property_transaction_warehouse.dim_project"
[0m17:18:35.596910 [debug] [Thread-3 (]: Began executing node model.property_transaction_warehouse.dim_date
[0m17:18:35.597238 [debug] [Thread-4 (]: Began executing node model.property_transaction_warehouse.dim_location
[0m17:18:35.597498 [debug] [Thread-2 (]: Began executing node model.property_transaction_warehouse.dim_project
[0m17:18:35.598268 [debug] [Thread-3 (]: Opening a new connection, currently in state init
[0m17:18:35.598953 [debug] [Thread-4 (]: Opening a new connection, currently in state init
[0m17:18:35.599889 [debug] [Thread-2 (]: Opening a new connection, currently in state init
[0m17:18:35.990529 [debug] [Thread-4 (]: Writing runtime sql for node "model.property_transaction_warehouse.dim_location"
[0m17:18:35.991327 [debug] [Thread-4 (]: On model.property_transaction_warehouse.dim_location: /* {"app": "dbt", "dbt_version": "1.12.5", "profile_name": "property_transaction_warehouse", "target_name": "dev", "node_id": "model.property_transaction_warehouse.dim_location"} */

  
    

    create or replace table `ringed-griffin-509403-b4`.`propery_trans1`.`dim_location`
      
    
    

    
    OPTIONS()
    as (
      WITH locations AS (
    SELECT DISTINCT
        address,
        postal_code,
        postal_district,
        postal_sector,
        planning_region,
        planning_area
    FROM `ringed-griffin-509403-b4`.`propery_trans1`.`stg_property_transactions`
    WHERE address IS NOT NULL
       OR postal_code IS NOT NULL
       OR postal_district IS NOT NULL
       OR postal_sector IS NOT NULL
       OR planning_region IS NOT NULL
       OR planning_area IS NOT NULL
)
SELECT
    FARM_FINGERPRINT(TO_JSON_STRING(STRUCT(
        address,
        postal_code,
        postal_district,
        postal_sector,
        planning_region,
        planning_area
    ))) AS location_key,
    address,
    postal_code,
    postal_district,
    postal_sector,
    planning_region,
    planning_area
FROM locations
    );
  
[0m17:18:36.040237 [debug] [Thread-2 (]: Writing runtime sql for node "model.property_transaction_warehouse.dim_project"
[0m17:18:36.041279 [debug] [Thread-2 (]: On model.property_transaction_warehouse.dim_project: /* {"app": "dbt", "dbt_version": "1.12.5", "profile_name": "property_transaction_warehouse", "target_name": "dev", "node_id": "model.property_transaction_warehouse.dim_project"} */

  
    

    create or replace table `ringed-griffin-509403-b4`.`propery_trans1`.`dim_project`
      
    
    

    
    OPTIONS()
    as (
      WITH projects AS (
    SELECT DISTINCT
        project_name,
        property_type,
        tenure,
        completion_year,
        completion_status
    FROM `ringed-griffin-509403-b4`.`propery_trans1`.`stg_property_transactions`
    WHERE project_name IS NOT NULL
)
SELECT
    FARM_FINGERPRINT(TO_JSON_STRING(STRUCT(
        project_name,
        property_type,
        tenure,
        completion_year,
        completion_status
    ))) AS project_key,
    project_name,
    property_type,
    tenure,
    completion_year,
    completion_status
FROM projects
    );
  
[0m17:18:36.115775 [debug] [Thread-3 (]: Writing runtime sql for node "model.property_transaction_warehouse.dim_date"
[0m17:18:36.116442 [debug] [Thread-3 (]: On model.property_transaction_warehouse.dim_date: /* {"app": "dbt", "dbt_version": "1.12.5", "profile_name": "property_transaction_warehouse", "target_name": "dev", "node_id": "model.property_transaction_warehouse.dim_date"} */

  
    

    create or replace table `ringed-griffin-509403-b4`.`propery_trans1`.`dim_date`
      
    
    

    
    OPTIONS()
    as (
      WITH date_bounds AS (
    SELECT
        MIN(sale_date) AS first_date,
        MAX(sale_date) AS last_date
    FROM `ringed-griffin-509403-b4`.`propery_trans1`.`stg_property_transactions`
)
SELECT
    CAST(FORMAT_DATE('%Y%m%d', calendar_date) AS INT64) AS date_key,
    calendar_date AS full_date,
    EXTRACT(YEAR FROM calendar_date) AS year,
    EXTRACT(QUARTER FROM calendar_date) AS quarter,
    EXTRACT(MONTH FROM calendar_date) AS month,
    FORMAT_DATE('%B', calendar_date) AS month_name,
    EXTRACT(DAY FROM calendar_date) AS day_of_month,
    EXTRACT(DAYOFWEEK FROM calendar_date) AS day_of_week,
    FORMAT_DATE('%A', calendar_date) AS day_name,
    EXTRACT(ISOWEEK FROM calendar_date) AS iso_week
FROM date_bounds,
UNNEST(GENERATE_DATE_ARRAY(first_date, last_date)) AS calendar_date
    );
  
[0m17:18:36.584602 [debug] [Thread-4 (]: BigQuery adapter: https://console.cloud.google.com/bigquery?project=ringed-griffin-509403-b4&j=bq:US:842d42f4-7f71-4ce0-ac43-5396140835a6&page=queryresults
[0m17:18:36.747134 [debug] [Thread-3 (]: BigQuery adapter: https://console.cloud.google.com/bigquery?project=ringed-griffin-509403-b4&j=bq:US:745f3b6e-c797-4c9d-b129-f553ba1c4c7a&page=queryresults
[0m17:18:36.935767 [debug] [Thread-2 (]: BigQuery adapter: https://console.cloud.google.com/bigquery?project=ringed-griffin-509403-b4&j=bq:US:220dd704-65b4-4a82-983a-16825ad22045&page=queryresults
[0m17:18:38.402309 [debug] [Thread-2 (]: SQL status: OK in 1.466 seconds
[0m17:18:38.432164 [debug] [Thread-3 (]: SQL status: OK in 1.685 seconds
[0m17:18:38.550025 [debug] [Thread-4 (]: SQL status: OK in 1.965 seconds
[0m17:18:38.787872 [debug] [Thread-2 (]: Sending event: {'category': 'dbt', 'action': 'run_model', 'label': '585a8dfa-3144-4f75-aeb1-7b8557dfaa60', 'context': [<snowplow_tracker.self_describing_json.SelfDescribingJson object at 0x70ee3ffcba70>]}
[0m17:18:38.788422 [info ] [Thread-2 (]: 4 of 18 OK created sql table model propery_trans1.dim_project .................. [[32mCREATE TABLE (2.7k rows, 5.8 MiB processed)[0m in 3.20s]
[0m17:18:38.788766 [debug] [Thread-2 (]: Finished running node model.property_transaction_warehouse.dim_project
[0m17:18:38.789392 [debug] [Thread-1 (]: Began running node test.property_transaction_warehouse.not_null_dim_project_project_key.5cfc354fab
[0m17:18:38.789918 [debug] [Thread-2 (]: Began running node test.property_transaction_warehouse.unique_dim_project_project_key.793b35d8e1
[0m17:18:38.790557 [info ] [Thread-1 (]: 5 of 18 START test not_null_dim_project_project_key ............................ [RUN]
[0m17:18:38.791309 [debug] [Thread-1 (]: Re-using an available connection from the pool (formerly model.property_transaction_warehouse.stg_property_transactions, now test.property_transaction_warehouse.not_null_dim_project_project_key.5cfc354fab)
[0m17:18:38.790863 [info ] [Thread-2 (]: 6 of 18 START test unique_dim_project_project_key .............................. [RUN]
[0m17:18:38.791699 [debug] [Thread-1 (]: Began compiling node test.property_transaction_warehouse.not_null_dim_project_project_key.5cfc354fab
[0m17:18:38.792284 [debug] [Thread-2 (]: Re-using an available connection from the pool (formerly model.property_transaction_warehouse.dim_project, now test.property_transaction_warehouse.unique_dim_project_project_key.793b35d8e1)
[0m17:18:38.801484 [debug] [Thread-3 (]: Sending event: {'category': 'dbt', 'action': 'run_model', 'label': '585a8dfa-3144-4f75-aeb1-7b8557dfaa60', 'context': [<snowplow_tracker.self_describing_json.SelfDescribingJson object at 0x70ee3c387620>]}
[0m17:18:38.801882 [debug] [Thread-2 (]: Began compiling node test.property_transaction_warehouse.unique_dim_project_project_key.793b35d8e1
[0m17:18:38.803695 [debug] [Thread-1 (]: Writing injected SQL for node "test.property_transaction_warehouse.not_null_dim_project_project_key.5cfc354fab"
[0m17:18:38.809526 [debug] [Thread-2 (]: Writing injected SQL for node "test.property_transaction_warehouse.unique_dim_project_project_key.793b35d8e1"
[0m17:18:38.804799 [info ] [Thread-3 (]: 2 of 18 OK created sql table model propery_trans1.dim_date ..................... [[32mCREATE TABLE (3.3k rows, 736.7 KiB processed)[0m in 3.21s]
[0m17:18:38.810713 [debug] [Thread-3 (]: Finished running node model.property_transaction_warehouse.dim_date
[0m17:18:38.811332 [debug] [Thread-1 (]: Began executing node test.property_transaction_warehouse.not_null_dim_project_project_key.5cfc354fab
[0m17:18:38.811663 [debug] [Thread-3 (]: Began running node test.property_transaction_warehouse.not_null_dim_date_date_key.881d0a31b6
[0m17:18:38.817074 [info ] [Thread-3 (]: 7 of 18 START test not_null_dim_date_date_key .................................. [RUN]
[0m17:18:38.817354 [debug] [Thread-2 (]: Began executing node test.property_transaction_warehouse.unique_dim_project_project_key.793b35d8e1
[0m17:18:38.817667 [debug] [Thread-3 (]: Re-using an available connection from the pool (formerly model.property_transaction_warehouse.dim_date, now test.property_transaction_warehouse.not_null_dim_date_date_key.881d0a31b6)
[0m17:18:38.820879 [debug] [Thread-1 (]: Writing runtime sql for node "test.property_transaction_warehouse.not_null_dim_project_project_key.5cfc354fab"
[0m17:18:38.822164 [debug] [Thread-2 (]: Writing runtime sql for node "test.property_transaction_warehouse.unique_dim_project_project_key.793b35d8e1"
[0m17:18:38.822459 [debug] [Thread-3 (]: Began compiling node test.property_transaction_warehouse.not_null_dim_date_date_key.881d0a31b6
[0m17:18:38.928174 [debug] [Thread-2 (]: On test.property_transaction_warehouse.unique_dim_project_project_key.793b35d8e1: /* {"app": "dbt", "dbt_version": "1.12.5", "profile_name": "property_transaction_warehouse", "target_name": "dev", "node_id": "test.property_transaction_warehouse.unique_dim_project_project_key.793b35d8e1"} */

    
    select
      count(*) as failures,
      count(*) != 0 as should_warn,
      count(*) != 0 as should_error
    from (
      
    
  
    
    

with dbt_test__target as (

  select project_key as unique_field
  from `ringed-griffin-509403-b4`.`propery_trans1`.`dim_project`
  where project_key is not null

)

select
    unique_field,
    count(*) as n_records

from dbt_test__target
group by unique_field
having count(*) > 1



  
  
      
    ) dbt_internal_test
[0m17:18:38.928578 [debug] [Thread-2 (]: Opening a new connection, currently in state closed
[0m17:18:38.929624 [debug] [Thread-1 (]: On test.property_transaction_warehouse.not_null_dim_project_project_key.5cfc354fab: /* {"app": "dbt", "dbt_version": "1.12.5", "profile_name": "property_transaction_warehouse", "target_name": "dev", "node_id": "test.property_transaction_warehouse.not_null_dim_project_project_key.5cfc354fab"} */

    
    select
      count(*) as failures,
      count(*) != 0 as should_warn,
      count(*) != 0 as should_error
    from (
      
    
  
    
    



select project_key
from `ringed-griffin-509403-b4`.`propery_trans1`.`dim_project`
where project_key is null



  
  
      
    ) dbt_internal_test
[0m17:18:38.930089 [debug] [Thread-3 (]: Writing injected SQL for node "test.property_transaction_warehouse.not_null_dim_date_date_key.881d0a31b6"
[0m17:18:38.930345 [debug] [Thread-1 (]: Opening a new connection, currently in state closed
[0m17:18:38.930803 [debug] [Thread-3 (]: Began executing node test.property_transaction_warehouse.not_null_dim_date_date_key.881d0a31b6
[0m17:18:38.932724 [debug] [Thread-3 (]: Writing runtime sql for node "test.property_transaction_warehouse.not_null_dim_date_date_key.881d0a31b6"
[0m17:18:38.933084 [debug] [Thread-3 (]: On test.property_transaction_warehouse.not_null_dim_date_date_key.881d0a31b6: /* {"app": "dbt", "dbt_version": "1.12.5", "profile_name": "property_transaction_warehouse", "target_name": "dev", "node_id": "test.property_transaction_warehouse.not_null_dim_date_date_key.881d0a31b6"} */

    
    select
      count(*) as failures,
      count(*) != 0 as should_warn,
      count(*) != 0 as should_error
    from (
      
    
  
    
    



select date_key
from `ringed-griffin-509403-b4`.`propery_trans1`.`dim_date`
where date_key is null



  
  
      
    ) dbt_internal_test
[0m17:18:38.933358 [debug] [Thread-3 (]: Opening a new connection, currently in state closed
[0m17:18:38.936428 [debug] [Thread-4 (]: Sending event: {'category': 'dbt', 'action': 'run_model', 'label': '585a8dfa-3144-4f75-aeb1-7b8557dfaa60', 'context': [<snowplow_tracker.self_describing_json.SelfDescribingJson object at 0x70ee804385c0>]}
[0m17:18:38.937495 [info ] [Thread-4 (]: 3 of 18 OK created sql table model propery_trans1.dim_location ................. [[32mCREATE TABLE (91.7k rows, 6.2 MiB processed)[0m in 3.35s]
[0m17:18:38.938558 [debug] [Thread-4 (]: Finished running node model.property_transaction_warehouse.dim_location
[0m17:18:38.939138 [debug] [Thread-4 (]: Began running node test.property_transaction_warehouse.not_null_dim_date_full_date.598d7b137c
[0m17:18:38.939533 [info ] [Thread-4 (]: 8 of 18 START test not_null_dim_date_full_date ................................. [RUN]
[0m17:18:38.940056 [debug] [Thread-4 (]: Re-using an available connection from the pool (formerly model.property_transaction_warehouse.dim_location, now test.property_transaction_warehouse.not_null_dim_date_full_date.598d7b137c)
[0m17:18:38.940299 [debug] [Thread-4 (]: Began compiling node test.property_transaction_warehouse.not_null_dim_date_full_date.598d7b137c
[0m17:18:38.944283 [debug] [Thread-4 (]: Writing injected SQL for node "test.property_transaction_warehouse.not_null_dim_date_full_date.598d7b137c"
[0m17:18:38.944892 [debug] [Thread-4 (]: Began executing node test.property_transaction_warehouse.not_null_dim_date_full_date.598d7b137c
[0m17:18:38.946058 [debug] [Thread-4 (]: Writing runtime sql for node "test.property_transaction_warehouse.not_null_dim_date_full_date.598d7b137c"
[0m17:18:38.946519 [debug] [Thread-4 (]: On test.property_transaction_warehouse.not_null_dim_date_full_date.598d7b137c: /* {"app": "dbt", "dbt_version": "1.12.5", "profile_name": "property_transaction_warehouse", "target_name": "dev", "node_id": "test.property_transaction_warehouse.not_null_dim_date_full_date.598d7b137c"} */

    
    select
      count(*) as failures,
      count(*) != 0 as should_warn,
      count(*) != 0 as should_error
    from (
      
    
  
    
    



select full_date
from `ringed-griffin-509403-b4`.`propery_trans1`.`dim_date`
where full_date is null



  
  
      
    ) dbt_internal_test
[0m17:18:38.946891 [debug] [Thread-4 (]: Opening a new connection, currently in state closed
[0m17:18:39.545558 [debug] [Thread-3 (]: BigQuery adapter: https://console.cloud.google.com/bigquery?project=ringed-griffin-509403-b4&j=bq:US:ffd70dc8-db73-4ad8-a350-dbb25cd9971a&page=queryresults
[0m17:18:39.588362 [debug] [Thread-4 (]: BigQuery adapter: https://console.cloud.google.com/bigquery?project=ringed-griffin-509403-b4&j=bq:US:f0a8a5c8-31e5-499f-8d37-e9d1728c41a7&page=queryresults
[0m17:18:39.638646 [debug] [Thread-1 (]: BigQuery adapter: https://console.cloud.google.com/bigquery?project=ringed-griffin-509403-b4&j=bq:US:3f492baf-577f-426d-a30e-530365b4d1e8&page=queryresults
[0m17:18:39.680034 [debug] [Thread-2 (]: BigQuery adapter: https://console.cloud.google.com/bigquery?project=ringed-griffin-509403-b4&j=bq:US:9ad66f1d-603a-4826-b40c-1acb74a2615a&page=queryresults
[0m17:18:39.888147 [debug] [Thread-3 (]: SQL status: OK in 0.342 seconds
[0m17:18:39.905722 [debug] [Thread-4 (]: SQL status: OK in 0.317 seconds
[0m17:18:39.959547 [debug] [Thread-1 (]: SQL status: OK in 0.320 seconds
[0m17:18:40.036975 [debug] [Thread-2 (]: SQL status: OK in 0.356 seconds
[0m17:18:40.606235 [info ] [Thread-4 (]: 8 of 18 PASS not_null_dim_date_full_date ....................................... [[32mPASS[0m in 1.67s]
[0m17:18:40.607572 [debug] [Thread-4 (]: Finished running node test.property_transaction_warehouse.not_null_dim_date_full_date.598d7b137c
[0m17:18:40.607840 [debug] [Thread-4 (]: Began running node test.property_transaction_warehouse.unique_dim_date_date_key.0869fd48f9
[0m17:18:40.607095 [info ] [Thread-3 (]: 7 of 18 PASS not_null_dim_date_date_key ........................................ [[32mPASS[0m in 1.79s]
[0m17:18:40.608493 [debug] [Thread-3 (]: Finished running node test.property_transaction_warehouse.not_null_dim_date_date_key.881d0a31b6
[0m17:18:40.608739 [debug] [Thread-3 (]: Began running node test.property_transaction_warehouse.unique_dim_date_full_date.fd8739c008
[0m17:18:40.608053 [info ] [Thread-4 (]: 9 of 18 START test unique_dim_date_date_key .................................... [RUN]
[0m17:18:40.609344 [debug] [Thread-4 (]: Re-using an available connection from the pool (formerly test.property_transaction_warehouse.not_null_dim_date_full_date.598d7b137c, now test.property_transaction_warehouse.unique_dim_date_date_key.0869fd48f9)
[0m17:18:40.609017 [info ] [Thread-3 (]: 10 of 18 START test unique_dim_date_full_date .................................. [RUN]
[0m17:18:40.609676 [debug] [Thread-4 (]: Began compiling node test.property_transaction_warehouse.unique_dim_date_date_key.0869fd48f9
[0m17:18:40.609961 [debug] [Thread-3 (]: Re-using an available connection from the pool (formerly test.property_transaction_warehouse.not_null_dim_date_date_key.881d0a31b6, now test.property_transaction_warehouse.unique_dim_date_full_date.fd8739c008)
[0m17:18:40.614231 [debug] [Thread-4 (]: Writing injected SQL for node "test.property_transaction_warehouse.unique_dim_date_date_key.0869fd48f9"
[0m17:18:40.614595 [debug] [Thread-3 (]: Began compiling node test.property_transaction_warehouse.unique_dim_date_full_date.fd8739c008
[0m17:18:40.617964 [debug] [Thread-3 (]: Writing injected SQL for node "test.property_transaction_warehouse.unique_dim_date_full_date.fd8739c008"
[0m17:18:40.618327 [debug] [Thread-4 (]: Began executing node test.property_transaction_warehouse.unique_dim_date_date_key.0869fd48f9
[0m17:18:40.619488 [debug] [Thread-4 (]: Writing runtime sql for node "test.property_transaction_warehouse.unique_dim_date_date_key.0869fd48f9"
[0m17:18:40.619941 [debug] [Thread-3 (]: Began executing node test.property_transaction_warehouse.unique_dim_date_full_date.fd8739c008
[0m17:18:40.620245 [debug] [Thread-4 (]: On test.property_transaction_warehouse.unique_dim_date_date_key.0869fd48f9: /* {"app": "dbt", "dbt_version": "1.12.5", "profile_name": "property_transaction_warehouse", "target_name": "dev", "node_id": "test.property_transaction_warehouse.unique_dim_date_date_key.0869fd48f9"} */

    
    select
      count(*) as failures,
      count(*) != 0 as should_warn,
      count(*) != 0 as should_error
    from (
      
    
  
    
    

with dbt_test__target as (

  select date_key as unique_field
  from `ringed-griffin-509403-b4`.`propery_trans1`.`dim_date`
  where date_key is not null

)

select
    unique_field,
    count(*) as n_records

from dbt_test__target
group by unique_field
having count(*) > 1



  
  
      
    ) dbt_internal_test
[0m17:18:40.621428 [debug] [Thread-3 (]: Writing runtime sql for node "test.property_transaction_warehouse.unique_dim_date_full_date.fd8739c008"
[0m17:18:40.621869 [debug] [Thread-4 (]: Opening a new connection, currently in state closed
[0m17:18:40.622289 [debug] [Thread-3 (]: On test.property_transaction_warehouse.unique_dim_date_full_date.fd8739c008: /* {"app": "dbt", "dbt_version": "1.12.5", "profile_name": "property_transaction_warehouse", "target_name": "dev", "node_id": "test.property_transaction_warehouse.unique_dim_date_full_date.fd8739c008"} */

    
    select
      count(*) as failures,
      count(*) != 0 as should_warn,
      count(*) != 0 as should_error
    from (
      
    
  
    
    

with dbt_test__target as (

  select full_date as unique_field
  from `ringed-griffin-509403-b4`.`propery_trans1`.`dim_date`
  where full_date is not null

)

select
    unique_field,
    count(*) as n_records

from dbt_test__target
group by unique_field
having count(*) > 1



  
  
      
    ) dbt_internal_test
[0m17:18:40.623310 [debug] [Thread-3 (]: Opening a new connection, currently in state closed
[0m17:18:40.663566 [info ] [Thread-1 (]: 5 of 18 PASS not_null_dim_project_project_key .................................. [[32mPASS[0m in 1.87s]
[0m17:18:40.664054 [debug] [Thread-1 (]: Finished running node test.property_transaction_warehouse.not_null_dim_project_project_key.5cfc354fab
[0m17:18:40.664292 [debug] [Thread-1 (]: Began running node test.property_transaction_warehouse.not_null_dim_location_location_key.c1a2c0b86c
[0m17:18:40.664480 [info ] [Thread-1 (]: 11 of 18 START test not_null_dim_location_location_key ......................... [RUN]
[0m17:18:40.664719 [debug] [Thread-1 (]: Re-using an available connection from the pool (formerly test.property_transaction_warehouse.not_null_dim_project_project_key.5cfc354fab, now test.property_transaction_warehouse.not_null_dim_location_location_key.c1a2c0b86c)
[0m17:18:40.665026 [debug] [Thread-1 (]: Began compiling node test.property_transaction_warehouse.not_null_dim_location_location_key.c1a2c0b86c
[0m17:18:40.668908 [debug] [Thread-1 (]: Writing injected SQL for node "test.property_transaction_warehouse.not_null_dim_location_location_key.c1a2c0b86c"
[0m17:18:40.669385 [debug] [Thread-1 (]: Began executing node test.property_transaction_warehouse.not_null_dim_location_location_key.c1a2c0b86c
[0m17:18:40.670721 [debug] [Thread-1 (]: Writing runtime sql for node "test.property_transaction_warehouse.not_null_dim_location_location_key.c1a2c0b86c"
[0m17:18:40.671275 [debug] [Thread-1 (]: On test.property_transaction_warehouse.not_null_dim_location_location_key.c1a2c0b86c: /* {"app": "dbt", "dbt_version": "1.12.5", "profile_name": "property_transaction_warehouse", "target_name": "dev", "node_id": "test.property_transaction_warehouse.not_null_dim_location_location_key.c1a2c0b86c"} */

    
    select
      count(*) as failures,
      count(*) != 0 as should_warn,
      count(*) != 0 as should_error
    from (
      
    
  
    
    



select location_key
from `ringed-griffin-509403-b4`.`propery_trans1`.`dim_location`
where location_key is null



  
  
      
    ) dbt_internal_test
[0m17:18:40.671637 [debug] [Thread-1 (]: Opening a new connection, currently in state closed
[0m17:18:40.752891 [info ] [Thread-2 (]: 6 of 18 PASS unique_dim_project_project_key .................................... [[32mPASS[0m in 1.96s]
[0m17:18:40.753480 [debug] [Thread-2 (]: Finished running node test.property_transaction_warehouse.unique_dim_project_project_key.793b35d8e1
[0m17:18:40.753774 [debug] [Thread-2 (]: Began running node test.property_transaction_warehouse.unique_dim_location_location_key.b5757d64b6
[0m17:18:40.754014 [info ] [Thread-2 (]: 12 of 18 START test unique_dim_location_location_key ........................... [RUN]
[0m17:18:40.754451 [debug] [Thread-2 (]: Re-using an available connection from the pool (formerly test.property_transaction_warehouse.unique_dim_project_project_key.793b35d8e1, now test.property_transaction_warehouse.unique_dim_location_location_key.b5757d64b6)
[0m17:18:40.754741 [debug] [Thread-2 (]: Began compiling node test.property_transaction_warehouse.unique_dim_location_location_key.b5757d64b6
[0m17:18:40.759347 [debug] [Thread-2 (]: Writing injected SQL for node "test.property_transaction_warehouse.unique_dim_location_location_key.b5757d64b6"
[0m17:18:40.759920 [debug] [Thread-2 (]: Began executing node test.property_transaction_warehouse.unique_dim_location_location_key.b5757d64b6
[0m17:18:40.761058 [debug] [Thread-2 (]: Writing runtime sql for node "test.property_transaction_warehouse.unique_dim_location_location_key.b5757d64b6"
[0m17:18:40.761434 [debug] [Thread-2 (]: On test.property_transaction_warehouse.unique_dim_location_location_key.b5757d64b6: /* {"app": "dbt", "dbt_version": "1.12.5", "profile_name": "property_transaction_warehouse", "target_name": "dev", "node_id": "test.property_transaction_warehouse.unique_dim_location_location_key.b5757d64b6"} */

    
    select
      count(*) as failures,
      count(*) != 0 as should_warn,
      count(*) != 0 as should_error
    from (
      
    
  
    
    

with dbt_test__target as (

  select location_key as unique_field
  from `ringed-griffin-509403-b4`.`propery_trans1`.`dim_location`
  where location_key is not null

)

select
    unique_field,
    count(*) as n_records

from dbt_test__target
group by unique_field
having count(*) > 1



  
  
      
    ) dbt_internal_test
[0m17:18:40.761747 [debug] [Thread-2 (]: Opening a new connection, currently in state closed
[0m17:18:41.273067 [debug] [Thread-3 (]: BigQuery adapter: https://console.cloud.google.com/bigquery?project=ringed-griffin-509403-b4&j=bq:US:423b727a-68b8-4a6a-9255-cb2aab4c4a78&page=queryresults
[0m17:18:41.298739 [debug] [Thread-4 (]: BigQuery adapter: https://console.cloud.google.com/bigquery?project=ringed-griffin-509403-b4&j=bq:US:4b39c06f-4f0d-41bf-b04e-4c407f4e28b4&page=queryresults
[0m17:18:41.324569 [debug] [Thread-1 (]: BigQuery adapter: https://console.cloud.google.com/bigquery?project=ringed-griffin-509403-b4&j=bq:US:006fd429-a97e-4d0c-b68b-6124924a460c&page=queryresults
[0m17:18:41.438648 [debug] [Thread-2 (]: BigQuery adapter: https://console.cloud.google.com/bigquery?project=ringed-griffin-509403-b4&j=bq:US:3c9cde9e-eb3f-454d-ac02-5fc503e2452a&page=queryresults
[0m17:18:41.634885 [debug] [Thread-3 (]: SQL status: OK in 0.361 seconds
[0m17:18:41.636051 [debug] [Thread-4 (]: SQL status: OK in 0.337 seconds
[0m17:18:41.674943 [debug] [Thread-1 (]: SQL status: OK in 0.350 seconds
[0m17:18:41.813747 [debug] [Thread-2 (]: SQL status: OK in 0.375 seconds
[0m17:18:42.370392 [info ] [Thread-4 (]: 9 of 18 PASS unique_dim_date_date_key .......................................... [[32mPASS[0m in 1.76s]
[0m17:18:42.371018 [debug] [Thread-4 (]: Finished running node test.property_transaction_warehouse.unique_dim_date_date_key.0869fd48f9
[0m17:18:42.372357 [info ] [Thread-3 (]: 10 of 18 PASS unique_dim_date_full_date ........................................ [[32mPASS[0m in 1.76s]
[0m17:18:42.372768 [debug] [Thread-3 (]: Finished running node test.property_transaction_warehouse.unique_dim_date_full_date.fd8739c008
[0m17:18:42.380977 [info ] [Thread-1 (]: 11 of 18 PASS not_null_dim_location_location_key ............................... [[32mPASS[0m in 1.72s]
[0m17:18:42.381448 [debug] [Thread-1 (]: Finished running node test.property_transaction_warehouse.not_null_dim_location_location_key.c1a2c0b86c
[0m17:18:42.521233 [info ] [Thread-2 (]: 12 of 18 PASS unique_dim_location_location_key ................................. [[32mPASS[0m in 1.77s]
[0m17:18:42.521814 [debug] [Thread-2 (]: Finished running node test.property_transaction_warehouse.unique_dim_location_location_key.b5757d64b6
[0m17:18:42.522711 [debug] [Thread-4 (]: Began running node model.property_transaction_warehouse.fact_transaction
[0m17:18:42.523333 [info ] [Thread-4 (]: 13 of 18 START sql table model propery_trans1.fact_transaction ................. [RUN]
[0m17:18:42.523822 [debug] [Thread-4 (]: Re-using an available connection from the pool (formerly test.property_transaction_warehouse.unique_dim_date_date_key.0869fd48f9, now model.property_transaction_warehouse.fact_transaction)
[0m17:18:42.524136 [debug] [Thread-4 (]: Began compiling node model.property_transaction_warehouse.fact_transaction
[0m17:18:42.526160 [debug] [Thread-4 (]: Writing injected SQL for node "model.property_transaction_warehouse.fact_transaction"
[0m17:18:42.526543 [debug] [Thread-4 (]: Began executing node model.property_transaction_warehouse.fact_transaction
[0m17:18:42.528004 [debug] [Thread-4 (]: Writing runtime sql for node "model.property_transaction_warehouse.fact_transaction"
[0m17:18:42.528394 [debug] [Thread-4 (]: On model.property_transaction_warehouse.fact_transaction: /* {"app": "dbt", "dbt_version": "1.12.5", "profile_name": "property_transaction_warehouse", "target_name": "dev", "node_id": "model.property_transaction_warehouse.fact_transaction"} */

  
    

    create or replace table `ringed-griffin-509403-b4`.`propery_trans1`.`fact_transaction`
      
    
    

    
    OPTIONS()
    as (
      WITH transactions AS (
    SELECT
        *,
        ROW_NUMBER() OVER (
            ORDER BY TO_JSON_STRING(STRUCT(
                project_name,
                transacted_price,
                area_sqft,
                unit_price_psf,
                sale_date,
                address,
                type_of_sale,
                type_of_area,
                area_sqm,
                unit_price_psm,
                nett_price,
                property_type,
                number_of_units,
                tenure,
                completion_date,
                purchaser_address_indicator,
                postal_code,
                postal_district,
                postal_sector,
                planning_region,
                planning_area
            ))
        ) AS transaction_row_number
    FROM `ringed-griffin-509403-b4`.`propery_trans1`.`stg_property_transactions`
)
SELECT
    FARM_FINGERPRINT(CONCAT(
        TO_JSON_STRING(STRUCT(
            t.project_name,
            t.transacted_price,
            t.area_sqft,
            t.unit_price_psf,
            t.sale_date,
            t.address,
            t.type_of_sale,
            t.type_of_area,
            t.area_sqm,
            t.unit_price_psm,
            t.nett_price,
            t.property_type,
            t.number_of_units,
            t.tenure,
            t.completion_date,
            t.purchaser_address_indicator,
            t.postal_code,
            t.postal_district,
            t.postal_sector,
            t.planning_region,
            t.planning_area
        )),
        '#',
        CAST(transaction_row_number AS STRING)
    )) AS transaction_key,
    d.date_key AS sale_date_key,
    p.project_key,
    l.location_key,
    t.transacted_price,
    t.nett_price,
    t.area_sqft,
    t.area_sqm,
    t.unit_price_psf,
    t.unit_price_psm,
    t.number_of_units,
    t.type_of_sale,
    t.type_of_area,
    t.purchaser_address_indicator
FROM transactions AS t
LEFT JOIN `ringed-griffin-509403-b4`.`propery_trans1`.`dim_date` AS d
    ON t.sale_date = d.full_date
LEFT JOIN `ringed-griffin-509403-b4`.`propery_trans1`.`dim_project` AS p
    ON t.project_name = p.project_name
    AND t.property_type IS NOT DISTINCT FROM p.property_type
    AND t.tenure IS NOT DISTINCT FROM p.tenure
    AND t.completion_year IS NOT DISTINCT FROM p.completion_year
    AND t.completion_status IS NOT DISTINCT FROM p.completion_status
LEFT JOIN `ringed-griffin-509403-b4`.`propery_trans1`.`dim_location` AS l
    ON t.address IS NOT DISTINCT FROM l.address
    AND t.postal_code IS NOT DISTINCT FROM l.postal_code
    AND t.postal_district IS NOT DISTINCT FROM l.postal_district
    AND t.postal_sector IS NOT DISTINCT FROM l.postal_sector
    AND t.planning_region IS NOT DISTINCT FROM l.planning_region
    AND t.planning_area IS NOT DISTINCT FROM l.planning_area
    );
  
[0m17:18:42.528684 [debug] [Thread-4 (]: Opening a new connection, currently in state closed
[0m17:18:43.185973 [debug] [Thread-4 (]: BigQuery adapter: https://console.cloud.google.com/bigquery?project=ringed-griffin-509403-b4&j=bq:US:b22a84c8-d5f5-4078-a006-1ab913346ae7&page=queryresults
[0m17:18:49.567162 [debug] [Thread-4 (]: SQL status: OK in 6.381 seconds
[0m17:18:50.007692 [debug] [Thread-4 (]: Sending event: {'category': 'dbt', 'action': 'run_model', 'label': '585a8dfa-3144-4f75-aeb1-7b8557dfaa60', 'context': [<snowplow_tracker.self_describing_json.SelfDescribingJson object at 0x70eebeae6900>]}
[0m17:18:50.008193 [info ] [Thread-4 (]: 13 of 18 OK created sql table model propery_trans1.fact_transaction ............ [[32mCREATE TABLE (94.3k rows, 30.6 MiB processed)[0m in 7.48s]
[0m17:18:50.008506 [debug] [Thread-4 (]: Finished running node model.property_transaction_warehouse.fact_transaction
[0m17:18:50.009353 [debug] [Thread-1 (]: Began running node test.property_transaction_warehouse.not_null_fact_transaction_transaction_key.274831b9a6
[0m17:18:50.009595 [info ] [Thread-1 (]: 14 of 18 START test not_null_fact_transaction_transaction_key .................. [RUN]
[0m17:18:50.010099 [debug] [Thread-2 (]: Began running node test.property_transaction_warehouse.relationships_fact_transaction_location_key__location_key__ref_dim_location_.a942d8afdc
[0m17:18:50.010762 [debug] [Thread-1 (]: Re-using an available connection from the pool (formerly test.property_transaction_warehouse.not_null_dim_location_location_key.c1a2c0b86c, now test.property_transaction_warehouse.not_null_fact_transaction_transaction_key.274831b9a6)
[0m17:18:50.011083 [debug] [Thread-3 (]: Began running node test.property_transaction_warehouse.relationships_fact_transaction_project_key__project_key__ref_dim_project_.a445602349
[0m17:18:50.011333 [info ] [Thread-2 (]: 15 of 18 START test relationships_fact_transaction_location_key__location_key__ref_dim_location_  [RUN]
[0m17:18:50.011634 [debug] [Thread-4 (]: Began running node test.property_transaction_warehouse.relationships_fact_transaction_sale_date_key__date_key__ref_dim_date_.1eb5b32c1c
[0m17:18:50.011872 [debug] [Thread-1 (]: Began compiling node test.property_transaction_warehouse.not_null_fact_transaction_transaction_key.274831b9a6
[0m17:18:50.012148 [info ] [Thread-3 (]: 16 of 18 START test relationships_fact_transaction_project_key__project_key__ref_dim_project_  [RUN]
[0m17:18:50.012491 [debug] [Thread-2 (]: Re-using an available connection from the pool (formerly test.property_transaction_warehouse.unique_dim_location_location_key.b5757d64b6, now test.property_transaction_warehouse.relationships_fact_transaction_location_key__location_key__ref_dim_location_.a942d8afdc)
[0m17:18:50.013764 [info ] [Thread-4 (]: 17 of 18 START test relationships_fact_transaction_sale_date_key__date_key__ref_dim_date_  [RUN]
[0m17:18:50.018162 [debug] [Thread-1 (]: Writing injected SQL for node "test.property_transaction_warehouse.not_null_fact_transaction_transaction_key.274831b9a6"
[0m17:18:50.018877 [debug] [Thread-3 (]: Re-using an available connection from the pool (formerly test.property_transaction_warehouse.unique_dim_date_full_date.fd8739c008, now test.property_transaction_warehouse.relationships_fact_transaction_project_key__project_key__ref_dim_project_.a445602349)
[0m17:18:50.019214 [debug] [Thread-2 (]: Began compiling node test.property_transaction_warehouse.relationships_fact_transaction_location_key__location_key__ref_dim_location_.a942d8afdc
[0m17:18:50.019551 [debug] [Thread-4 (]: Re-using an available connection from the pool (formerly model.property_transaction_warehouse.fact_transaction, now test.property_transaction_warehouse.relationships_fact_transaction_sale_date_key__date_key__ref_dim_date_.1eb5b32c1c)
[0m17:18:50.019913 [debug] [Thread-3 (]: Began compiling node test.property_transaction_warehouse.relationships_fact_transaction_project_key__project_key__ref_dim_project_.a445602349
[0m17:18:50.025599 [debug] [Thread-4 (]: Began compiling node test.property_transaction_warehouse.relationships_fact_transaction_sale_date_key__date_key__ref_dim_date_.1eb5b32c1c
[0m17:18:50.026040 [debug] [Thread-1 (]: Began executing node test.property_transaction_warehouse.not_null_fact_transaction_transaction_key.274831b9a6
[0m17:18:50.031072 [debug] [Thread-3 (]: Writing injected SQL for node "test.property_transaction_warehouse.relationships_fact_transaction_project_key__project_key__ref_dim_project_.a445602349"
[0m17:18:50.031330 [debug] [Thread-2 (]: Writing injected SQL for node "test.property_transaction_warehouse.relationships_fact_transaction_location_key__location_key__ref_dim_location_.a942d8afdc"
[0m17:18:50.037662 [debug] [Thread-4 (]: Writing injected SQL for node "test.property_transaction_warehouse.relationships_fact_transaction_sale_date_key__date_key__ref_dim_date_.1eb5b32c1c"
[0m17:18:50.038989 [debug] [Thread-1 (]: Writing runtime sql for node "test.property_transaction_warehouse.not_null_fact_transaction_transaction_key.274831b9a6"
[0m17:18:50.039964 [debug] [Thread-2 (]: Began executing node test.property_transaction_warehouse.relationships_fact_transaction_location_key__location_key__ref_dim_location_.a942d8afdc
[0m17:18:50.040495 [debug] [Thread-4 (]: Began executing node test.property_transaction_warehouse.relationships_fact_transaction_sale_date_key__date_key__ref_dim_date_.1eb5b32c1c
[0m17:18:50.041683 [debug] [Thread-2 (]: Writing runtime sql for node "test.property_transaction_warehouse.relationships_fact_transaction_location_key__location_key__ref_dim_location_.a942d8afdc"
[0m17:18:50.042019 [debug] [Thread-1 (]: On test.property_transaction_warehouse.not_null_fact_transaction_transaction_key.274831b9a6: /* {"app": "dbt", "dbt_version": "1.12.5", "profile_name": "property_transaction_warehouse", "target_name": "dev", "node_id": "test.property_transaction_warehouse.not_null_fact_transaction_transaction_key.274831b9a6"} */

    
    select
      count(*) as failures,
      count(*) != 0 as should_warn,
      count(*) != 0 as should_error
    from (
      
    
  
    
    



select transaction_key
from `ringed-griffin-509403-b4`.`propery_trans1`.`fact_transaction`
where transaction_key is null



  
  
      
    ) dbt_internal_test
[0m17:18:50.042965 [debug] [Thread-3 (]: Began executing node test.property_transaction_warehouse.relationships_fact_transaction_project_key__project_key__ref_dim_project_.a445602349
[0m17:18:50.044043 [debug] [Thread-4 (]: Writing runtime sql for node "test.property_transaction_warehouse.relationships_fact_transaction_sale_date_key__date_key__ref_dim_date_.1eb5b32c1c"
[0m17:18:50.044571 [debug] [Thread-1 (]: Opening a new connection, currently in state closed
[0m17:18:50.045477 [debug] [Thread-3 (]: Writing runtime sql for node "test.property_transaction_warehouse.relationships_fact_transaction_project_key__project_key__ref_dim_project_.a445602349"
[0m17:18:50.045982 [debug] [Thread-2 (]: On test.property_transaction_warehouse.relationships_fact_transaction_location_key__location_key__ref_dim_location_.a942d8afdc: /* {"app": "dbt", "dbt_version": "1.12.5", "profile_name": "property_transaction_warehouse", "target_name": "dev", "node_id": "test.property_transaction_warehouse.relationships_fact_transaction_location_key__location_key__ref_dim_location_.a942d8afdc"} */

    
    select
      count(*) as failures,
      count(*) != 0 as should_warn,
      count(*) != 0 as should_error
    from (
      
    
  
    
    

with child as (
    select location_key as from_field
    from `ringed-griffin-509403-b4`.`propery_trans1`.`fact_transaction`
    where location_key is not null
),

parent as (
    select location_key as to_field
    from `ringed-griffin-509403-b4`.`propery_trans1`.`dim_location`
)

select
    from_field

from child
left join parent
    on child.from_field = parent.to_field

where parent.to_field is null



  
  
      
    ) dbt_internal_test
[0m17:18:50.047179 [debug] [Thread-4 (]: On test.property_transaction_warehouse.relationships_fact_transaction_sale_date_key__date_key__ref_dim_date_.1eb5b32c1c: /* {"app": "dbt", "dbt_version": "1.12.5", "profile_name": "property_transaction_warehouse", "target_name": "dev", "node_id": "test.property_transaction_warehouse.relationships_fact_transaction_sale_date_key__date_key__ref_dim_date_.1eb5b32c1c"} */

    
    select
      count(*) as failures,
      count(*) != 0 as should_warn,
      count(*) != 0 as should_error
    from (
      
    
  
    
    

with child as (
    select sale_date_key as from_field
    from `ringed-griffin-509403-b4`.`propery_trans1`.`fact_transaction`
    where sale_date_key is not null
),

parent as (
    select date_key as to_field
    from `ringed-griffin-509403-b4`.`propery_trans1`.`dim_date`
)

select
    from_field

from child
left join parent
    on child.from_field = parent.to_field

where parent.to_field is null



  
  
      
    ) dbt_internal_test
[0m17:18:50.047718 [debug] [Thread-2 (]: Opening a new connection, currently in state closed
[0m17:18:50.048028 [debug] [Thread-3 (]: On test.property_transaction_warehouse.relationships_fact_transaction_project_key__project_key__ref_dim_project_.a445602349: /* {"app": "dbt", "dbt_version": "1.12.5", "profile_name": "property_transaction_warehouse", "target_name": "dev", "node_id": "test.property_transaction_warehouse.relationships_fact_transaction_project_key__project_key__ref_dim_project_.a445602349"} */

    
    select
      count(*) as failures,
      count(*) != 0 as should_warn,
      count(*) != 0 as should_error
    from (
      
    
  
    
    

with child as (
    select project_key as from_field
    from `ringed-griffin-509403-b4`.`propery_trans1`.`fact_transaction`
    where project_key is not null
),

parent as (
    select project_key as to_field
    from `ringed-griffin-509403-b4`.`propery_trans1`.`dim_project`
)

select
    from_field

from child
left join parent
    on child.from_field = parent.to_field

where parent.to_field is null



  
  
      
    ) dbt_internal_test
[0m17:18:50.048287 [debug] [Thread-4 (]: Opening a new connection, currently in state closed
[0m17:18:50.049086 [debug] [Thread-3 (]: Opening a new connection, currently in state closed
[0m17:18:50.731385 [debug] [Thread-2 (]: BigQuery adapter: https://console.cloud.google.com/bigquery?project=ringed-griffin-509403-b4&j=bq:US:bd347f19-34b3-4bcc-a698-98a3761b3376&page=queryresults
[0m17:18:50.748788 [debug] [Thread-1 (]: BigQuery adapter: https://console.cloud.google.com/bigquery?project=ringed-griffin-509403-b4&j=bq:US:cc3a631d-78f5-4351-b827-a6e913024f8e&page=queryresults
[0m17:18:50.792054 [debug] [Thread-4 (]: BigQuery adapter: https://console.cloud.google.com/bigquery?project=ringed-griffin-509403-b4&j=bq:US:60819bfe-c51d-4668-9f37-d763afa6a8ae&page=queryresults
[0m17:18:50.945494 [debug] [Thread-3 (]: BigQuery adapter: https://console.cloud.google.com/bigquery?project=ringed-griffin-509403-b4&j=bq:US:da484a3c-0a05-4602-bc40-9b978cff115a&page=queryresults
[0m17:18:51.071774 [debug] [Thread-1 (]: SQL status: OK in 0.322 seconds
[0m17:18:51.073020 [debug] [Thread-2 (]: SQL status: OK in 0.341 seconds
[0m17:18:51.131135 [debug] [Thread-4 (]: SQL status: OK in 0.339 seconds
[0m17:18:51.279851 [debug] [Thread-3 (]: SQL status: OK in 0.334 seconds
[0m17:18:51.690472 [info ] [Thread-1 (]: 14 of 18 PASS not_null_fact_transaction_transaction_key ........................ [[32mPASS[0m in 1.68s]
[0m17:18:51.690977 [debug] [Thread-1 (]: Finished running node test.property_transaction_warehouse.not_null_fact_transaction_transaction_key.274831b9a6
[0m17:18:51.691223 [debug] [Thread-1 (]: Began running node test.property_transaction_warehouse.unique_fact_transaction_transaction_key.2bf6393ada
[0m17:18:51.691458 [info ] [Thread-1 (]: 18 of 18 START test unique_fact_transaction_transaction_key .................... [RUN]
[0m17:18:51.691747 [debug] [Thread-1 (]: Re-using an available connection from the pool (formerly test.property_transaction_warehouse.not_null_fact_transaction_transaction_key.274831b9a6, now test.property_transaction_warehouse.unique_fact_transaction_transaction_key.2bf6393ada)
[0m17:18:51.691932 [debug] [Thread-1 (]: Began compiling node test.property_transaction_warehouse.unique_fact_transaction_transaction_key.2bf6393ada
[0m17:18:51.695641 [debug] [Thread-1 (]: Writing injected SQL for node "test.property_transaction_warehouse.unique_fact_transaction_transaction_key.2bf6393ada"
[0m17:18:51.697070 [debug] [Thread-1 (]: Began executing node test.property_transaction_warehouse.unique_fact_transaction_transaction_key.2bf6393ada
[0m17:18:51.698144 [debug] [Thread-1 (]: Writing runtime sql for node "test.property_transaction_warehouse.unique_fact_transaction_transaction_key.2bf6393ada"
[0m17:18:51.698467 [debug] [Thread-1 (]: On test.property_transaction_warehouse.unique_fact_transaction_transaction_key.2bf6393ada: /* {"app": "dbt", "dbt_version": "1.12.5", "profile_name": "property_transaction_warehouse", "target_name": "dev", "node_id": "test.property_transaction_warehouse.unique_fact_transaction_transaction_key.2bf6393ada"} */

    
    select
      count(*) as failures,
      count(*) != 0 as should_warn,
      count(*) != 0 as should_error
    from (
      
    
  
    
    

with dbt_test__target as (

  select transaction_key as unique_field
  from `ringed-griffin-509403-b4`.`propery_trans1`.`fact_transaction`
  where transaction_key is not null

)

select
    unique_field,
    count(*) as n_records

from dbt_test__target
group by unique_field
having count(*) > 1



  
  
      
    ) dbt_internal_test
[0m17:18:51.698732 [debug] [Thread-1 (]: Opening a new connection, currently in state closed
[0m17:18:51.789019 [info ] [Thread-2 (]: 15 of 18 PASS relationships_fact_transaction_location_key__location_key__ref_dim_location_  [[32mPASS[0m in 1.78s]
[0m17:18:51.789501 [debug] [Thread-2 (]: Finished running node test.property_transaction_warehouse.relationships_fact_transaction_location_key__location_key__ref_dim_location_.a942d8afdc
[0m17:18:51.816889 [info ] [Thread-4 (]: 17 of 18 PASS relationships_fact_transaction_sale_date_key__date_key__ref_dim_date_  [[32mPASS[0m in 1.80s]
[0m17:18:51.817422 [debug] [Thread-4 (]: Finished running node test.property_transaction_warehouse.relationships_fact_transaction_sale_date_key__date_key__ref_dim_date_.1eb5b32c1c
[0m17:18:51.958513 [info ] [Thread-3 (]: 16 of 18 PASS relationships_fact_transaction_project_key__project_key__ref_dim_project_  [[32mPASS[0m in 1.94s]
[0m17:18:51.959078 [debug] [Thread-3 (]: Finished running node test.property_transaction_warehouse.relationships_fact_transaction_project_key__project_key__ref_dim_project_.a445602349
[0m17:18:52.488886 [debug] [Thread-1 (]: BigQuery adapter: https://console.cloud.google.com/bigquery?project=ringed-griffin-509403-b4&j=bq:US:ae97a0f7-3e81-47fe-bebf-6843b1a90c57&page=queryresults
[0m17:18:52.815070 [debug] [Thread-1 (]: SQL status: OK in 0.326 seconds
[0m17:18:53.447647 [info ] [Thread-1 (]: 18 of 18 PASS unique_fact_transaction_transaction_key .......................... [[32mPASS[0m in 1.76s]
[0m17:18:53.448166 [debug] [Thread-1 (]: Finished running node test.property_transaction_warehouse.unique_fact_transaction_transaction_key.2bf6393ada
[0m17:18:53.449975 [debug] [MainThread]: Opening a new connection, currently in state closed
[0m17:18:53.450569 [debug] [MainThread]: Connection 'master' was properly closed.
[0m17:18:53.450780 [debug] [MainThread]: Connection 'test.property_transaction_warehouse.unique_fact_transaction_transaction_key.2bf6393ada' was properly closed.
[0m17:18:53.450984 [debug] [MainThread]: Connection 'test.property_transaction_warehouse.relationships_fact_transaction_project_key__project_key__ref_dim_project_.a445602349' was properly closed.
[0m17:18:53.451164 [debug] [MainThread]: Connection 'test.property_transaction_warehouse.relationships_fact_transaction_sale_date_key__date_key__ref_dim_date_.1eb5b32c1c' was properly closed.
[0m17:18:53.451338 [debug] [MainThread]: Connection 'test.property_transaction_warehouse.relationships_fact_transaction_location_key__location_key__ref_dim_location_.a942d8afdc' was properly closed.
[0m17:18:53.451679 [info ] [MainThread]: 
[0m17:18:53.451933 [info ] [MainThread]: Finished running 5 table models, 13 data tests in 0 hours 0 minutes and 31.84 seconds (31.84s).
[0m17:18:53.453347 [debug] [MainThread]: Command end result
[0m17:18:53.473875 [debug] [MainThread]: Wrote artifact WritableManifest to /home/jenho/Proj 2 - Property Transaction V1/2a_data_warehouse/target/manifest.json
[0m17:18:53.475885 [debug] [MainThread]: Wrote artifact SemanticManifest to /home/jenho/Proj 2 - Property Transaction V1/2a_data_warehouse/target/semantic_manifest.json
[0m17:18:53.477194 [debug] [MainThread]: Wrote artifact OsiDocument to /home/jenho/Proj 2 - Property Transaction V1/2a_data_warehouse/target/osi_document.json
[0m17:18:53.481024 [debug] [MainThread]: Wrote artifact RunExecutionResult to /home/jenho/Proj 2 - Property Transaction V1/2a_data_warehouse/target/run_results.json
[0m17:18:53.481224 [info ] [MainThread]: 
[0m17:18:53.481439 [info ] [MainThread]: [32mCompleted successfully[0m
[0m17:18:53.481610 [info ] [MainThread]: 
[0m17:18:53.481813 [info ] [MainThread]: Done. PASS=18 WARN=0 ERROR=0 SKIP=0 NO-OP=0 REUSED=0 TOTAL=18
[0m17:18:53.482181 [debug] [MainThread]: Resource report: {"command_name": "build", "command_success": true, "command_wall_clock_time": 33.125515, "process_in_blocks": "0", "process_kernel_time": 0.233256, "process_mem_max_rss": "270220", "process_out_blocks": "4744", "process_user_time": 3.565404}
[0m17:18:53.482676 [debug] [MainThread]: Command `dbt build` succeeded at 17:18:53.482609 after 33.13 seconds
[0m17:18:53.482903 [debug] [MainThread]: Sending event: {'category': 'dbt', 'action': 'invocation', 'label': 'end', 'context': [<snowplow_tracker.self_describing_json.SelfDescribingJson object at 0x70ee825045c0>, <snowplow_tracker.self_describing_json.SelfDescribingJson object at 0x70eebc838c80>, <snowplow_tracker.self_describing_json.SelfDescribingJson object at 0x70ee82d62240>]}
[0m17:18:53.483110 [debug] [MainThread]: Flushing usage events
[0m17:18:54.666635 [debug] [MainThread]: An error was encountered while trying to flush usage events
[0m17:21:53.930734 [debug] [MainThread]: Sending event: {'category': 'dbt', 'action': 'invocation', 'label': 'start', 'context': [<snowplow_tracker.self_describing_json.SelfDescribingJson object at 0x78c7467f9460>, <snowplow_tracker.self_describing_json.SelfDescribingJson object at 0x78c746781970>, <snowplow_tracker.self_describing_json.SelfDescribingJson object at 0x78c746783b30>]}


============================== 17:21:53.933401 | 2486dac2-2954-458e-a85e-246d1e02ebf8 ==============================
[0m17:21:53.933401 [info ] [MainThread]: Running with dbt=1.12.5
[0m17:21:53.933742 [debug] [MainThread]: running dbt with arguments {'static_parser': 'True', 'write_json': 'True', 'hints_enabled': 'True', 'use_experimental_parser': 'False', 'send_anonymous_usage_stats': 'True', 'printer_width': '80', 'debug': 'False', 'empty': 'False', 'introspect': 'True', 'profiles_dir': '.', 'indirect_selection': 'eager', 'log_format': 'default', 'maximum_seed_size_mib': '1', 'quiet': 'False', 'partial_parse': 'True', 'warn_error': 'None', 'invocation_command': 'dbt build', 'version_check': 'True', 'warn_error_options': 'WarnErrorOptionsV2(error=[], warn=[], silence=[])', 'target_path': 'None', 'fail_fast': 'False', 'no_print': 'None', 'log_cache_events': 'False', 'use_colors': 'True', 'cache_selected_only': 'False', 'log_path': '/home/jenho/Proj 2 - Property Transaction V1/2a_data_warehouse/logs'}
[0m17:21:54.526953 [debug] [MainThread]: Sending event: {'category': 'dbt', 'action': 'project_id', 'label': '2486dac2-2954-458e-a85e-246d1e02ebf8', 'context': [<snowplow_tracker.self_describing_json.SelfDescribingJson object at 0x78c710a94590>]}
[0m17:21:54.565746 [debug] [MainThread]: Sending event: {'category': 'dbt', 'action': 'adapter_info', 'label': '2486dac2-2954-458e-a85e-246d1e02ebf8', 'context': [<snowplow_tracker.self_describing_json.SelfDescribingJson object at 0x78c710e4a060>]}
[0m17:21:54.566559 [info ] [MainThread]: Registered adapter: bigquery=1.12.1
[0m17:21:54.619531 [debug] [MainThread]: checksum: 9742bae524cb133816d56fa13025eeafb4819ed2acf766351b6099479fe392d2, vars: {}, profile: property_transaction_warehouse, target: dev, version: 1.12.5
[0m17:21:54.691869 [debug] [MainThread]: Partial parsing enabled: 3 files deleted, 4 files added, 1 files changed.
[0m17:21:54.692366 [debug] [MainThread]: Partial parsing: added file: property_transaction_warehouse://model/star/schema.yml
[0m17:21:54.692582 [debug] [MainThread]: Partial parsing: added file: property_transaction_warehouse://model/star/dim_date.sql
[0m17:21:54.692754 [debug] [MainThread]: Partial parsing: added file: property_transaction_warehouse://model/star/dim_project.sql
[0m17:21:54.692916 [debug] [MainThread]: Partial parsing: added file: property_transaction_warehouse://model/star/dim_location.sql
[0m17:21:54.693224 [debug] [MainThread]: Partial parsing: updated file: property_transaction_warehouse://model/fact_transaction.sql
[0m17:21:54.693465 [debug] [MainThread]: Partial parsing: updated file: property_transaction_warehouse://model/schema.yml
[0m17:21:54.693616 [debug] [MainThread]: Partial parsing: deleted file: property_transaction_warehouse://model/dim_location.sql
[0m17:21:54.693757 [debug] [MainThread]: Partial parsing: deleted file: property_transaction_warehouse://model/dim_project.sql
[0m17:21:54.693896 [debug] [MainThread]: Partial parsing: deleted file: property_transaction_warehouse://model/dim_date.sql
[0m17:21:55.059054 [debug] [MainThread]: Sending event: {'category': 'dbt', 'action': 'load_project', 'label': '2486dac2-2954-458e-a85e-246d1e02ebf8', 'context': [<snowplow_tracker.self_describing_json.SelfDescribingJson object at 0x78c71020b3b0>]}
[0m17:21:55.112100 [debug] [MainThread]: Wrote artifact WritableManifest to /home/jenho/Proj 2 - Property Transaction V1/2a_data_warehouse/target/manifest.json
[0m17:21:55.113788 [debug] [MainThread]: Wrote artifact SemanticManifest to /home/jenho/Proj 2 - Property Transaction V1/2a_data_warehouse/target/semantic_manifest.json
[0m17:21:55.121259 [debug] [MainThread]: Wrote artifact OsiDocument to /home/jenho/Proj 2 - Property Transaction V1/2a_data_warehouse/target/osi_document.json
[0m17:21:55.133752 [debug] [MainThread]: Sending event: {'category': 'dbt', 'action': 'resource_counts', 'label': '2486dac2-2954-458e-a85e-246d1e02ebf8', 'context': [<snowplow_tracker.self_describing_json.SelfDescribingJson object at 0x78c709eda7b0>]}
[0m17:21:55.134101 [info ] [MainThread]: Found 5 models, 13 data tests, 1 source, 561 macros
[0m17:21:55.135549 [info ] [MainThread]: 
[0m17:21:55.135788 [info ] [MainThread]: Concurrency: 4 threads (target='dev')
[0m17:21:55.135948 [info ] [MainThread]: 
[0m17:21:55.137160 [debug] [MainThread]: Acquiring new bigquery connection 'master'
[0m17:21:55.139595 [debug] [ThreadPool]: Acquiring new bigquery connection 'list_ringed-griffin-509403-b4'
[0m17:21:55.139907 [debug] [ThreadPool]: Opening a new connection, currently in state init
[0m17:22:04.793903 [debug] [ThreadPool]: Re-using an available connection from the pool (formerly list_ringed-griffin-509403-b4, now list_ringed-griffin-509403-b4_propery_trans1)
[0m17:22:04.794337 [debug] [ThreadPool]: Opening a new connection, currently in state closed
[0m17:22:05.515576 [debug] [MainThread]: Sending event: {'category': 'dbt', 'action': 'runnable_timing', 'label': '2486dac2-2954-458e-a85e-246d1e02ebf8', 'context': [<snowplow_tracker.self_describing_json.SelfDescribingJson object at 0x78c709f89ac0>]}
[0m17:22:05.515992 [debug] [MainThread]: Opening a new connection, currently in state init
[0m17:22:05.518262 [debug] [Thread-1 (]: Began running node model.property_transaction_warehouse.stg_property_transactions
[0m17:22:05.518605 [info ] [Thread-1 (]: 1 of 18 START sql table model propery_trans1.stg_property_transactions ......... [RUN]
[0m17:22:05.518854 [debug] [Thread-1 (]: Re-using an available connection from the pool (formerly list_ringed-griffin-509403-b4_propery_trans1, now model.property_transaction_warehouse.stg_property_transactions)
[0m17:22:05.519024 [debug] [Thread-1 (]: Began compiling node model.property_transaction_warehouse.stg_property_transactions
[0m17:22:05.522442 [debug] [Thread-1 (]: Writing injected SQL for node "model.property_transaction_warehouse.stg_property_transactions"
[0m17:22:05.522871 [debug] [Thread-1 (]: Began executing node model.property_transaction_warehouse.stg_property_transactions
[0m17:22:05.530913 [debug] [Thread-1 (]: Opening a new connection, currently in state closed
[0m17:22:06.434198 [debug] [Thread-1 (]: Writing runtime sql for node "model.property_transaction_warehouse.stg_property_transactions"
[0m17:22:06.434796 [debug] [Thread-1 (]: On model.property_transaction_warehouse.stg_property_transactions: /* {"app": "dbt", "dbt_version": "1.12.5", "profile_name": "property_transaction_warehouse", "target_name": "dev", "node_id": "model.property_transaction_warehouse.stg_property_transactions"} */

  
    

    create or replace table `ringed-griffin-509403-b4`.`propery_trans1`.`stg_property_transactions`
      
    
    

    
    OPTIONS()
    as (
      WITH cleaned AS (
    SELECT
        NULLIF(REGEXP_REPLACE(UPPER(TRIM(project_name)), r'\s+', ' '), '') AS project_name,
        SAFE_CAST(REGEXP_REPLACE(NULLIF(TRIM(transacted_price), '-'), r'[^0-9.-]', '') AS NUMERIC) AS transacted_price,
        SAFE_CAST(REGEXP_REPLACE(NULLIF(TRIM(area_sqft), '-'), r'[^0-9.-]', '') AS NUMERIC) AS area_sqft,
        SAFE_CAST(REGEXP_REPLACE(NULLIF(TRIM(unit_price_psf), '-'), r'[^0-9.-]', '') AS NUMERIC) AS unit_price_psf,
        SAFE.PARSE_DATE('%d %b %Y', NULLIF(TRIM(sale_date), '')) AS sale_date,
        NULLIF(REGEXP_REPLACE(UPPER(TRIM(address)), r'\s+', ' '), '') AS address,
        NULLIF(UPPER(TRIM(type_of_sale)), '') AS type_of_sale,
        NULLIF(UPPER(TRIM(type_of_area)), '') AS type_of_area,
        SAFE_CAST(REGEXP_REPLACE(NULLIF(TRIM(area_sqm), '-'), r'[^0-9.-]', '') AS NUMERIC) AS area_sqm,
        SAFE_CAST(REGEXP_REPLACE(NULLIF(TRIM(unit_price_psm), '-'), r'[^0-9.-]', '') AS NUMERIC) AS unit_price_psm,
        SAFE_CAST(REGEXP_REPLACE(NULLIF(TRIM(nett_price), '-'), r'[^0-9.-]', '') AS NUMERIC) AS nett_price,
        NULLIF(UPPER(TRIM(property_type)), '') AS property_type,
        SAFE_CAST(NULLIF(TRIM(number_of_units), '-') AS INT64) AS number_of_units,
        NULLIF(UPPER(TRIM(tenure)), '') AS tenure,
        NULLIF(TRIM(completion_date), '') AS completion_date,
        NULLIF(UPPER(TRIM(purchaser_address_indicator)), '') AS purchaser_address_indicator,
        NULLIF(TRIM(postal_code), '') AS postal_code,
        NULLIF(TRIM(postal_district), '') AS postal_district,
        NULLIF(TRIM(postal_sector), '') AS postal_sector,
        NULLIF(UPPER(TRIM(planning_region)), '') AS planning_region,
        NULLIF(UPPER(TRIM(planning_area)), '') AS planning_area
    FROM `ringed-griffin-509403-b4`.`propery_trans1`.`raw_property_trans`
)
SELECT
    *,
    SAFE_CAST(IF(REGEXP_CONTAINS(completion_date, r'^\d{4}$'), completion_date, NULL) AS INT64) AS completion_year,
    CASE
        WHEN UPPER(completion_date) = 'UNCOMPLETED' THEN 'UNCOMPLETED'
        WHEN REGEXP_CONTAINS(completion_date, r'^\d{4}$') THEN 'COMPLETED'
        WHEN completion_date IS NULL THEN NULL
        ELSE 'UNKNOWN'
    END AS completion_status
FROM cleaned
    );
  
[0m17:22:07.130159 [debug] [Thread-1 (]: BigQuery adapter: https://console.cloud.google.com/bigquery?project=ringed-griffin-509403-b4&j=bq:US:18330d2e-c8ef-4f35-b57b-1bd48f0373fc&page=queryresults
[0m17:22:09.708236 [debug] [Thread-1 (]: SQL status: OK in 2.578 seconds
[0m17:22:10.125537 [debug] [Thread-1 (]: Sending event: {'category': 'dbt', 'action': 'run_model', 'label': '2486dac2-2954-458e-a85e-246d1e02ebf8', 'context': [<snowplow_tracker.self_describing_json.SelfDescribingJson object at 0x78c710cc3560>]}
[0m17:22:10.126025 [info ] [Thread-1 (]: 1 of 18 OK created sql table model propery_trans1.stg_property_transactions .... [[32mCREATE TABLE (94.3k rows, 18.7 MiB processed)[0m in 4.61s]
[0m17:22:10.126343 [debug] [Thread-1 (]: Finished running node model.property_transaction_warehouse.stg_property_transactions
[0m17:22:10.127369 [debug] [Thread-3 (]: Began running node model.property_transaction_warehouse.dim_date
[0m17:22:10.127694 [info ] [Thread-3 (]: 2 of 18 START sql table model propery_trans1.dim_date .......................... [RUN]
[0m17:22:10.127990 [debug] [Thread-4 (]: Began running node model.property_transaction_warehouse.dim_location
[0m17:22:10.128323 [debug] [Thread-3 (]: Acquiring new bigquery connection 'model.property_transaction_warehouse.dim_date'
[0m17:22:10.128578 [debug] [Thread-2 (]: Began running node model.property_transaction_warehouse.dim_project
[0m17:22:10.128887 [info ] [Thread-4 (]: 3 of 18 START sql table model propery_trans1.dim_location ...................... [RUN]
[0m17:22:10.129161 [debug] [Thread-3 (]: Began compiling node model.property_transaction_warehouse.dim_date
[0m17:22:10.129449 [info ] [Thread-2 (]: 4 of 18 START sql table model propery_trans1.dim_project ....................... [RUN]
[0m17:22:10.129788 [debug] [Thread-4 (]: Acquiring new bigquery connection 'model.property_transaction_warehouse.dim_location'
[0m17:22:10.131181 [debug] [Thread-3 (]: Writing injected SQL for node "model.property_transaction_warehouse.dim_date"
[0m17:22:10.131600 [debug] [Thread-2 (]: Acquiring new bigquery connection 'model.property_transaction_warehouse.dim_project'
[0m17:22:10.131860 [debug] [Thread-4 (]: Began compiling node model.property_transaction_warehouse.dim_location
[0m17:22:10.132179 [debug] [Thread-2 (]: Began compiling node model.property_transaction_warehouse.dim_project
[0m17:22:10.133369 [debug] [Thread-4 (]: Writing injected SQL for node "model.property_transaction_warehouse.dim_location"
[0m17:22:10.134513 [debug] [Thread-2 (]: Writing injected SQL for node "model.property_transaction_warehouse.dim_project"
[0m17:22:10.134921 [debug] [Thread-3 (]: Began executing node model.property_transaction_warehouse.dim_date
[0m17:22:10.135667 [debug] [Thread-3 (]: Opening a new connection, currently in state init
[0m17:22:10.136515 [debug] [Thread-4 (]: Began executing node model.property_transaction_warehouse.dim_location
[0m17:22:10.136836 [debug] [Thread-2 (]: Began executing node model.property_transaction_warehouse.dim_project
[0m17:22:10.137755 [debug] [Thread-4 (]: Opening a new connection, currently in state init
[0m17:22:10.138770 [debug] [Thread-2 (]: Opening a new connection, currently in state init
[0m17:22:10.545173 [debug] [Thread-4 (]: Writing runtime sql for node "model.property_transaction_warehouse.dim_location"
[0m17:22:10.546561 [debug] [Thread-3 (]: Writing runtime sql for node "model.property_transaction_warehouse.dim_date"
[0m17:22:10.547497 [debug] [Thread-3 (]: On model.property_transaction_warehouse.dim_date: /* {"app": "dbt", "dbt_version": "1.12.5", "profile_name": "property_transaction_warehouse", "target_name": "dev", "node_id": "model.property_transaction_warehouse.dim_date"} */

  
    

    create or replace table `ringed-griffin-509403-b4`.`propery_trans1`.`dim_date`
      
    
    

    
    OPTIONS()
    as (
      WITH date_bounds AS (
    SELECT
        MIN(sale_date) AS first_date,
        MAX(sale_date) AS last_date
    FROM `ringed-griffin-509403-b4`.`propery_trans1`.`stg_property_transactions`
)
SELECT
    CAST(FORMAT_DATE('%Y%m%d', calendar_date) AS INT64) AS date_key,
    calendar_date AS full_date,
    EXTRACT(YEAR FROM calendar_date) AS year,
    EXTRACT(QUARTER FROM calendar_date) AS quarter,
    EXTRACT(MONTH FROM calendar_date) AS month,
    FORMAT_DATE('%B', calendar_date) AS month_name,
    EXTRACT(DAY FROM calendar_date) AS day_of_month,
    EXTRACT(DAYOFWEEK FROM calendar_date) AS day_of_week,
    FORMAT_DATE('%A', calendar_date) AS day_name,
    EXTRACT(ISOWEEK FROM calendar_date) AS iso_week
FROM date_bounds,
UNNEST(GENERATE_DATE_ARRAY(first_date, last_date)) AS calendar_date
    );
  
[0m17:22:10.548384 [debug] [Thread-4 (]: On model.property_transaction_warehouse.dim_location: /* {"app": "dbt", "dbt_version": "1.12.5", "profile_name": "property_transaction_warehouse", "target_name": "dev", "node_id": "model.property_transaction_warehouse.dim_location"} */

  
    

    create or replace table `ringed-griffin-509403-b4`.`propery_trans1`.`dim_location`
      
    
    

    
    OPTIONS()
    as (
      WITH locations AS (
    SELECT DISTINCT
        address,
        postal_code,
        postal_district,
        postal_sector,
        planning_region,
        planning_area
    FROM `ringed-griffin-509403-b4`.`propery_trans1`.`stg_property_transactions`
    WHERE address IS NOT NULL
       OR postal_code IS NOT NULL
       OR postal_district IS NOT NULL
       OR postal_sector IS NOT NULL
       OR planning_region IS NOT NULL
       OR planning_area IS NOT NULL
)
SELECT
    FARM_FINGERPRINT(TO_JSON_STRING(STRUCT(
        address,
        postal_code,
        postal_district,
        postal_sector,
        planning_region,
        planning_area
    ))) AS location_key,
    address,
    postal_code,
    postal_district,
    postal_sector,
    planning_region,
    planning_area
FROM locations
    );
  
[0m17:22:10.595543 [debug] [Thread-2 (]: Writing runtime sql for node "model.property_transaction_warehouse.dim_project"
[0m17:22:10.596038 [debug] [Thread-2 (]: On model.property_transaction_warehouse.dim_project: /* {"app": "dbt", "dbt_version": "1.12.5", "profile_name": "property_transaction_warehouse", "target_name": "dev", "node_id": "model.property_transaction_warehouse.dim_project"} */

  
    

    create or replace table `ringed-griffin-509403-b4`.`propery_trans1`.`dim_project`
      
    
    

    
    OPTIONS()
    as (
      WITH projects AS (
    SELECT DISTINCT
        project_name,
        property_type,
        tenure,
        completion_year,
        completion_status
    FROM `ringed-griffin-509403-b4`.`propery_trans1`.`stg_property_transactions`
    WHERE project_name IS NOT NULL
)
SELECT
    FARM_FINGERPRINT(TO_JSON_STRING(STRUCT(
        project_name,
        property_type,
        tenure,
        completion_year,
        completion_status
    ))) AS project_key,
    project_name,
    property_type,
    tenure,
    completion_year,
    completion_status
FROM projects
    );
  
[0m17:22:11.168270 [debug] [Thread-4 (]: BigQuery adapter: https://console.cloud.google.com/bigquery?project=ringed-griffin-509403-b4&j=bq:US:798c55af-940b-48a0-af86-f31d9d43b0df&page=queryresults
[0m17:22:11.250887 [debug] [Thread-2 (]: BigQuery adapter: https://console.cloud.google.com/bigquery?project=ringed-griffin-509403-b4&j=bq:US:4a82489f-1534-4e1c-b549-508c0d4eacc4&page=queryresults
[0m17:22:11.258427 [debug] [Thread-3 (]: BigQuery adapter: https://console.cloud.google.com/bigquery?project=ringed-griffin-509403-b4&j=bq:US:85b65ec5-7d2d-43a5-b954-33fcb1c0bbb7&page=queryresults
[0m17:22:12.986154 [debug] [Thread-2 (]: SQL status: OK in 1.735 seconds
[0m17:22:13.172056 [debug] [Thread-4 (]: SQL status: OK in 2.003 seconds
[0m17:22:13.264381 [debug] [Thread-3 (]: SQL status: OK in 2.006 seconds
[0m17:22:13.377726 [debug] [Thread-2 (]: Sending event: {'category': 'dbt', 'action': 'run_model', 'label': '2486dac2-2954-458e-a85e-246d1e02ebf8', 'context': [<snowplow_tracker.self_describing_json.SelfDescribingJson object at 0x78c7081fd790>]}
[0m17:22:13.378183 [info ] [Thread-2 (]: 4 of 18 OK created sql table model propery_trans1.dim_project .................. [[32mCREATE TABLE (2.7k rows, 5.8 MiB processed)[0m in 3.25s]
[0m17:22:13.378481 [debug] [Thread-2 (]: Finished running node model.property_transaction_warehouse.dim_project
[0m17:22:13.379049 [debug] [Thread-1 (]: Began running node test.property_transaction_warehouse.not_null_dim_project_project_key.5cfc354fab
[0m17:22:13.379496 [debug] [Thread-2 (]: Began running node test.property_transaction_warehouse.unique_dim_project_project_key.793b35d8e1
[0m17:22:13.379257 [info ] [Thread-1 (]: 5 of 18 START test not_null_dim_project_project_key ............................ [RUN]
[0m17:22:13.379843 [info ] [Thread-2 (]: 6 of 18 START test unique_dim_project_project_key .............................. [RUN]
[0m17:22:13.380172 [debug] [Thread-1 (]: Re-using an available connection from the pool (formerly model.property_transaction_warehouse.stg_property_transactions, now test.property_transaction_warehouse.not_null_dim_project_project_key.5cfc354fab)
[0m17:22:13.380433 [debug] [Thread-2 (]: Re-using an available connection from the pool (formerly model.property_transaction_warehouse.dim_project, now test.property_transaction_warehouse.unique_dim_project_project_key.793b35d8e1)
[0m17:22:13.380649 [debug] [Thread-1 (]: Began compiling node test.property_transaction_warehouse.not_null_dim_project_project_key.5cfc354fab
[0m17:22:13.380881 [debug] [Thread-2 (]: Began compiling node test.property_transaction_warehouse.unique_dim_project_project_key.793b35d8e1
[0m17:22:13.387082 [debug] [Thread-1 (]: Writing injected SQL for node "test.property_transaction_warehouse.not_null_dim_project_project_key.5cfc354fab"
[0m17:22:13.485175 [debug] [Thread-2 (]: Writing injected SQL for node "test.property_transaction_warehouse.unique_dim_project_project_key.793b35d8e1"
[0m17:22:13.485833 [debug] [Thread-2 (]: Began executing node test.property_transaction_warehouse.unique_dim_project_project_key.793b35d8e1
[0m17:22:13.495600 [debug] [Thread-2 (]: Writing runtime sql for node "test.property_transaction_warehouse.unique_dim_project_project_key.793b35d8e1"
[0m17:22:13.496160 [debug] [Thread-1 (]: Began executing node test.property_transaction_warehouse.not_null_dim_project_project_key.5cfc354fab
[0m17:22:13.497263 [debug] [Thread-1 (]: Writing runtime sql for node "test.property_transaction_warehouse.not_null_dim_project_project_key.5cfc354fab"
[0m17:22:13.497675 [debug] [Thread-2 (]: On test.property_transaction_warehouse.unique_dim_project_project_key.793b35d8e1: /* {"app": "dbt", "dbt_version": "1.12.5", "profile_name": "property_transaction_warehouse", "target_name": "dev", "node_id": "test.property_transaction_warehouse.unique_dim_project_project_key.793b35d8e1"} */

    
    select
      count(*) as failures,
      count(*) != 0 as should_warn,
      count(*) != 0 as should_error
    from (
      
    
  
    
    

with dbt_test__target as (

  select project_key as unique_field
  from `ringed-griffin-509403-b4`.`propery_trans1`.`dim_project`
  where project_key is not null

)

select
    unique_field,
    count(*) as n_records

from dbt_test__target
group by unique_field
having count(*) > 1



  
  
      
    ) dbt_internal_test
[0m17:22:13.497983 [debug] [Thread-2 (]: Opening a new connection, currently in state closed
[0m17:22:13.499044 [debug] [Thread-1 (]: On test.property_transaction_warehouse.not_null_dim_project_project_key.5cfc354fab: /* {"app": "dbt", "dbt_version": "1.12.5", "profile_name": "property_transaction_warehouse", "target_name": "dev", "node_id": "test.property_transaction_warehouse.not_null_dim_project_project_key.5cfc354fab"} */

    
    select
      count(*) as failures,
      count(*) != 0 as should_warn,
      count(*) != 0 as should_error
    from (
      
    
  
    
    



select project_key
from `ringed-griffin-509403-b4`.`propery_trans1`.`dim_project`
where project_key is null



  
  
      
    ) dbt_internal_test
[0m17:22:13.499318 [debug] [Thread-1 (]: Opening a new connection, currently in state closed
[0m17:22:13.556209 [debug] [Thread-4 (]: Sending event: {'category': 'dbt', 'action': 'run_model', 'label': '2486dac2-2954-458e-a85e-246d1e02ebf8', 'context': [<snowplow_tracker.self_describing_json.SelfDescribingJson object at 0x78c7082700e0>]}
[0m17:22:13.556753 [info ] [Thread-4 (]: 3 of 18 OK created sql table model propery_trans1.dim_location ................. [[32mCREATE TABLE (91.7k rows, 6.2 MiB processed)[0m in 3.43s]
[0m17:22:13.557216 [debug] [Thread-4 (]: Finished running node model.property_transaction_warehouse.dim_location
[0m17:22:13.557780 [debug] [Thread-4 (]: Began running node test.property_transaction_warehouse.not_null_dim_location_location_key.c1a2c0b86c
[0m17:22:13.558034 [info ] [Thread-4 (]: 7 of 18 START test not_null_dim_location_location_key .......................... [RUN]
[0m17:22:13.558289 [debug] [Thread-4 (]: Re-using an available connection from the pool (formerly model.property_transaction_warehouse.dim_location, now test.property_transaction_warehouse.not_null_dim_location_location_key.c1a2c0b86c)
[0m17:22:13.558464 [debug] [Thread-4 (]: Began compiling node test.property_transaction_warehouse.not_null_dim_location_location_key.c1a2c0b86c
[0m17:22:13.561912 [debug] [Thread-4 (]: Writing injected SQL for node "test.property_transaction_warehouse.not_null_dim_location_location_key.c1a2c0b86c"
[0m17:22:13.562297 [debug] [Thread-4 (]: Began executing node test.property_transaction_warehouse.not_null_dim_location_location_key.c1a2c0b86c
[0m17:22:13.563152 [debug] [Thread-4 (]: Writing runtime sql for node "test.property_transaction_warehouse.not_null_dim_location_location_key.c1a2c0b86c"
[0m17:22:13.563514 [debug] [Thread-4 (]: On test.property_transaction_warehouse.not_null_dim_location_location_key.c1a2c0b86c: /* {"app": "dbt", "dbt_version": "1.12.5", "profile_name": "property_transaction_warehouse", "target_name": "dev", "node_id": "test.property_transaction_warehouse.not_null_dim_location_location_key.c1a2c0b86c"} */

    
    select
      count(*) as failures,
      count(*) != 0 as should_warn,
      count(*) != 0 as should_error
    from (
      
    
  
    
    



select location_key
from `ringed-griffin-509403-b4`.`propery_trans1`.`dim_location`
where location_key is null



  
  
      
    ) dbt_internal_test
[0m17:22:13.563852 [debug] [Thread-4 (]: Opening a new connection, currently in state closed
[0m17:22:13.666127 [debug] [Thread-3 (]: Sending event: {'category': 'dbt', 'action': 'run_model', 'label': '2486dac2-2954-458e-a85e-246d1e02ebf8', 'context': [<snowplow_tracker.self_describing_json.SelfDescribingJson object at 0x78c7083ddbe0>]}
[0m17:22:13.666609 [info ] [Thread-3 (]: 2 of 18 OK created sql table model propery_trans1.dim_date ..................... [[32mCREATE TABLE (3.3k rows, 736.7 KiB processed)[0m in 3.54s]
[0m17:22:13.666921 [debug] [Thread-3 (]: Finished running node model.property_transaction_warehouse.dim_date
[0m17:22:13.667130 [debug] [Thread-3 (]: Began running node test.property_transaction_warehouse.unique_dim_location_location_key.b5757d64b6
[0m17:22:13.667329 [info ] [Thread-3 (]: 8 of 18 START test unique_dim_location_location_key ............................ [RUN]
[0m17:22:13.667608 [debug] [Thread-3 (]: Re-using an available connection from the pool (formerly model.property_transaction_warehouse.dim_date, now test.property_transaction_warehouse.unique_dim_location_location_key.b5757d64b6)
[0m17:22:13.667782 [debug] [Thread-3 (]: Began compiling node test.property_transaction_warehouse.unique_dim_location_location_key.b5757d64b6
[0m17:22:13.671259 [debug] [Thread-3 (]: Writing injected SQL for node "test.property_transaction_warehouse.unique_dim_location_location_key.b5757d64b6"
[0m17:22:13.672160 [debug] [Thread-3 (]: Began executing node test.property_transaction_warehouse.unique_dim_location_location_key.b5757d64b6
[0m17:22:13.673489 [debug] [Thread-3 (]: Writing runtime sql for node "test.property_transaction_warehouse.unique_dim_location_location_key.b5757d64b6"
[0m17:22:13.674092 [debug] [Thread-3 (]: On test.property_transaction_warehouse.unique_dim_location_location_key.b5757d64b6: /* {"app": "dbt", "dbt_version": "1.12.5", "profile_name": "property_transaction_warehouse", "target_name": "dev", "node_id": "test.property_transaction_warehouse.unique_dim_location_location_key.b5757d64b6"} */

    
    select
      count(*) as failures,
      count(*) != 0 as should_warn,
      count(*) != 0 as should_error
    from (
      
    
  
    
    

with dbt_test__target as (

  select location_key as unique_field
  from `ringed-griffin-509403-b4`.`propery_trans1`.`dim_location`
  where location_key is not null

)

select
    unique_field,
    count(*) as n_records

from dbt_test__target
group by unique_field
having count(*) > 1



  
  
      
    ) dbt_internal_test
[0m17:22:13.674808 [debug] [Thread-3 (]: Opening a new connection, currently in state closed
[0m17:22:14.141457 [debug] [Thread-1 (]: BigQuery adapter: https://console.cloud.google.com/bigquery?project=ringed-griffin-509403-b4&j=bq:US:d14fb08e-f357-4287-9bce-c38abd4103bd&page=queryresults
[0m17:22:14.166806 [debug] [Thread-2 (]: BigQuery adapter: https://console.cloud.google.com/bigquery?project=ringed-griffin-509403-b4&j=bq:US:b245782b-4422-4993-8996-aa7cc2eabf24&page=queryresults
[0m17:22:14.273749 [debug] [Thread-4 (]: BigQuery adapter: https://console.cloud.google.com/bigquery?project=ringed-griffin-509403-b4&j=bq:US:792512eb-d5bc-4924-adc3-4d552f4a70ff&page=queryresults
[0m17:22:14.356277 [debug] [Thread-3 (]: BigQuery adapter: https://console.cloud.google.com/bigquery?project=ringed-griffin-509403-b4&j=bq:US:78456911-1e91-4454-86d0-e2463d0fc112&page=queryresults
[0m17:22:14.499244 [debug] [Thread-1 (]: SQL status: OK in 0.357 seconds
[0m17:22:14.499747 [debug] [Thread-2 (]: SQL status: OK in 0.333 seconds
[0m17:22:14.593441 [debug] [Thread-4 (]: SQL status: OK in 0.319 seconds
[0m17:22:14.697445 [debug] [Thread-3 (]: SQL status: OK in 0.341 seconds
[0m17:22:15.199257 [info ] [Thread-1 (]: 5 of 18 PASS not_null_dim_project_project_key .................................. [[32mPASS[0m in 1.82s]
[0m17:22:15.199759 [debug] [Thread-1 (]: Finished running node test.property_transaction_warehouse.not_null_dim_project_project_key.5cfc354fab
[0m17:22:15.200192 [debug] [Thread-1 (]: Began running node test.property_transaction_warehouse.not_null_dim_date_date_key.881d0a31b6
[0m17:22:15.200437 [info ] [Thread-1 (]: 9 of 18 START test not_null_dim_date_date_key .................................. [RUN]
[0m17:22:15.200756 [debug] [Thread-1 (]: Re-using an available connection from the pool (formerly test.property_transaction_warehouse.not_null_dim_project_project_key.5cfc354fab, now test.property_transaction_warehouse.not_null_dim_date_date_key.881d0a31b6)
[0m17:22:15.200960 [debug] [Thread-1 (]: Began compiling node test.property_transaction_warehouse.not_null_dim_date_date_key.881d0a31b6
[0m17:22:15.205089 [debug] [Thread-1 (]: Writing injected SQL for node "test.property_transaction_warehouse.not_null_dim_date_date_key.881d0a31b6"
[0m17:22:15.205702 [debug] [Thread-1 (]: Began executing node test.property_transaction_warehouse.not_null_dim_date_date_key.881d0a31b6
[0m17:22:15.206863 [debug] [Thread-1 (]: Writing runtime sql for node "test.property_transaction_warehouse.not_null_dim_date_date_key.881d0a31b6"
[0m17:22:15.207285 [debug] [Thread-1 (]: On test.property_transaction_warehouse.not_null_dim_date_date_key.881d0a31b6: /* {"app": "dbt", "dbt_version": "1.12.5", "profile_name": "property_transaction_warehouse", "target_name": "dev", "node_id": "test.property_transaction_warehouse.not_null_dim_date_date_key.881d0a31b6"} */

    
    select
      count(*) as failures,
      count(*) != 0 as should_warn,
      count(*) != 0 as should_error
    from (
      
    
  
    
    



select date_key
from `ringed-griffin-509403-b4`.`propery_trans1`.`dim_date`
where date_key is null



  
  
      
    ) dbt_internal_test
[0m17:22:15.207555 [debug] [Thread-1 (]: Opening a new connection, currently in state closed
[0m17:22:15.213319 [info ] [Thread-2 (]: 6 of 18 PASS unique_dim_project_project_key .................................... [[32mPASS[0m in 1.83s]
[0m17:22:15.213720 [debug] [Thread-2 (]: Finished running node test.property_transaction_warehouse.unique_dim_project_project_key.793b35d8e1
[0m17:22:15.213970 [debug] [Thread-2 (]: Began running node test.property_transaction_warehouse.not_null_dim_date_full_date.598d7b137c
[0m17:22:15.214153 [info ] [Thread-2 (]: 10 of 18 START test not_null_dim_date_full_date ................................ [RUN]
[0m17:22:15.214479 [debug] [Thread-2 (]: Re-using an available connection from the pool (formerly test.property_transaction_warehouse.unique_dim_project_project_key.793b35d8e1, now test.property_transaction_warehouse.not_null_dim_date_full_date.598d7b137c)
[0m17:22:15.214760 [debug] [Thread-2 (]: Began compiling node test.property_transaction_warehouse.not_null_dim_date_full_date.598d7b137c
[0m17:22:15.219021 [debug] [Thread-2 (]: Writing injected SQL for node "test.property_transaction_warehouse.not_null_dim_date_full_date.598d7b137c"
[0m17:22:15.219538 [debug] [Thread-2 (]: Began executing node test.property_transaction_warehouse.not_null_dim_date_full_date.598d7b137c
[0m17:22:15.220728 [debug] [Thread-2 (]: Writing runtime sql for node "test.property_transaction_warehouse.not_null_dim_date_full_date.598d7b137c"
[0m17:22:15.221084 [debug] [Thread-2 (]: On test.property_transaction_warehouse.not_null_dim_date_full_date.598d7b137c: /* {"app": "dbt", "dbt_version": "1.12.5", "profile_name": "property_transaction_warehouse", "target_name": "dev", "node_id": "test.property_transaction_warehouse.not_null_dim_date_full_date.598d7b137c"} */

    
    select
      count(*) as failures,
      count(*) != 0 as should_warn,
      count(*) != 0 as should_error
    from (
      
    
  
    
    



select full_date
from `ringed-griffin-509403-b4`.`propery_trans1`.`dim_date`
where full_date is null



  
  
      
    ) dbt_internal_test
[0m17:22:15.221336 [debug] [Thread-2 (]: Opening a new connection, currently in state closed
[0m17:22:15.312868 [info ] [Thread-4 (]: 7 of 18 PASS not_null_dim_location_location_key ................................ [[32mPASS[0m in 1.75s]
[0m17:22:15.313307 [debug] [Thread-4 (]: Finished running node test.property_transaction_warehouse.not_null_dim_location_location_key.c1a2c0b86c
[0m17:22:15.313526 [debug] [Thread-4 (]: Began running node test.property_transaction_warehouse.unique_dim_date_date_key.0869fd48f9
[0m17:22:15.313700 [info ] [Thread-4 (]: 11 of 18 START test unique_dim_date_date_key ................................... [RUN]
[0m17:22:15.313926 [debug] [Thread-4 (]: Re-using an available connection from the pool (formerly test.property_transaction_warehouse.not_null_dim_location_location_key.c1a2c0b86c, now test.property_transaction_warehouse.unique_dim_date_date_key.0869fd48f9)
[0m17:22:15.314237 [debug] [Thread-4 (]: Began compiling node test.property_transaction_warehouse.unique_dim_date_date_key.0869fd48f9
[0m17:22:15.317808 [debug] [Thread-4 (]: Writing injected SQL for node "test.property_transaction_warehouse.unique_dim_date_date_key.0869fd48f9"
[0m17:22:15.318152 [debug] [Thread-4 (]: Began executing node test.property_transaction_warehouse.unique_dim_date_date_key.0869fd48f9
[0m17:22:15.318998 [debug] [Thread-4 (]: Writing runtime sql for node "test.property_transaction_warehouse.unique_dim_date_date_key.0869fd48f9"
[0m17:22:15.319286 [debug] [Thread-4 (]: On test.property_transaction_warehouse.unique_dim_date_date_key.0869fd48f9: /* {"app": "dbt", "dbt_version": "1.12.5", "profile_name": "property_transaction_warehouse", "target_name": "dev", "node_id": "test.property_transaction_warehouse.unique_dim_date_date_key.0869fd48f9"} */

    
    select
      count(*) as failures,
      count(*) != 0 as should_warn,
      count(*) != 0 as should_error
    from (
      
    
  
    
    

with dbt_test__target as (

  select date_key as unique_field
  from `ringed-griffin-509403-b4`.`propery_trans1`.`dim_date`
  where date_key is not null

)

select
    unique_field,
    count(*) as n_records

from dbt_test__target
group by unique_field
having count(*) > 1



  
  
      
    ) dbt_internal_test
[0m17:22:15.319532 [debug] [Thread-4 (]: Opening a new connection, currently in state closed
[0m17:22:15.409352 [info ] [Thread-3 (]: 8 of 18 PASS unique_dim_location_location_key .................................. [[32mPASS[0m in 1.74s]
[0m17:22:15.409791 [debug] [Thread-3 (]: Finished running node test.property_transaction_warehouse.unique_dim_location_location_key.b5757d64b6
[0m17:22:15.410029 [debug] [Thread-3 (]: Began running node test.property_transaction_warehouse.unique_dim_date_full_date.fd8739c008
[0m17:22:15.410284 [info ] [Thread-3 (]: 12 of 18 START test unique_dim_date_full_date .................................. [RUN]
[0m17:22:15.410517 [debug] [Thread-3 (]: Re-using an available connection from the pool (formerly test.property_transaction_warehouse.unique_dim_location_location_key.b5757d64b6, now test.property_transaction_warehouse.unique_dim_date_full_date.fd8739c008)
[0m17:22:15.410690 [debug] [Thread-3 (]: Began compiling node test.property_transaction_warehouse.unique_dim_date_full_date.fd8739c008
[0m17:22:15.414184 [debug] [Thread-3 (]: Writing injected SQL for node "test.property_transaction_warehouse.unique_dim_date_full_date.fd8739c008"
[0m17:22:15.414523 [debug] [Thread-3 (]: Began executing node test.property_transaction_warehouse.unique_dim_date_full_date.fd8739c008
[0m17:22:15.415347 [debug] [Thread-3 (]: Writing runtime sql for node "test.property_transaction_warehouse.unique_dim_date_full_date.fd8739c008"
[0m17:22:15.415755 [debug] [Thread-3 (]: On test.property_transaction_warehouse.unique_dim_date_full_date.fd8739c008: /* {"app": "dbt", "dbt_version": "1.12.5", "profile_name": "property_transaction_warehouse", "target_name": "dev", "node_id": "test.property_transaction_warehouse.unique_dim_date_full_date.fd8739c008"} */

    
    select
      count(*) as failures,
      count(*) != 0 as should_warn,
      count(*) != 0 as should_error
    from (
      
    
  
    
    

with dbt_test__target as (

  select full_date as unique_field
  from `ringed-griffin-509403-b4`.`propery_trans1`.`dim_date`
  where full_date is not null

)

select
    unique_field,
    count(*) as n_records

from dbt_test__target
group by unique_field
having count(*) > 1



  
  
      
    ) dbt_internal_test
[0m17:22:15.416013 [debug] [Thread-3 (]: Opening a new connection, currently in state closed
[0m17:22:15.881071 [debug] [Thread-2 (]: BigQuery adapter: https://console.cloud.google.com/bigquery?project=ringed-griffin-509403-b4&j=bq:US:f166658c-e187-4060-8d69-d84140dbd9d4&page=queryresults
[0m17:22:15.897665 [debug] [Thread-1 (]: BigQuery adapter: https://console.cloud.google.com/bigquery?project=ringed-griffin-509403-b4&j=bq:US:0f030053-ec3e-44be-8322-9fb2cd198e0e&page=queryresults
[0m17:22:16.005986 [debug] [Thread-4 (]: BigQuery adapter: https://console.cloud.google.com/bigquery?project=ringed-griffin-509403-b4&j=bq:US:7e203aa3-6236-44a1-bdec-08fa0969253a&page=queryresults
[0m17:22:16.032886 [debug] [Thread-3 (]: BigQuery adapter: https://console.cloud.google.com/bigquery?project=ringed-griffin-509403-b4&j=bq:US:c41d4db4-bf9a-4028-8636-54384bc0ab9e&page=queryresults
[0m17:22:16.248878 [debug] [Thread-2 (]: SQL status: OK in 0.367 seconds
[0m17:22:16.252821 [debug] [Thread-1 (]: SQL status: OK in 0.355 seconds
[0m17:22:16.350237 [debug] [Thread-4 (]: SQL status: OK in 0.344 seconds
[0m17:22:16.375147 [debug] [Thread-3 (]: SQL status: OK in 0.342 seconds
[0m17:22:16.922923 [info ] [Thread-1 (]: 9 of 18 PASS not_null_dim_date_date_key ........................................ [[32mPASS[0m in 1.72s]
[0m17:22:16.923375 [debug] [Thread-1 (]: Finished running node test.property_transaction_warehouse.not_null_dim_date_date_key.881d0a31b6
[0m17:22:16.958764 [info ] [Thread-2 (]: 10 of 18 PASS not_null_dim_date_full_date ...................................... [[32mPASS[0m in 1.74s]
[0m17:22:16.959212 [debug] [Thread-2 (]: Finished running node test.property_transaction_warehouse.not_null_dim_date_full_date.598d7b137c
[0m17:22:16.968198 [info ] [Thread-4 (]: 11 of 18 PASS unique_dim_date_date_key ......................................... [[32mPASS[0m in 1.65s]
[0m17:22:16.968544 [debug] [Thread-4 (]: Finished running node test.property_transaction_warehouse.unique_dim_date_date_key.0869fd48f9
[0m17:22:17.084153 [info ] [Thread-3 (]: 12 of 18 PASS unique_dim_date_full_date ........................................ [[32mPASS[0m in 1.67s]
[0m17:22:17.084633 [debug] [Thread-3 (]: Finished running node test.property_transaction_warehouse.unique_dim_date_full_date.fd8739c008
[0m17:22:17.085417 [debug] [Thread-1 (]: Began running node model.property_transaction_warehouse.fact_transaction
[0m17:22:17.085866 [info ] [Thread-1 (]: 13 of 18 START sql table model propery_trans1.fact_transaction ................. [RUN]
[0m17:22:17.086159 [debug] [Thread-1 (]: Re-using an available connection from the pool (formerly test.property_transaction_warehouse.not_null_dim_date_date_key.881d0a31b6, now model.property_transaction_warehouse.fact_transaction)
[0m17:22:17.086363 [debug] [Thread-1 (]: Began compiling node model.property_transaction_warehouse.fact_transaction
[0m17:22:17.088089 [debug] [Thread-1 (]: Writing injected SQL for node "model.property_transaction_warehouse.fact_transaction"
[0m17:22:17.088525 [debug] [Thread-1 (]: Began executing node model.property_transaction_warehouse.fact_transaction
[0m17:22:17.089306 [debug] [Thread-1 (]: Opening a new connection, currently in state closed
[0m17:22:17.546735 [debug] [Thread-1 (]: Writing runtime sql for node "model.property_transaction_warehouse.fact_transaction"
[0m17:22:17.547320 [debug] [Thread-1 (]: On model.property_transaction_warehouse.fact_transaction: /* {"app": "dbt", "dbt_version": "1.12.5", "profile_name": "property_transaction_warehouse", "target_name": "dev", "node_id": "model.property_transaction_warehouse.fact_transaction"} */

  
    

    create or replace table `ringed-griffin-509403-b4`.`propery_trans1`.`fact_transaction`
      
    
    

    
    OPTIONS()
    as (
      WITH transactions AS (
    SELECT
        *,
        ROW_NUMBER() OVER (
            ORDER BY TO_JSON_STRING(STRUCT(
                project_name,
                transacted_price,
                area_sqft,
                unit_price_psf,
                sale_date,
                address,
                type_of_sale,
                type_of_area,
                area_sqm,
                unit_price_psm,
                nett_price,
                property_type,
                number_of_units,
                tenure,
                completion_date,
                purchaser_address_indicator,
                postal_code,
                postal_district,
                postal_sector,
                planning_region,
                planning_area
            ))
        ) AS transaction_row_number
    FROM `ringed-griffin-509403-b4`.`propery_trans1`.`stg_property_transactions`
)
SELECT
    FARM_FINGERPRINT(CONCAT(
        TO_JSON_STRING(STRUCT(
            t.project_name,
            t.transacted_price,
            t.area_sqft,
            t.unit_price_psf,
            t.sale_date,
            t.address,
            t.type_of_sale,
            t.type_of_area,
            t.area_sqm,
            t.unit_price_psm,
            t.nett_price,
            t.property_type,
            t.number_of_units,
            t.tenure,
            t.completion_date,
            t.purchaser_address_indicator,
            t.postal_code,
            t.postal_district,
            t.postal_sector,
            t.planning_region,
            t.planning_area
        )),
        '#',
        CAST(transaction_row_number AS STRING)
    )) AS transaction_key,
    d.date_key AS sale_date_key,
    p.project_key,
    l.location_key,
    t.transacted_price,
    t.nett_price,
    t.area_sqft,
    t.area_sqm,
    t.unit_price_psf,
    t.unit_price_psm,
    t.number_of_units,
    t.type_of_sale,
    t.type_of_area,
    t.purchaser_address_indicator
FROM transactions AS t
LEFT JOIN `ringed-griffin-509403-b4`.`propery_trans1`.`dim_date` AS d
    ON t.sale_date = d.full_date
LEFT JOIN `ringed-griffin-509403-b4`.`propery_trans1`.`dim_project` AS p
    ON t.project_name = p.project_name
    AND t.property_type IS NOT DISTINCT FROM p.property_type
    AND t.tenure IS NOT DISTINCT FROM p.tenure
    AND t.completion_year IS NOT DISTINCT FROM p.completion_year
    AND t.completion_status IS NOT DISTINCT FROM p.completion_status
LEFT JOIN `ringed-griffin-509403-b4`.`propery_trans1`.`dim_location` AS l
    ON t.address IS NOT DISTINCT FROM l.address
    AND t.postal_code IS NOT DISTINCT FROM l.postal_code
    AND t.postal_district IS NOT DISTINCT FROM l.postal_district
    AND t.postal_sector IS NOT DISTINCT FROM l.postal_sector
    AND t.planning_region IS NOT DISTINCT FROM l.planning_region
    AND t.planning_area IS NOT DISTINCT FROM l.planning_area
    );
  
[0m17:22:18.614799 [debug] [Thread-1 (]: BigQuery adapter: https://console.cloud.google.com/bigquery?project=ringed-griffin-509403-b4&j=bq:US:8f3f7cff-95df-4b9e-85b9-f474b52e2b45&page=queryresults
[0m17:22:24.621129 [debug] [Thread-1 (]: SQL status: OK in 6.006 seconds
[0m17:22:24.930919 [debug] [Thread-1 (]: Sending event: {'category': 'dbt', 'action': 'run_model', 'label': '2486dac2-2954-458e-a85e-246d1e02ebf8', 'context': [<snowplow_tracker.self_describing_json.SelfDescribingJson object at 0x78c7081165d0>]}
[0m17:22:24.931410 [info ] [Thread-1 (]: 13 of 18 OK created sql table model propery_trans1.fact_transaction ............ [[32mCREATE TABLE (94.3k rows, 30.6 MiB processed)[0m in 7.84s]
[0m17:22:24.931751 [debug] [Thread-1 (]: Finished running node model.property_transaction_warehouse.fact_transaction
[0m17:22:24.932738 [debug] [Thread-4 (]: Began running node test.property_transaction_warehouse.not_null_fact_transaction_transaction_key.274831b9a6
[0m17:22:24.933259 [debug] [Thread-3 (]: Began running node test.property_transaction_warehouse.relationships_fact_transaction_location_key__location_key__ref_dim_location_.a942d8afdc
[0m17:22:24.933533 [debug] [Thread-2 (]: Began running node test.property_transaction_warehouse.relationships_fact_transaction_project_key__project_key__ref_dim_project_.a445602349
[0m17:22:24.933877 [info ] [Thread-4 (]: 14 of 18 START test not_null_fact_transaction_transaction_key .................. [RUN]
[0m17:22:24.934269 [debug] [Thread-1 (]: Began running node test.property_transaction_warehouse.relationships_fact_transaction_sale_date_key__date_key__ref_dim_date_.1eb5b32c1c
[0m17:22:24.934512 [info ] [Thread-3 (]: 15 of 18 START test relationships_fact_transaction_location_key__location_key__ref_dim_location_  [RUN]
[0m17:22:24.935272 [debug] [Thread-4 (]: Re-using an available connection from the pool (formerly test.property_transaction_warehouse.unique_dim_date_date_key.0869fd48f9, now test.property_transaction_warehouse.not_null_fact_transaction_transaction_key.274831b9a6)
[0m17:22:24.934787 [info ] [Thread-2 (]: 16 of 18 START test relationships_fact_transaction_project_key__project_key__ref_dim_project_  [RUN]
[0m17:22:24.936209 [info ] [Thread-1 (]: 17 of 18 START test relationships_fact_transaction_sale_date_key__date_key__ref_dim_date_  [RUN]
[0m17:22:24.936606 [debug] [Thread-3 (]: Re-using an available connection from the pool (formerly test.property_transaction_warehouse.unique_dim_date_full_date.fd8739c008, now test.property_transaction_warehouse.relationships_fact_transaction_location_key__location_key__ref_dim_location_.a942d8afdc)
[0m17:22:24.936907 [debug] [Thread-4 (]: Began compiling node test.property_transaction_warehouse.not_null_fact_transaction_transaction_key.274831b9a6
[0m17:22:24.937191 [debug] [Thread-2 (]: Re-using an available connection from the pool (formerly test.property_transaction_warehouse.not_null_dim_date_full_date.598d7b137c, now test.property_transaction_warehouse.relationships_fact_transaction_project_key__project_key__ref_dim_project_.a445602349)
[0m17:22:24.937594 [debug] [Thread-1 (]: Re-using an available connection from the pool (formerly model.property_transaction_warehouse.fact_transaction, now test.property_transaction_warehouse.relationships_fact_transaction_sale_date_key__date_key__ref_dim_date_.1eb5b32c1c)
[0m17:22:24.937874 [debug] [Thread-3 (]: Began compiling node test.property_transaction_warehouse.relationships_fact_transaction_location_key__location_key__ref_dim_location_.a942d8afdc
[0m17:22:24.942091 [debug] [Thread-4 (]: Writing injected SQL for node "test.property_transaction_warehouse.not_null_fact_transaction_transaction_key.274831b9a6"
[0m17:22:24.942479 [debug] [Thread-2 (]: Began compiling node test.property_transaction_warehouse.relationships_fact_transaction_project_key__project_key__ref_dim_project_.a445602349
[0m17:22:24.942751 [debug] [Thread-1 (]: Began compiling node test.property_transaction_warehouse.relationships_fact_transaction_sale_date_key__date_key__ref_dim_date_.1eb5b32c1c
[0m17:22:24.947604 [debug] [Thread-3 (]: Writing injected SQL for node "test.property_transaction_warehouse.relationships_fact_transaction_location_key__location_key__ref_dim_location_.a942d8afdc"
[0m17:22:24.958134 [debug] [Thread-1 (]: Writing injected SQL for node "test.property_transaction_warehouse.relationships_fact_transaction_sale_date_key__date_key__ref_dim_date_.1eb5b32c1c"
[0m17:22:24.958851 [debug] [Thread-2 (]: Writing injected SQL for node "test.property_transaction_warehouse.relationships_fact_transaction_project_key__project_key__ref_dim_project_.a445602349"
[0m17:22:24.959519 [debug] [Thread-3 (]: Began executing node test.property_transaction_warehouse.relationships_fact_transaction_location_key__location_key__ref_dim_location_.a942d8afdc
[0m17:22:24.960528 [debug] [Thread-3 (]: Writing runtime sql for node "test.property_transaction_warehouse.relationships_fact_transaction_location_key__location_key__ref_dim_location_.a942d8afdc"
[0m17:22:24.960875 [debug] [Thread-4 (]: Began executing node test.property_transaction_warehouse.not_null_fact_transaction_transaction_key.274831b9a6
[0m17:22:24.961105 [debug] [Thread-1 (]: Began executing node test.property_transaction_warehouse.relationships_fact_transaction_sale_date_key__date_key__ref_dim_date_.1eb5b32c1c
[0m17:22:24.962045 [debug] [Thread-4 (]: Writing runtime sql for node "test.property_transaction_warehouse.not_null_fact_transaction_transaction_key.274831b9a6"
[0m17:22:24.962362 [debug] [Thread-3 (]: On test.property_transaction_warehouse.relationships_fact_transaction_location_key__location_key__ref_dim_location_.a942d8afdc: /* {"app": "dbt", "dbt_version": "1.12.5", "profile_name": "property_transaction_warehouse", "target_name": "dev", "node_id": "test.property_transaction_warehouse.relationships_fact_transaction_location_key__location_key__ref_dim_location_.a942d8afdc"} */

    
    select
      count(*) as failures,
      count(*) != 0 as should_warn,
      count(*) != 0 as should_error
    from (
      
    
  
    
    

with child as (
    select location_key as from_field
    from `ringed-griffin-509403-b4`.`propery_trans1`.`fact_transaction`
    where location_key is not null
),

parent as (
    select location_key as to_field
    from `ringed-griffin-509403-b4`.`propery_trans1`.`dim_location`
)

select
    from_field

from child
left join parent
    on child.from_field = parent.to_field

where parent.to_field is null



  
  
      
    ) dbt_internal_test
[0m17:22:24.963344 [debug] [Thread-1 (]: Writing runtime sql for node "test.property_transaction_warehouse.relationships_fact_transaction_sale_date_key__date_key__ref_dim_date_.1eb5b32c1c"
[0m17:22:24.963616 [debug] [Thread-2 (]: Began executing node test.property_transaction_warehouse.relationships_fact_transaction_project_key__project_key__ref_dim_project_.a445602349
[0m17:22:24.964015 [debug] [Thread-3 (]: Opening a new connection, currently in state closed
[0m17:22:24.964453 [debug] [Thread-4 (]: On test.property_transaction_warehouse.not_null_fact_transaction_transaction_key.274831b9a6: /* {"app": "dbt", "dbt_version": "1.12.5", "profile_name": "property_transaction_warehouse", "target_name": "dev", "node_id": "test.property_transaction_warehouse.not_null_fact_transaction_transaction_key.274831b9a6"} */

    
    select
      count(*) as failures,
      count(*) != 0 as should_warn,
      count(*) != 0 as should_error
    from (
      
    
  
    
    



select transaction_key
from `ringed-griffin-509403-b4`.`propery_trans1`.`fact_transaction`
where transaction_key is null



  
  
      
    ) dbt_internal_test
[0m17:22:24.965342 [debug] [Thread-2 (]: Writing runtime sql for node "test.property_transaction_warehouse.relationships_fact_transaction_project_key__project_key__ref_dim_project_.a445602349"
[0m17:22:24.966550 [debug] [Thread-4 (]: Opening a new connection, currently in state closed
[0m17:22:24.966848 [debug] [Thread-1 (]: On test.property_transaction_warehouse.relationships_fact_transaction_sale_date_key__date_key__ref_dim_date_.1eb5b32c1c: /* {"app": "dbt", "dbt_version": "1.12.5", "profile_name": "property_transaction_warehouse", "target_name": "dev", "node_id": "test.property_transaction_warehouse.relationships_fact_transaction_sale_date_key__date_key__ref_dim_date_.1eb5b32c1c"} */

    
    select
      count(*) as failures,
      count(*) != 0 as should_warn,
      count(*) != 0 as should_error
    from (
      
    
  
    
    

with child as (
    select sale_date_key as from_field
    from `ringed-griffin-509403-b4`.`propery_trans1`.`fact_transaction`
    where sale_date_key is not null
),

parent as (
    select date_key as to_field
    from `ringed-griffin-509403-b4`.`propery_trans1`.`dim_date`
)

select
    from_field

from child
left join parent
    on child.from_field = parent.to_field

where parent.to_field is null



  
  
      
    ) dbt_internal_test
[0m17:22:24.967865 [debug] [Thread-1 (]: Opening a new connection, currently in state closed
[0m17:22:24.968974 [debug] [Thread-2 (]: On test.property_transaction_warehouse.relationships_fact_transaction_project_key__project_key__ref_dim_project_.a445602349: /* {"app": "dbt", "dbt_version": "1.12.5", "profile_name": "property_transaction_warehouse", "target_name": "dev", "node_id": "test.property_transaction_warehouse.relationships_fact_transaction_project_key__project_key__ref_dim_project_.a445602349"} */

    
    select
      count(*) as failures,
      count(*) != 0 as should_warn,
      count(*) != 0 as should_error
    from (
      
    
  
    
    

with child as (
    select project_key as from_field
    from `ringed-griffin-509403-b4`.`propery_trans1`.`fact_transaction`
    where project_key is not null
),

parent as (
    select project_key as to_field
    from `ringed-griffin-509403-b4`.`propery_trans1`.`dim_project`
)

select
    from_field

from child
left join parent
    on child.from_field = parent.to_field

where parent.to_field is null



  
  
      
    ) dbt_internal_test
[0m17:22:24.969810 [debug] [Thread-2 (]: Opening a new connection, currently in state closed
[0m17:22:25.622683 [debug] [Thread-4 (]: BigQuery adapter: https://console.cloud.google.com/bigquery?project=ringed-griffin-509403-b4&j=bq:US:c84b6d6c-eef5-4058-80c8-7fd484024156&page=queryresults
[0m17:22:25.640603 [debug] [Thread-2 (]: BigQuery adapter: https://console.cloud.google.com/bigquery?project=ringed-griffin-509403-b4&j=bq:US:04bbb56f-8e1f-4063-a821-0918074f0d88&page=queryresults
[0m17:22:25.664773 [debug] [Thread-3 (]: BigQuery adapter: https://console.cloud.google.com/bigquery?project=ringed-griffin-509403-b4&j=bq:US:e6625b44-8a40-402e-bbb2-359ee633e6d7&page=queryresults
[0m17:22:25.727708 [debug] [Thread-1 (]: BigQuery adapter: https://console.cloud.google.com/bigquery?project=ringed-griffin-509403-b4&j=bq:US:63c02065-ab7c-43ee-b1ca-7e48f7d07353&page=queryresults
[0m17:22:25.947127 [debug] [Thread-4 (]: SQL status: OK in 0.324 seconds
[0m17:22:25.993203 [debug] [Thread-2 (]: SQL status: OK in 0.352 seconds
[0m17:22:26.006858 [debug] [Thread-3 (]: SQL status: OK in 0.342 seconds
[0m17:22:26.058035 [debug] [Thread-1 (]: SQL status: OK in 0.330 seconds
[0m17:22:26.667132 [info ] [Thread-4 (]: 14 of 18 PASS not_null_fact_transaction_transaction_key ........................ [[32mPASS[0m in 1.73s]
[0m17:22:26.667767 [debug] [Thread-4 (]: Finished running node test.property_transaction_warehouse.not_null_fact_transaction_transaction_key.274831b9a6
[0m17:22:26.668102 [debug] [Thread-4 (]: Began running node test.property_transaction_warehouse.unique_fact_transaction_transaction_key.2bf6393ada
[0m17:22:26.668307 [info ] [Thread-4 (]: 18 of 18 START test unique_fact_transaction_transaction_key .................... [RUN]
[0m17:22:26.668744 [debug] [Thread-4 (]: Re-using an available connection from the pool (formerly test.property_transaction_warehouse.not_null_fact_transaction_transaction_key.274831b9a6, now test.property_transaction_warehouse.unique_fact_transaction_transaction_key.2bf6393ada)
[0m17:22:26.668989 [debug] [Thread-4 (]: Began compiling node test.property_transaction_warehouse.unique_fact_transaction_transaction_key.2bf6393ada
[0m17:22:26.673250 [debug] [Thread-4 (]: Writing injected SQL for node "test.property_transaction_warehouse.unique_fact_transaction_transaction_key.2bf6393ada"
[0m17:22:26.673764 [debug] [Thread-4 (]: Began executing node test.property_transaction_warehouse.unique_fact_transaction_transaction_key.2bf6393ada
[0m17:22:26.674819 [debug] [Thread-4 (]: Writing runtime sql for node "test.property_transaction_warehouse.unique_fact_transaction_transaction_key.2bf6393ada"
[0m17:22:26.675181 [debug] [Thread-4 (]: On test.property_transaction_warehouse.unique_fact_transaction_transaction_key.2bf6393ada: /* {"app": "dbt", "dbt_version": "1.12.5", "profile_name": "property_transaction_warehouse", "target_name": "dev", "node_id": "test.property_transaction_warehouse.unique_fact_transaction_transaction_key.2bf6393ada"} */

    
    select
      count(*) as failures,
      count(*) != 0 as should_warn,
      count(*) != 0 as should_error
    from (
      
    
  
    
    

with dbt_test__target as (

  select transaction_key as unique_field
  from `ringed-griffin-509403-b4`.`propery_trans1`.`fact_transaction`
  where transaction_key is not null

)

select
    unique_field,
    count(*) as n_records

from dbt_test__target
group by unique_field
having count(*) > 1



  
  
      
    ) dbt_internal_test
[0m17:22:26.675439 [debug] [Thread-4 (]: Opening a new connection, currently in state closed
[0m17:22:26.705796 [info ] [Thread-3 (]: 15 of 18 PASS relationships_fact_transaction_location_key__location_key__ref_dim_location_  [[32mPASS[0m in 1.77s]
[0m17:22:26.706434 [debug] [Thread-3 (]: Finished running node test.property_transaction_warehouse.relationships_fact_transaction_location_key__location_key__ref_dim_location_.a942d8afdc
[0m17:22:26.710026 [info ] [Thread-2 (]: 16 of 18 PASS relationships_fact_transaction_project_key__project_key__ref_dim_project_  [[32mPASS[0m in 1.77s]
[0m17:22:26.710356 [debug] [Thread-2 (]: Finished running node test.property_transaction_warehouse.relationships_fact_transaction_project_key__project_key__ref_dim_project_.a445602349
[0m17:22:26.736090 [info ] [Thread-1 (]: 17 of 18 PASS relationships_fact_transaction_sale_date_key__date_key__ref_dim_date_  [[32mPASS[0m in 1.80s]
[0m17:22:26.736622 [debug] [Thread-1 (]: Finished running node test.property_transaction_warehouse.relationships_fact_transaction_sale_date_key__date_key__ref_dim_date_.1eb5b32c1c
[0m17:22:27.394142 [debug] [Thread-4 (]: BigQuery adapter: https://console.cloud.google.com/bigquery?project=ringed-griffin-509403-b4&j=bq:US:dad78ea8-a5d4-40c1-9b6c-20ff74067d19&page=queryresults
[0m17:22:27.692247 [debug] [Thread-4 (]: SQL status: OK in 0.297 seconds
[0m17:22:28.356452 [info ] [Thread-4 (]: 18 of 18 PASS unique_fact_transaction_transaction_key .......................... [[32mPASS[0m in 1.69s]
[0m17:22:28.356910 [debug] [Thread-4 (]: Finished running node test.property_transaction_warehouse.unique_fact_transaction_transaction_key.2bf6393ada
[0m17:22:28.359187 [debug] [MainThread]: Opening a new connection, currently in state closed
[0m17:22:28.360589 [debug] [MainThread]: Connection 'master' was properly closed.
[0m17:22:28.360808 [debug] [MainThread]: Connection 'test.property_transaction_warehouse.relationships_fact_transaction_sale_date_key__date_key__ref_dim_date_.1eb5b32c1c' was properly closed.
[0m17:22:28.360964 [debug] [MainThread]: Connection 'test.property_transaction_warehouse.relationships_fact_transaction_location_key__location_key__ref_dim_location_.a942d8afdc' was properly closed.
[0m17:22:28.361109 [debug] [MainThread]: Connection 'test.property_transaction_warehouse.unique_fact_transaction_transaction_key.2bf6393ada' was properly closed.
[0m17:22:28.361243 [debug] [MainThread]: Connection 'test.property_transaction_warehouse.relationships_fact_transaction_project_key__project_key__ref_dim_project_.a445602349' was properly closed.
[0m17:22:28.361454 [info ] [MainThread]: 
[0m17:22:28.361630 [info ] [MainThread]: Finished running 5 table models, 13 data tests in 0 hours 0 minutes and 33.22 seconds (33.22s).
[0m17:22:28.363039 [debug] [MainThread]: Command end result
[0m17:22:28.381605 [debug] [MainThread]: Wrote artifact WritableManifest to /home/jenho/Proj 2 - Property Transaction V1/2a_data_warehouse/target/manifest.json
[0m17:22:28.383253 [debug] [MainThread]: Wrote artifact SemanticManifest to /home/jenho/Proj 2 - Property Transaction V1/2a_data_warehouse/target/semantic_manifest.json
[0m17:22:28.384547 [debug] [MainThread]: Wrote artifact OsiDocument to /home/jenho/Proj 2 - Property Transaction V1/2a_data_warehouse/target/osi_document.json
[0m17:22:28.388598 [debug] [MainThread]: Wrote artifact RunExecutionResult to /home/jenho/Proj 2 - Property Transaction V1/2a_data_warehouse/target/run_results.json
[0m17:22:28.388900 [info ] [MainThread]: 
[0m17:22:28.389129 [info ] [MainThread]: [32mCompleted successfully[0m
[0m17:22:28.389293 [info ] [MainThread]: 
[0m17:22:28.389470 [info ] [MainThread]: Done. PASS=18 WARN=0 ERROR=0 SKIP=0 NO-OP=0 REUSED=0 TOTAL=18
[0m17:22:28.389839 [debug] [MainThread]: Resource report: {"command_name": "build", "command_success": true, "command_wall_clock_time": 34.50627, "process_in_blocks": "0", "process_kernel_time": 0.351372, "process_mem_max_rss": "273048", "process_out_blocks": "4736", "process_user_time": 3.461221}
[0m17:22:28.390245 [debug] [MainThread]: Command `dbt build` succeeded at 17:22:28.390186 after 34.51 seconds
[0m17:22:28.390513 [debug] [MainThread]: Sending event: {'category': 'dbt', 'action': 'invocation', 'label': 'end', 'context': [<snowplow_tracker.self_describing_json.SelfDescribingJson object at 0x78c748ba1bb0>, <snowplow_tracker.self_describing_json.SelfDescribingJson object at 0x78c747f53170>, <snowplow_tracker.self_describing_json.SelfDescribingJson object at 0x78c709fc2ea0>]}
[0m17:22:28.390720 [debug] [MainThread]: Flushing usage events
[0m17:22:29.638455 [debug] [MainThread]: An error was encountered while trying to flush usage events
[0m17:24:30.828356 [debug] [MainThread]: Sending event: {'category': 'dbt', 'action': 'invocation', 'label': 'start', 'context': [<snowplow_tracker.self_describing_json.SelfDescribingJson object at 0x7e3551d7e7b0>, <snowplow_tracker.self_describing_json.SelfDescribingJson object at 0x7e3553ba8f50>, <snowplow_tracker.self_describing_json.SelfDescribingJson object at 0x7e35505ab890>]}


============================== 17:24:30.834789 | 525266d1-3dd4-47cf-9e97-f2905108ff16 ==============================
[0m17:24:30.834789 [info ] [MainThread]: Running with dbt=1.12.5
[0m17:24:30.835090 [debug] [MainThread]: running dbt with arguments {'invocation_command': 'dbt debug', 'maximum_seed_size_mib': '1', 'send_anonymous_usage_stats': 'True', 'warn_error': 'None', 'log_cache_events': 'False', 'no_print': 'None', 'static_parser': 'True', 'version_check': 'True', 'use_colors': 'True', 'hints_enabled': 'True', 'write_json': 'True', 'quiet': 'False', 'empty': 'None', 'warn_error_options': 'WarnErrorOptionsV2(error=[], warn=[], silence=[])', 'printer_width': '80', 'log_path': '/home/jenho/Proj 2 - Property Transaction V1/2a_data_warehouse/logs', 'target_path': 'None', 'fail_fast': 'False', 'partial_parse': 'True', 'indirect_selection': 'eager', 'introspect': 'True', 'log_format': 'default', 'cache_selected_only': 'False', 'use_experimental_parser': 'False', 'profiles_dir': '/home/jenho/Proj 2 - Property Transaction V1/2a_data_warehouse', 'debug': 'False'}
[0m17:24:30.852641 [info ] [MainThread]: dbt version: 1.12.5
[0m17:24:30.852998 [info ] [MainThread]: python version: 3.14.7
[0m17:24:30.853155 [info ] [MainThread]: python path: /home/jenho/miniconda3/bin/python3
[0m17:24:30.853304 [info ] [MainThread]: os info: Linux-6.18.33.2-microsoft-standard-WSL2-x86_64-with-glibc2.43
[0m17:24:31.705260 [info ] [MainThread]: Using profiles dir at /home/jenho/Proj 2 - Property Transaction V1/2a_data_warehouse
[0m17:24:31.705645 [info ] [MainThread]: Using profiles.yml file at /home/jenho/Proj 2 - Property Transaction V1/2a_data_warehouse/profiles.yml
[0m17:24:31.705805 [info ] [MainThread]: Using dbt_project.yml file at /home/jenho/Proj 2 - Property Transaction V1/2a_data_warehouse/dbt_project.yml
[0m17:24:31.705952 [info ] [MainThread]: adapter type: bigquery
[0m17:24:31.706083 [info ] [MainThread]: adapter version: 1.12.1
[0m17:24:31.765039 [info ] [MainThread]: Configuration:
[0m17:24:31.765417 [info ] [MainThread]:   profiles.yml file [[32mOK found and valid[0m]
[0m17:24:31.765594 [info ] [MainThread]:   dbt_project.yml file [[32mOK found and valid[0m]
[0m17:24:31.765733 [info ] [MainThread]: Required dependencies:
[0m17:24:31.765927 [debug] [MainThread]: Executing "git --help"
[0m17:24:31.768292 [debug] [MainThread]: STDOUT: "b"usage: git [-v | --version] [-h | --help] [-C <path>] [-c <name>=<value>]\n           [--exec-path[=<path>]] [--html-path] [--man-path] [--info-path]\n           [-p | --paginate | -P | --no-pager] [--no-replace-objects] [--no-lazy-fetch]\n           [--no-optional-locks] [--no-advice] [--bare] [--git-dir=<path>]\n           [--work-tree=<path>] [--namespace=<name>] [--config-env=<name>=<envvar>]\n           <command> [<args>]\n\nThese are common Git commands used in various situations:\n\nstart a working area (see also: git help tutorial)\n   clone      Clone a repository into a new directory\n   init       Create an empty Git repository or reinitialize an existing one\n\nwork on the current change (see also: git help everyday)\n   add        Add file contents to the index\n   mv         Move or rename a file, a directory, or a symlink\n   restore    Restore working tree files\n   rm         Remove files from the working tree and from the index\n\nexamine the history and state (see also: git help revisions)\n   bisect     Use binary search to find the commit that introduced a bug\n   diff       Show changes between commits, commit and working tree, etc\n   grep       Print lines matching a pattern\n   log        Show commit logs\n   show       Show various types of objects\n   status     Show the working tree status\n\ngrow, mark and tweak your common history\n   backfill   Download missing objects in a partial clone\n   branch     List, create, or delete branches\n   commit     Record changes to the repository\n   merge      Join two or more development histories together\n   rebase     Reapply commits on top of another base tip\n   reset      Set `HEAD` or the index to a known state\n   switch     Switch branches\n   tag        Create, list, delete or verify tags\n\ncollaborate (see also: git help workflows)\n   fetch      Download objects and refs from another repository\n   pull       Fetch from and integrate with another repository or a local branch\n   push       Update remote refs along with associated objects\n\n'git help -a' and 'git help -g' list available subcommands and some\nconcept guides. See 'git help <command>' or 'git help <concept>'\nto read about a specific subcommand or concept.\nSee 'git help git' for an overview of the system.\n""
[0m17:24:31.768672 [debug] [MainThread]: STDERR: "b''"
[0m17:24:31.768857 [info ] [MainThread]:  - git [[32mOK found[0m]

[0m17:24:31.769034 [info ] [MainThread]: Connection:
[0m17:24:31.769216 [info ] [MainThread]:   method: oauth
[0m17:24:31.769366 [info ] [MainThread]:   database: ringed-griffin-509403-b4
[0m17:24:31.769507 [info ] [MainThread]:   execution_project: ringed-griffin-509403-b4
[0m17:24:31.769635 [info ] [MainThread]:   schema: propery_trans1
[0m17:24:31.769756 [info ] [MainThread]:   location: None
[0m17:24:31.769897 [info ] [MainThread]:   priority: interactive
[0m17:24:31.770027 [info ] [MainThread]:   maximum_bytes_billed: None
[0m17:24:31.770147 [info ] [MainThread]:   reservation: None
[0m17:24:31.770266 [info ] [MainThread]:   impersonate_service_account: None
[0m17:24:31.770383 [info ] [MainThread]:   job_retry_deadline_seconds: None
[0m17:24:31.770499 [info ] [MainThread]:   job_retries: 1
[0m17:24:31.770616 [info ] [MainThread]:   job_creation_timeout_seconds: None
[0m17:24:31.770733 [info ] [MainThread]:   job_execution_timeout_seconds: None
[0m17:24:31.770849 [info ] [MainThread]:   job_link_info_level_log: False
[0m17:24:31.770965 [info ] [MainThread]:   timeout_seconds: None
[0m17:24:31.771079 [info ] [MainThread]:   client_id: None
[0m17:24:31.771192 [info ] [MainThread]:   token_uri: None
[0m17:24:31.771306 [info ] [MainThread]:   compute_region: None
[0m17:24:31.771419 [info ] [MainThread]:   dataproc_cluster_name: None
[0m17:24:31.771543 [info ] [MainThread]:   gcs_bucket: None
[0m17:24:31.771655 [info ] [MainThread]:   dataproc_batch: None
[0m17:24:31.771923 [info ] [MainThread]: Registered adapter: bigquery=1.12.1
[0m17:24:31.816472 [debug] [MainThread]: Acquiring new bigquery connection 'debug'
[0m17:24:31.816807 [debug] [MainThread]: On debug: select 1 as id
[0m17:24:31.817035 [debug] [MainThread]: Opening a new connection, currently in state init
[0m17:24:41.924091 [debug] [MainThread]: BigQuery adapter: https://console.cloud.google.com/bigquery?project=ringed-griffin-509403-b4&j=bq:US:75d0b2c6-afe2-4a24-a9fb-38223e9776b1&page=queryresults
[0m17:24:42.334280 [debug] [MainThread]: SQL status: OK in 0.409 seconds
[0m17:24:42.849254 [info ] [MainThread]:   Connection test: [[32mOK connection ok[0m]

[0m17:24:42.850523 [info ] [MainThread]: [32mAll checks passed![0m
[0m17:24:42.852294 [debug] [MainThread]: Resource report: {"command_name": "debug", "command_success": true, "command_wall_clock_time": 12.06868, "process_in_blocks": "242128", "process_kernel_time": 0.254292, "process_mem_max_rss": "256784", "process_out_blocks": "16", "process_user_time": 2.555431}
[0m17:24:42.853162 [debug] [MainThread]: Command `dbt debug` succeeded at 17:24:42.852976 after 12.07 seconds
[0m17:24:42.853716 [debug] [MainThread]: Connection 'debug' was properly closed.
[0m17:24:42.854378 [debug] [MainThread]: Sending event: {'category': 'dbt', 'action': 'invocation', 'label': 'end', 'context': [<snowplow_tracker.self_describing_json.SelfDescribingJson object at 0x7e3516c82fd0>, <snowplow_tracker.self_describing_json.SelfDescribingJson object at 0x7e3516a77530>, <snowplow_tracker.self_describing_json.SelfDescribingJson object at 0x7e3516bf7df0>]}
[0m17:24:42.855136 [debug] [MainThread]: Flushing usage events
[0m17:24:43.849378 [debug] [MainThread]: An error was encountered while trying to flush usage events
[0m17:24:52.485037 [debug] [MainThread]: Sending event: {'category': 'dbt', 'action': 'invocation', 'label': 'start', 'context': [<snowplow_tracker.self_describing_json.SelfDescribingJson object at 0x7b8878c827b0>, <snowplow_tracker.self_describing_json.SelfDescribingJson object at 0x7b887aaa4f50>, <snowplow_tracker.self_describing_json.SelfDescribingJson object at 0x7b8877507890>]}


============================== 17:24:52.487171 | 1d6a52b8-5ee0-499f-90bd-d14d4e4592b7 ==============================
[0m17:24:52.487171 [info ] [MainThread]: Running with dbt=1.12.5
[0m17:24:52.487496 [debug] [MainThread]: running dbt with arguments {'printer_width': '80', 'write_json': 'True', 'target_path': 'None', 'profiles_dir': '/home/jenho/Proj 2 - Property Transaction V1/2a_data_warehouse', 'send_anonymous_usage_stats': 'True', 'partial_parse': 'True', 'maximum_seed_size_mib': '1', 'indirect_selection': 'eager', 'use_colors': 'True', 'warn_error': 'None', 'log_format': 'default', 'log_path': '/home/jenho/Proj 2 - Property Transaction V1/2a_data_warehouse/logs', 'cache_selected_only': 'False', 'no_print': 'None', 'quiet': 'False', 'static_parser': 'True', 'debug': 'False', 'introspect': 'True', 'log_cache_events': 'False', 'use_experimental_parser': 'False', 'version_check': 'True', 'fail_fast': 'False', 'hints_enabled': 'True', 'invocation_command': 'dbt test', 'warn_error_options': 'WarnErrorOptionsV2(error=[], warn=[], silence=[])', 'empty': 'None'}
[0m17:24:52.981024 [debug] [MainThread]: Sending event: {'category': 'dbt', 'action': 'project_id', 'label': '1d6a52b8-5ee0-499f-90bd-d14d4e4592b7', 'context': [<snowplow_tracker.self_describing_json.SelfDescribingJson object at 0x7b883db9a3f0>]}
[0m17:24:53.016118 [debug] [MainThread]: Sending event: {'category': 'dbt', 'action': 'adapter_info', 'label': '1d6a52b8-5ee0-499f-90bd-d14d4e4592b7', 'context': [<snowplow_tracker.self_describing_json.SelfDescribingJson object at 0x7b887ac578a0>]}
[0m17:24:53.016746 [info ] [MainThread]: Registered adapter: bigquery=1.12.1
[0m17:24:53.061645 [debug] [MainThread]: checksum: 9742bae524cb133816d56fa13025eeafb4819ed2acf766351b6099479fe392d2, vars: {}, profile: property_transaction_warehouse, target: dev, version: 1.12.5
[0m17:24:53.181732 [debug] [MainThread]: Partial parsing enabled: 0 files deleted, 0 files added, 0 files changed.
[0m17:24:53.182082 [debug] [MainThread]: Nothing changed, skipping partial parsing.
[0m17:24:53.182238 [debug] [MainThread]: Partial parsing enabled, no changes found, skipping parsing
[0m17:24:53.187644 [debug] [MainThread]: Sending event: {'category': 'dbt', 'action': 'load_project', 'label': '1d6a52b8-5ee0-499f-90bd-d14d4e4592b7', 'context': [<snowplow_tracker.self_describing_json.SelfDescribingJson object at 0x7b883d475650>]}
[0m17:24:53.254911 [debug] [MainThread]: Wrote artifact WritableManifest to /home/jenho/Proj 2 - Property Transaction V1/2a_data_warehouse/target/manifest.json
[0m17:24:53.258436 [debug] [MainThread]: Wrote artifact SemanticManifest to /home/jenho/Proj 2 - Property Transaction V1/2a_data_warehouse/target/semantic_manifest.json
[0m17:24:53.273552 [debug] [MainThread]: Wrote artifact OsiDocument to /home/jenho/Proj 2 - Property Transaction V1/2a_data_warehouse/target/osi_document.json
[0m17:24:53.288704 [debug] [MainThread]: Sending event: {'category': 'dbt', 'action': 'resource_counts', 'label': '1d6a52b8-5ee0-499f-90bd-d14d4e4592b7', 'context': [<snowplow_tracker.self_describing_json.SelfDescribingJson object at 0x7b883d3bab70>]}
[0m17:24:53.289057 [info ] [MainThread]: Found 5 models, 13 data tests, 1 source, 561 macros
[0m17:24:53.289263 [debug] [MainThread]: Sending event: {'category': 'dbt', 'action': 'runnable_timing', 'label': '1d6a52b8-5ee0-499f-90bd-d14d4e4592b7', 'context': [<snowplow_tracker.self_describing_json.SelfDescribingJson object at 0x7b883d3f6a50>]}
[0m17:24:53.291168 [info ] [MainThread]: 
[0m17:24:53.291536 [info ] [MainThread]: Concurrency: 4 threads (target='dev')
[0m17:24:53.291708 [info ] [MainThread]: 
[0m17:24:53.292253 [debug] [MainThread]: Acquiring new bigquery connection 'master'
[0m17:24:53.294773 [debug] [ThreadPool]: Acquiring new bigquery connection 'list_ringed-griffin-509403-b4_propery_trans1'
[0m17:24:53.295070 [debug] [ThreadPool]: Opening a new connection, currently in state init
[0m17:25:03.929660 [debug] [MainThread]: Sending event: {'category': 'dbt', 'action': 'runnable_timing', 'label': '1d6a52b8-5ee0-499f-90bd-d14d4e4592b7', 'context': [<snowplow_tracker.self_describing_json.SelfDescribingJson object at 0x7b887738e4e0>]}
[0m17:25:03.930792 [debug] [MainThread]: Opening a new connection, currently in state init
[0m17:25:03.944516 [debug] [Thread-1 (]: Began running node test.property_transaction_warehouse.not_null_dim_date_date_key.881d0a31b6
[0m17:25:03.945529 [info ] [Thread-1 (]: 1 of 13 START test not_null_dim_date_date_key .................................. [RUN]
[0m17:25:03.946454 [debug] [Thread-1 (]: Re-using an available connection from the pool (formerly list_ringed-griffin-509403-b4_propery_trans1, now test.property_transaction_warehouse.not_null_dim_date_date_key.881d0a31b6)
[0m17:25:03.948728 [debug] [Thread-1 (]: Began compiling node test.property_transaction_warehouse.not_null_dim_date_date_key.881d0a31b6
[0m17:25:03.947129 [debug] [Thread-4 (]: Began running node test.property_transaction_warehouse.not_null_dim_project_project_key.5cfc354fab
[0m17:25:03.954903 [info ] [Thread-4 (]: 4 of 13 START test not_null_dim_project_project_key ............................ [RUN]
[0m17:25:03.961511 [debug] [Thread-4 (]: Acquiring new bigquery connection 'test.property_transaction_warehouse.not_null_dim_project_project_key.5cfc354fab'
[0m17:25:03.962226 [debug] [Thread-4 (]: Began compiling node test.property_transaction_warehouse.not_null_dim_project_project_key.5cfc354fab
[0m17:25:03.967707 [debug] [Thread-2 (]: Began running node test.property_transaction_warehouse.not_null_dim_date_full_date.598d7b137c
[0m17:25:03.948091 [debug] [Thread-3 (]: Began running node test.property_transaction_warehouse.not_null_dim_location_location_key.c1a2c0b86c
[0m17:25:03.977911 [info ] [Thread-3 (]: 3 of 13 START test not_null_dim_location_location_key .......................... [RUN]
[0m17:25:03.978259 [debug] [Thread-3 (]: Acquiring new bigquery connection 'test.property_transaction_warehouse.not_null_dim_location_location_key.c1a2c0b86c'
[0m17:25:03.977226 [debug] [Thread-1 (]: Writing injected SQL for node "test.property_transaction_warehouse.not_null_dim_date_date_key.881d0a31b6"
[0m17:25:03.977580 [info ] [Thread-2 (]: 2 of 13 START test not_null_dim_date_full_date ................................. [RUN]
[0m17:25:03.979311 [debug] [Thread-2 (]: Acquiring new bigquery connection 'test.property_transaction_warehouse.not_null_dim_date_full_date.598d7b137c'
[0m17:25:03.979653 [debug] [Thread-2 (]: Began compiling node test.property_transaction_warehouse.not_null_dim_date_full_date.598d7b137c
[0m17:25:03.978594 [debug] [Thread-4 (]: Writing injected SQL for node "test.property_transaction_warehouse.not_null_dim_project_project_key.5cfc354fab"
[0m17:25:03.978882 [debug] [Thread-3 (]: Began compiling node test.property_transaction_warehouse.not_null_dim_location_location_key.c1a2c0b86c
[0m17:25:03.987072 [debug] [Thread-3 (]: Writing injected SQL for node "test.property_transaction_warehouse.not_null_dim_location_location_key.c1a2c0b86c"
[0m17:25:03.983261 [debug] [Thread-1 (]: Began executing node test.property_transaction_warehouse.not_null_dim_date_date_key.881d0a31b6
[0m17:25:03.982837 [debug] [Thread-2 (]: Writing injected SQL for node "test.property_transaction_warehouse.not_null_dim_date_full_date.598d7b137c"
[0m17:25:03.987527 [debug] [Thread-4 (]: Began executing node test.property_transaction_warehouse.not_null_dim_project_project_key.5cfc354fab
[0m17:25:03.993107 [debug] [Thread-3 (]: Began executing node test.property_transaction_warehouse.not_null_dim_location_location_key.c1a2c0b86c
[0m17:25:03.998885 [debug] [Thread-2 (]: Began executing node test.property_transaction_warehouse.not_null_dim_date_full_date.598d7b137c
[0m17:25:04.001641 [debug] [Thread-1 (]: Writing runtime sql for node "test.property_transaction_warehouse.not_null_dim_date_date_key.881d0a31b6"
[0m17:25:04.002763 [debug] [Thread-4 (]: Writing runtime sql for node "test.property_transaction_warehouse.not_null_dim_project_project_key.5cfc354fab"
[0m17:25:04.003646 [debug] [Thread-3 (]: Writing runtime sql for node "test.property_transaction_warehouse.not_null_dim_location_location_key.c1a2c0b86c"
[0m17:25:04.005456 [debug] [Thread-4 (]: On test.property_transaction_warehouse.not_null_dim_project_project_key.5cfc354fab: /* {"app": "dbt", "dbt_version": "1.12.5", "profile_name": "property_transaction_warehouse", "target_name": "dev", "node_id": "test.property_transaction_warehouse.not_null_dim_project_project_key.5cfc354fab"} */

    
    select
      count(*) as failures,
      count(*) != 0 as should_warn,
      count(*) != 0 as should_error
    from (
      
    
  
    
    



select project_key
from `ringed-griffin-509403-b4`.`propery_trans1`.`dim_project`
where project_key is null



  
  
      
    ) dbt_internal_test
[0m17:25:04.005750 [debug] [Thread-4 (]: Opening a new connection, currently in state init
[0m17:25:04.005964 [debug] [Thread-1 (]: On test.property_transaction_warehouse.not_null_dim_date_date_key.881d0a31b6: /* {"app": "dbt", "dbt_version": "1.12.5", "profile_name": "property_transaction_warehouse", "target_name": "dev", "node_id": "test.property_transaction_warehouse.not_null_dim_date_date_key.881d0a31b6"} */

    
    select
      count(*) as failures,
      count(*) != 0 as should_warn,
      count(*) != 0 as should_error
    from (
      
    
  
    
    



select date_key
from `ringed-griffin-509403-b4`.`propery_trans1`.`dim_date`
where date_key is null



  
  
      
    ) dbt_internal_test
[0m17:25:04.004742 [debug] [Thread-2 (]: Writing runtime sql for node "test.property_transaction_warehouse.not_null_dim_date_full_date.598d7b137c"
[0m17:25:04.006333 [debug] [Thread-3 (]: On test.property_transaction_warehouse.not_null_dim_location_location_key.c1a2c0b86c: /* {"app": "dbt", "dbt_version": "1.12.5", "profile_name": "property_transaction_warehouse", "target_name": "dev", "node_id": "test.property_transaction_warehouse.not_null_dim_location_location_key.c1a2c0b86c"} */

    
    select
      count(*) as failures,
      count(*) != 0 as should_warn,
      count(*) != 0 as should_error
    from (
      
    
  
    
    



select location_key
from `ringed-griffin-509403-b4`.`propery_trans1`.`dim_location`
where location_key is null



  
  
      
    ) dbt_internal_test
[0m17:25:04.007993 [debug] [Thread-3 (]: Opening a new connection, currently in state init
[0m17:25:04.007499 [debug] [Thread-1 (]: Opening a new connection, currently in state closed
[0m17:25:04.009648 [debug] [Thread-2 (]: On test.property_transaction_warehouse.not_null_dim_date_full_date.598d7b137c: /* {"app": "dbt", "dbt_version": "1.12.5", "profile_name": "property_transaction_warehouse", "target_name": "dev", "node_id": "test.property_transaction_warehouse.not_null_dim_date_full_date.598d7b137c"} */

    
    select
      count(*) as failures,
      count(*) != 0 as should_warn,
      count(*) != 0 as should_error
    from (
      
    
  
    
    



select full_date
from `ringed-griffin-509403-b4`.`propery_trans1`.`dim_date`
where full_date is null



  
  
      
    ) dbt_internal_test
[0m17:25:04.009954 [debug] [Thread-2 (]: Opening a new connection, currently in state init
[0m17:25:04.547649 [debug] [Thread-1 (]: BigQuery adapter: https://console.cloud.google.com/bigquery?project=ringed-griffin-509403-b4&j=bq:US:28795c28-60fb-4383-9bce-e6ecc1e82e49&page=queryresults
[0m17:25:04.576226 [debug] [Thread-4 (]: BigQuery adapter: https://console.cloud.google.com/bigquery?project=ringed-griffin-509403-b4&j=bq:US:87ec75e4-71db-4301-8a35-53a978cb5bd8&page=queryresults
[0m17:25:04.626179 [debug] [Thread-2 (]: BigQuery adapter: https://console.cloud.google.com/bigquery?project=ringed-griffin-509403-b4&j=bq:US:34b27675-679c-4e40-bb3c-0453fcfed28b&page=queryresults
[0m17:25:04.654168 [debug] [Thread-3 (]: BigQuery adapter: https://console.cloud.google.com/bigquery?project=ringed-griffin-509403-b4&j=bq:US:f5d6f2d6-3e0f-4ed5-8a70-b4baea37cbc5&page=queryresults
[0m17:25:04.894516 [debug] [Thread-1 (]: SQL status: OK in 0.346 seconds
[0m17:25:04.915163 [debug] [Thread-4 (]: SQL status: OK in 0.338 seconds
[0m17:25:04.969206 [debug] [Thread-2 (]: SQL status: OK in 0.342 seconds
[0m17:25:05.003634 [debug] [Thread-3 (]: SQL status: OK in 0.349 seconds
[0m17:25:05.686602 [info ] [Thread-4 (]: 4 of 13 PASS not_null_dim_project_project_key .................................. [[32mPASS[0m in 1.73s]
[0m17:25:05.693955 [debug] [Thread-4 (]: Finished running node test.property_transaction_warehouse.not_null_dim_project_project_key.5cfc354fab
[0m17:25:05.695823 [debug] [Thread-4 (]: Began running node test.property_transaction_warehouse.not_null_fact_transaction_transaction_key.274831b9a6
[0m17:25:05.692124 [info ] [Thread-1 (]: 1 of 13 PASS not_null_dim_date_date_key ........................................ [[32mPASS[0m in 1.75s]
[0m17:25:05.698513 [debug] [Thread-1 (]: Finished running node test.property_transaction_warehouse.not_null_dim_date_date_key.881d0a31b6
[0m17:25:05.696793 [info ] [Thread-4 (]: 5 of 13 START test not_null_fact_transaction_transaction_key ................... [RUN]
[0m17:25:05.699982 [debug] [Thread-1 (]: Began running node test.property_transaction_warehouse.relationships_fact_transaction_location_key__location_key__ref_dim_location_.a942d8afdc
[0m17:25:05.702309 [debug] [Thread-4 (]: Re-using an available connection from the pool (formerly test.property_transaction_warehouse.not_null_dim_project_project_key.5cfc354fab, now test.property_transaction_warehouse.not_null_fact_transaction_transaction_key.274831b9a6)
[0m17:25:05.705956 [info ] [Thread-2 (]: 2 of 13 PASS not_null_dim_date_full_date ....................................... [[32mPASS[0m in 1.73s]
[0m17:25:05.708355 [debug] [Thread-2 (]: Finished running node test.property_transaction_warehouse.not_null_dim_date_full_date.598d7b137c
[0m17:25:05.708875 [debug] [Thread-2 (]: Began running node test.property_transaction_warehouse.relationships_fact_transaction_project_key__project_key__ref_dim_project_.a445602349
[0m17:25:05.706887 [info ] [Thread-1 (]: 6 of 13 START test relationships_fact_transaction_location_key__location_key__ref_dim_location_  [RUN]
[0m17:25:05.707603 [debug] [Thread-4 (]: Began compiling node test.property_transaction_warehouse.not_null_fact_transaction_transaction_key.274831b9a6
[0m17:25:05.709378 [info ] [Thread-2 (]: 7 of 13 START test relationships_fact_transaction_project_key__project_key__ref_dim_project_  [RUN]
[0m17:25:05.710118 [debug] [Thread-1 (]: Re-using an available connection from the pool (formerly test.property_transaction_warehouse.not_null_dim_date_date_key.881d0a31b6, now test.property_transaction_warehouse.relationships_fact_transaction_location_key__location_key__ref_dim_location_.a942d8afdc)
[0m17:25:05.715337 [debug] [Thread-1 (]: Began compiling node test.property_transaction_warehouse.relationships_fact_transaction_location_key__location_key__ref_dim_location_.a942d8afdc
[0m17:25:05.715012 [debug] [Thread-2 (]: Re-using an available connection from the pool (formerly test.property_transaction_warehouse.not_null_dim_date_full_date.598d7b137c, now test.property_transaction_warehouse.relationships_fact_transaction_project_key__project_key__ref_dim_project_.a445602349)
[0m17:25:05.714508 [debug] [Thread-4 (]: Writing injected SQL for node "test.property_transaction_warehouse.not_null_fact_transaction_transaction_key.274831b9a6"
[0m17:25:05.723049 [debug] [Thread-1 (]: Writing injected SQL for node "test.property_transaction_warehouse.relationships_fact_transaction_location_key__location_key__ref_dim_location_.a942d8afdc"
[0m17:25:05.723480 [debug] [Thread-2 (]: Began compiling node test.property_transaction_warehouse.relationships_fact_transaction_project_key__project_key__ref_dim_project_.a445602349
[0m17:25:05.730470 [debug] [Thread-2 (]: Writing injected SQL for node "test.property_transaction_warehouse.relationships_fact_transaction_project_key__project_key__ref_dim_project_.a445602349"
[0m17:25:05.730943 [debug] [Thread-1 (]: Began executing node test.property_transaction_warehouse.relationships_fact_transaction_location_key__location_key__ref_dim_location_.a942d8afdc
[0m17:25:05.732066 [debug] [Thread-1 (]: Writing runtime sql for node "test.property_transaction_warehouse.relationships_fact_transaction_location_key__location_key__ref_dim_location_.a942d8afdc"
[0m17:25:05.732368 [debug] [Thread-4 (]: Began executing node test.property_transaction_warehouse.not_null_fact_transaction_transaction_key.274831b9a6
[0m17:25:05.733278 [debug] [Thread-4 (]: Writing runtime sql for node "test.property_transaction_warehouse.not_null_fact_transaction_transaction_key.274831b9a6"
[0m17:25:05.733785 [debug] [Thread-2 (]: Began executing node test.property_transaction_warehouse.relationships_fact_transaction_project_key__project_key__ref_dim_project_.a445602349
[0m17:25:05.734535 [debug] [Thread-2 (]: Writing runtime sql for node "test.property_transaction_warehouse.relationships_fact_transaction_project_key__project_key__ref_dim_project_.a445602349"
[0m17:25:05.734954 [debug] [Thread-1 (]: On test.property_transaction_warehouse.relationships_fact_transaction_location_key__location_key__ref_dim_location_.a942d8afdc: /* {"app": "dbt", "dbt_version": "1.12.5", "profile_name": "property_transaction_warehouse", "target_name": "dev", "node_id": "test.property_transaction_warehouse.relationships_fact_transaction_location_key__location_key__ref_dim_location_.a942d8afdc"} */

    
    select
      count(*) as failures,
      count(*) != 0 as should_warn,
      count(*) != 0 as should_error
    from (
      
    
  
    
    

with child as (
    select location_key as from_field
    from `ringed-griffin-509403-b4`.`propery_trans1`.`fact_transaction`
    where location_key is not null
),

parent as (
    select location_key as to_field
    from `ringed-griffin-509403-b4`.`propery_trans1`.`dim_location`
)

select
    from_field

from child
left join parent
    on child.from_field = parent.to_field

where parent.to_field is null



  
  
      
    ) dbt_internal_test
[0m17:25:05.735248 [debug] [Thread-1 (]: Opening a new connection, currently in state closed
[0m17:25:05.736487 [debug] [Thread-2 (]: On test.property_transaction_warehouse.relationships_fact_transaction_project_key__project_key__ref_dim_project_.a445602349: /* {"app": "dbt", "dbt_version": "1.12.5", "profile_name": "property_transaction_warehouse", "target_name": "dev", "node_id": "test.property_transaction_warehouse.relationships_fact_transaction_project_key__project_key__ref_dim_project_.a445602349"} */

    
    select
      count(*) as failures,
      count(*) != 0 as should_warn,
      count(*) != 0 as should_error
    from (
      
    
  
    
    

with child as (
    select project_key as from_field
    from `ringed-griffin-509403-b4`.`propery_trans1`.`fact_transaction`
    where project_key is not null
),

parent as (
    select project_key as to_field
    from `ringed-griffin-509403-b4`.`propery_trans1`.`dim_project`
)

select
    from_field

from child
left join parent
    on child.from_field = parent.to_field

where parent.to_field is null



  
  
      
    ) dbt_internal_test
[0m17:25:05.737098 [debug] [Thread-2 (]: Opening a new connection, currently in state closed
[0m17:25:05.738701 [debug] [Thread-4 (]: On test.property_transaction_warehouse.not_null_fact_transaction_transaction_key.274831b9a6: /* {"app": "dbt", "dbt_version": "1.12.5", "profile_name": "property_transaction_warehouse", "target_name": "dev", "node_id": "test.property_transaction_warehouse.not_null_fact_transaction_transaction_key.274831b9a6"} */

    
    select
      count(*) as failures,
      count(*) != 0 as should_warn,
      count(*) != 0 as should_error
    from (
      
    
  
    
    



select transaction_key
from `ringed-griffin-509403-b4`.`propery_trans1`.`fact_transaction`
where transaction_key is null



  
  
      
    ) dbt_internal_test
[0m17:25:05.738965 [debug] [Thread-4 (]: Opening a new connection, currently in state closed
[0m17:25:06.294579 [debug] [Thread-1 (]: BigQuery adapter: https://console.cloud.google.com/bigquery?project=ringed-griffin-509403-b4&j=bq:US:f02fbdc1-226e-4c00-baf9-9b8635918df5&page=queryresults
[0m17:25:06.302740 [debug] [Thread-4 (]: BigQuery adapter: https://console.cloud.google.com/bigquery?project=ringed-griffin-509403-b4&j=bq:US:9a35a1dd-4a20-47b9-a8de-85a2ae8ac774&page=queryresults
[0m17:25:06.621419 [debug] [Thread-1 (]: SQL status: OK in 0.325 seconds
[0m17:25:06.634417 [debug] [Thread-4 (]: SQL status: OK in 0.331 seconds
[0m17:25:07.290128 [debug] [Thread-2 (]: BigQuery adapter: https://console.cloud.google.com/bigquery?project=ringed-griffin-509403-b4&j=bq:US:7cff8141-f668-4e4c-bca2-bfd94de5beb3&page=queryresults
[0m17:25:07.306368 [info ] [Thread-4 (]: 5 of 13 PASS not_null_fact_transaction_transaction_key ......................... [[32mPASS[0m in 1.60s]
[0m17:25:07.308642 [debug] [Thread-4 (]: Finished running node test.property_transaction_warehouse.not_null_fact_transaction_transaction_key.274831b9a6
[0m17:25:07.309972 [debug] [Thread-4 (]: Began running node test.property_transaction_warehouse.relationships_fact_transaction_sale_date_key__date_key__ref_dim_date_.1eb5b32c1c
[0m17:25:07.310740 [info ] [Thread-4 (]: 8 of 13 START test relationships_fact_transaction_sale_date_key__date_key__ref_dim_date_  [RUN]
[0m17:25:07.311589 [debug] [Thread-4 (]: Re-using an available connection from the pool (formerly test.property_transaction_warehouse.not_null_fact_transaction_transaction_key.274831b9a6, now test.property_transaction_warehouse.relationships_fact_transaction_sale_date_key__date_key__ref_dim_date_.1eb5b32c1c)
[0m17:25:07.312211 [debug] [Thread-4 (]: Began compiling node test.property_transaction_warehouse.relationships_fact_transaction_sale_date_key__date_key__ref_dim_date_.1eb5b32c1c
[0m17:25:07.332162 [debug] [Thread-4 (]: Writing injected SQL for node "test.property_transaction_warehouse.relationships_fact_transaction_sale_date_key__date_key__ref_dim_date_.1eb5b32c1c"
[0m17:25:07.332688 [debug] [Thread-4 (]: Began executing node test.property_transaction_warehouse.relationships_fact_transaction_sale_date_key__date_key__ref_dim_date_.1eb5b32c1c
[0m17:25:07.333706 [debug] [Thread-4 (]: Writing runtime sql for node "test.property_transaction_warehouse.relationships_fact_transaction_sale_date_key__date_key__ref_dim_date_.1eb5b32c1c"
[0m17:25:07.334020 [debug] [Thread-4 (]: On test.property_transaction_warehouse.relationships_fact_transaction_sale_date_key__date_key__ref_dim_date_.1eb5b32c1c: /* {"app": "dbt", "dbt_version": "1.12.5", "profile_name": "property_transaction_warehouse", "target_name": "dev", "node_id": "test.property_transaction_warehouse.relationships_fact_transaction_sale_date_key__date_key__ref_dim_date_.1eb5b32c1c"} */

    
    select
      count(*) as failures,
      count(*) != 0 as should_warn,
      count(*) != 0 as should_error
    from (
      
    
  
    
    

with child as (
    select sale_date_key as from_field
    from `ringed-griffin-509403-b4`.`propery_trans1`.`fact_transaction`
    where sale_date_key is not null
),

parent as (
    select date_key as to_field
    from `ringed-griffin-509403-b4`.`propery_trans1`.`dim_date`
)

select
    from_field

from child
left join parent
    on child.from_field = parent.to_field

where parent.to_field is null



  
  
      
    ) dbt_internal_test
[0m17:25:07.334259 [debug] [Thread-4 (]: Opening a new connection, currently in state closed
[0m17:25:07.340097 [info ] [Thread-1 (]: 6 of 13 PASS relationships_fact_transaction_location_key__location_key__ref_dim_location_  [[32mPASS[0m in 1.63s]
[0m17:25:07.340536 [debug] [Thread-1 (]: Finished running node test.property_transaction_warehouse.relationships_fact_transaction_location_key__location_key__ref_dim_location_.a942d8afdc
[0m17:25:07.340772 [debug] [Thread-1 (]: Began running node test.property_transaction_warehouse.unique_dim_date_date_key.0869fd48f9
[0m17:25:07.340974 [info ] [Thread-1 (]: 9 of 13 START test unique_dim_date_date_key .................................... [RUN]
[0m17:25:07.341225 [debug] [Thread-1 (]: Re-using an available connection from the pool (formerly test.property_transaction_warehouse.relationships_fact_transaction_location_key__location_key__ref_dim_location_.a942d8afdc, now test.property_transaction_warehouse.unique_dim_date_date_key.0869fd48f9)
[0m17:25:07.341655 [debug] [Thread-1 (]: Began compiling node test.property_transaction_warehouse.unique_dim_date_date_key.0869fd48f9
[0m17:25:07.346458 [debug] [Thread-1 (]: Writing injected SQL for node "test.property_transaction_warehouse.unique_dim_date_date_key.0869fd48f9"
[0m17:25:07.347119 [debug] [Thread-1 (]: Began executing node test.property_transaction_warehouse.unique_dim_date_date_key.0869fd48f9
[0m17:25:07.348090 [debug] [Thread-1 (]: Writing runtime sql for node "test.property_transaction_warehouse.unique_dim_date_date_key.0869fd48f9"
[0m17:25:07.348417 [debug] [Thread-1 (]: On test.property_transaction_warehouse.unique_dim_date_date_key.0869fd48f9: /* {"app": "dbt", "dbt_version": "1.12.5", "profile_name": "property_transaction_warehouse", "target_name": "dev", "node_id": "test.property_transaction_warehouse.unique_dim_date_date_key.0869fd48f9"} */

    
    select
      count(*) as failures,
      count(*) != 0 as should_warn,
      count(*) != 0 as should_error
    from (
      
    
  
    
    

with dbt_test__target as (

  select date_key as unique_field
  from `ringed-griffin-509403-b4`.`propery_trans1`.`dim_date`
  where date_key is not null

)

select
    unique_field,
    count(*) as n_records

from dbt_test__target
group by unique_field
having count(*) > 1



  
  
      
    ) dbt_internal_test
[0m17:25:07.348706 [debug] [Thread-1 (]: Opening a new connection, currently in state closed
[0m17:25:07.643263 [debug] [Thread-2 (]: SQL status: OK in 0.352 seconds
[0m17:25:07.952489 [debug] [Thread-1 (]: BigQuery adapter: https://console.cloud.google.com/bigquery?project=ringed-griffin-509403-b4&j=bq:US:b37b381a-29c6-47be-b0c6-bb9615c9915a&page=queryresults
[0m17:25:07.957664 [debug] [Thread-4 (]: BigQuery adapter: https://console.cloud.google.com/bigquery?project=ringed-griffin-509403-b4&j=bq:US:342e3bdd-2ca4-448b-a50c-8ee391f3dc30&page=queryresults
[0m17:25:08.094817 [info ] [Thread-3 (]: 3 of 13 PASS not_null_dim_location_location_key ................................ [[32mPASS[0m in 4.12s]
[0m17:25:08.096535 [debug] [Thread-3 (]: Finished running node test.property_transaction_warehouse.not_null_dim_location_location_key.c1a2c0b86c
[0m17:25:08.097461 [debug] [Thread-3 (]: Began running node test.property_transaction_warehouse.unique_dim_date_full_date.fd8739c008
[0m17:25:08.098148 [info ] [Thread-3 (]: 10 of 13 START test unique_dim_date_full_date .................................. [RUN]
[0m17:25:08.099571 [debug] [Thread-3 (]: Re-using an available connection from the pool (formerly test.property_transaction_warehouse.not_null_dim_location_location_key.c1a2c0b86c, now test.property_transaction_warehouse.unique_dim_date_full_date.fd8739c008)
[0m17:25:08.100745 [debug] [Thread-3 (]: Began compiling node test.property_transaction_warehouse.unique_dim_date_full_date.fd8739c008
[0m17:25:08.112253 [debug] [Thread-3 (]: Writing injected SQL for node "test.property_transaction_warehouse.unique_dim_date_full_date.fd8739c008"
[0m17:25:08.112810 [debug] [Thread-3 (]: Began executing node test.property_transaction_warehouse.unique_dim_date_full_date.fd8739c008
[0m17:25:08.113822 [debug] [Thread-3 (]: Writing runtime sql for node "test.property_transaction_warehouse.unique_dim_date_full_date.fd8739c008"
[0m17:25:08.114170 [debug] [Thread-3 (]: On test.property_transaction_warehouse.unique_dim_date_full_date.fd8739c008: /* {"app": "dbt", "dbt_version": "1.12.5", "profile_name": "property_transaction_warehouse", "target_name": "dev", "node_id": "test.property_transaction_warehouse.unique_dim_date_full_date.fd8739c008"} */

    
    select
      count(*) as failures,
      count(*) != 0 as should_warn,
      count(*) != 0 as should_error
    from (
      
    
  
    
    

with dbt_test__target as (

  select full_date as unique_field
  from `ringed-griffin-509403-b4`.`propery_trans1`.`dim_date`
  where full_date is not null

)

select
    unique_field,
    count(*) as n_records

from dbt_test__target
group by unique_field
having count(*) > 1



  
  
      
    ) dbt_internal_test
[0m17:25:08.114413 [debug] [Thread-3 (]: Opening a new connection, currently in state closed
[0m17:25:08.273954 [debug] [Thread-1 (]: SQL status: OK in 0.320 seconds
[0m17:25:08.343476 [info ] [Thread-2 (]: 7 of 13 PASS relationships_fact_transaction_project_key__project_key__ref_dim_project_  [[32mPASS[0m in 2.63s]
[0m17:25:08.345526 [debug] [Thread-2 (]: Finished running node test.property_transaction_warehouse.relationships_fact_transaction_project_key__project_key__ref_dim_project_.a445602349
[0m17:25:08.346473 [debug] [Thread-2 (]: Began running node test.property_transaction_warehouse.unique_dim_location_location_key.b5757d64b6
[0m17:25:08.347793 [info ] [Thread-2 (]: 11 of 13 START test unique_dim_location_location_key ........................... [RUN]
[0m17:25:08.351391 [debug] [Thread-2 (]: Re-using an available connection from the pool (formerly test.property_transaction_warehouse.relationships_fact_transaction_project_key__project_key__ref_dim_project_.a445602349, now test.property_transaction_warehouse.unique_dim_location_location_key.b5757d64b6)
[0m17:25:08.350265 [debug] [Thread-4 (]: SQL status: OK in 0.392 seconds
[0m17:25:08.352591 [debug] [Thread-2 (]: Began compiling node test.property_transaction_warehouse.unique_dim_location_location_key.b5757d64b6
[0m17:25:08.365476 [debug] [Thread-2 (]: Writing injected SQL for node "test.property_transaction_warehouse.unique_dim_location_location_key.b5757d64b6"
[0m17:25:08.366010 [debug] [Thread-2 (]: Began executing node test.property_transaction_warehouse.unique_dim_location_location_key.b5757d64b6
[0m17:25:08.366998 [debug] [Thread-2 (]: Writing runtime sql for node "test.property_transaction_warehouse.unique_dim_location_location_key.b5757d64b6"
[0m17:25:08.367313 [debug] [Thread-2 (]: On test.property_transaction_warehouse.unique_dim_location_location_key.b5757d64b6: /* {"app": "dbt", "dbt_version": "1.12.5", "profile_name": "property_transaction_warehouse", "target_name": "dev", "node_id": "test.property_transaction_warehouse.unique_dim_location_location_key.b5757d64b6"} */

    
    select
      count(*) as failures,
      count(*) != 0 as should_warn,
      count(*) != 0 as should_error
    from (
      
    
  
    
    

with dbt_test__target as (

  select location_key as unique_field
  from `ringed-griffin-509403-b4`.`propery_trans1`.`dim_location`
  where location_key is not null

)

select
    unique_field,
    count(*) as n_records

from dbt_test__target
group by unique_field
having count(*) > 1



  
  
      
    ) dbt_internal_test
[0m17:25:08.367600 [debug] [Thread-2 (]: Opening a new connection, currently in state closed
[0m17:25:08.745433 [debug] [Thread-3 (]: BigQuery adapter: https://console.cloud.google.com/bigquery?project=ringed-griffin-509403-b4&j=bq:US:264a4f88-126a-4519-aeba-ca4be5d959dc&page=queryresults
[0m17:25:08.996552 [debug] [Thread-2 (]: BigQuery adapter: https://console.cloud.google.com/bigquery?project=ringed-griffin-509403-b4&j=bq:US:994d8faf-8e04-49d3-92bf-96ab3751e480&page=queryresults
[0m17:25:09.086773 [debug] [Thread-3 (]: SQL status: OK in 0.340 seconds
[0m17:25:09.149978 [info ] [Thread-4 (]: 8 of 13 PASS relationships_fact_transaction_sale_date_key__date_key__ref_dim_date_  [[32mPASS[0m in 1.84s]
[0m17:25:09.151661 [debug] [Thread-4 (]: Finished running node test.property_transaction_warehouse.relationships_fact_transaction_sale_date_key__date_key__ref_dim_date_.1eb5b32c1c
[0m17:25:09.152553 [debug] [Thread-4 (]: Began running node test.property_transaction_warehouse.unique_dim_project_project_key.793b35d8e1
[0m17:25:09.153190 [info ] [Thread-4 (]: 12 of 13 START test unique_dim_project_project_key ............................. [RUN]
[0m17:25:09.154100 [debug] [Thread-4 (]: Re-using an available connection from the pool (formerly test.property_transaction_warehouse.relationships_fact_transaction_sale_date_key__date_key__ref_dim_date_.1eb5b32c1c, now test.property_transaction_warehouse.unique_dim_project_project_key.793b35d8e1)
[0m17:25:09.154670 [debug] [Thread-4 (]: Began compiling node test.property_transaction_warehouse.unique_dim_project_project_key.793b35d8e1
[0m17:25:09.165307 [debug] [Thread-4 (]: Writing injected SQL for node "test.property_transaction_warehouse.unique_dim_project_project_key.793b35d8e1"
[0m17:25:09.165793 [debug] [Thread-4 (]: Began executing node test.property_transaction_warehouse.unique_dim_project_project_key.793b35d8e1
[0m17:25:09.166783 [debug] [Thread-4 (]: Writing runtime sql for node "test.property_transaction_warehouse.unique_dim_project_project_key.793b35d8e1"
[0m17:25:09.167113 [debug] [Thread-4 (]: On test.property_transaction_warehouse.unique_dim_project_project_key.793b35d8e1: /* {"app": "dbt", "dbt_version": "1.12.5", "profile_name": "property_transaction_warehouse", "target_name": "dev", "node_id": "test.property_transaction_warehouse.unique_dim_project_project_key.793b35d8e1"} */

    
    select
      count(*) as failures,
      count(*) != 0 as should_warn,
      count(*) != 0 as should_error
    from (
      
    
  
    
    

with dbt_test__target as (

  select project_key as unique_field
  from `ringed-griffin-509403-b4`.`propery_trans1`.`dim_project`
  where project_key is not null

)

select
    unique_field,
    count(*) as n_records

from dbt_test__target
group by unique_field
having count(*) > 1



  
  
      
    ) dbt_internal_test
[0m17:25:09.167382 [debug] [Thread-4 (]: Opening a new connection, currently in state closed
[0m17:25:09.210354 [info ] [Thread-1 (]: 9 of 13 PASS unique_dim_date_date_key .......................................... [[32mPASS[0m in 1.87s]
[0m17:25:09.211008 [debug] [Thread-1 (]: Finished running node test.property_transaction_warehouse.unique_dim_date_date_key.0869fd48f9
[0m17:25:09.211256 [debug] [Thread-1 (]: Began running node test.property_transaction_warehouse.unique_fact_transaction_transaction_key.2bf6393ada
[0m17:25:09.211471 [info ] [Thread-1 (]: 13 of 13 START test unique_fact_transaction_transaction_key .................... [RUN]
[0m17:25:09.211758 [debug] [Thread-1 (]: Re-using an available connection from the pool (formerly test.property_transaction_warehouse.unique_dim_date_date_key.0869fd48f9, now test.property_transaction_warehouse.unique_fact_transaction_transaction_key.2bf6393ada)
[0m17:25:09.211955 [debug] [Thread-1 (]: Began compiling node test.property_transaction_warehouse.unique_fact_transaction_transaction_key.2bf6393ada
[0m17:25:09.215674 [debug] [Thread-1 (]: Writing injected SQL for node "test.property_transaction_warehouse.unique_fact_transaction_transaction_key.2bf6393ada"
[0m17:25:09.216325 [debug] [Thread-1 (]: Began executing node test.property_transaction_warehouse.unique_fact_transaction_transaction_key.2bf6393ada
[0m17:25:09.217341 [debug] [Thread-1 (]: Writing runtime sql for node "test.property_transaction_warehouse.unique_fact_transaction_transaction_key.2bf6393ada"
[0m17:25:09.217764 [debug] [Thread-1 (]: On test.property_transaction_warehouse.unique_fact_transaction_transaction_key.2bf6393ada: /* {"app": "dbt", "dbt_version": "1.12.5", "profile_name": "property_transaction_warehouse", "target_name": "dev", "node_id": "test.property_transaction_warehouse.unique_fact_transaction_transaction_key.2bf6393ada"} */

    
    select
      count(*) as failures,
      count(*) != 0 as should_warn,
      count(*) != 0 as should_error
    from (
      
    
  
    
    

with dbt_test__target as (

  select transaction_key as unique_field
  from `ringed-griffin-509403-b4`.`propery_trans1`.`fact_transaction`
  where transaction_key is not null

)

select
    unique_field,
    count(*) as n_records

from dbt_test__target
group by unique_field
having count(*) > 1



  
  
      
    ) dbt_internal_test
[0m17:25:09.218053 [debug] [Thread-1 (]: Opening a new connection, currently in state closed
[0m17:25:09.316865 [debug] [Thread-2 (]: SQL status: OK in 0.319 seconds
[0m17:25:09.750111 [debug] [Thread-1 (]: BigQuery adapter: https://console.cloud.google.com/bigquery?project=ringed-griffin-509403-b4&j=bq:US:d7ea4a83-7322-4899-811c-ed9e1b2a04ba&page=queryresults
[0m17:25:09.795690 [debug] [Thread-4 (]: BigQuery adapter: https://console.cloud.google.com/bigquery?project=ringed-griffin-509403-b4&j=bq:US:e69dc9b8-4f2e-4415-ad2b-1e2f93a00ac7&page=queryresults
[0m17:25:09.829038 [info ] [Thread-3 (]: 10 of 13 PASS unique_dim_date_full_date ........................................ [[32mPASS[0m in 1.73s]
[0m17:25:09.830663 [debug] [Thread-3 (]: Finished running node test.property_transaction_warehouse.unique_dim_date_full_date.fd8739c008
[0m17:25:10.051121 [info ] [Thread-2 (]: 11 of 13 PASS unique_dim_location_location_key ................................. [[32mPASS[0m in 1.70s]
[0m17:25:10.052645 [debug] [Thread-2 (]: Finished running node test.property_transaction_warehouse.unique_dim_location_location_key.b5757d64b6
[0m17:25:10.091580 [debug] [Thread-1 (]: SQL status: OK in 0.340 seconds
[0m17:25:10.112076 [debug] [Thread-4 (]: SQL status: OK in 0.315 seconds
[0m17:25:10.792775 [info ] [Thread-1 (]: 13 of 13 PASS unique_fact_transaction_transaction_key .......................... [[32mPASS[0m in 1.58s]
[0m17:25:10.794445 [debug] [Thread-1 (]: Finished running node test.property_transaction_warehouse.unique_fact_transaction_transaction_key.2bf6393ada
[0m17:25:10.808679 [info ] [Thread-4 (]: 12 of 13 PASS unique_dim_project_project_key ................................... [[32mPASS[0m in 1.65s]
[0m17:25:10.810159 [debug] [Thread-4 (]: Finished running node test.property_transaction_warehouse.unique_dim_project_project_key.793b35d8e1
[0m17:25:10.815931 [debug] [MainThread]: Opening a new connection, currently in state closed
[0m17:25:10.817739 [debug] [MainThread]: Connection 'master' was properly closed.
[0m17:25:10.818427 [debug] [MainThread]: Connection 'test.property_transaction_warehouse.unique_fact_transaction_transaction_key.2bf6393ada' was properly closed.
[0m17:25:10.818925 [debug] [MainThread]: Connection 'test.property_transaction_warehouse.unique_dim_project_project_key.793b35d8e1' was properly closed.
[0m17:25:10.819380 [debug] [MainThread]: Connection 'test.property_transaction_warehouse.unique_dim_date_full_date.fd8739c008' was properly closed.
[0m17:25:10.819890 [debug] [MainThread]: Connection 'test.property_transaction_warehouse.unique_dim_location_location_key.b5757d64b6' was properly closed.
[0m17:25:10.820290 [info ] [MainThread]: 
[0m17:25:10.820505 [info ] [MainThread]: Finished running 13 data tests in 0 hours 0 minutes and 17.53 seconds (17.53s).
[0m17:25:10.821592 [debug] [MainThread]: Command end result
[0m17:25:10.839676 [debug] [MainThread]: Wrote artifact WritableManifest to /home/jenho/Proj 2 - Property Transaction V1/2a_data_warehouse/target/manifest.json
[0m17:25:10.841272 [debug] [MainThread]: Wrote artifact SemanticManifest to /home/jenho/Proj 2 - Property Transaction V1/2a_data_warehouse/target/semantic_manifest.json
[0m17:25:10.842525 [debug] [MainThread]: Wrote artifact OsiDocument to /home/jenho/Proj 2 - Property Transaction V1/2a_data_warehouse/target/osi_document.json
[0m17:25:10.847160 [debug] [MainThread]: Wrote artifact RunExecutionResult to /home/jenho/Proj 2 - Property Transaction V1/2a_data_warehouse/target/run_results.json
[0m17:25:10.847476 [info ] [MainThread]: 
[0m17:25:10.847823 [info ] [MainThread]: [32mCompleted successfully[0m
[0m17:25:10.848005 [info ] [MainThread]: 
[0m17:25:10.848184 [info ] [MainThread]: Done. PASS=13 WARN=0 ERROR=0 SKIP=0 NO-OP=0 REUSED=0 TOTAL=13
[0m17:25:10.848555 [debug] [MainThread]: Resource report: {"command_name": "test", "command_success": true, "command_wall_clock_time": 18.406824, "process_in_blocks": "5528", "process_kernel_time": 0.195797, "process_mem_max_rss": "271308", "process_out_blocks": "3240", "process_user_time": 3.157229}
[0m17:25:10.848805 [debug] [MainThread]: Command `dbt test` succeeded at 17:25:10.848750 after 18.41 seconds
[0m17:25:10.849014 [debug] [MainThread]: Sending event: {'category': 'dbt', 'action': 'invocation', 'label': 'end', 'context': [<snowplow_tracker.self_describing_json.SelfDescribingJson object at 0x7b883c16f1d0>, <snowplow_tracker.self_describing_json.SelfDescribingJson object at 0x7b883d2a9f40>, <snowplow_tracker.self_describing_json.SelfDescribingJson object at 0x7b883d2a9bd0>]}
[0m17:25:10.849226 [debug] [MainThread]: Flushing usage events
[0m17:25:11.841597 [debug] [MainThread]: An error was encountered while trying to flush usage events
[0m17:25:18.465173 [debug] [MainThread]: Sending event: {'category': 'dbt', 'action': 'invocation', 'label': 'start', 'context': [<snowplow_tracker.self_describing_json.SelfDescribingJson object at 0x77f8ead827b0>, <snowplow_tracker.self_describing_json.SelfDescribingJson object at 0x77f8ecb9cf50>, <snowplow_tracker.self_describing_json.SelfDescribingJson object at 0x77f8e960b890>]}


============================== 17:25:18.467414 | c891161d-3a01-4307-af70-d13fd05a9d6b ==============================
[0m17:25:18.467414 [info ] [MainThread]: Running with dbt=1.12.5
[0m17:25:18.467736 [debug] [MainThread]: running dbt with arguments {'partial_parse': 'True', 'warn_error': 'None', 'warn_error_options': 'WarnErrorOptionsV2(error=[], warn=[], silence=[])', 'use_colors': 'True', 'maximum_seed_size_mib': '1', 'empty': 'False', 'invocation_command': 'dbt run', 'write_json': 'True', 'log_cache_events': 'False', 'cache_selected_only': 'False', 'fail_fast': 'False', 'quiet': 'False', 'debug': 'False', 'printer_width': '80', 'no_print': 'None', 'introspect': 'True', 'indirect_selection': 'eager', 'use_experimental_parser': 'False', 'target_path': 'None', 'log_format': 'default', 'log_path': '/home/jenho/Proj 2 - Property Transaction V1/2a_data_warehouse/logs', 'version_check': 'True', 'static_parser': 'True', 'send_anonymous_usage_stats': 'True', 'hints_enabled': 'True', 'profiles_dir': '/home/jenho/Proj 2 - Property Transaction V1/2a_data_warehouse'}
[0m17:25:18.929180 [debug] [MainThread]: Sending event: {'category': 'dbt', 'action': 'project_id', 'label': 'c891161d-3a01-4307-af70-d13fd05a9d6b', 'context': [<snowplow_tracker.self_describing_json.SelfDescribingJson object at 0x77f8afcc23f0>]}
[0m17:25:18.965157 [debug] [MainThread]: Sending event: {'category': 'dbt', 'action': 'adapter_info', 'label': 'c891161d-3a01-4307-af70-d13fd05a9d6b', 'context': [<snowplow_tracker.self_describing_json.SelfDescribingJson object at 0x77f8ecd578a0>]}
[0m17:25:18.965820 [info ] [MainThread]: Registered adapter: bigquery=1.12.1
[0m17:25:19.006134 [debug] [MainThread]: checksum: 9742bae524cb133816d56fa13025eeafb4819ed2acf766351b6099479fe392d2, vars: {}, profile: property_transaction_warehouse, target: dev, version: 1.12.5
[0m17:25:19.075822 [debug] [MainThread]: Partial parsing enabled: 0 files deleted, 0 files added, 0 files changed.
[0m17:25:19.076145 [debug] [MainThread]: Nothing changed, skipping partial parsing.
[0m17:25:19.076300 [debug] [MainThread]: Partial parsing enabled, no changes found, skipping parsing
[0m17:25:19.081341 [debug] [MainThread]: Sending event: {'category': 'dbt', 'action': 'load_project', 'label': 'c891161d-3a01-4307-af70-d13fd05a9d6b', 'context': [<snowplow_tracker.self_describing_json.SelfDescribingJson object at 0x77f8af599650>]}
[0m17:25:19.150164 [debug] [MainThread]: Wrote artifact WritableManifest to /home/jenho/Proj 2 - Property Transaction V1/2a_data_warehouse/target/manifest.json
[0m17:25:19.151729 [debug] [MainThread]: Wrote artifact SemanticManifest to /home/jenho/Proj 2 - Property Transaction V1/2a_data_warehouse/target/semantic_manifest.json
[0m17:25:19.158853 [debug] [MainThread]: Wrote artifact OsiDocument to /home/jenho/Proj 2 - Property Transaction V1/2a_data_warehouse/target/osi_document.json
[0m17:25:19.164303 [debug] [MainThread]: Sending event: {'category': 'dbt', 'action': 'resource_counts', 'label': 'c891161d-3a01-4307-af70-d13fd05a9d6b', 'context': [<snowplow_tracker.self_describing_json.SelfDescribingJson object at 0x77f8af4c8b90>]}
[0m17:25:19.164590 [info ] [MainThread]: Found 5 models, 13 data tests, 1 source, 561 macros
[0m17:25:19.164775 [debug] [MainThread]: Sending event: {'category': 'dbt', 'action': 'runnable_timing', 'label': 'c891161d-3a01-4307-af70-d13fd05a9d6b', 'context': [<snowplow_tracker.self_describing_json.SelfDescribingJson object at 0x77f8af4b66d0>]}
[0m17:25:19.166194 [info ] [MainThread]: 
[0m17:25:19.166417 [info ] [MainThread]: Concurrency: 4 threads (target='dev')
[0m17:25:19.166598 [info ] [MainThread]: 
[0m17:25:19.166946 [debug] [MainThread]: Acquiring new bigquery connection 'master'
[0m17:25:19.169266 [debug] [ThreadPool]: Acquiring new bigquery connection 'list_ringed-griffin-509403-b4'
[0m17:25:19.169477 [debug] [ThreadPool]: Opening a new connection, currently in state init
[0m17:25:29.803856 [debug] [ThreadPool]: Re-using an available connection from the pool (formerly list_ringed-griffin-509403-b4, now list_ringed-griffin-509403-b4_propery_trans1)
[0m17:25:29.805062 [debug] [ThreadPool]: Opening a new connection, currently in state closed
[0m17:25:30.538345 [debug] [MainThread]: Sending event: {'category': 'dbt', 'action': 'runnable_timing', 'label': 'c891161d-3a01-4307-af70-d13fd05a9d6b', 'context': [<snowplow_tracker.self_describing_json.SelfDescribingJson object at 0x77f8e94924e0>]}
[0m17:25:30.539673 [debug] [MainThread]: Opening a new connection, currently in state init
[0m17:25:30.547813 [debug] [Thread-1 (]: Began running node model.property_transaction_warehouse.stg_property_transactions
[0m17:25:30.548829 [info ] [Thread-1 (]: 1 of 5 START sql table model propery_trans1.stg_property_transactions .......... [RUN]
[0m17:25:30.549620 [debug] [Thread-1 (]: Re-using an available connection from the pool (formerly list_ringed-griffin-509403-b4_propery_trans1, now model.property_transaction_warehouse.stg_property_transactions)
[0m17:25:30.550171 [debug] [Thread-1 (]: Began compiling node model.property_transaction_warehouse.stg_property_transactions
[0m17:25:30.561342 [debug] [Thread-1 (]: Writing injected SQL for node "model.property_transaction_warehouse.stg_property_transactions"
[0m17:25:30.562298 [debug] [Thread-1 (]: Began executing node model.property_transaction_warehouse.stg_property_transactions
[0m17:25:30.571973 [debug] [Thread-1 (]: Opening a new connection, currently in state closed
[0m17:25:31.037541 [debug] [Thread-1 (]: Writing runtime sql for node "model.property_transaction_warehouse.stg_property_transactions"
[0m17:25:31.038155 [debug] [Thread-1 (]: On model.property_transaction_warehouse.stg_property_transactions: /* {"app": "dbt", "dbt_version": "1.12.5", "profile_name": "property_transaction_warehouse", "target_name": "dev", "node_id": "model.property_transaction_warehouse.stg_property_transactions"} */

  
    

    create or replace table `ringed-griffin-509403-b4`.`propery_trans1`.`stg_property_transactions`
      
    
    

    
    OPTIONS()
    as (
      WITH cleaned AS (
    SELECT
        NULLIF(REGEXP_REPLACE(UPPER(TRIM(project_name)), r'\s+', ' '), '') AS project_name,
        SAFE_CAST(REGEXP_REPLACE(NULLIF(TRIM(transacted_price), '-'), r'[^0-9.-]', '') AS NUMERIC) AS transacted_price,
        SAFE_CAST(REGEXP_REPLACE(NULLIF(TRIM(area_sqft), '-'), r'[^0-9.-]', '') AS NUMERIC) AS area_sqft,
        SAFE_CAST(REGEXP_REPLACE(NULLIF(TRIM(unit_price_psf), '-'), r'[^0-9.-]', '') AS NUMERIC) AS unit_price_psf,
        SAFE.PARSE_DATE('%d %b %Y', NULLIF(TRIM(sale_date), '')) AS sale_date,
        NULLIF(REGEXP_REPLACE(UPPER(TRIM(address)), r'\s+', ' '), '') AS address,
        NULLIF(UPPER(TRIM(type_of_sale)), '') AS type_of_sale,
        NULLIF(UPPER(TRIM(type_of_area)), '') AS type_of_area,
        SAFE_CAST(REGEXP_REPLACE(NULLIF(TRIM(area_sqm), '-'), r'[^0-9.-]', '') AS NUMERIC) AS area_sqm,
        SAFE_CAST(REGEXP_REPLACE(NULLIF(TRIM(unit_price_psm), '-'), r'[^0-9.-]', '') AS NUMERIC) AS unit_price_psm,
        SAFE_CAST(REGEXP_REPLACE(NULLIF(TRIM(nett_price), '-'), r'[^0-9.-]', '') AS NUMERIC) AS nett_price,
        NULLIF(UPPER(TRIM(property_type)), '') AS property_type,
        SAFE_CAST(NULLIF(TRIM(number_of_units), '-') AS INT64) AS number_of_units,
        NULLIF(UPPER(TRIM(tenure)), '') AS tenure,
        NULLIF(TRIM(completion_date), '') AS completion_date,
        NULLIF(UPPER(TRIM(purchaser_address_indicator)), '') AS purchaser_address_indicator,
        NULLIF(TRIM(postal_code), '') AS postal_code,
        NULLIF(TRIM(postal_district), '') AS postal_district,
        NULLIF(TRIM(postal_sector), '') AS postal_sector,
        NULLIF(UPPER(TRIM(planning_region)), '') AS planning_region,
        NULLIF(UPPER(TRIM(planning_area)), '') AS planning_area
    FROM `ringed-griffin-509403-b4`.`propery_trans1`.`raw_property_trans`
)
SELECT
    *,
    SAFE_CAST(IF(REGEXP_CONTAINS(completion_date, r'^\d{4}$'), completion_date, NULL) AS INT64) AS completion_year,
    CASE
        WHEN UPPER(completion_date) = 'UNCOMPLETED' THEN 'UNCOMPLETED'
        WHEN REGEXP_CONTAINS(completion_date, r'^\d{4}$') THEN 'COMPLETED'
        WHEN completion_date IS NULL THEN NULL
        ELSE 'UNKNOWN'
    END AS completion_status
FROM cleaned
    );
  
[0m17:25:31.663009 [debug] [Thread-1 (]: BigQuery adapter: https://console.cloud.google.com/bigquery?project=ringed-griffin-509403-b4&j=bq:US:344469d2-eda7-4d06-8162-177c4676c0eb&page=queryresults
[0m17:25:33.956285 [debug] [Thread-1 (]: SQL status: OK in 2.293 seconds
[0m17:25:34.384362 [debug] [Thread-1 (]: Sending event: {'category': 'dbt', 'action': 'run_model', 'label': 'c891161d-3a01-4307-af70-d13fd05a9d6b', 'context': [<snowplow_tracker.self_describing_json.SelfDescribingJson object at 0x77f8af351250>]}
[0m17:25:34.384950 [info ] [Thread-1 (]: 1 of 5 OK created sql table model propery_trans1.stg_property_transactions ..... [[32mCREATE TABLE (94.3k rows, 18.7 MiB processed)[0m in 3.83s]
[0m17:25:34.385292 [debug] [Thread-1 (]: Finished running node model.property_transaction_warehouse.stg_property_transactions
[0m17:25:34.386952 [debug] [Thread-2 (]: Began running node model.property_transaction_warehouse.dim_date
[0m17:25:34.387775 [info ] [Thread-2 (]: 2 of 5 START sql table model propery_trans1.dim_date ........................... [RUN]
[0m17:25:34.389723 [debug] [Thread-2 (]: Acquiring new bigquery connection 'model.property_transaction_warehouse.dim_date'
[0m17:25:34.388580 [debug] [Thread-4 (]: Began running node model.property_transaction_warehouse.dim_project
[0m17:25:34.392003 [info ] [Thread-4 (]: 4 of 5 START sql table model propery_trans1.dim_project ........................ [RUN]
[0m17:25:34.392791 [debug] [Thread-4 (]: Acquiring new bigquery connection 'model.property_transaction_warehouse.dim_project'
[0m17:25:34.390420 [debug] [Thread-2 (]: Began compiling node model.property_transaction_warehouse.dim_date
[0m17:25:34.395420 [debug] [Thread-2 (]: Writing injected SQL for node "model.property_transaction_warehouse.dim_date"
[0m17:25:34.391122 [debug] [Thread-3 (]: Began running node model.property_transaction_warehouse.dim_location
[0m17:25:34.393282 [debug] [Thread-4 (]: Began compiling node model.property_transaction_warehouse.dim_project
[0m17:25:34.397734 [debug] [Thread-4 (]: Writing injected SQL for node "model.property_transaction_warehouse.dim_project"
[0m17:25:34.396380 [info ] [Thread-3 (]: 3 of 5 START sql table model propery_trans1.dim_location ....................... [RUN]
[0m17:25:34.398197 [debug] [Thread-3 (]: Acquiring new bigquery connection 'model.property_transaction_warehouse.dim_location'
[0m17:25:34.398423 [debug] [Thread-3 (]: Began compiling node model.property_transaction_warehouse.dim_location
[0m17:25:34.399496 [debug] [Thread-3 (]: Writing injected SQL for node "model.property_transaction_warehouse.dim_location"
[0m17:25:34.395975 [debug] [Thread-2 (]: Began executing node model.property_transaction_warehouse.dim_date
[0m17:25:34.401039 [debug] [Thread-2 (]: Opening a new connection, currently in state init
[0m17:25:34.400052 [debug] [Thread-3 (]: Began executing node model.property_transaction_warehouse.dim_location
[0m17:25:34.401387 [debug] [Thread-4 (]: Began executing node model.property_transaction_warehouse.dim_project
[0m17:25:34.405397 [debug] [Thread-4 (]: Opening a new connection, currently in state init
[0m17:25:34.404695 [debug] [Thread-3 (]: Opening a new connection, currently in state init
[0m17:25:34.790646 [debug] [Thread-3 (]: Writing runtime sql for node "model.property_transaction_warehouse.dim_location"
[0m17:25:34.792762 [debug] [Thread-3 (]: On model.property_transaction_warehouse.dim_location: /* {"app": "dbt", "dbt_version": "1.12.5", "profile_name": "property_transaction_warehouse", "target_name": "dev", "node_id": "model.property_transaction_warehouse.dim_location"} */

  
    

    create or replace table `ringed-griffin-509403-b4`.`propery_trans1`.`dim_location`
      
    
    

    
    OPTIONS()
    as (
      WITH locations AS (
    SELECT DISTINCT
        address,
        postal_code,
        postal_district,
        postal_sector,
        planning_region,
        planning_area
    FROM `ringed-griffin-509403-b4`.`propery_trans1`.`stg_property_transactions`
    WHERE address IS NOT NULL
       OR postal_code IS NOT NULL
       OR postal_district IS NOT NULL
       OR postal_sector IS NOT NULL
       OR planning_region IS NOT NULL
       OR planning_area IS NOT NULL
)
SELECT
    FARM_FINGERPRINT(TO_JSON_STRING(STRUCT(
        address,
        postal_code,
        postal_district,
        postal_sector,
        planning_region,
        planning_area
    ))) AS location_key,
    address,
    postal_code,
    postal_district,
    postal_sector,
    planning_region,
    planning_area
FROM locations
    );
  
[0m17:25:34.824246 [debug] [Thread-4 (]: Writing runtime sql for node "model.property_transaction_warehouse.dim_project"
[0m17:25:34.825920 [debug] [Thread-4 (]: On model.property_transaction_warehouse.dim_project: /* {"app": "dbt", "dbt_version": "1.12.5", "profile_name": "property_transaction_warehouse", "target_name": "dev", "node_id": "model.property_transaction_warehouse.dim_project"} */

  
    

    create or replace table `ringed-griffin-509403-b4`.`propery_trans1`.`dim_project`
      
    
    

    
    OPTIONS()
    as (
      WITH projects AS (
    SELECT DISTINCT
        project_name,
        property_type,
        tenure,
        completion_year,
        completion_status
    FROM `ringed-griffin-509403-b4`.`propery_trans1`.`stg_property_transactions`
    WHERE project_name IS NOT NULL
)
SELECT
    FARM_FINGERPRINT(TO_JSON_STRING(STRUCT(
        project_name,
        property_type,
        tenure,
        completion_year,
        completion_status
    ))) AS project_key,
    project_name,
    property_type,
    tenure,
    completion_year,
    completion_status
FROM projects
    );
  
[0m17:25:34.847345 [debug] [Thread-2 (]: Writing runtime sql for node "model.property_transaction_warehouse.dim_date"
[0m17:25:34.849147 [debug] [Thread-2 (]: On model.property_transaction_warehouse.dim_date: /* {"app": "dbt", "dbt_version": "1.12.5", "profile_name": "property_transaction_warehouse", "target_name": "dev", "node_id": "model.property_transaction_warehouse.dim_date"} */

  
    

    create or replace table `ringed-griffin-509403-b4`.`propery_trans1`.`dim_date`
      
    
    

    
    OPTIONS()
    as (
      WITH date_bounds AS (
    SELECT
        MIN(sale_date) AS first_date,
        MAX(sale_date) AS last_date
    FROM `ringed-griffin-509403-b4`.`propery_trans1`.`stg_property_transactions`
)
SELECT
    CAST(FORMAT_DATE('%Y%m%d', calendar_date) AS INT64) AS date_key,
    calendar_date AS full_date,
    EXTRACT(YEAR FROM calendar_date) AS year,
    EXTRACT(QUARTER FROM calendar_date) AS quarter,
    EXTRACT(MONTH FROM calendar_date) AS month,
    FORMAT_DATE('%B', calendar_date) AS month_name,
    EXTRACT(DAY FROM calendar_date) AS day_of_month,
    EXTRACT(DAYOFWEEK FROM calendar_date) AS day_of_week,
    FORMAT_DATE('%A', calendar_date) AS day_name,
    EXTRACT(ISOWEEK FROM calendar_date) AS iso_week
FROM date_bounds,
UNNEST(GENERATE_DATE_ARRAY(first_date, last_date)) AS calendar_date
    );
  
[0m17:25:35.425968 [debug] [Thread-2 (]: BigQuery adapter: https://console.cloud.google.com/bigquery?project=ringed-griffin-509403-b4&j=bq:US:9cd14704-0d38-4ff4-b119-5e01a44d433f&page=queryresults
[0m17:25:35.453517 [debug] [Thread-4 (]: BigQuery adapter: https://console.cloud.google.com/bigquery?project=ringed-griffin-509403-b4&j=bq:US:334c3dc7-f6b8-4ffc-b5f2-10be30d2c9ea&page=queryresults
[0m17:25:35.460499 [debug] [Thread-3 (]: BigQuery adapter: https://console.cloud.google.com/bigquery?project=ringed-griffin-509403-b4&j=bq:US:4075e711-9fb1-4505-b966-d4a45145c034&page=queryresults
[0m17:25:36.743251 [debug] [Thread-4 (]: SQL status: OK in 1.288 seconds
[0m17:25:36.997293 [debug] [Thread-2 (]: SQL status: OK in 1.570 seconds
[0m17:25:37.194407 [debug] [Thread-4 (]: Sending event: {'category': 'dbt', 'action': 'run_model', 'label': 'c891161d-3a01-4307-af70-d13fd05a9d6b', 'context': [<snowplow_tracker.self_describing_json.SelfDescribingJson object at 0x77f897750520>]}
[0m17:25:37.196100 [info ] [Thread-4 (]: 4 of 5 OK created sql table model propery_trans1.dim_project ................... [[32mCREATE TABLE (2.7k rows, 5.8 MiB processed)[0m in 2.80s]
[0m17:25:37.197567 [debug] [Thread-4 (]: Finished running node model.property_transaction_warehouse.dim_project
[0m17:25:37.348367 [debug] [Thread-2 (]: Sending event: {'category': 'dbt', 'action': 'run_model', 'label': 'c891161d-3a01-4307-af70-d13fd05a9d6b', 'context': [<snowplow_tracker.self_describing_json.SelfDescribingJson object at 0x77f8ac1f6cb0>]}
[0m17:25:37.348902 [info ] [Thread-2 (]: 2 of 5 OK created sql table model propery_trans1.dim_date ...................... [[32mCREATE TABLE (3.3k rows, 736.7 KiB processed)[0m in 2.96s]
[0m17:25:37.349259 [debug] [Thread-2 (]: Finished running node model.property_transaction_warehouse.dim_date
[0m17:25:38.348412 [debug] [Thread-3 (]: SQL status: OK in 2.887 seconds
[0m17:25:38.744275 [debug] [Thread-3 (]: Sending event: {'category': 'dbt', 'action': 'run_model', 'label': 'c891161d-3a01-4307-af70-d13fd05a9d6b', 'context': [<snowplow_tracker.self_describing_json.SelfDescribingJson object at 0x77f897792ad0>]}
[0m17:25:38.744833 [info ] [Thread-3 (]: 3 of 5 OK created sql table model propery_trans1.dim_location .................. [[32mCREATE TABLE (91.7k rows, 6.2 MiB processed)[0m in 4.35s]
[0m17:25:38.745148 [debug] [Thread-3 (]: Finished running node model.property_transaction_warehouse.dim_location
[0m17:25:38.746043 [debug] [Thread-1 (]: Began running node model.property_transaction_warehouse.fact_transaction
[0m17:25:38.746596 [info ] [Thread-1 (]: 5 of 5 START sql table model propery_trans1.fact_transaction ................... [RUN]
[0m17:25:38.747074 [debug] [Thread-1 (]: Re-using an available connection from the pool (formerly model.property_transaction_warehouse.stg_property_transactions, now model.property_transaction_warehouse.fact_transaction)
[0m17:25:38.747359 [debug] [Thread-1 (]: Began compiling node model.property_transaction_warehouse.fact_transaction
[0m17:25:38.749420 [debug] [Thread-1 (]: Writing injected SQL for node "model.property_transaction_warehouse.fact_transaction"
[0m17:25:38.749790 [debug] [Thread-1 (]: Began executing node model.property_transaction_warehouse.fact_transaction
[0m17:25:38.750884 [debug] [Thread-1 (]: Opening a new connection, currently in state closed
[0m17:25:39.196373 [debug] [Thread-1 (]: Writing runtime sql for node "model.property_transaction_warehouse.fact_transaction"
[0m17:25:39.198170 [debug] [Thread-1 (]: On model.property_transaction_warehouse.fact_transaction: /* {"app": "dbt", "dbt_version": "1.12.5", "profile_name": "property_transaction_warehouse", "target_name": "dev", "node_id": "model.property_transaction_warehouse.fact_transaction"} */

  
    

    create or replace table `ringed-griffin-509403-b4`.`propery_trans1`.`fact_transaction`
      
    
    

    
    OPTIONS()
    as (
      WITH transactions AS (
    SELECT
        *,
        ROW_NUMBER() OVER (
            ORDER BY TO_JSON_STRING(STRUCT(
                project_name,
                transacted_price,
                area_sqft,
                unit_price_psf,
                sale_date,
                address,
                type_of_sale,
                type_of_area,
                area_sqm,
                unit_price_psm,
                nett_price,
                property_type,
                number_of_units,
                tenure,
                completion_date,
                purchaser_address_indicator,
                postal_code,
                postal_district,
                postal_sector,
                planning_region,
                planning_area
            ))
        ) AS transaction_row_number
    FROM `ringed-griffin-509403-b4`.`propery_trans1`.`stg_property_transactions`
)
SELECT
    FARM_FINGERPRINT(CONCAT(
        TO_JSON_STRING(STRUCT(
            t.project_name,
            t.transacted_price,
            t.area_sqft,
            t.unit_price_psf,
            t.sale_date,
            t.address,
            t.type_of_sale,
            t.type_of_area,
            t.area_sqm,
            t.unit_price_psm,
            t.nett_price,
            t.property_type,
            t.number_of_units,
            t.tenure,
            t.completion_date,
            t.purchaser_address_indicator,
            t.postal_code,
            t.postal_district,
            t.postal_sector,
            t.planning_region,
            t.planning_area
        )),
        '#',
        CAST(transaction_row_number AS STRING)
    )) AS transaction_key,
    d.date_key AS sale_date_key,
    p.project_key,
    l.location_key,
    t.transacted_price,
    t.nett_price,
    t.area_sqft,
    t.area_sqm,
    t.unit_price_psf,
    t.unit_price_psm,
    t.number_of_units,
    t.type_of_sale,
    t.type_of_area,
    t.purchaser_address_indicator
FROM transactions AS t
LEFT JOIN `ringed-griffin-509403-b4`.`propery_trans1`.`dim_date` AS d
    ON t.sale_date = d.full_date
LEFT JOIN `ringed-griffin-509403-b4`.`propery_trans1`.`dim_project` AS p
    ON t.project_name = p.project_name
    AND t.property_type IS NOT DISTINCT FROM p.property_type
    AND t.tenure IS NOT DISTINCT FROM p.tenure
    AND t.completion_year IS NOT DISTINCT FROM p.completion_year
    AND t.completion_status IS NOT DISTINCT FROM p.completion_status
LEFT JOIN `ringed-griffin-509403-b4`.`propery_trans1`.`dim_location` AS l
    ON t.address IS NOT DISTINCT FROM l.address
    AND t.postal_code IS NOT DISTINCT FROM l.postal_code
    AND t.postal_district IS NOT DISTINCT FROM l.postal_district
    AND t.postal_sector IS NOT DISTINCT FROM l.postal_sector
    AND t.planning_region IS NOT DISTINCT FROM l.planning_region
    AND t.planning_area IS NOT DISTINCT FROM l.planning_area
    );
  
[0m17:25:39.886894 [debug] [Thread-1 (]: BigQuery adapter: https://console.cloud.google.com/bigquery?project=ringed-griffin-509403-b4&j=bq:US:c96fbb0c-854c-41f6-a4ee-00de717fcfed&page=queryresults
[0m17:25:45.613292 [debug] [Thread-1 (]: SQL status: OK in 5.725 seconds
[0m17:25:45.997125 [debug] [Thread-1 (]: Sending event: {'category': 'dbt', 'action': 'run_model', 'label': 'c891161d-3a01-4307-af70-d13fd05a9d6b', 'context': [<snowplow_tracker.self_describing_json.SelfDescribingJson object at 0x77f8af4af1c0>]}
[0m17:25:45.998716 [info ] [Thread-1 (]: 5 of 5 OK created sql table model propery_trans1.fact_transaction .............. [[32mCREATE TABLE (94.3k rows, 30.6 MiB processed)[0m in 7.25s]
[0m17:25:46.000556 [debug] [Thread-1 (]: Finished running node model.property_transaction_warehouse.fact_transaction
[0m17:25:46.005127 [debug] [MainThread]: Opening a new connection, currently in state closed
[0m17:25:46.007673 [debug] [MainThread]: Connection 'master' was properly closed.
[0m17:25:46.009002 [debug] [MainThread]: Connection 'model.property_transaction_warehouse.fact_transaction' was properly closed.
[0m17:25:46.009506 [debug] [MainThread]: Connection 'model.property_transaction_warehouse.dim_date' was properly closed.
[0m17:25:46.009966 [debug] [MainThread]: Connection 'model.property_transaction_warehouse.dim_project' was properly closed.
[0m17:25:46.010700 [debug] [MainThread]: Connection 'model.property_transaction_warehouse.dim_location' was properly closed.
[0m17:25:46.011709 [info ] [MainThread]: 
[0m17:25:46.012535 [info ] [MainThread]: Finished running 5 table models in 0 hours 0 minutes and 26.84 seconds (26.84s).
[0m17:25:46.014459 [debug] [MainThread]: Command end result
[0m17:25:46.046386 [debug] [MainThread]: Wrote artifact WritableManifest to /home/jenho/Proj 2 - Property Transaction V1/2a_data_warehouse/target/manifest.json
[0m17:25:46.048162 [debug] [MainThread]: Wrote artifact SemanticManifest to /home/jenho/Proj 2 - Property Transaction V1/2a_data_warehouse/target/semantic_manifest.json
[0m17:25:46.049457 [debug] [MainThread]: Wrote artifact OsiDocument to /home/jenho/Proj 2 - Property Transaction V1/2a_data_warehouse/target/osi_document.json
[0m17:25:46.053345 [debug] [MainThread]: Wrote artifact RunExecutionResult to /home/jenho/Proj 2 - Property Transaction V1/2a_data_warehouse/target/run_results.json
[0m17:25:46.053575 [info ] [MainThread]: 
[0m17:25:46.053789 [info ] [MainThread]: [32mCompleted successfully[0m
[0m17:25:46.053943 [info ] [MainThread]: 
[0m17:25:46.054116 [info ] [MainThread]: Done. PASS=5 WARN=0 ERROR=0 SKIP=0 NO-OP=0 REUSED=0 TOTAL=5
[0m17:25:46.054463 [debug] [MainThread]: Resource report: {"command_name": "run", "command_success": true, "command_wall_clock_time": 27.655794, "process_in_blocks": "8", "process_kernel_time": 0.125025, "process_mem_max_rss": "269284", "process_out_blocks": "3072", "process_user_time": 2.988504}
[0m17:25:46.054738 [debug] [MainThread]: Command `dbt run` succeeded at 17:25:46.054680 after 27.66 seconds
[0m17:25:46.054947 [debug] [MainThread]: Sending event: {'category': 'dbt', 'action': 'invocation', 'label': 'end', 'context': [<snowplow_tracker.self_describing_json.SelfDescribingJson object at 0x77f8af914a70>, <snowplow_tracker.self_describing_json.SelfDescribingJson object at 0x77f8ea2a5490>, <snowplow_tracker.self_describing_json.SelfDescribingJson object at 0x77f8af479610>]}
[0m17:25:46.055136 [debug] [MainThread]: Flushing usage events
[0m17:25:47.285585 [debug] [MainThread]: An error was encountered while trying to flush usage events
[0m18:41:49.227255 [debug] [MainThread]: Sending event: {'category': 'dbt', 'action': 'invocation', 'label': 'start', 'context': [<snowplow_tracker.self_describing_json.SelfDescribingJson object at 0x718a5951bf80>, <snowplow_tracker.self_describing_json.SelfDescribingJson object at 0x718a5a27e420>, <snowplow_tracker.self_describing_json.SelfDescribingJson object at 0x718a5a027c20>]}


============================== 18:41:49.231154 | 9e7a81c2-384b-4954-aa0f-06b21ad8e4f3 ==============================
[0m18:41:49.231154 [info ] [MainThread]: Running with dbt=1.12.5
[0m18:41:49.231498 [debug] [MainThread]: running dbt with arguments {'warn_error': 'None', 'no_print': 'None', 'maximum_seed_size_mib': '1', 'warn_error_options': 'WarnErrorOptionsV2(error=[], warn=[], silence=[])', 'quiet': 'False', 'log_format': 'default', 'write_json': 'True', 'debug': 'False', 'partial_parse': 'True', 'use_experimental_parser': 'False', 'profiles_dir': './2a_data_warehouse', 'indirect_selection': 'eager', 'introspect': 'True', 'version_check': 'True', 'log_cache_events': 'False', 'printer_width': '80', 'empty': 'None', 'hints_enabled': 'True', 'cache_selected_only': 'False', 'use_colors': 'True', 'log_path': '2a_data_warehouse/logs', 'send_anonymous_usage_stats': 'True', 'invocation_command': 'dbt parse --project-dir ./2a_data_warehouse --profiles-dir ./2a_data_warehouse', 'fail_fast': 'False', 'target_path': 'None', 'static_parser': 'True'}
[0m18:41:50.213932 [debug] [MainThread]: Sending event: {'category': 'dbt', 'action': 'project_id', 'label': '9e7a81c2-384b-4954-aa0f-06b21ad8e4f3', 'context': [<snowplow_tracker.self_describing_json.SelfDescribingJson object at 0x718a24bab470>]}
[0m18:41:50.249325 [debug] [MainThread]: Sending event: {'category': 'dbt', 'action': 'adapter_info', 'label': '9e7a81c2-384b-4954-aa0f-06b21ad8e4f3', 'context': [<snowplow_tracker.self_describing_json.SelfDescribingJson object at 0x718a2511e780>]}
[0m18:41:50.249962 [info ] [MainThread]: Registered adapter: bigquery=1.12.1
[0m18:41:50.308981 [debug] [MainThread]: checksum: 9742bae524cb133816d56fa13025eeafb4819ed2acf766351b6099479fe392d2, vars: {}, profile: property_transaction_warehouse, target: dev, version: 1.12.5
[0m18:41:50.381498 [debug] [MainThread]: Partial parsing enabled: 1 files deleted, 0 files added, 3 files changed.
[0m18:41:50.382119 [debug] [MainThread]: Partial parsing: updated file: property_transaction_warehouse://model/fact_transaction.sql
[0m18:41:50.382320 [debug] [MainThread]: Partial parsing: updated file: property_transaction_warehouse://model/star/schema.yml
[0m18:41:50.382628 [debug] [MainThread]: Partial parsing: updated file: property_transaction_warehouse://model/schema.yml
[0m18:41:50.382848 [debug] [MainThread]: Partial parsing: deleted file: property_transaction_warehouse://model/star/dim_date.sql
[0m18:41:50.383020 [debug] [MainThread]: Partial parsing: updated file: property_transaction_warehouse://model/fact_transaction.sql
[0m18:41:50.706115 [debug] [MainThread]: Sending event: {'category': 'dbt', 'action': 'load_project', 'label': '9e7a81c2-384b-4954-aa0f-06b21ad8e4f3', 'context': [<snowplow_tracker.self_describing_json.SelfDescribingJson object at 0x718a1dcd7620>]}
[0m18:41:50.708575 [info ] [MainThread]: Performance info: 2a_data_warehouse/target/perf_info.json
[0m18:41:50.760908 [debug] [MainThread]: Wrote artifact WritableManifest to 2a_data_warehouse/target/manifest.json
[0m18:41:50.766332 [debug] [MainThread]: Wrote artifact SemanticManifest to 2a_data_warehouse/target/semantic_manifest.json
[0m18:41:50.782829 [debug] [MainThread]: Wrote artifact OsiDocument to 2a_data_warehouse/target/osi_document.json
[0m18:41:50.783275 [debug] [MainThread]: Resource report: {"command_name": "parse", "command_success": true, "command_wall_clock_time": 1.5990981, "process_in_blocks": "535688", "process_kernel_time": 0.387131, "process_mem_max_rss": "238800", "process_out_blocks": "2720", "process_user_time": 2.913673}
[0m18:41:50.783723 [debug] [MainThread]: Command `dbt parse` succeeded at 18:41:50.783665 after 1.60 seconds
[0m18:41:50.783963 [debug] [MainThread]: Sending event: {'category': 'dbt', 'action': 'invocation', 'label': 'end', 'context': [<snowplow_tracker.self_describing_json.SelfDescribingJson object at 0x718a59313e30>, <snowplow_tracker.self_describing_json.SelfDescribingJson object at 0x718a1dddc5c0>, <snowplow_tracker.self_describing_json.SelfDescribingJson object at 0x718a5ac0e330>]}
[0m18:41:50.784172 [debug] [MainThread]: Flushing usage events
[0m18:41:51.754469 [debug] [MainThread]: An error was encountered while trying to flush usage events
[0m18:41:57.254851 [debug] [MainThread]: Sending event: {'category': 'dbt', 'action': 'invocation', 'label': 'start', 'context': [<snowplow_tracker.self_describing_json.SelfDescribingJson object at 0x71b7c1927c20>, <snowplow_tracker.self_describing_json.SelfDescribingJson object at 0x71b7c0d33ef0>, <snowplow_tracker.self_describing_json.SelfDescribingJson object at 0x71b7c2e13260>]}


============================== 18:41:57.257189 | 3e461d94-623e-499b-b79c-254058809d3e ==============================
[0m18:41:57.257189 [info ] [MainThread]: Running with dbt=1.12.5
[0m18:41:57.257463 [debug] [MainThread]: running dbt with arguments {'profiles_dir': './2a_data_warehouse', 'use_experimental_parser': 'False', 'fail_fast': 'False', 'version_check': 'True', 'empty': 'False', 'log_cache_events': 'False', 'introspect': 'False', 'indirect_selection': 'eager', 'static_parser': 'True', 'maximum_seed_size_mib': '1', 'log_path': '2a_data_warehouse/logs', 'target_path': 'None', 'quiet': 'False', 'log_format': 'default', 'debug': 'False', 'send_anonymous_usage_stats': 'True', 'cache_selected_only': 'False', 'write_json': 'True', 'invocation_command': 'dbt compile --project-dir ./2a_data_warehouse --profiles-dir ./2a_data_warehouse --no-introspect', 'warn_error': 'None', 'partial_parse': 'True', 'no_print': 'None', 'use_colors': 'True', 'warn_error_options': 'WarnErrorOptionsV2(error=[], warn=[], silence=[])', 'hints_enabled': 'True', 'printer_width': '80'}
[0m18:41:57.834651 [debug] [MainThread]: Sending event: {'category': 'dbt', 'action': 'project_id', 'label': '3e461d94-623e-499b-b79c-254058809d3e', 'context': [<snowplow_tracker.self_describing_json.SelfDescribingJson object at 0x71b787824ef0>]}
[0m18:41:57.869713 [debug] [MainThread]: Sending event: {'category': 'dbt', 'action': 'adapter_info', 'label': '3e461d94-623e-499b-b79c-254058809d3e', 'context': [<snowplow_tracker.self_describing_json.SelfDescribingJson object at 0x71b7c169ec30>]}
[0m18:41:57.870386 [info ] [MainThread]: Registered adapter: bigquery=1.12.1
[0m18:41:57.925855 [debug] [MainThread]: checksum: 9742bae524cb133816d56fa13025eeafb4819ed2acf766351b6099479fe392d2, vars: {}, profile: property_transaction_warehouse, target: dev, version: 1.12.5
[0m18:41:57.993827 [debug] [MainThread]: Partial parsing enabled: 0 files deleted, 0 files added, 0 files changed.
[0m18:41:57.994137 [debug] [MainThread]: Nothing changed, skipping partial parsing.
[0m18:41:57.994296 [debug] [MainThread]: Partial parsing enabled, no changes found, skipping parsing
[0m18:41:57.999729 [debug] [MainThread]: Sending event: {'category': 'dbt', 'action': 'load_project', 'label': '3e461d94-623e-499b-b79c-254058809d3e', 'context': [<snowplow_tracker.self_describing_json.SelfDescribingJson object at 0x71b7874816a0>]}
[0m18:41:58.067425 [debug] [MainThread]: Wrote artifact WritableManifest to 2a_data_warehouse/target/manifest.json
[0m18:41:58.069259 [debug] [MainThread]: Wrote artifact SemanticManifest to 2a_data_warehouse/target/semantic_manifest.json
[0m18:41:58.076556 [debug] [MainThread]: Wrote artifact OsiDocument to 2a_data_warehouse/target/osi_document.json
[0m18:41:58.085416 [debug] [MainThread]: Sending event: {'category': 'dbt', 'action': 'resource_counts', 'label': '3e461d94-623e-499b-b79c-254058809d3e', 'context': [<snowplow_tracker.self_describing_json.SelfDescribingJson object at 0x71b787106330>]}
[0m18:41:58.085763 [info ] [MainThread]: Found 4 models, 8 data tests, 1 source, 561 macros
[0m18:41:58.085968 [debug] [MainThread]: Sending event: {'category': 'dbt', 'action': 'runnable_timing', 'label': '3e461d94-623e-499b-b79c-254058809d3e', 'context': [<snowplow_tracker.self_describing_json.SelfDescribingJson object at 0x71b787481340>]}
[0m18:41:58.087118 [info ] [MainThread]: 
[0m18:41:58.087330 [info ] [MainThread]: Concurrency: 4 threads (target='dev')
[0m18:41:58.087480 [info ] [MainThread]: 
[0m18:41:58.087865 [debug] [MainThread]: Acquiring new bigquery connection 'master'
[0m18:41:58.090715 [debug] [ThreadPool]: Acquiring new bigquery connection 'list_ringed-griffin-509403-b4_propery_trans1'
[0m18:41:58.091022 [debug] [ThreadPool]: Opening a new connection, currently in state init
[0m18:42:17.727262 [debug] [MainThread]: Sending event: {'category': 'dbt', 'action': 'runnable_timing', 'label': '3e461d94-623e-499b-b79c-254058809d3e', 'context': [<snowplow_tracker.self_describing_json.SelfDescribingJson object at 0x71b787585b80>]}
[0m18:42:17.727733 [debug] [MainThread]: Opening a new connection, currently in state init
[0m18:42:17.731550 [debug] [Thread-1 (]: Began running node model.property_transaction_warehouse.stg_property_transactions
[0m18:42:17.731897 [debug] [Thread-1 (]: Began compiling node model.property_transaction_warehouse.stg_property_transactions
[0m18:42:17.736258 [debug] [Thread-1 (]: Writing injected SQL for node "model.property_transaction_warehouse.stg_property_transactions"
[0m18:42:17.736675 [debug] [Thread-1 (]: Began executing node model.property_transaction_warehouse.stg_property_transactions
[0m18:42:17.737015 [debug] [Thread-1 (]: Finished running node model.property_transaction_warehouse.stg_property_transactions
[0m18:42:17.737769 [debug] [Thread-3 (]: Began running node model.property_transaction_warehouse.dim_location
[0m18:42:17.738108 [debug] [Thread-3 (]: Began compiling node model.property_transaction_warehouse.dim_location
[0m18:42:17.739361 [debug] [Thread-3 (]: Writing injected SQL for node "model.property_transaction_warehouse.dim_location"
[0m18:42:17.739692 [debug] [Thread-4 (]: Began running node model.property_transaction_warehouse.dim_project
[0m18:42:17.739936 [debug] [Thread-4 (]: Began compiling node model.property_transaction_warehouse.dim_project
[0m18:42:17.740897 [debug] [Thread-4 (]: Writing injected SQL for node "model.property_transaction_warehouse.dim_project"
[0m18:42:17.741283 [debug] [Thread-4 (]: Began executing node model.property_transaction_warehouse.dim_project
[0m18:42:17.741652 [debug] [Thread-4 (]: Finished running node model.property_transaction_warehouse.dim_project
[0m18:42:17.742124 [debug] [Thread-3 (]: Began executing node model.property_transaction_warehouse.dim_location
[0m18:42:17.742848 [debug] [Thread-1 (]: Began running node test.property_transaction_warehouse.not_null_dim_project_project_key.5cfc354fab
[0m18:42:17.743296 [debug] [Thread-3 (]: Finished running node model.property_transaction_warehouse.dim_location
[0m18:42:17.743570 [debug] [Thread-2 (]: Began running node test.property_transaction_warehouse.unique_dim_project_project_key.793b35d8e1
[0m18:42:17.743871 [debug] [Thread-1 (]: Began compiling node test.property_transaction_warehouse.not_null_dim_project_project_key.5cfc354fab
[0m18:42:17.744279 [debug] [Thread-2 (]: Began compiling node test.property_transaction_warehouse.unique_dim_project_project_key.793b35d8e1
[0m18:42:17.744524 [debug] [Thread-4 (]: Began running node model.property_transaction_warehouse.fact_transaction
[0m18:42:17.744755 [debug] [Thread-3 (]: Began running node test.property_transaction_warehouse.not_null_dim_location_location_key.c1a2c0b86c
[0m18:42:17.754937 [debug] [Thread-2 (]: Writing injected SQL for node "test.property_transaction_warehouse.unique_dim_project_project_key.793b35d8e1"
[0m18:42:17.756946 [debug] [Thread-1 (]: Writing injected SQL for node "test.property_transaction_warehouse.not_null_dim_project_project_key.5cfc354fab"
[0m18:42:17.757343 [debug] [Thread-4 (]: Began compiling node model.property_transaction_warehouse.fact_transaction
[0m18:42:17.757949 [debug] [Thread-3 (]: Began compiling node test.property_transaction_warehouse.not_null_dim_location_location_key.c1a2c0b86c
[0m18:42:17.758480 [debug] [Thread-2 (]: Began executing node test.property_transaction_warehouse.unique_dim_project_project_key.793b35d8e1
[0m18:42:17.758894 [debug] [Thread-1 (]: Began executing node test.property_transaction_warehouse.not_null_dim_project_project_key.5cfc354fab
[0m18:42:17.760682 [debug] [Thread-4 (]: Writing injected SQL for node "model.property_transaction_warehouse.fact_transaction"
[0m18:42:17.763818 [debug] [Thread-3 (]: Writing injected SQL for node "test.property_transaction_warehouse.not_null_dim_location_location_key.c1a2c0b86c"
[0m18:42:17.764252 [debug] [Thread-2 (]: Finished running node test.property_transaction_warehouse.unique_dim_project_project_key.793b35d8e1
[0m18:42:17.764750 [debug] [Thread-1 (]: Finished running node test.property_transaction_warehouse.not_null_dim_project_project_key.5cfc354fab
[0m18:42:17.765228 [debug] [Thread-4 (]: Began executing node model.property_transaction_warehouse.fact_transaction
[0m18:42:17.765656 [debug] [Thread-3 (]: Began executing node test.property_transaction_warehouse.not_null_dim_location_location_key.c1a2c0b86c
[0m18:42:17.765942 [debug] [Thread-2 (]: Began running node test.property_transaction_warehouse.unique_dim_location_location_key.b5757d64b6
[0m18:42:17.766385 [debug] [Thread-4 (]: Finished running node model.property_transaction_warehouse.fact_transaction
[0m18:42:17.766748 [debug] [Thread-3 (]: Finished running node test.property_transaction_warehouse.not_null_dim_location_location_key.c1a2c0b86c
[0m18:42:17.766955 [debug] [Thread-2 (]: Began compiling node test.property_transaction_warehouse.unique_dim_location_location_key.b5757d64b6
[0m18:42:17.767357 [debug] [Thread-1 (]: Began running node test.property_transaction_warehouse.not_null_fact_transaction_transaction_key.274831b9a6
[0m18:42:17.771154 [debug] [Thread-1 (]: Began compiling node test.property_transaction_warehouse.not_null_fact_transaction_transaction_key.274831b9a6
[0m18:42:17.767915 [debug] [Thread-3 (]: Began running node test.property_transaction_warehouse.relationships_fact_transaction_project_key__project_key__ref_dim_project_.a445602349
[0m18:42:17.774880 [debug] [Thread-3 (]: Began compiling node test.property_transaction_warehouse.relationships_fact_transaction_project_key__project_key__ref_dim_project_.a445602349
[0m18:42:17.770906 [debug] [Thread-2 (]: Writing injected SQL for node "test.property_transaction_warehouse.unique_dim_location_location_key.b5757d64b6"
[0m18:42:17.774004 [debug] [Thread-1 (]: Writing injected SQL for node "test.property_transaction_warehouse.not_null_fact_transaction_transaction_key.274831b9a6"
[0m18:42:17.767590 [debug] [Thread-4 (]: Began running node test.property_transaction_warehouse.relationships_fact_transaction_location_key__location_key__ref_dim_location_.a942d8afdc
[0m18:42:17.782952 [debug] [Thread-3 (]: Writing injected SQL for node "test.property_transaction_warehouse.relationships_fact_transaction_project_key__project_key__ref_dim_project_.a445602349"
[0m18:42:17.783480 [debug] [Thread-4 (]: Began compiling node test.property_transaction_warehouse.relationships_fact_transaction_location_key__location_key__ref_dim_location_.a942d8afdc
[0m18:42:17.783776 [debug] [Thread-2 (]: Began executing node test.property_transaction_warehouse.unique_dim_location_location_key.b5757d64b6
[0m18:42:17.784008 [debug] [Thread-1 (]: Began executing node test.property_transaction_warehouse.not_null_fact_transaction_transaction_key.274831b9a6
[0m18:42:17.792226 [debug] [Thread-1 (]: Finished running node test.property_transaction_warehouse.not_null_fact_transaction_transaction_key.274831b9a6
[0m18:42:17.790825 [debug] [Thread-4 (]: Writing injected SQL for node "test.property_transaction_warehouse.relationships_fact_transaction_location_key__location_key__ref_dim_location_.a942d8afdc"
[0m18:42:17.791821 [debug] [Thread-2 (]: Finished running node test.property_transaction_warehouse.unique_dim_location_location_key.b5757d64b6
[0m18:42:17.791280 [debug] [Thread-3 (]: Began executing node test.property_transaction_warehouse.relationships_fact_transaction_project_key__project_key__ref_dim_project_.a445602349
[0m18:42:17.793173 [debug] [Thread-3 (]: Finished running node test.property_transaction_warehouse.relationships_fact_transaction_project_key__project_key__ref_dim_project_.a445602349
[0m18:42:17.792469 [debug] [Thread-1 (]: Began running node test.property_transaction_warehouse.unique_fact_transaction_transaction_key.2bf6393ada
[0m18:42:17.793557 [debug] [Thread-1 (]: Began compiling node test.property_transaction_warehouse.unique_fact_transaction_transaction_key.2bf6393ada
[0m18:42:17.793786 [debug] [Thread-4 (]: Began executing node test.property_transaction_warehouse.relationships_fact_transaction_location_key__location_key__ref_dim_location_.a942d8afdc
[0m18:42:17.797049 [debug] [Thread-1 (]: Writing injected SQL for node "test.property_transaction_warehouse.unique_fact_transaction_transaction_key.2bf6393ada"
[0m18:42:17.797498 [debug] [Thread-4 (]: Finished running node test.property_transaction_warehouse.relationships_fact_transaction_location_key__location_key__ref_dim_location_.a942d8afdc
[0m18:42:17.798036 [debug] [Thread-1 (]: Began executing node test.property_transaction_warehouse.unique_fact_transaction_transaction_key.2bf6393ada
[0m18:42:17.798361 [debug] [Thread-1 (]: Finished running node test.property_transaction_warehouse.unique_fact_transaction_transaction_key.2bf6393ada
[0m18:42:17.799429 [debug] [MainThread]: Connection 'master' was properly closed.
[0m18:42:17.799664 [debug] [MainThread]: Connection 'list_ringed-griffin-509403-b4_propery_trans1' was properly closed.
[0m18:42:17.800458 [debug] [MainThread]: Command end result
[0m18:42:17.816762 [debug] [MainThread]: Wrote artifact WritableManifest to 2a_data_warehouse/target/manifest.json
[0m18:42:17.818455 [debug] [MainThread]: Wrote artifact SemanticManifest to 2a_data_warehouse/target/semantic_manifest.json
[0m18:42:17.819686 [debug] [MainThread]: Wrote artifact OsiDocument to 2a_data_warehouse/target/osi_document.json
[0m18:42:17.823563 [debug] [MainThread]: Wrote artifact RunExecutionResult to 2a_data_warehouse/target/run_results.json
[0m18:42:17.823972 [debug] [MainThread]: Resource report: {"command_name": "compile", "command_success": true, "command_wall_clock_time": 20.61115, "process_in_blocks": "920", "process_kernel_time": 0.211468, "process_mem_max_rss": "238096", "process_out_blocks": "3000", "process_user_time": 2.663685}
[0m18:42:17.824358 [debug] [MainThread]: Command `dbt compile` succeeded at 18:42:17.824289 after 20.61 seconds
[0m18:42:17.824597 [debug] [MainThread]: Sending event: {'category': 'dbt', 'action': 'invocation', 'label': 'end', 'context': [<snowplow_tracker.self_describing_json.SelfDescribingJson object at 0x71b7c1643b60>, <snowplow_tracker.self_describing_json.SelfDescribingJson object at 0x71b7c18d8f80>, <snowplow_tracker.self_describing_json.SelfDescribingJson object at 0x71b7c4bb38c0>]}
[0m18:42:17.824802 [debug] [MainThread]: Flushing usage events
[0m18:42:18.775359 [debug] [MainThread]: An error was encountered while trying to flush usage events
[0m18:42:26.800642 [debug] [MainThread]: Sending event: {'category': 'dbt', 'action': 'invocation', 'label': 'start', 'context': [<snowplow_tracker.self_describing_json.SelfDescribingJson object at 0x70a8d271b8c0>, <snowplow_tracker.self_describing_json.SelfDescribingJson object at 0x70a8d42ad970>, <snowplow_tracker.self_describing_json.SelfDescribingJson object at 0x70a8d271a180>]}


============================== 18:42:26.804033 | a54ebd60-aa19-4ba2-b61c-92f4288da114 ==============================
[0m18:42:26.804033 [info ] [MainThread]: Running with dbt=1.12.5
[0m18:42:26.804483 [debug] [MainThread]: running dbt with arguments {'introspect': 'True', 'warn_error_options': 'WarnErrorOptionsV2(error=[], warn=[], silence=[])', 'target_path': 'None', 'empty': 'False', 'log_path': '2a_data_warehouse/logs', 'log_format': 'default', 'profiles_dir': './2a_data_warehouse', 'no_print': 'None', 'hints_enabled': 'True', 'cache_selected_only': 'False', 'quiet': 'False', 'invocation_command': 'dbt run --project-dir ./2a_data_warehouse --profiles-dir ./2a_data_warehouse', 'printer_width': '80', 'maximum_seed_size_mib': '1', 'log_cache_events': 'False', 'version_check': 'True', 'write_json': 'True', 'indirect_selection': 'eager', 'static_parser': 'True', 'send_anonymous_usage_stats': 'True', 'warn_error': 'None', 'partial_parse': 'True', 'debug': 'False', 'use_colors': 'True', 'fail_fast': 'False', 'use_experimental_parser': 'False'}
[0m18:42:27.362193 [debug] [MainThread]: Sending event: {'category': 'dbt', 'action': 'project_id', 'label': 'a54ebd60-aa19-4ba2-b61c-92f4288da114', 'context': [<snowplow_tracker.self_describing_json.SelfDescribingJson object at 0x70a8d2621730>]}
[0m18:42:27.398317 [debug] [MainThread]: Sending event: {'category': 'dbt', 'action': 'adapter_info', 'label': 'a54ebd60-aa19-4ba2-b61c-92f4288da114', 'context': [<snowplow_tracker.self_describing_json.SelfDescribingJson object at 0x70a8d2da51c0>]}
[0m18:42:27.398985 [info ] [MainThread]: Registered adapter: bigquery=1.12.1
[0m18:42:27.451262 [debug] [MainThread]: checksum: 9742bae524cb133816d56fa13025eeafb4819ed2acf766351b6099479fe392d2, vars: {}, profile: property_transaction_warehouse, target: dev, version: 1.12.5
[0m18:42:27.520460 [debug] [MainThread]: Partial parsing enabled: 0 files deleted, 0 files added, 0 files changed.
[0m18:42:27.520774 [debug] [MainThread]: Nothing changed, skipping partial parsing.
[0m18:42:27.520932 [debug] [MainThread]: Partial parsing enabled, no changes found, skipping parsing
[0m18:42:27.526229 [debug] [MainThread]: Sending event: {'category': 'dbt', 'action': 'load_project', 'label': 'a54ebd60-aa19-4ba2-b61c-92f4288da114', 'context': [<snowplow_tracker.self_describing_json.SelfDescribingJson object at 0x70a897c8a330>]}
[0m18:42:27.594766 [debug] [MainThread]: Wrote artifact WritableManifest to 2a_data_warehouse/target/manifest.json
[0m18:42:27.597236 [debug] [MainThread]: Wrote artifact SemanticManifest to 2a_data_warehouse/target/semantic_manifest.json
[0m18:42:27.604407 [debug] [MainThread]: Wrote artifact OsiDocument to 2a_data_warehouse/target/osi_document.json
[0m18:42:27.611963 [debug] [MainThread]: Sending event: {'category': 'dbt', 'action': 'resource_counts', 'label': 'a54ebd60-aa19-4ba2-b61c-92f4288da114', 'context': [<snowplow_tracker.self_describing_json.SelfDescribingJson object at 0x70a89790f1a0>]}
[0m18:42:27.612401 [info ] [MainThread]: Found 4 models, 8 data tests, 1 source, 561 macros
[0m18:42:27.612598 [debug] [MainThread]: Sending event: {'category': 'dbt', 'action': 'runnable_timing', 'label': 'a54ebd60-aa19-4ba2-b61c-92f4288da114', 'context': [<snowplow_tracker.self_describing_json.SelfDescribingJson object at 0x70a897c894f0>]}
[0m18:42:27.613796 [info ] [MainThread]: 
[0m18:42:27.614022 [info ] [MainThread]: Concurrency: 4 threads (target='dev')
[0m18:42:27.614186 [info ] [MainThread]: 
[0m18:42:27.615078 [debug] [MainThread]: Acquiring new bigquery connection 'master'
[0m18:42:27.617587 [debug] [ThreadPool]: Acquiring new bigquery connection 'list_ringed-griffin-509403-b4'
[0m18:42:27.617917 [debug] [ThreadPool]: Opening a new connection, currently in state init
[0m18:42:48.204661 [debug] [ThreadPool]: Re-using an available connection from the pool (formerly list_ringed-griffin-509403-b4, now list_ringed-griffin-509403-b4_propery_trans1)
[0m18:42:48.205121 [debug] [ThreadPool]: Opening a new connection, currently in state closed
[0m18:42:48.900563 [debug] [MainThread]: Sending event: {'category': 'dbt', 'action': 'runnable_timing', 'label': 'a54ebd60-aa19-4ba2-b61c-92f4288da114', 'context': [<snowplow_tracker.self_describing_json.SelfDescribingJson object at 0x70a897aacb30>]}
[0m18:42:48.901016 [debug] [MainThread]: Opening a new connection, currently in state init
[0m18:42:48.904766 [debug] [Thread-1 (]: Began running node model.property_transaction_warehouse.stg_property_transactions
[0m18:42:48.905374 [info ] [Thread-1 (]: 1 of 4 START sql table model propery_trans1.stg_property_transactions .......... [RUN]
[0m18:42:48.905696 [debug] [Thread-1 (]: Re-using an available connection from the pool (formerly list_ringed-griffin-509403-b4_propery_trans1, now model.property_transaction_warehouse.stg_property_transactions)
[0m18:42:48.905909 [debug] [Thread-1 (]: Began compiling node model.property_transaction_warehouse.stg_property_transactions
[0m18:42:48.910510 [debug] [Thread-1 (]: Writing injected SQL for node "model.property_transaction_warehouse.stg_property_transactions"
[0m18:42:48.910953 [debug] [Thread-1 (]: Began executing node model.property_transaction_warehouse.stg_property_transactions
[0m18:42:48.917360 [debug] [Thread-1 (]: Opening a new connection, currently in state closed
[0m18:42:49.314502 [debug] [Thread-1 (]: Writing runtime sql for node "model.property_transaction_warehouse.stg_property_transactions"
[0m18:42:49.315092 [debug] [Thread-1 (]: On model.property_transaction_warehouse.stg_property_transactions: /* {"app": "dbt", "dbt_version": "1.12.5", "profile_name": "property_transaction_warehouse", "target_name": "dev", "node_id": "model.property_transaction_warehouse.stg_property_transactions"} */

  
    

    create or replace table `ringed-griffin-509403-b4`.`propery_trans1`.`stg_property_transactions`
      
    
    

    
    OPTIONS()
    as (
      WITH cleaned AS (
    SELECT
        NULLIF(REGEXP_REPLACE(UPPER(TRIM(project_name)), r'\s+', ' '), '') AS project_name,
        SAFE_CAST(REGEXP_REPLACE(NULLIF(TRIM(transacted_price), '-'), r'[^0-9.-]', '') AS NUMERIC) AS transacted_price,
        SAFE_CAST(REGEXP_REPLACE(NULLIF(TRIM(area_sqft), '-'), r'[^0-9.-]', '') AS NUMERIC) AS area_sqft,
        SAFE_CAST(REGEXP_REPLACE(NULLIF(TRIM(unit_price_psf), '-'), r'[^0-9.-]', '') AS NUMERIC) AS unit_price_psf,
        SAFE.PARSE_DATE('%d %b %Y', NULLIF(TRIM(sale_date), '')) AS sale_date,
        NULLIF(REGEXP_REPLACE(UPPER(TRIM(address)), r'\s+', ' '), '') AS address,
        NULLIF(UPPER(TRIM(type_of_sale)), '') AS type_of_sale,
        NULLIF(UPPER(TRIM(type_of_area)), '') AS type_of_area,
        SAFE_CAST(REGEXP_REPLACE(NULLIF(TRIM(area_sqm), '-'), r'[^0-9.-]', '') AS NUMERIC) AS area_sqm,
        SAFE_CAST(REGEXP_REPLACE(NULLIF(TRIM(unit_price_psm), '-'), r'[^0-9.-]', '') AS NUMERIC) AS unit_price_psm,
        SAFE_CAST(REGEXP_REPLACE(NULLIF(TRIM(nett_price), '-'), r'[^0-9.-]', '') AS NUMERIC) AS nett_price,
        NULLIF(UPPER(TRIM(property_type)), '') AS property_type,
        SAFE_CAST(NULLIF(TRIM(number_of_units), '-') AS INT64) AS number_of_units,
        NULLIF(UPPER(TRIM(tenure)), '') AS tenure,
        NULLIF(TRIM(completion_date), '') AS completion_date,
        NULLIF(UPPER(TRIM(purchaser_address_indicator)), '') AS purchaser_address_indicator,
        NULLIF(TRIM(postal_code), '') AS postal_code,
        NULLIF(TRIM(postal_district), '') AS postal_district,
        NULLIF(TRIM(postal_sector), '') AS postal_sector,
        NULLIF(UPPER(TRIM(planning_region)), '') AS planning_region,
        NULLIF(UPPER(TRIM(planning_area)), '') AS planning_area
    FROM `ringed-griffin-509403-b4`.`propery_trans1`.`raw_property_trans`
)
SELECT
    *,
    SAFE_CAST(IF(REGEXP_CONTAINS(completion_date, r'^\d{4}$'), completion_date, NULL) AS INT64) AS completion_year,
    CASE
        WHEN UPPER(completion_date) = 'UNCOMPLETED' THEN 'UNCOMPLETED'
        WHEN REGEXP_CONTAINS(completion_date, r'^\d{4}$') THEN 'COMPLETED'
        WHEN completion_date IS NULL THEN NULL
        ELSE 'UNKNOWN'
    END AS completion_status
FROM cleaned
    );
  
[0m18:42:50.052147 [debug] [Thread-1 (]: BigQuery adapter: https://console.cloud.google.com/bigquery?project=ringed-griffin-509403-b4&j=bq:US:78c38611-836b-4b04-9c57-c90a36833301&page=queryresults
[0m18:42:52.664208 [debug] [Thread-1 (]: SQL status: OK in 2.612 seconds
[0m18:42:53.061644 [debug] [Thread-1 (]: Sending event: {'category': 'dbt', 'action': 'run_model', 'label': 'a54ebd60-aa19-4ba2-b61c-92f4288da114', 'context': [<snowplow_tracker.self_describing_json.SelfDescribingJson object at 0x70a89c1aed80>]}
[0m18:42:53.062360 [info ] [Thread-1 (]: 1 of 4 OK created sql table model propery_trans1.stg_property_transactions ..... [[32mCREATE TABLE (94.3k rows, 18.7 MiB processed)[0m in 4.15s]
[0m18:42:53.062808 [debug] [Thread-1 (]: Finished running node model.property_transaction_warehouse.stg_property_transactions
[0m18:42:53.063883 [debug] [Thread-3 (]: Began running node model.property_transaction_warehouse.dim_location
[0m18:42:53.064218 [info ] [Thread-3 (]: 2 of 4 START sql table model propery_trans1.dim_location ....................... [RUN]
[0m18:42:53.064505 [debug] [Thread-4 (]: Began running node model.property_transaction_warehouse.dim_project
[0m18:42:53.065018 [debug] [Thread-3 (]: Acquiring new bigquery connection 'model.property_transaction_warehouse.dim_location'
[0m18:42:53.065315 [info ] [Thread-4 (]: 3 of 4 START sql table model propery_trans1.dim_project ........................ [RUN]
[0m18:42:53.065697 [debug] [Thread-3 (]: Began compiling node model.property_transaction_warehouse.dim_location
[0m18:42:53.066078 [debug] [Thread-4 (]: Acquiring new bigquery connection 'model.property_transaction_warehouse.dim_project'
[0m18:42:53.067532 [debug] [Thread-3 (]: Writing injected SQL for node "model.property_transaction_warehouse.dim_location"
[0m18:42:53.068260 [debug] [Thread-4 (]: Began compiling node model.property_transaction_warehouse.dim_project
[0m18:42:53.070071 [debug] [Thread-4 (]: Writing injected SQL for node "model.property_transaction_warehouse.dim_project"
[0m18:42:53.070470 [debug] [Thread-3 (]: Began executing node model.property_transaction_warehouse.dim_location
[0m18:42:53.071498 [debug] [Thread-3 (]: Opening a new connection, currently in state init
[0m18:42:53.072596 [debug] [Thread-4 (]: Began executing node model.property_transaction_warehouse.dim_project
[0m18:42:53.073295 [debug] [Thread-4 (]: Opening a new connection, currently in state init
[0m18:42:53.470827 [debug] [Thread-3 (]: Writing runtime sql for node "model.property_transaction_warehouse.dim_location"
[0m18:42:53.471579 [debug] [Thread-3 (]: On model.property_transaction_warehouse.dim_location: /* {"app": "dbt", "dbt_version": "1.12.5", "profile_name": "property_transaction_warehouse", "target_name": "dev", "node_id": "model.property_transaction_warehouse.dim_location"} */

  
    

    create or replace table `ringed-griffin-509403-b4`.`propery_trans1`.`dim_location`
      
    
    

    
    OPTIONS()
    as (
      WITH locations AS (
    SELECT DISTINCT
        address,
        postal_code,
        postal_district,
        postal_sector,
        planning_region,
        planning_area
    FROM `ringed-griffin-509403-b4`.`propery_trans1`.`stg_property_transactions`
    WHERE address IS NOT NULL
       OR postal_code IS NOT NULL
       OR postal_district IS NOT NULL
       OR postal_sector IS NOT NULL
       OR planning_region IS NOT NULL
       OR planning_area IS NOT NULL
)
SELECT
    FARM_FINGERPRINT(TO_JSON_STRING(STRUCT(
        address,
        postal_code,
        postal_district,
        postal_sector,
        planning_region,
        planning_area
    ))) AS location_key,
    address,
    postal_code,
    postal_district,
    postal_sector,
    planning_region,
    planning_area
FROM locations
    );
  
[0m18:42:53.496657 [debug] [Thread-4 (]: Writing runtime sql for node "model.property_transaction_warehouse.dim_project"
[0m18:42:53.497230 [debug] [Thread-4 (]: On model.property_transaction_warehouse.dim_project: /* {"app": "dbt", "dbt_version": "1.12.5", "profile_name": "property_transaction_warehouse", "target_name": "dev", "node_id": "model.property_transaction_warehouse.dim_project"} */

  
    

    create or replace table `ringed-griffin-509403-b4`.`propery_trans1`.`dim_project`
      
    
    

    
    OPTIONS()
    as (
      WITH projects AS (
    SELECT DISTINCT
        project_name,
        property_type,
        tenure,
        completion_year,
        completion_status
    FROM `ringed-griffin-509403-b4`.`propery_trans1`.`stg_property_transactions`
    WHERE project_name IS NOT NULL
)
SELECT
    FARM_FINGERPRINT(TO_JSON_STRING(STRUCT(
        project_name,
        property_type,
        tenure,
        completion_year,
        completion_status
    ))) AS project_key,
    project_name,
    property_type,
    tenure,
    completion_year,
    completion_status
FROM projects
    );
  
[0m18:42:54.109426 [debug] [Thread-3 (]: BigQuery adapter: https://console.cloud.google.com/bigquery?project=ringed-griffin-509403-b4&j=bq:US:3a8a5d4c-7665-4b3e-9a92-77277e9c1e48&page=queryresults
[0m18:42:54.158788 [debug] [Thread-4 (]: BigQuery adapter: https://console.cloud.google.com/bigquery?project=ringed-griffin-509403-b4&j=bq:US:fbf14d14-e120-4966-8dbf-8425426feabd&page=queryresults
[0m18:42:55.636216 [debug] [Thread-4 (]: SQL status: OK in 1.477 seconds
[0m18:42:56.008149 [debug] [Thread-4 (]: Sending event: {'category': 'dbt', 'action': 'run_model', 'label': 'a54ebd60-aa19-4ba2-b61c-92f4288da114', 'context': [<snowplow_tracker.self_describing_json.SelfDescribingJson object at 0x70a877c06690>]}
[0m18:42:56.008610 [info ] [Thread-4 (]: 3 of 4 OK created sql table model propery_trans1.dim_project ................... [[32mCREATE TABLE (2.7k rows, 5.8 MiB processed)[0m in 2.94s]
[0m18:42:56.008929 [debug] [Thread-4 (]: Finished running node model.property_transaction_warehouse.dim_project
[0m18:42:56.253339 [debug] [Thread-3 (]: SQL status: OK in 2.143 seconds
[0m18:42:56.639336 [debug] [Thread-3 (]: Sending event: {'category': 'dbt', 'action': 'run_model', 'label': 'a54ebd60-aa19-4ba2-b61c-92f4288da114', 'context': [<snowplow_tracker.self_describing_json.SelfDescribingJson object at 0x70a877dd97f0>]}
[0m18:42:56.639844 [info ] [Thread-3 (]: 2 of 4 OK created sql table model propery_trans1.dim_location .................. [[32mCREATE TABLE (91.7k rows, 6.2 MiB processed)[0m in 3.57s]
[0m18:42:56.640152 [debug] [Thread-3 (]: Finished running node model.property_transaction_warehouse.dim_location
[0m18:42:56.640845 [debug] [Thread-1 (]: Began running node model.property_transaction_warehouse.fact_transaction
[0m18:42:56.641198 [info ] [Thread-1 (]: 4 of 4 START sql table model propery_trans1.fact_transaction ................... [RUN]
[0m18:42:56.641517 [debug] [Thread-1 (]: Re-using an available connection from the pool (formerly model.property_transaction_warehouse.stg_property_transactions, now model.property_transaction_warehouse.fact_transaction)
[0m18:42:56.641714 [debug] [Thread-1 (]: Began compiling node model.property_transaction_warehouse.fact_transaction
[0m18:42:56.643905 [debug] [Thread-1 (]: Writing injected SQL for node "model.property_transaction_warehouse.fact_transaction"
[0m18:42:56.644387 [debug] [Thread-1 (]: Began executing node model.property_transaction_warehouse.fact_transaction
[0m18:42:56.645202 [debug] [Thread-1 (]: Opening a new connection, currently in state closed
[0m18:42:57.000647 [debug] [Thread-1 (]: Writing runtime sql for node "model.property_transaction_warehouse.fact_transaction"
[0m18:42:57.001364 [debug] [Thread-1 (]: On model.property_transaction_warehouse.fact_transaction: /* {"app": "dbt", "dbt_version": "1.12.5", "profile_name": "property_transaction_warehouse", "target_name": "dev", "node_id": "model.property_transaction_warehouse.fact_transaction"} */

  
    

    create or replace table `ringed-griffin-509403-b4`.`propery_trans1`.`fact_transaction`
      
    
    

    
    OPTIONS()
    as (
      WITH transactions AS (
    SELECT
        *,
        ROW_NUMBER() OVER (
            ORDER BY TO_JSON_STRING(STRUCT(
                project_name,
                transacted_price,
                area_sqft,
                unit_price_psf,
                sale_date,
                address,
                type_of_sale,
                type_of_area,
                area_sqm,
                unit_price_psm,
                nett_price,
                property_type,
                number_of_units,
                tenure,
                completion_date,
                purchaser_address_indicator,
                postal_code,
                postal_district,
                postal_sector,
                planning_region,
                planning_area
            ))
        ) AS transaction_row_number
    FROM `ringed-griffin-509403-b4`.`propery_trans1`.`stg_property_transactions`
)
SELECT
    FARM_FINGERPRINT(CONCAT(
        TO_JSON_STRING(STRUCT(
            t.project_name,
            t.transacted_price,
            t.area_sqft,
            t.unit_price_psf,
            t.sale_date,
            t.address,
            t.type_of_sale,
            t.type_of_area,
            t.area_sqm,
            t.unit_price_psm,
            t.nett_price,
            t.property_type,
            t.number_of_units,
            t.tenure,
            t.completion_date,
            t.purchaser_address_indicator,
            t.postal_code,
            t.postal_district,
            t.postal_sector,
            t.planning_region,
            t.planning_area
        )),
        '#',
        CAST(transaction_row_number AS STRING)
    )) AS transaction_key,
    p.project_key,
    l.location_key,
    t.transacted_price,
    t.nett_price,
    t.area_sqft,
    t.area_sqm,
    t.unit_price_psf,
    t.unit_price_psm,
    t.number_of_units,
    t.type_of_sale,
    t.type_of_area,
    t.purchaser_address_indicator
FROM transactions AS t
LEFT JOIN `ringed-griffin-509403-b4`.`propery_trans1`.`dim_project` AS p
    ON t.project_name = p.project_name
    AND t.property_type IS NOT DISTINCT FROM p.property_type
    AND t.tenure IS NOT DISTINCT FROM p.tenure
    AND t.completion_year IS NOT DISTINCT FROM p.completion_year
    AND t.completion_status IS NOT DISTINCT FROM p.completion_status
LEFT JOIN `ringed-griffin-509403-b4`.`propery_trans1`.`dim_location` AS l
    ON t.address IS NOT DISTINCT FROM l.address
    AND t.postal_code IS NOT DISTINCT FROM l.postal_code
    AND t.postal_district IS NOT DISTINCT FROM l.postal_district
    AND t.postal_sector IS NOT DISTINCT FROM l.postal_sector
    AND t.planning_region IS NOT DISTINCT FROM l.planning_region
    AND t.planning_area IS NOT DISTINCT FROM l.planning_area
    );
  
[0m18:42:57.650580 [debug] [Thread-1 (]: BigQuery adapter: https://console.cloud.google.com/bigquery?project=ringed-griffin-509403-b4&j=bq:US:c2d5b0e3-83d5-4b87-80d8-3565070d0c37&page=queryresults
[0m18:43:04.429714 [debug] [Thread-1 (]: SQL status: OK in 6.779 seconds
[0m18:43:04.834469 [debug] [Thread-1 (]: Sending event: {'category': 'dbt', 'action': 'run_model', 'label': 'a54ebd60-aa19-4ba2-b61c-92f4288da114', 'context': [<snowplow_tracker.self_describing_json.SelfDescribingJson object at 0x70a877c06690>]}
[0m18:43:04.834964 [info ] [Thread-1 (]: 4 of 4 OK created sql table model propery_trans1.fact_transaction .............. [[32mCREATE TABLE (94.3k rows, 30.6 MiB processed)[0m in 8.19s]
[0m18:43:04.835304 [debug] [Thread-1 (]: Finished running node model.property_transaction_warehouse.fact_transaction
[0m18:43:04.838013 [debug] [MainThread]: Opening a new connection, currently in state closed
[0m18:43:04.838533 [debug] [MainThread]: Connection 'master' was properly closed.
[0m18:43:04.838720 [debug] [MainThread]: Connection 'model.property_transaction_warehouse.fact_transaction' was properly closed.
[0m18:43:04.838866 [debug] [MainThread]: Connection 'model.property_transaction_warehouse.dim_location' was properly closed.
[0m18:43:04.838998 [debug] [MainThread]: Connection 'model.property_transaction_warehouse.dim_project' was properly closed.
[0m18:43:04.839220 [info ] [MainThread]: 
[0m18:43:04.839407 [info ] [MainThread]: Finished running 4 table models in 0 hours 0 minutes and 37.22 seconds (37.22s).
[0m18:43:04.840002 [debug] [MainThread]: Command end result
[0m18:43:04.858529 [debug] [MainThread]: Wrote artifact WritableManifest to 2a_data_warehouse/target/manifest.json
[0m18:43:04.860397 [debug] [MainThread]: Wrote artifact SemanticManifest to 2a_data_warehouse/target/semantic_manifest.json
[0m18:43:04.861706 [debug] [MainThread]: Wrote artifact OsiDocument to 2a_data_warehouse/target/osi_document.json
[0m18:43:04.865322 [debug] [MainThread]: Wrote artifact RunExecutionResult to 2a_data_warehouse/target/run_results.json
[0m18:43:04.865522 [info ] [MainThread]: 
[0m18:43:04.865751 [info ] [MainThread]: [32mCompleted successfully[0m
[0m18:43:04.865918 [info ] [MainThread]: 
[0m18:43:04.866091 [info ] [MainThread]: Done. PASS=4 WARN=0 ERROR=0 SKIP=0 NO-OP=0 REUSED=0 TOTAL=4
[0m18:43:04.866419 [debug] [MainThread]: Resource report: {"command_name": "run", "command_success": true, "command_wall_clock_time": 38.109, "process_in_blocks": "1832", "process_kernel_time": 0.229515, "process_mem_max_rss": "243232", "process_out_blocks": "2976", "process_user_time": 2.717302}
[0m18:43:04.866741 [debug] [MainThread]: Command `dbt run` succeeded at 18:43:04.866689 after 38.11 seconds
[0m18:43:04.866946 [debug] [MainThread]: Sending event: {'category': 'dbt', 'action': 'invocation', 'label': 'end', 'context': [<snowplow_tracker.self_describing_json.SelfDescribingJson object at 0x70a8d53b3920>, <snowplow_tracker.self_describing_json.SelfDescribingJson object at 0x70a89c184470>, <snowplow_tracker.self_describing_json.SelfDescribingJson object at 0x70a89c5efbf0>]}
[0m18:43:04.867140 [debug] [MainThread]: Flushing usage events
[0m18:43:06.087074 [debug] [MainThread]: An error was encountered while trying to flush usage events
[0m18:43:11.579546 [debug] [MainThread]: Sending event: {'category': 'dbt', 'action': 'invocation', 'label': 'start', 'context': [<snowplow_tracker.self_describing_json.SelfDescribingJson object at 0x72e3379e6b40>, <snowplow_tracker.self_describing_json.SelfDescribingJson object at 0x72e3379e6ba0>, <snowplow_tracker.self_describing_json.SelfDescribingJson object at 0x72e3399f6180>]}


============================== 18:43:11.581566 | 28edfe18-ed74-43d8-bd80-9491dc1999b3 ==============================
[0m18:43:11.581566 [info ] [MainThread]: Running with dbt=1.12.5
[0m18:43:11.581846 [debug] [MainThread]: running dbt with arguments {'profiles_dir': './2a_data_warehouse', 'empty': 'None', 'cache_selected_only': 'False', 'maximum_seed_size_mib': '1', 'warn_error': 'None', 'debug': 'False', 'fail_fast': 'False', 'hints_enabled': 'True', 'printer_width': '80', 'warn_error_options': 'WarnErrorOptionsV2(error=[], warn=[], silence=[])', 'partial_parse': 'True', 'quiet': 'False', 'no_print': 'None', 'static_parser': 'True', 'invocation_command': 'dbt test --project-dir ./2a_data_warehouse --profiles-dir ./2a_data_warehouse', 'log_cache_events': 'False', 'use_experimental_parser': 'False', 'indirect_selection': 'eager', 'version_check': 'True', 'introspect': 'True', 'target_path': 'None', 'write_json': 'True', 'send_anonymous_usage_stats': 'True', 'log_path': '2a_data_warehouse/logs', 'log_format': 'default', 'use_colors': 'True'}
[0m18:43:12.132830 [debug] [MainThread]: Sending event: {'category': 'dbt', 'action': 'project_id', 'label': '28edfe18-ed74-43d8-bd80-9491dc1999b3', 'context': [<snowplow_tracker.self_describing_json.SelfDescribingJson object at 0x72e338a8cf20>]}
[0m18:43:12.166198 [debug] [MainThread]: Sending event: {'category': 'dbt', 'action': 'adapter_info', 'label': '28edfe18-ed74-43d8-bd80-9491dc1999b3', 'context': [<snowplow_tracker.self_describing_json.SelfDescribingJson object at 0x72e33a597aa0>]}
[0m18:43:12.166869 [info ] [MainThread]: Registered adapter: bigquery=1.12.1
[0m18:43:12.221670 [debug] [MainThread]: checksum: 9742bae524cb133816d56fa13025eeafb4819ed2acf766351b6099479fe392d2, vars: {}, profile: property_transaction_warehouse, target: dev, version: 1.12.5
[0m18:43:12.291203 [debug] [MainThread]: Partial parsing enabled: 0 files deleted, 0 files added, 0 files changed.
[0m18:43:12.291544 [debug] [MainThread]: Nothing changed, skipping partial parsing.
[0m18:43:12.291715 [debug] [MainThread]: Partial parsing enabled, no changes found, skipping parsing
[0m18:43:12.296775 [debug] [MainThread]: Sending event: {'category': 'dbt', 'action': 'load_project', 'label': '28edfe18-ed74-43d8-bd80-9491dc1999b3', 'context': [<snowplow_tracker.self_describing_json.SelfDescribingJson object at 0x72e2fe55f3b0>]}
[0m18:43:12.363910 [debug] [MainThread]: Wrote artifact WritableManifest to 2a_data_warehouse/target/manifest.json
[0m18:43:12.366027 [debug] [MainThread]: Wrote artifact SemanticManifest to 2a_data_warehouse/target/semantic_manifest.json
[0m18:43:12.373824 [debug] [MainThread]: Wrote artifact OsiDocument to 2a_data_warehouse/target/osi_document.json
[0m18:43:12.387484 [debug] [MainThread]: Sending event: {'category': 'dbt', 'action': 'resource_counts', 'label': '28edfe18-ed74-43d8-bd80-9491dc1999b3', 'context': [<snowplow_tracker.self_describing_json.SelfDescribingJson object at 0x72e2fde045c0>]}
[0m18:43:12.387961 [info ] [MainThread]: Found 4 models, 8 data tests, 1 source, 561 macros
[0m18:43:12.388175 [debug] [MainThread]: Sending event: {'category': 'dbt', 'action': 'runnable_timing', 'label': '28edfe18-ed74-43d8-bd80-9491dc1999b3', 'context': [<snowplow_tracker.self_describing_json.SelfDescribingJson object at 0x72e2fedcfec0>]}
[0m18:43:12.389498 [info ] [MainThread]: 
[0m18:43:12.389720 [info ] [MainThread]: Concurrency: 4 threads (target='dev')
[0m18:43:12.389896 [info ] [MainThread]: 
[0m18:43:12.390236 [debug] [MainThread]: Acquiring new bigquery connection 'master'
[0m18:43:12.393015 [debug] [ThreadPool]: Acquiring new bigquery connection 'list_ringed-griffin-509403-b4_propery_trans1'
[0m18:43:12.393269 [debug] [ThreadPool]: Opening a new connection, currently in state init
[0m18:43:32.115615 [debug] [MainThread]: Sending event: {'category': 'dbt', 'action': 'runnable_timing', 'label': '28edfe18-ed74-43d8-bd80-9491dc1999b3', 'context': [<snowplow_tracker.self_describing_json.SelfDescribingJson object at 0x72e2fdf02810>]}
[0m18:43:32.116165 [debug] [MainThread]: Opening a new connection, currently in state init
[0m18:43:32.118816 [debug] [Thread-1 (]: Began running node test.property_transaction_warehouse.not_null_dim_location_location_key.c1a2c0b86c
[0m18:43:32.119134 [debug] [Thread-2 (]: Began running node test.property_transaction_warehouse.not_null_dim_project_project_key.5cfc354fab
[0m18:43:32.120371 [info ] [Thread-1 (]: 1 of 8 START test not_null_dim_location_location_key ........................... [RUN]
[0m18:43:32.120728 [info ] [Thread-2 (]: 2 of 8 START test not_null_dim_project_project_key ............................. [RUN]
[0m18:43:32.121131 [debug] [Thread-1 (]: Re-using an available connection from the pool (formerly list_ringed-griffin-509403-b4_propery_trans1, now test.property_transaction_warehouse.not_null_dim_location_location_key.c1a2c0b86c)
[0m18:43:32.121429 [debug] [Thread-3 (]: Began running node test.property_transaction_warehouse.not_null_fact_transaction_transaction_key.274831b9a6
[0m18:43:32.121706 [debug] [Thread-4 (]: Began running node test.property_transaction_warehouse.relationships_fact_transaction_location_key__location_key__ref_dim_location_.a942d8afdc
[0m18:43:32.121988 [debug] [Thread-2 (]: Acquiring new bigquery connection 'test.property_transaction_warehouse.not_null_dim_project_project_key.5cfc354fab'
[0m18:43:32.122201 [debug] [Thread-1 (]: Began compiling node test.property_transaction_warehouse.not_null_dim_location_location_key.c1a2c0b86c
[0m18:43:32.122424 [info ] [Thread-3 (]: 3 of 8 START test not_null_fact_transaction_transaction_key .................... [RUN]
[0m18:43:32.122982 [info ] [Thread-4 (]: 4 of 8 START test relationships_fact_transaction_location_key__location_key__ref_dim_location_  [RUN]
[0m18:43:32.123245 [debug] [Thread-2 (]: Began compiling node test.property_transaction_warehouse.not_null_dim_project_project_key.5cfc354fab
[0m18:43:32.134267 [debug] [Thread-1 (]: Writing injected SQL for node "test.property_transaction_warehouse.not_null_dim_location_location_key.c1a2c0b86c"
[0m18:43:32.134795 [debug] [Thread-3 (]: Acquiring new bigquery connection 'test.property_transaction_warehouse.not_null_fact_transaction_transaction_key.274831b9a6'
[0m18:43:32.135211 [debug] [Thread-4 (]: Acquiring new bigquery connection 'test.property_transaction_warehouse.relationships_fact_transaction_location_key__location_key__ref_dim_location_.a942d8afdc'
[0m18:43:32.138598 [debug] [Thread-2 (]: Writing injected SQL for node "test.property_transaction_warehouse.not_null_dim_project_project_key.5cfc354fab"
[0m18:43:32.139076 [debug] [Thread-3 (]: Began compiling node test.property_transaction_warehouse.not_null_fact_transaction_transaction_key.274831b9a6
[0m18:43:32.139341 [debug] [Thread-4 (]: Began compiling node test.property_transaction_warehouse.relationships_fact_transaction_location_key__location_key__ref_dim_location_.a942d8afdc
[0m18:43:32.139717 [debug] [Thread-1 (]: Began executing node test.property_transaction_warehouse.not_null_dim_location_location_key.c1a2c0b86c
[0m18:43:32.142916 [debug] [Thread-3 (]: Writing injected SQL for node "test.property_transaction_warehouse.not_null_fact_transaction_transaction_key.274831b9a6"
[0m18:43:32.143159 [debug] [Thread-2 (]: Began executing node test.property_transaction_warehouse.not_null_dim_project_project_key.5cfc354fab
[0m18:43:32.151468 [debug] [Thread-4 (]: Writing injected SQL for node "test.property_transaction_warehouse.relationships_fact_transaction_location_key__location_key__ref_dim_location_.a942d8afdc"
[0m18:43:32.162424 [debug] [Thread-2 (]: Writing runtime sql for node "test.property_transaction_warehouse.not_null_dim_project_project_key.5cfc354fab"
[0m18:43:32.163226 [debug] [Thread-2 (]: On test.property_transaction_warehouse.not_null_dim_project_project_key.5cfc354fab: /* {"app": "dbt", "dbt_version": "1.12.5", "profile_name": "property_transaction_warehouse", "target_name": "dev", "node_id": "test.property_transaction_warehouse.not_null_dim_project_project_key.5cfc354fab"} */

    
    select
      count(*) as failures,
      count(*) != 0 as should_warn,
      count(*) != 0 as should_error
    from (
      
    
  
    
    



select project_key
from `ringed-griffin-509403-b4`.`propery_trans1`.`dim_project`
where project_key is null



  
  
      
    ) dbt_internal_test
[0m18:43:32.163544 [debug] [Thread-2 (]: Opening a new connection, currently in state init
[0m18:43:32.165329 [debug] [Thread-1 (]: Writing runtime sql for node "test.property_transaction_warehouse.not_null_dim_location_location_key.c1a2c0b86c"
[0m18:43:32.165828 [debug] [Thread-1 (]: On test.property_transaction_warehouse.not_null_dim_location_location_key.c1a2c0b86c: /* {"app": "dbt", "dbt_version": "1.12.5", "profile_name": "property_transaction_warehouse", "target_name": "dev", "node_id": "test.property_transaction_warehouse.not_null_dim_location_location_key.c1a2c0b86c"} */

    
    select
      count(*) as failures,
      count(*) != 0 as should_warn,
      count(*) != 0 as should_error
    from (
      
    
  
    
    



select location_key
from `ringed-griffin-509403-b4`.`propery_trans1`.`dim_location`
where location_key is null



  
  
      
    ) dbt_internal_test
[0m18:43:32.166059 [debug] [Thread-1 (]: Opening a new connection, currently in state closed
[0m18:43:32.167029 [debug] [Thread-4 (]: Began executing node test.property_transaction_warehouse.relationships_fact_transaction_location_key__location_key__ref_dim_location_.a942d8afdc
[0m18:43:32.168459 [debug] [Thread-4 (]: Writing runtime sql for node "test.property_transaction_warehouse.relationships_fact_transaction_location_key__location_key__ref_dim_location_.a942d8afdc"
[0m18:43:32.168854 [debug] [Thread-3 (]: Began executing node test.property_transaction_warehouse.not_null_fact_transaction_transaction_key.274831b9a6
[0m18:43:32.169849 [debug] [Thread-3 (]: Writing runtime sql for node "test.property_transaction_warehouse.not_null_fact_transaction_transaction_key.274831b9a6"
[0m18:43:32.170157 [debug] [Thread-3 (]: On test.property_transaction_warehouse.not_null_fact_transaction_transaction_key.274831b9a6: /* {"app": "dbt", "dbt_version": "1.12.5", "profile_name": "property_transaction_warehouse", "target_name": "dev", "node_id": "test.property_transaction_warehouse.not_null_fact_transaction_transaction_key.274831b9a6"} */

    
    select
      count(*) as failures,
      count(*) != 0 as should_warn,
      count(*) != 0 as should_error
    from (
      
    
  
    
    



select transaction_key
from `ringed-griffin-509403-b4`.`propery_trans1`.`fact_transaction`
where transaction_key is null



  
  
      
    ) dbt_internal_test
[0m18:43:32.170841 [debug] [Thread-3 (]: Opening a new connection, currently in state init
[0m18:43:32.171714 [debug] [Thread-4 (]: On test.property_transaction_warehouse.relationships_fact_transaction_location_key__location_key__ref_dim_location_.a942d8afdc: /* {"app": "dbt", "dbt_version": "1.12.5", "profile_name": "property_transaction_warehouse", "target_name": "dev", "node_id": "test.property_transaction_warehouse.relationships_fact_transaction_location_key__location_key__ref_dim_location_.a942d8afdc"} */

    
    select
      count(*) as failures,
      count(*) != 0 as should_warn,
      count(*) != 0 as should_error
    from (
      
    
  
    
    

with child as (
    select location_key as from_field
    from `ringed-griffin-509403-b4`.`propery_trans1`.`fact_transaction`
    where location_key is not null
),

parent as (
    select location_key as to_field
    from `ringed-griffin-509403-b4`.`propery_trans1`.`dim_location`
)

select
    from_field

from child
left join parent
    on child.from_field = parent.to_field

where parent.to_field is null



  
  
      
    ) dbt_internal_test
[0m18:43:32.171991 [debug] [Thread-4 (]: Opening a new connection, currently in state init
[0m18:43:32.850874 [debug] [Thread-3 (]: BigQuery adapter: https://console.cloud.google.com/bigquery?project=ringed-griffin-509403-b4&j=bq:US:2b1d2b70-9f75-41b8-92d4-94ed2e91e63c&page=queryresults
[0m18:43:32.875967 [debug] [Thread-2 (]: BigQuery adapter: https://console.cloud.google.com/bigquery?project=ringed-griffin-509403-b4&j=bq:US:6490f9a1-2b72-46b0-9457-0fd76f78c82a&page=queryresults
[0m18:43:32.893916 [debug] [Thread-4 (]: BigQuery adapter: https://console.cloud.google.com/bigquery?project=ringed-griffin-509403-b4&j=bq:US:b6a4380d-5d44-4a72-ac39-8c6e57852fd7&page=queryresults
[0m18:43:33.206353 [debug] [Thread-3 (]: SQL status: OK in 0.355 seconds
[0m18:43:33.223872 [debug] [Thread-2 (]: SQL status: OK in 0.347 seconds
[0m18:43:33.226180 [debug] [Thread-4 (]: SQL status: OK in 0.332 seconds
[0m18:43:33.490756 [debug] [Thread-1 (]: BigQuery adapter: https://console.cloud.google.com/bigquery?project=ringed-griffin-509403-b4&j=bq:US:4817e8f8-2934-4041-bf35-9cd05218f46d&page=queryresults
[0m18:43:33.844569 [debug] [Thread-1 (]: SQL status: OK in 0.353 seconds
[0m18:43:33.893525 [info ] [Thread-4 (]: 4 of 8 PASS relationships_fact_transaction_location_key__location_key__ref_dim_location_  [[32mPASS[0m in 1.76s]
[0m18:43:33.894030 [debug] [Thread-4 (]: Finished running node test.property_transaction_warehouse.relationships_fact_transaction_location_key__location_key__ref_dim_location_.a942d8afdc
[0m18:43:33.894262 [debug] [Thread-4 (]: Began running node test.property_transaction_warehouse.relationships_fact_transaction_project_key__project_key__ref_dim_project_.a445602349
[0m18:43:33.894467 [info ] [Thread-4 (]: 5 of 8 START test relationships_fact_transaction_project_key__project_key__ref_dim_project_  [RUN]
[0m18:43:33.894711 [debug] [Thread-4 (]: Re-using an available connection from the pool (formerly test.property_transaction_warehouse.relationships_fact_transaction_location_key__location_key__ref_dim_location_.a942d8afdc, now test.property_transaction_warehouse.relationships_fact_transaction_project_key__project_key__ref_dim_project_.a445602349)
[0m18:43:33.894890 [debug] [Thread-4 (]: Began compiling node test.property_transaction_warehouse.relationships_fact_transaction_project_key__project_key__ref_dim_project_.a445602349
[0m18:43:33.902122 [debug] [Thread-4 (]: Writing injected SQL for node "test.property_transaction_warehouse.relationships_fact_transaction_project_key__project_key__ref_dim_project_.a445602349"
[0m18:43:33.902651 [debug] [Thread-4 (]: Began executing node test.property_transaction_warehouse.relationships_fact_transaction_project_key__project_key__ref_dim_project_.a445602349
[0m18:43:33.903668 [debug] [Thread-4 (]: Writing runtime sql for node "test.property_transaction_warehouse.relationships_fact_transaction_project_key__project_key__ref_dim_project_.a445602349"
[0m18:43:33.903996 [debug] [Thread-4 (]: On test.property_transaction_warehouse.relationships_fact_transaction_project_key__project_key__ref_dim_project_.a445602349: /* {"app": "dbt", "dbt_version": "1.12.5", "profile_name": "property_transaction_warehouse", "target_name": "dev", "node_id": "test.property_transaction_warehouse.relationships_fact_transaction_project_key__project_key__ref_dim_project_.a445602349"} */

    
    select
      count(*) as failures,
      count(*) != 0 as should_warn,
      count(*) != 0 as should_error
    from (
      
    
  
    
    

with child as (
    select project_key as from_field
    from `ringed-griffin-509403-b4`.`propery_trans1`.`fact_transaction`
    where project_key is not null
),

parent as (
    select project_key as to_field
    from `ringed-griffin-509403-b4`.`propery_trans1`.`dim_project`
)

select
    from_field

from child
left join parent
    on child.from_field = parent.to_field

where parent.to_field is null



  
  
      
    ) dbt_internal_test
[0m18:43:33.904237 [debug] [Thread-4 (]: Opening a new connection, currently in state closed
[0m18:43:33.906467 [info ] [Thread-3 (]: 3 of 8 PASS not_null_fact_transaction_transaction_key .......................... [[32mPASS[0m in 1.77s]
[0m18:43:33.906935 [debug] [Thread-3 (]: Finished running node test.property_transaction_warehouse.not_null_fact_transaction_transaction_key.274831b9a6
[0m18:43:33.907157 [debug] [Thread-3 (]: Began running node test.property_transaction_warehouse.unique_dim_location_location_key.b5757d64b6
[0m18:43:33.907338 [info ] [Thread-3 (]: 6 of 8 START test unique_dim_location_location_key ............................. [RUN]
[0m18:43:33.907717 [debug] [Thread-3 (]: Re-using an available connection from the pool (formerly test.property_transaction_warehouse.not_null_fact_transaction_transaction_key.274831b9a6, now test.property_transaction_warehouse.unique_dim_location_location_key.b5757d64b6)
[0m18:43:33.907956 [debug] [Thread-3 (]: Began compiling node test.property_transaction_warehouse.unique_dim_location_location_key.b5757d64b6
[0m18:43:33.912212 [debug] [Thread-3 (]: Writing injected SQL for node "test.property_transaction_warehouse.unique_dim_location_location_key.b5757d64b6"
[0m18:43:33.912569 [debug] [Thread-3 (]: Began executing node test.property_transaction_warehouse.unique_dim_location_location_key.b5757d64b6
[0m18:43:33.913578 [debug] [Thread-3 (]: Writing runtime sql for node "test.property_transaction_warehouse.unique_dim_location_location_key.b5757d64b6"
[0m18:43:33.914077 [debug] [Thread-3 (]: On test.property_transaction_warehouse.unique_dim_location_location_key.b5757d64b6: /* {"app": "dbt", "dbt_version": "1.12.5", "profile_name": "property_transaction_warehouse", "target_name": "dev", "node_id": "test.property_transaction_warehouse.unique_dim_location_location_key.b5757d64b6"} */

    
    select
      count(*) as failures,
      count(*) != 0 as should_warn,
      count(*) != 0 as should_error
    from (
      
    
  
    
    

with dbt_test__target as (

  select location_key as unique_field
  from `ringed-griffin-509403-b4`.`propery_trans1`.`dim_location`
  where location_key is not null

)

select
    unique_field,
    count(*) as n_records

from dbt_test__target
group by unique_field
having count(*) > 1



  
  
      
    ) dbt_internal_test
[0m18:43:33.914391 [debug] [Thread-3 (]: Opening a new connection, currently in state closed
[0m18:43:33.992799 [info ] [Thread-2 (]: 2 of 8 PASS not_null_dim_project_project_key ................................... [[32mPASS[0m in 1.87s]
[0m18:43:33.993265 [debug] [Thread-2 (]: Finished running node test.property_transaction_warehouse.not_null_dim_project_project_key.5cfc354fab
[0m18:43:33.993489 [debug] [Thread-2 (]: Began running node test.property_transaction_warehouse.unique_dim_project_project_key.793b35d8e1
[0m18:43:33.993666 [info ] [Thread-2 (]: 7 of 8 START test unique_dim_project_project_key ............................... [RUN]
[0m18:43:33.993899 [debug] [Thread-2 (]: Re-using an available connection from the pool (formerly test.property_transaction_warehouse.not_null_dim_project_project_key.5cfc354fab, now test.property_transaction_warehouse.unique_dim_project_project_key.793b35d8e1)
[0m18:43:33.994080 [debug] [Thread-2 (]: Began compiling node test.property_transaction_warehouse.unique_dim_project_project_key.793b35d8e1
[0m18:43:34.001391 [debug] [Thread-2 (]: Writing injected SQL for node "test.property_transaction_warehouse.unique_dim_project_project_key.793b35d8e1"
[0m18:43:34.002008 [debug] [Thread-2 (]: Began executing node test.property_transaction_warehouse.unique_dim_project_project_key.793b35d8e1
[0m18:43:34.003297 [debug] [Thread-2 (]: Writing runtime sql for node "test.property_transaction_warehouse.unique_dim_project_project_key.793b35d8e1"
[0m18:43:34.003772 [debug] [Thread-2 (]: On test.property_transaction_warehouse.unique_dim_project_project_key.793b35d8e1: /* {"app": "dbt", "dbt_version": "1.12.5", "profile_name": "property_transaction_warehouse", "target_name": "dev", "node_id": "test.property_transaction_warehouse.unique_dim_project_project_key.793b35d8e1"} */

    
    select
      count(*) as failures,
      count(*) != 0 as should_warn,
      count(*) != 0 as should_error
    from (
      
    
  
    
    

with dbt_test__target as (

  select project_key as unique_field
  from `ringed-griffin-509403-b4`.`propery_trans1`.`dim_project`
  where project_key is not null

)

select
    unique_field,
    count(*) as n_records

from dbt_test__target
group by unique_field
having count(*) > 1



  
  
      
    ) dbt_internal_test
[0m18:43:34.004088 [debug] [Thread-2 (]: Opening a new connection, currently in state closed
[0m18:43:34.539721 [debug] [Thread-3 (]: BigQuery adapter: https://console.cloud.google.com/bigquery?project=ringed-griffin-509403-b4&j=bq:US:d16dd517-9330-4857-85f8-d3ad1b91abbf&page=queryresults
[0m18:43:34.546214 [debug] [Thread-4 (]: BigQuery adapter: https://console.cloud.google.com/bigquery?project=ringed-griffin-509403-b4&j=bq:US:b5a32415-b7ef-46e0-872c-060187ade7f0&page=queryresults
[0m18:43:34.560881 [info ] [Thread-1 (]: 1 of 8 PASS not_null_dim_location_location_key ................................. [[32mPASS[0m in 2.44s]
[0m18:43:34.561334 [debug] [Thread-1 (]: Finished running node test.property_transaction_warehouse.not_null_dim_location_location_key.c1a2c0b86c
[0m18:43:34.561564 [debug] [Thread-1 (]: Began running node test.property_transaction_warehouse.unique_fact_transaction_transaction_key.2bf6393ada
[0m18:43:34.561747 [info ] [Thread-1 (]: 8 of 8 START test unique_fact_transaction_transaction_key ...................... [RUN]
[0m18:43:34.561976 [debug] [Thread-1 (]: Re-using an available connection from the pool (formerly test.property_transaction_warehouse.not_null_dim_location_location_key.c1a2c0b86c, now test.property_transaction_warehouse.unique_fact_transaction_transaction_key.2bf6393ada)
[0m18:43:34.562159 [debug] [Thread-1 (]: Began compiling node test.property_transaction_warehouse.unique_fact_transaction_transaction_key.2bf6393ada
[0m18:43:34.565924 [debug] [Thread-1 (]: Writing injected SQL for node "test.property_transaction_warehouse.unique_fact_transaction_transaction_key.2bf6393ada"
[0m18:43:34.566520 [debug] [Thread-1 (]: Began executing node test.property_transaction_warehouse.unique_fact_transaction_transaction_key.2bf6393ada
[0m18:43:34.567671 [debug] [Thread-1 (]: Writing runtime sql for node "test.property_transaction_warehouse.unique_fact_transaction_transaction_key.2bf6393ada"
[0m18:43:34.568165 [debug] [Thread-1 (]: On test.property_transaction_warehouse.unique_fact_transaction_transaction_key.2bf6393ada: /* {"app": "dbt", "dbt_version": "1.12.5", "profile_name": "property_transaction_warehouse", "target_name": "dev", "node_id": "test.property_transaction_warehouse.unique_fact_transaction_transaction_key.2bf6393ada"} */

    
    select
      count(*) as failures,
      count(*) != 0 as should_warn,
      count(*) != 0 as should_error
    from (
      
    
  
    
    

with dbt_test__target as (

  select transaction_key as unique_field
  from `ringed-griffin-509403-b4`.`propery_trans1`.`fact_transaction`
  where transaction_key is not null

)

select
    unique_field,
    count(*) as n_records

from dbt_test__target
group by unique_field
having count(*) > 1



  
  
      
    ) dbt_internal_test
[0m18:43:34.568496 [debug] [Thread-1 (]: Opening a new connection, currently in state closed
[0m18:43:34.679479 [debug] [Thread-2 (]: BigQuery adapter: https://console.cloud.google.com/bigquery?project=ringed-griffin-509403-b4&j=bq:US:690509f0-003a-40d0-87bb-de26b67b8b30&page=queryresults
[0m18:43:34.870797 [debug] [Thread-4 (]: SQL status: OK in 0.324 seconds
[0m18:43:34.883468 [debug] [Thread-3 (]: SQL status: OK in 0.343 seconds
[0m18:43:35.012814 [debug] [Thread-2 (]: SQL status: OK in 0.333 seconds
[0m18:43:35.242385 [debug] [Thread-1 (]: BigQuery adapter: https://console.cloud.google.com/bigquery?project=ringed-griffin-509403-b4&j=bq:US:132d0915-9c1b-47a4-be78-0d60184133e1&page=queryresults
[0m18:43:35.565362 [info ] [Thread-3 (]: 6 of 8 PASS unique_dim_location_location_key ................................... [[32mPASS[0m in 1.66s]
[0m18:43:35.565892 [debug] [Thread-3 (]: Finished running node test.property_transaction_warehouse.unique_dim_location_location_key.b5757d64b6
[0m18:43:35.593658 [info ] [Thread-4 (]: 5 of 8 PASS relationships_fact_transaction_project_key__project_key__ref_dim_project_  [[32mPASS[0m in 1.70s]
[0m18:43:35.594130 [debug] [Thread-4 (]: Finished running node test.property_transaction_warehouse.relationships_fact_transaction_project_key__project_key__ref_dim_project_.a445602349
[0m18:43:35.600814 [debug] [Thread-1 (]: SQL status: OK in 0.358 seconds
[0m18:43:35.682115 [info ] [Thread-2 (]: 7 of 8 PASS unique_dim_project_project_key ..................................... [[32mPASS[0m in 1.69s]
[0m18:43:35.682626 [debug] [Thread-2 (]: Finished running node test.property_transaction_warehouse.unique_dim_project_project_key.793b35d8e1
[0m18:43:36.304857 [info ] [Thread-1 (]: 8 of 8 PASS unique_fact_transaction_transaction_key ............................ [[32mPASS[0m in 1.74s]
[0m18:43:36.305309 [debug] [Thread-1 (]: Finished running node test.property_transaction_warehouse.unique_fact_transaction_transaction_key.2bf6393ada
[0m18:43:36.306725 [debug] [MainThread]: Opening a new connection, currently in state closed
[0m18:43:36.307471 [debug] [MainThread]: Connection 'master' was properly closed.
[0m18:43:36.307702 [debug] [MainThread]: Connection 'test.property_transaction_warehouse.unique_fact_transaction_transaction_key.2bf6393ada' was properly closed.
[0m18:43:36.307853 [debug] [MainThread]: Connection 'test.property_transaction_warehouse.unique_dim_project_project_key.793b35d8e1' was properly closed.
[0m18:43:36.308009 [debug] [MainThread]: Connection 'test.property_transaction_warehouse.unique_dim_location_location_key.b5757d64b6' was properly closed.
[0m18:43:36.308161 [debug] [MainThread]: Connection 'test.property_transaction_warehouse.relationships_fact_transaction_project_key__project_key__ref_dim_project_.a445602349' was properly closed.
[0m18:43:36.308365 [info ] [MainThread]: 
[0m18:43:36.308557 [info ] [MainThread]: Finished running 8 data tests in 0 hours 0 minutes and 23.92 seconds (23.92s).
[0m18:43:36.309379 [debug] [MainThread]: Command end result
[0m18:43:36.325975 [debug] [MainThread]: Wrote artifact WritableManifest to 2a_data_warehouse/target/manifest.json
[0m18:43:36.327690 [debug] [MainThread]: Wrote artifact SemanticManifest to 2a_data_warehouse/target/semantic_manifest.json
[0m18:43:36.328913 [debug] [MainThread]: Wrote artifact OsiDocument to 2a_data_warehouse/target/osi_document.json
[0m18:43:36.333260 [debug] [MainThread]: Wrote artifact RunExecutionResult to 2a_data_warehouse/target/run_results.json
[0m18:43:36.333517 [info ] [MainThread]: 
[0m18:43:36.333740 [info ] [MainThread]: [32mCompleted successfully[0m
[0m18:43:36.333896 [info ] [MainThread]: 
[0m18:43:36.334088 [info ] [MainThread]: Done. PASS=8 WARN=0 ERROR=0 SKIP=0 NO-OP=0 REUSED=0 TOTAL=8
[0m18:43:36.334443 [debug] [MainThread]: Resource report: {"command_name": "test", "command_success": true, "command_wall_clock_time": 24.79769, "process_in_blocks": "1128", "process_kernel_time": 0.179396, "process_mem_max_rss": "246456", "process_out_blocks": "3024", "process_user_time": 2.866267}
[0m18:43:36.334805 [debug] [MainThread]: Command `dbt test` succeeded at 18:43:36.334750 after 24.80 seconds
[0m18:43:36.335014 [debug] [MainThread]: Sending event: {'category': 'dbt', 'action': 'invocation', 'label': 'end', 'context': [<snowplow_tracker.self_describing_json.SelfDescribingJson object at 0x72e3379e6b40>, <snowplow_tracker.self_describing_json.SelfDescribingJson object at 0x72e338346840>, <snowplow_tracker.self_describing_json.SelfDescribingJson object at 0x72e2fe226c00>]}
[0m18:43:36.335202 [debug] [MainThread]: Flushing usage events
[0m18:43:37.310596 [debug] [MainThread]: An error was encountered while trying to flush usage events
[0m18:44:38.945188 [debug] [MainThread]: Sending event: {'category': 'dbt', 'action': 'invocation', 'label': 'start', 'context': [<snowplow_tracker.self_describing_json.SelfDescribingJson object at 0x74068667a7b0>, <snowplow_tracker.self_describing_json.SelfDescribingJson object at 0x7406884d4f50>, <snowplow_tracker.self_describing_json.SelfDescribingJson object at 0x740685047890>]}


============================== 18:44:38.948628 | 3589ad89-f30f-46ab-8069-8cfdfb9eb2b2 ==============================
[0m18:44:38.948628 [info ] [MainThread]: Running with dbt=1.12.5
[0m18:44:38.949013 [debug] [MainThread]: running dbt with arguments {'indirect_selection': 'eager', 'log_cache_events': 'False', 'profiles_dir': '/home/jenho/Proj 2 - Property Transaction V1/2a_data_warehouse', 'maximum_seed_size_mib': '1', 'static_parser': 'True', 'send_anonymous_usage_stats': 'True', 'debug': 'False', 'no_print': 'None', 'version_check': 'True', 'empty': 'None', 'write_json': 'True', 'introspect': 'True', 'quiet': 'False', 'invocation_command': 'dbt debug', 'use_colors': 'True', 'printer_width': '80', 'target_path': 'None', 'hints_enabled': 'True', 'warn_error': 'None', 'partial_parse': 'True', 'use_experimental_parser': 'False', 'log_path': '/home/jenho/Proj 2 - Property Transaction V1/2a_data_warehouse/logs', 'log_format': 'default', 'cache_selected_only': 'False', 'fail_fast': 'False', 'warn_error_options': 'WarnErrorOptionsV2(error=[], warn=[], silence=[])'}
[0m18:44:38.954401 [info ] [MainThread]: dbt version: 1.12.5
[0m18:44:38.955159 [info ] [MainThread]: python version: 3.14.7
[0m18:44:38.955379 [info ] [MainThread]: python path: /home/jenho/miniconda3/bin/python3
[0m18:44:38.955534 [info ] [MainThread]: os info: Linux-6.18.33.2-microsoft-standard-WSL2-x86_64-with-glibc2.43
[0m18:44:39.343995 [info ] [MainThread]: Using profiles dir at /home/jenho/Proj 2 - Property Transaction V1/2a_data_warehouse
[0m18:44:39.344562 [info ] [MainThread]: Using profiles.yml file at /home/jenho/Proj 2 - Property Transaction V1/2a_data_warehouse/profiles.yml
[0m18:44:39.344759 [info ] [MainThread]: Using dbt_project.yml file at /home/jenho/Proj 2 - Property Transaction V1/2a_data_warehouse/dbt_project.yml
[0m18:44:39.344899 [info ] [MainThread]: adapter type: bigquery
[0m18:44:39.345088 [info ] [MainThread]: adapter version: 1.12.1
[0m18:44:39.406891 [info ] [MainThread]: Configuration:
[0m18:44:39.407301 [info ] [MainThread]:   profiles.yml file [[32mOK found and valid[0m]
[0m18:44:39.407517 [info ] [MainThread]:   dbt_project.yml file [[32mOK found and valid[0m]
[0m18:44:39.407798 [info ] [MainThread]: Required dependencies:
[0m18:44:39.408032 [debug] [MainThread]: Executing "git --help"
[0m18:44:39.409426 [debug] [MainThread]: STDOUT: "b"usage: git [-v | --version] [-h | --help] [-C <path>] [-c <name>=<value>]\n           [--exec-path[=<path>]] [--html-path] [--man-path] [--info-path]\n           [-p | --paginate | -P | --no-pager] [--no-replace-objects] [--no-lazy-fetch]\n           [--no-optional-locks] [--no-advice] [--bare] [--git-dir=<path>]\n           [--work-tree=<path>] [--namespace=<name>] [--config-env=<name>=<envvar>]\n           <command> [<args>]\n\nThese are common Git commands used in various situations:\n\nstart a working area (see also: git help tutorial)\n   clone      Clone a repository into a new directory\n   init       Create an empty Git repository or reinitialize an existing one\n\nwork on the current change (see also: git help everyday)\n   add        Add file contents to the index\n   mv         Move or rename a file, a directory, or a symlink\n   restore    Restore working tree files\n   rm         Remove files from the working tree and from the index\n\nexamine the history and state (see also: git help revisions)\n   bisect     Use binary search to find the commit that introduced a bug\n   diff       Show changes between commits, commit and working tree, etc\n   grep       Print lines matching a pattern\n   log        Show commit logs\n   show       Show various types of objects\n   status     Show the working tree status\n\ngrow, mark and tweak your common history\n   backfill   Download missing objects in a partial clone\n   branch     List, create, or delete branches\n   commit     Record changes to the repository\n   merge      Join two or more development histories together\n   rebase     Reapply commits on top of another base tip\n   reset      Set `HEAD` or the index to a known state\n   switch     Switch branches\n   tag        Create, list, delete or verify tags\n\ncollaborate (see also: git help workflows)\n   fetch      Download objects and refs from another repository\n   pull       Fetch from and integrate with another repository or a local branch\n   push       Update remote refs along with associated objects\n\n'git help -a' and 'git help -g' list available subcommands and some\nconcept guides. See 'git help <command>' or 'git help <concept>'\nto read about a specific subcommand or concept.\nSee 'git help git' for an overview of the system.\n""
[0m18:44:39.409737 [debug] [MainThread]: STDERR: "b''"
[0m18:44:39.409929 [info ] [MainThread]:  - git [[32mOK found[0m]

[0m18:44:39.410125 [info ] [MainThread]: Connection:
[0m18:44:39.410332 [info ] [MainThread]:   method: oauth
[0m18:44:39.410508 [info ] [MainThread]:   database: ringed-griffin-509403-b4
[0m18:44:39.410671 [info ] [MainThread]:   execution_project: ringed-griffin-509403-b4
[0m18:44:39.410834 [info ] [MainThread]:   schema: propery_trans1
[0m18:44:39.411020 [info ] [MainThread]:   location: None
[0m18:44:39.411191 [info ] [MainThread]:   priority: interactive
[0m18:44:39.411352 [info ] [MainThread]:   maximum_bytes_billed: None
[0m18:44:39.411509 [info ] [MainThread]:   reservation: None
[0m18:44:39.411717 [info ] [MainThread]:   impersonate_service_account: None
[0m18:44:39.411888 [info ] [MainThread]:   job_retry_deadline_seconds: None
[0m18:44:39.412042 [info ] [MainThread]:   job_retries: 1
[0m18:44:39.412198 [info ] [MainThread]:   job_creation_timeout_seconds: None
[0m18:44:39.412353 [info ] [MainThread]:   job_execution_timeout_seconds: None
[0m18:44:39.412476 [info ] [MainThread]:   job_link_info_level_log: False
[0m18:44:39.412598 [info ] [MainThread]:   timeout_seconds: None
[0m18:44:39.412720 [info ] [MainThread]:   client_id: None
[0m18:44:39.412836 [info ] [MainThread]:   token_uri: None
[0m18:44:39.412953 [info ] [MainThread]:   compute_region: None
[0m18:44:39.413089 [info ] [MainThread]:   dataproc_cluster_name: None
[0m18:44:39.413227 [info ] [MainThread]:   gcs_bucket: None
[0m18:44:39.413380 [info ] [MainThread]:   dataproc_batch: None
[0m18:44:39.413641 [info ] [MainThread]: Registered adapter: bigquery=1.12.1
[0m18:44:39.456613 [debug] [MainThread]: Acquiring new bigquery connection 'debug'
[0m18:44:39.456944 [debug] [MainThread]: On debug: select 1 as id
[0m18:44:39.457170 [debug] [MainThread]: Opening a new connection, currently in state init
[0m18:44:53.292975 [debug] [MainThread]: BigQuery adapter: https://console.cloud.google.com/bigquery?project=ringed-griffin-509403-b4&j=bq:US:5cd2686f-bc68-4080-a11e-8758a895ccb8&page=queryresults
[0m18:44:53.657632 [debug] [MainThread]: SQL status: OK in 0.364 seconds
[0m18:44:54.070110 [info ] [MainThread]:   Connection test: [[32mOK connection ok[0m]

[0m18:44:54.070635 [info ] [MainThread]: [32mAll checks passed![0m
[0m18:44:54.071105 [debug] [MainThread]: Resource report: {"command_name": "debug", "command_success": true, "command_wall_clock_time": 15.167435, "process_in_blocks": "2944", "process_kernel_time": 0.153654, "process_mem_max_rss": "256052", "process_out_blocks": "24", "process_user_time": 2.349296}
[0m18:44:54.071393 [debug] [MainThread]: Command `dbt debug` succeeded at 18:44:54.071332 after 15.17 seconds
[0m18:44:54.071589 [debug] [MainThread]: Connection 'debug' was properly closed.
[0m18:44:54.071811 [debug] [MainThread]: Sending event: {'category': 'dbt', 'action': 'invocation', 'label': 'end', 'context': [<snowplow_tracker.self_describing_json.SelfDescribingJson object at 0x74064b7dafd0>, <snowplow_tracker.self_describing_json.SelfDescribingJson object at 0x74064b5cf530>, <snowplow_tracker.self_describing_json.SelfDescribingJson object at 0x74064b54fdf0>]}
[0m18:44:54.072067 [debug] [MainThread]: Flushing usage events
[0m18:44:55.000771 [debug] [MainThread]: An error was encountered while trying to flush usage events
[0m18:45:01.138890 [debug] [MainThread]: Sending event: {'category': 'dbt', 'action': 'invocation', 'label': 'start', 'context': [<snowplow_tracker.self_describing_json.SelfDescribingJson object at 0x7a7bd097a7b0>, <snowplow_tracker.self_describing_json.SelfDescribingJson object at 0x7a7bd2798f50>, <snowplow_tracker.self_describing_json.SelfDescribingJson object at 0x7a7bcf1ff890>]}


============================== 18:45:01.141609 | 1c4971c9-a698-4a1f-a5cd-5801d90e7571 ==============================
[0m18:45:01.141609 [info ] [MainThread]: Running with dbt=1.12.5
[0m18:45:01.141942 [debug] [MainThread]: running dbt with arguments {'debug': 'False', 'hints_enabled': 'True', 'profiles_dir': '/home/jenho/Proj 2 - Property Transaction V1/2a_data_warehouse', 'invocation_command': 'dbt test', 'warn_error': 'None', 'use_colors': 'True', 'maximum_seed_size_mib': '1', 'indirect_selection': 'eager', 'version_check': 'True', 'write_json': 'True', 'fail_fast': 'False', 'cache_selected_only': 'False', 'use_experimental_parser': 'False', 'no_print': 'None', 'target_path': 'None', 'send_anonymous_usage_stats': 'True', 'partial_parse': 'True', 'warn_error_options': 'WarnErrorOptionsV2(error=[], warn=[], silence=[])', 'log_cache_events': 'False', 'quiet': 'False', 'log_path': '/home/jenho/Proj 2 - Property Transaction V1/2a_data_warehouse/logs', 'introspect': 'True', 'empty': 'None', 'log_format': 'default', 'static_parser': 'True', 'printer_width': '80'}
[0m18:45:01.627555 [debug] [MainThread]: Sending event: {'category': 'dbt', 'action': 'project_id', 'label': '1c4971c9-a698-4a1f-a5cd-5801d90e7571', 'context': [<snowplow_tracker.self_describing_json.SelfDescribingJson object at 0x7a7b9592e3f0>]}
[0m18:45:01.665708 [debug] [MainThread]: Sending event: {'category': 'dbt', 'action': 'adapter_info', 'label': '1c4971c9-a698-4a1f-a5cd-5801d90e7571', 'context': [<snowplow_tracker.self_describing_json.SelfDescribingJson object at 0x7a7bd29578a0>]}
[0m18:45:01.666673 [info ] [MainThread]: Registered adapter: bigquery=1.12.1
[0m18:45:01.709519 [debug] [MainThread]: checksum: 9742bae524cb133816d56fa13025eeafb4819ed2acf766351b6099479fe392d2, vars: {}, profile: property_transaction_warehouse, target: dev, version: 1.12.5
[0m18:45:01.851888 [debug] [MainThread]: Partial parsing enabled: 0 files deleted, 0 files added, 0 files changed.
[0m18:45:01.852252 [debug] [MainThread]: Nothing changed, skipping partial parsing.
[0m18:45:01.852420 [debug] [MainThread]: Partial parsing enabled, no changes found, skipping parsing
[0m18:45:01.857688 [debug] [MainThread]: Sending event: {'category': 'dbt', 'action': 'load_project', 'label': '1c4971c9-a698-4a1f-a5cd-5801d90e7571', 'context': [<snowplow_tracker.self_describing_json.SelfDescribingJson object at 0x7a7b95205250>]}
[0m18:45:01.924024 [debug] [MainThread]: Wrote artifact WritableManifest to /home/jenho/Proj 2 - Property Transaction V1/2a_data_warehouse/target/manifest.json
[0m18:45:01.926320 [debug] [MainThread]: Wrote artifact SemanticManifest to /home/jenho/Proj 2 - Property Transaction V1/2a_data_warehouse/target/semantic_manifest.json
[0m18:45:01.945947 [debug] [MainThread]: Wrote artifact OsiDocument to /home/jenho/Proj 2 - Property Transaction V1/2a_data_warehouse/target/osi_document.json
[0m18:45:01.960509 [debug] [MainThread]: Sending event: {'category': 'dbt', 'action': 'resource_counts', 'label': '1c4971c9-a698-4a1f-a5cd-5801d90e7571', 'context': [<snowplow_tracker.self_describing_json.SelfDescribingJson object at 0x7a7b9514e6c0>]}
[0m18:45:01.961148 [info ] [MainThread]: Found 4 models, 8 data tests, 1 source, 561 macros
[0m18:45:01.961790 [debug] [MainThread]: Sending event: {'category': 'dbt', 'action': 'runnable_timing', 'label': '1c4971c9-a698-4a1f-a5cd-5801d90e7571', 'context': [<snowplow_tracker.self_describing_json.SelfDescribingJson object at 0x7a7b94f965f0>]}
[0m18:45:01.964137 [info ] [MainThread]: 
[0m18:45:01.964355 [info ] [MainThread]: Concurrency: 4 threads (target='dev')
[0m18:45:01.964515 [info ] [MainThread]: 
[0m18:45:01.964887 [debug] [MainThread]: Acquiring new bigquery connection 'master'
[0m18:45:01.967308 [debug] [ThreadPool]: Acquiring new bigquery connection 'list_ringed-griffin-509403-b4_propery_trans1'
[0m18:45:01.967514 [debug] [ThreadPool]: Opening a new connection, currently in state init
[0m18:45:15.056066 [debug] [MainThread]: Sending event: {'category': 'dbt', 'action': 'runnable_timing', 'label': '1c4971c9-a698-4a1f-a5cd-5801d90e7571', 'context': [<snowplow_tracker.self_describing_json.SelfDescribingJson object at 0x7a7b9515cc80>]}
[0m18:45:15.056625 [debug] [MainThread]: Opening a new connection, currently in state init
[0m18:45:15.060840 [debug] [Thread-1 (]: Began running node test.property_transaction_warehouse.not_null_dim_location_location_key.c1a2c0b86c
[0m18:45:15.061341 [debug] [Thread-4 (]: Began running node test.property_transaction_warehouse.relationships_fact_transaction_location_key__location_key__ref_dim_location_.a942d8afdc
[0m18:45:15.061917 [info ] [Thread-4 (]: 4 of 8 START test relationships_fact_transaction_location_key__location_key__ref_dim_location_  [RUN]
[0m18:45:15.062263 [debug] [Thread-4 (]: Acquiring new bigquery connection 'test.property_transaction_warehouse.relationships_fact_transaction_location_key__location_key__ref_dim_location_.a942d8afdc'
[0m18:45:15.062440 [debug] [Thread-4 (]: Began compiling node test.property_transaction_warehouse.relationships_fact_transaction_location_key__location_key__ref_dim_location_.a942d8afdc
[0m18:45:15.061604 [debug] [Thread-2 (]: Began running node test.property_transaction_warehouse.not_null_dim_project_project_key.5cfc354fab
[0m18:45:15.068012 [info ] [Thread-2 (]: 2 of 8 START test not_null_dim_project_project_key ............................. [RUN]
[0m18:45:15.061125 [info ] [Thread-1 (]: 1 of 8 START test not_null_dim_location_location_key ........................... [RUN]
[0m18:45:15.073617 [debug] [Thread-3 (]: Began running node test.property_transaction_warehouse.not_null_fact_transaction_transaction_key.274831b9a6
[0m18:45:15.074127 [debug] [Thread-2 (]: Acquiring new bigquery connection 'test.property_transaction_warehouse.not_null_dim_project_project_key.5cfc354fab'
[0m18:45:15.081288 [debug] [Thread-4 (]: Writing injected SQL for node "test.property_transaction_warehouse.relationships_fact_transaction_location_key__location_key__ref_dim_location_.a942d8afdc"
[0m18:45:15.081919 [debug] [Thread-1 (]: Re-using an available connection from the pool (formerly list_ringed-griffin-509403-b4_propery_trans1, now test.property_transaction_warehouse.not_null_dim_location_location_key.c1a2c0b86c)
[0m18:45:15.083229 [debug] [Thread-1 (]: Began compiling node test.property_transaction_warehouse.not_null_dim_location_location_key.c1a2c0b86c
[0m18:45:15.082657 [debug] [Thread-2 (]: Began compiling node test.property_transaction_warehouse.not_null_dim_project_project_key.5cfc354fab
[0m18:45:15.082266 [info ] [Thread-3 (]: 3 of 8 START test not_null_fact_transaction_transaction_key .................... [RUN]
[0m18:45:15.092907 [debug] [Thread-2 (]: Writing injected SQL for node "test.property_transaction_warehouse.not_null_dim_project_project_key.5cfc354fab"
[0m18:45:15.094958 [debug] [Thread-2 (]: Began executing node test.property_transaction_warehouse.not_null_dim_project_project_key.5cfc354fab
[0m18:45:15.093933 [debug] [Thread-1 (]: Writing injected SQL for node "test.property_transaction_warehouse.not_null_dim_location_location_key.c1a2c0b86c"
[0m18:45:15.101186 [debug] [Thread-4 (]: Began executing node test.property_transaction_warehouse.relationships_fact_transaction_location_key__location_key__ref_dim_location_.a942d8afdc
[0m18:45:15.113791 [debug] [Thread-4 (]: Writing runtime sql for node "test.property_transaction_warehouse.relationships_fact_transaction_location_key__location_key__ref_dim_location_.a942d8afdc"
[0m18:45:15.094354 [debug] [Thread-3 (]: Acquiring new bigquery connection 'test.property_transaction_warehouse.not_null_fact_transaction_transaction_key.274831b9a6'
[0m18:45:15.116481 [debug] [Thread-3 (]: Began compiling node test.property_transaction_warehouse.not_null_fact_transaction_transaction_key.274831b9a6
[0m18:45:15.119941 [debug] [Thread-3 (]: Writing injected SQL for node "test.property_transaction_warehouse.not_null_fact_transaction_transaction_key.274831b9a6"
[0m18:45:15.116021 [debug] [Thread-4 (]: On test.property_transaction_warehouse.relationships_fact_transaction_location_key__location_key__ref_dim_location_.a942d8afdc: /* {"app": "dbt", "dbt_version": "1.12.5", "profile_name": "property_transaction_warehouse", "target_name": "dev", "node_id": "test.property_transaction_warehouse.relationships_fact_transaction_location_key__location_key__ref_dim_location_.a942d8afdc"} */

    
    select
      count(*) as failures,
      count(*) != 0 as should_warn,
      count(*) != 0 as should_error
    from (
      
    
  
    
    

with child as (
    select location_key as from_field
    from `ringed-griffin-509403-b4`.`propery_trans1`.`fact_transaction`
    where location_key is not null
),

parent as (
    select location_key as to_field
    from `ringed-griffin-509403-b4`.`propery_trans1`.`dim_location`
)

select
    from_field

from child
left join parent
    on child.from_field = parent.to_field

where parent.to_field is null



  
  
      
    ) dbt_internal_test
[0m18:45:15.115269 [debug] [Thread-2 (]: Writing runtime sql for node "test.property_transaction_warehouse.not_null_dim_project_project_key.5cfc354fab"
[0m18:45:15.115593 [debug] [Thread-1 (]: Began executing node test.property_transaction_warehouse.not_null_dim_location_location_key.c1a2c0b86c
[0m18:45:15.122139 [debug] [Thread-1 (]: Writing runtime sql for node "test.property_transaction_warehouse.not_null_dim_location_location_key.c1a2c0b86c"
[0m18:45:15.121027 [debug] [Thread-3 (]: Began executing node test.property_transaction_warehouse.not_null_fact_transaction_transaction_key.274831b9a6
[0m18:45:15.123363 [debug] [Thread-3 (]: Writing runtime sql for node "test.property_transaction_warehouse.not_null_fact_transaction_transaction_key.274831b9a6"
[0m18:45:15.120528 [debug] [Thread-4 (]: Opening a new connection, currently in state init
[0m18:45:15.122413 [debug] [Thread-2 (]: On test.property_transaction_warehouse.not_null_dim_project_project_key.5cfc354fab: /* {"app": "dbt", "dbt_version": "1.12.5", "profile_name": "property_transaction_warehouse", "target_name": "dev", "node_id": "test.property_transaction_warehouse.not_null_dim_project_project_key.5cfc354fab"} */

    
    select
      count(*) as failures,
      count(*) != 0 as should_warn,
      count(*) != 0 as should_error
    from (
      
    
  
    
    



select project_key
from `ringed-griffin-509403-b4`.`propery_trans1`.`dim_project`
where project_key is null



  
  
      
    ) dbt_internal_test
[0m18:45:15.124664 [debug] [Thread-2 (]: Opening a new connection, currently in state init
[0m18:45:15.125481 [debug] [Thread-1 (]: On test.property_transaction_warehouse.not_null_dim_location_location_key.c1a2c0b86c: /* {"app": "dbt", "dbt_version": "1.12.5", "profile_name": "property_transaction_warehouse", "target_name": "dev", "node_id": "test.property_transaction_warehouse.not_null_dim_location_location_key.c1a2c0b86c"} */

    
    select
      count(*) as failures,
      count(*) != 0 as should_warn,
      count(*) != 0 as should_error
    from (
      
    
  
    
    



select location_key
from `ringed-griffin-509403-b4`.`propery_trans1`.`dim_location`
where location_key is null



  
  
      
    ) dbt_internal_test
[0m18:45:15.125809 [debug] [Thread-1 (]: Opening a new connection, currently in state closed
[0m18:45:15.126720 [debug] [Thread-3 (]: On test.property_transaction_warehouse.not_null_fact_transaction_transaction_key.274831b9a6: /* {"app": "dbt", "dbt_version": "1.12.5", "profile_name": "property_transaction_warehouse", "target_name": "dev", "node_id": "test.property_transaction_warehouse.not_null_fact_transaction_transaction_key.274831b9a6"} */

    
    select
      count(*) as failures,
      count(*) != 0 as should_warn,
      count(*) != 0 as should_error
    from (
      
    
  
    
    



select transaction_key
from `ringed-griffin-509403-b4`.`propery_trans1`.`fact_transaction`
where transaction_key is null



  
  
      
    ) dbt_internal_test
[0m18:45:15.126993 [debug] [Thread-3 (]: Opening a new connection, currently in state init
[0m18:45:15.727352 [debug] [Thread-1 (]: BigQuery adapter: https://console.cloud.google.com/bigquery?project=ringed-griffin-509403-b4&j=bq:US:65946df3-fc4b-4e38-8e05-647e4fa15a24&page=queryresults
[0m18:45:15.738668 [debug] [Thread-4 (]: BigQuery adapter: https://console.cloud.google.com/bigquery?project=ringed-griffin-509403-b4&j=bq:US:30920bd7-ca79-4ad4-b7da-12549b234388&page=queryresults
[0m18:45:15.765185 [debug] [Thread-2 (]: BigQuery adapter: https://console.cloud.google.com/bigquery?project=ringed-griffin-509403-b4&j=bq:US:56bca0ed-c5f5-4008-8370-40083dc2be70&page=queryresults
[0m18:45:16.066918 [debug] [Thread-3 (]: BigQuery adapter: https://console.cloud.google.com/bigquery?project=ringed-griffin-509403-b4&j=bq:US:ea40fc35-a09d-46e5-b2a7-ed28f005bb11&page=queryresults
[0m18:45:16.112400 [debug] [Thread-2 (]: SQL status: OK in 0.347 seconds
[0m18:45:16.126872 [debug] [Thread-4 (]: SQL status: OK in 0.388 seconds
[0m18:45:16.129613 [debug] [Thread-1 (]: SQL status: OK in 0.402 seconds
[0m18:45:16.395432 [debug] [Thread-3 (]: SQL status: OK in 0.328 seconds
[0m18:45:16.816090 [info ] [Thread-2 (]: 2 of 8 PASS not_null_dim_project_project_key ................................... [[32mPASS[0m in 1.74s]
[0m18:45:16.816575 [debug] [Thread-2 (]: Finished running node test.property_transaction_warehouse.not_null_dim_project_project_key.5cfc354fab
[0m18:45:16.816803 [debug] [Thread-2 (]: Began running node test.property_transaction_warehouse.relationships_fact_transaction_project_key__project_key__ref_dim_project_.a445602349
[0m18:45:16.816976 [info ] [Thread-2 (]: 5 of 8 START test relationships_fact_transaction_project_key__project_key__ref_dim_project_  [RUN]
[0m18:45:16.817200 [debug] [Thread-2 (]: Re-using an available connection from the pool (formerly test.property_transaction_warehouse.not_null_dim_project_project_key.5cfc354fab, now test.property_transaction_warehouse.relationships_fact_transaction_project_key__project_key__ref_dim_project_.a445602349)
[0m18:45:16.817390 [debug] [Thread-2 (]: Began compiling node test.property_transaction_warehouse.relationships_fact_transaction_project_key__project_key__ref_dim_project_.a445602349
[0m18:45:16.824602 [debug] [Thread-2 (]: Writing injected SQL for node "test.property_transaction_warehouse.relationships_fact_transaction_project_key__project_key__ref_dim_project_.a445602349"
[0m18:45:16.826464 [info ] [Thread-1 (]: 1 of 8 PASS not_null_dim_location_location_key ................................. [[32mPASS[0m in 1.74s]
[0m18:45:16.826879 [debug] [Thread-1 (]: Finished running node test.property_transaction_warehouse.not_null_dim_location_location_key.c1a2c0b86c
[0m18:45:16.827105 [debug] [Thread-1 (]: Began running node test.property_transaction_warehouse.unique_dim_location_location_key.b5757d64b6
[0m18:45:16.827815 [debug] [Thread-2 (]: Began executing node test.property_transaction_warehouse.relationships_fact_transaction_project_key__project_key__ref_dim_project_.a445602349
[0m18:45:16.828962 [debug] [Thread-2 (]: Writing runtime sql for node "test.property_transaction_warehouse.relationships_fact_transaction_project_key__project_key__ref_dim_project_.a445602349"
[0m18:45:16.827287 [info ] [Thread-1 (]: 6 of 8 START test unique_dim_location_location_key ............................. [RUN]
[0m18:45:16.829410 [debug] [Thread-1 (]: Re-using an available connection from the pool (formerly test.property_transaction_warehouse.not_null_dim_location_location_key.c1a2c0b86c, now test.property_transaction_warehouse.unique_dim_location_location_key.b5757d64b6)
[0m18:45:16.829663 [debug] [Thread-1 (]: Began compiling node test.property_transaction_warehouse.unique_dim_location_location_key.b5757d64b6
[0m18:45:16.829887 [debug] [Thread-2 (]: On test.property_transaction_warehouse.relationships_fact_transaction_project_key__project_key__ref_dim_project_.a445602349: /* {"app": "dbt", "dbt_version": "1.12.5", "profile_name": "property_transaction_warehouse", "target_name": "dev", "node_id": "test.property_transaction_warehouse.relationships_fact_transaction_project_key__project_key__ref_dim_project_.a445602349"} */

    
    select
      count(*) as failures,
      count(*) != 0 as should_warn,
      count(*) != 0 as should_error
    from (
      
    
  
    
    

with child as (
    select project_key as from_field
    from `ringed-griffin-509403-b4`.`propery_trans1`.`fact_transaction`
    where project_key is not null
),

parent as (
    select project_key as to_field
    from `ringed-griffin-509403-b4`.`propery_trans1`.`dim_project`
)

select
    from_field

from child
left join parent
    on child.from_field = parent.to_field

where parent.to_field is null



  
  
      
    ) dbt_internal_test
[0m18:45:16.836460 [debug] [Thread-2 (]: Opening a new connection, currently in state closed
[0m18:45:16.835900 [debug] [Thread-1 (]: Writing injected SQL for node "test.property_transaction_warehouse.unique_dim_location_location_key.b5757d64b6"
[0m18:45:16.837784 [debug] [Thread-1 (]: Began executing node test.property_transaction_warehouse.unique_dim_location_location_key.b5757d64b6
[0m18:45:16.838951 [debug] [Thread-1 (]: Writing runtime sql for node "test.property_transaction_warehouse.unique_dim_location_location_key.b5757d64b6"
[0m18:45:16.839309 [debug] [Thread-1 (]: On test.property_transaction_warehouse.unique_dim_location_location_key.b5757d64b6: /* {"app": "dbt", "dbt_version": "1.12.5", "profile_name": "property_transaction_warehouse", "target_name": "dev", "node_id": "test.property_transaction_warehouse.unique_dim_location_location_key.b5757d64b6"} */

    
    select
      count(*) as failures,
      count(*) != 0 as should_warn,
      count(*) != 0 as should_error
    from (
      
    
  
    
    

with dbt_test__target as (

  select location_key as unique_field
  from `ringed-griffin-509403-b4`.`propery_trans1`.`dim_location`
  where location_key is not null

)

select
    unique_field,
    count(*) as n_records

from dbt_test__target
group by unique_field
having count(*) > 1



  
  
      
    ) dbt_internal_test
[0m18:45:16.839563 [debug] [Thread-1 (]: Opening a new connection, currently in state closed
[0m18:45:17.125879 [info ] [Thread-3 (]: 3 of 8 PASS not_null_fact_transaction_transaction_key .......................... [[32mPASS[0m in 2.03s]
[0m18:45:17.126420 [debug] [Thread-3 (]: Finished running node test.property_transaction_warehouse.not_null_fact_transaction_transaction_key.274831b9a6
[0m18:45:17.126647 [debug] [Thread-3 (]: Began running node test.property_transaction_warehouse.unique_dim_project_project_key.793b35d8e1
[0m18:45:17.126818 [info ] [Thread-3 (]: 7 of 8 START test unique_dim_project_project_key ............................... [RUN]
[0m18:45:17.127042 [debug] [Thread-3 (]: Re-using an available connection from the pool (formerly test.property_transaction_warehouse.not_null_fact_transaction_transaction_key.274831b9a6, now test.property_transaction_warehouse.unique_dim_project_project_key.793b35d8e1)
[0m18:45:17.127206 [debug] [Thread-3 (]: Began compiling node test.property_transaction_warehouse.unique_dim_project_project_key.793b35d8e1
[0m18:45:17.130517 [debug] [Thread-3 (]: Writing injected SQL for node "test.property_transaction_warehouse.unique_dim_project_project_key.793b35d8e1"
[0m18:45:17.130869 [debug] [Thread-3 (]: Began executing node test.property_transaction_warehouse.unique_dim_project_project_key.793b35d8e1
[0m18:45:17.131647 [debug] [Thread-3 (]: Writing runtime sql for node "test.property_transaction_warehouse.unique_dim_project_project_key.793b35d8e1"
[0m18:45:17.131936 [debug] [Thread-3 (]: On test.property_transaction_warehouse.unique_dim_project_project_key.793b35d8e1: /* {"app": "dbt", "dbt_version": "1.12.5", "profile_name": "property_transaction_warehouse", "target_name": "dev", "node_id": "test.property_transaction_warehouse.unique_dim_project_project_key.793b35d8e1"} */

    
    select
      count(*) as failures,
      count(*) != 0 as should_warn,
      count(*) != 0 as should_error
    from (
      
    
  
    
    

with dbt_test__target as (

  select project_key as unique_field
  from `ringed-griffin-509403-b4`.`propery_trans1`.`dim_project`
  where project_key is not null

)

select
    unique_field,
    count(*) as n_records

from dbt_test__target
group by unique_field
having count(*) > 1



  
  
      
    ) dbt_internal_test
[0m18:45:17.132158 [debug] [Thread-3 (]: Opening a new connection, currently in state closed
[0m18:45:17.198509 [info ] [Thread-4 (]: 4 of 8 PASS relationships_fact_transaction_location_key__location_key__ref_dim_location_  [[32mPASS[0m in 2.14s]
[0m18:45:17.199277 [debug] [Thread-4 (]: Finished running node test.property_transaction_warehouse.relationships_fact_transaction_location_key__location_key__ref_dim_location_.a942d8afdc
[0m18:45:17.199588 [debug] [Thread-4 (]: Began running node test.property_transaction_warehouse.unique_fact_transaction_transaction_key.2bf6393ada
[0m18:45:17.199825 [info ] [Thread-4 (]: 8 of 8 START test unique_fact_transaction_transaction_key ...................... [RUN]
[0m18:45:17.200450 [debug] [Thread-4 (]: Re-using an available connection from the pool (formerly test.property_transaction_warehouse.relationships_fact_transaction_location_key__location_key__ref_dim_location_.a942d8afdc, now test.property_transaction_warehouse.unique_fact_transaction_transaction_key.2bf6393ada)
[0m18:45:17.201022 [debug] [Thread-4 (]: Began compiling node test.property_transaction_warehouse.unique_fact_transaction_transaction_key.2bf6393ada
[0m18:45:17.205568 [debug] [Thread-4 (]: Writing injected SQL for node "test.property_transaction_warehouse.unique_fact_transaction_transaction_key.2bf6393ada"
[0m18:45:17.205973 [debug] [Thread-4 (]: Began executing node test.property_transaction_warehouse.unique_fact_transaction_transaction_key.2bf6393ada
[0m18:45:17.206889 [debug] [Thread-4 (]: Writing runtime sql for node "test.property_transaction_warehouse.unique_fact_transaction_transaction_key.2bf6393ada"
[0m18:45:17.207236 [debug] [Thread-4 (]: On test.property_transaction_warehouse.unique_fact_transaction_transaction_key.2bf6393ada: /* {"app": "dbt", "dbt_version": "1.12.5", "profile_name": "property_transaction_warehouse", "target_name": "dev", "node_id": "test.property_transaction_warehouse.unique_fact_transaction_transaction_key.2bf6393ada"} */

    
    select
      count(*) as failures,
      count(*) != 0 as should_warn,
      count(*) != 0 as should_error
    from (
      
    
  
    
    

with dbt_test__target as (

  select transaction_key as unique_field
  from `ringed-griffin-509403-b4`.`propery_trans1`.`fact_transaction`
  where transaction_key is not null

)

select
    unique_field,
    count(*) as n_records

from dbt_test__target
group by unique_field
having count(*) > 1



  
  
      
    ) dbt_internal_test
[0m18:45:17.207498 [debug] [Thread-4 (]: Opening a new connection, currently in state closed
[0m18:45:17.452404 [debug] [Thread-1 (]: BigQuery adapter: https://console.cloud.google.com/bigquery?project=ringed-griffin-509403-b4&j=bq:US:b0be950f-3cfa-4c10-bb4d-f66152e0a564&page=queryresults
[0m18:45:17.481828 [debug] [Thread-2 (]: BigQuery adapter: https://console.cloud.google.com/bigquery?project=ringed-griffin-509403-b4&j=bq:US:ac512e9b-fb2c-4a79-ac9f-8992f826dafd&page=queryresults
[0m18:45:17.773057 [debug] [Thread-1 (]: SQL status: OK in 0.320 seconds
[0m18:45:17.788615 [debug] [Thread-2 (]: SQL status: OK in 0.306 seconds
[0m18:45:17.862784 [debug] [Thread-4 (]: BigQuery adapter: https://console.cloud.google.com/bigquery?project=ringed-griffin-509403-b4&j=bq:US:303b0917-d155-481c-a29a-35b68cf32a29&page=queryresults
[0m18:45:17.865575 [debug] [Thread-3 (]: BigQuery adapter: https://console.cloud.google.com/bigquery?project=ringed-griffin-509403-b4&j=bq:US:c6fab13e-d389-4ba2-96ef-4d0378d50578&page=queryresults
[0m18:45:18.190860 [debug] [Thread-4 (]: SQL status: OK in 0.327 seconds
[0m18:45:18.305707 [debug] [Thread-3 (]: SQL status: OK in 0.440 seconds
[0m18:45:18.486368 [info ] [Thread-2 (]: 5 of 8 PASS relationships_fact_transaction_project_key__project_key__ref_dim_project_  [[32mPASS[0m in 1.67s]
[0m18:45:18.487237 [debug] [Thread-2 (]: Finished running node test.property_transaction_warehouse.relationships_fact_transaction_project_key__project_key__ref_dim_project_.a445602349
[0m18:45:18.547019 [info ] [Thread-1 (]: 6 of 8 PASS unique_dim_location_location_key ................................... [[32mPASS[0m in 1.72s]
[0m18:45:18.547587 [debug] [Thread-1 (]: Finished running node test.property_transaction_warehouse.unique_dim_location_location_key.b5757d64b6
[0m18:45:19.027454 [info ] [Thread-3 (]: 7 of 8 PASS unique_dim_project_project_key ..................................... [[32mPASS[0m in 1.90s]
[0m18:45:19.028158 [debug] [Thread-3 (]: Finished running node test.property_transaction_warehouse.unique_dim_project_project_key.793b35d8e1
[0m18:45:19.877868 [info ] [Thread-4 (]: 8 of 8 PASS unique_fact_transaction_transaction_key ............................ [[32mPASS[0m in 2.68s]
[0m18:45:19.879192 [debug] [Thread-4 (]: Finished running node test.property_transaction_warehouse.unique_fact_transaction_transaction_key.2bf6393ada
[0m18:45:19.881589 [debug] [MainThread]: Opening a new connection, currently in state closed
[0m18:45:19.882057 [debug] [MainThread]: Connection 'master' was properly closed.
[0m18:45:19.882244 [debug] [MainThread]: Connection 'test.property_transaction_warehouse.unique_dim_location_location_key.b5757d64b6' was properly closed.
[0m18:45:19.882415 [debug] [MainThread]: Connection 'test.property_transaction_warehouse.unique_fact_transaction_transaction_key.2bf6393ada' was properly closed.
[0m18:45:19.882576 [debug] [MainThread]: Connection 'test.property_transaction_warehouse.relationships_fact_transaction_project_key__project_key__ref_dim_project_.a445602349' was properly closed.
[0m18:45:19.882765 [debug] [MainThread]: Connection 'test.property_transaction_warehouse.unique_dim_project_project_key.793b35d8e1' was properly closed.
[0m18:45:19.882963 [info ] [MainThread]: 
[0m18:45:19.883159 [info ] [MainThread]: Finished running 8 data tests in 0 hours 0 minutes and 17.92 seconds (17.92s).
[0m18:45:19.884090 [debug] [MainThread]: Command end result
[0m18:45:19.901604 [debug] [MainThread]: Wrote artifact WritableManifest to /home/jenho/Proj 2 - Property Transaction V1/2a_data_warehouse/target/manifest.json
[0m18:45:19.903392 [debug] [MainThread]: Wrote artifact SemanticManifest to /home/jenho/Proj 2 - Property Transaction V1/2a_data_warehouse/target/semantic_manifest.json
[0m18:45:19.904593 [debug] [MainThread]: Wrote artifact OsiDocument to /home/jenho/Proj 2 - Property Transaction V1/2a_data_warehouse/target/osi_document.json
[0m18:45:19.908694 [debug] [MainThread]: Wrote artifact RunExecutionResult to /home/jenho/Proj 2 - Property Transaction V1/2a_data_warehouse/target/run_results.json
[0m18:45:19.908920 [info ] [MainThread]: 
[0m18:45:19.909129 [info ] [MainThread]: [32mCompleted successfully[0m
[0m18:45:19.909291 [info ] [MainThread]: 
[0m18:45:19.909460 [info ] [MainThread]: Done. PASS=8 WARN=0 ERROR=0 SKIP=0 NO-OP=0 REUSED=0 TOTAL=8
[0m18:45:19.909799 [debug] [MainThread]: Resource report: {"command_name": "test", "command_success": true, "command_wall_clock_time": 18.81422, "process_in_blocks": "6080", "process_kernel_time": 0.203696, "process_mem_max_rss": "270196", "process_out_blocks": "3024", "process_user_time": 2.775241}
[0m18:45:19.910032 [debug] [MainThread]: Command `dbt test` succeeded at 18:45:19.909981 after 18.81 seconds
[0m18:45:19.910229 [debug] [MainThread]: Sending event: {'category': 'dbt', 'action': 'invocation', 'label': 'end', 'context': [<snowplow_tracker.self_describing_json.SelfDescribingJson object at 0x7a7b950e7c50>, <snowplow_tracker.self_describing_json.SelfDescribingJson object at 0x7a7b94696780>, <snowplow_tracker.self_describing_json.SelfDescribingJson object at 0x7a7b94694050>]}
[0m18:45:19.910418 [debug] [MainThread]: Flushing usage events
[0m18:45:20.867494 [debug] [MainThread]: An error was encountered while trying to flush usage events
[0m18:45:27.549235 [debug] [MainThread]: Sending event: {'category': 'dbt', 'action': 'invocation', 'label': 'start', 'context': [<snowplow_tracker.self_describing_json.SelfDescribingJson object at 0x7927c7c7a7b0>, <snowplow_tracker.self_describing_json.SelfDescribingJson object at 0x7927c9a9cf50>, <snowplow_tracker.self_describing_json.SelfDescribingJson object at 0x7927c64ff890>]}


============================== 18:45:27.552646 | c9393e38-2c72-413d-89f5-e4c15ad0826e ==============================
[0m18:45:27.552646 [info ] [MainThread]: Running with dbt=1.12.5
[0m18:45:27.553249 [debug] [MainThread]: running dbt with arguments {'quiet': 'False', 'cache_selected_only': 'False', 'partial_parse': 'True', 'version_check': 'True', 'empty': 'False', 'send_anonymous_usage_stats': 'True', 'static_parser': 'True', 'target_path': 'None', 'no_print': 'None', 'hints_enabled': 'True', 'printer_width': '80', 'log_path': '/home/jenho/Proj 2 - Property Transaction V1/2a_data_warehouse/logs', 'warn_error_options': 'WarnErrorOptionsV2(error=[], warn=[], silence=[])', 'warn_error': 'None', 'profiles_dir': '/home/jenho/Proj 2 - Property Transaction V1/2a_data_warehouse', 'invocation_command': 'dbt run', 'maximum_seed_size_mib': '1', 'log_format': 'default', 'debug': 'False', 'indirect_selection': 'eager', 'introspect': 'True', 'use_colors': 'True', 'use_experimental_parser': 'False', 'fail_fast': 'False', 'log_cache_events': 'False', 'write_json': 'True'}
[0m18:45:28.004189 [debug] [MainThread]: Sending event: {'category': 'dbt', 'action': 'project_id', 'label': 'c9393e38-2c72-413d-89f5-e4c15ad0826e', 'context': [<snowplow_tracker.self_describing_json.SelfDescribingJson object at 0x792790c523f0>]}
[0m18:45:28.037144 [debug] [MainThread]: Sending event: {'category': 'dbt', 'action': 'adapter_info', 'label': 'c9393e38-2c72-413d-89f5-e4c15ad0826e', 'context': [<snowplow_tracker.self_describing_json.SelfDescribingJson object at 0x7927c9c578a0>]}
[0m18:45:28.037763 [info ] [MainThread]: Registered adapter: bigquery=1.12.1
[0m18:45:28.080234 [debug] [MainThread]: checksum: 9742bae524cb133816d56fa13025eeafb4819ed2acf766351b6099479fe392d2, vars: {}, profile: property_transaction_warehouse, target: dev, version: 1.12.5
[0m18:45:28.148622 [debug] [MainThread]: Partial parsing enabled: 0 files deleted, 0 files added, 0 files changed.
[0m18:45:28.148930 [debug] [MainThread]: Nothing changed, skipping partial parsing.
[0m18:45:28.149087 [debug] [MainThread]: Partial parsing enabled, no changes found, skipping parsing
[0m18:45:28.154019 [debug] [MainThread]: Sending event: {'category': 'dbt', 'action': 'load_project', 'label': 'c9393e38-2c72-413d-89f5-e4c15ad0826e', 'context': [<snowplow_tracker.self_describing_json.SelfDescribingJson object at 0x792790531250>]}
[0m18:45:28.223930 [debug] [MainThread]: Wrote artifact WritableManifest to /home/jenho/Proj 2 - Property Transaction V1/2a_data_warehouse/target/manifest.json
[0m18:45:28.225526 [debug] [MainThread]: Wrote artifact SemanticManifest to /home/jenho/Proj 2 - Property Transaction V1/2a_data_warehouse/target/semantic_manifest.json
[0m18:45:28.231947 [debug] [MainThread]: Wrote artifact OsiDocument to /home/jenho/Proj 2 - Property Transaction V1/2a_data_warehouse/target/osi_document.json
[0m18:45:28.236516 [debug] [MainThread]: Sending event: {'category': 'dbt', 'action': 'resource_counts', 'label': 'c9393e38-2c72-413d-89f5-e4c15ad0826e', 'context': [<snowplow_tracker.self_describing_json.SelfDescribingJson object at 0x7927904546e0>]}
[0m18:45:28.236781 [info ] [MainThread]: Found 4 models, 8 data tests, 1 source, 561 macros
[0m18:45:28.236976 [debug] [MainThread]: Sending event: {'category': 'dbt', 'action': 'runnable_timing', 'label': 'c9393e38-2c72-413d-89f5-e4c15ad0826e', 'context': [<snowplow_tracker.self_describing_json.SelfDescribingJson object at 0x79279044a270>]}
[0m18:45:28.238131 [info ] [MainThread]: 
[0m18:45:28.238334 [info ] [MainThread]: Concurrency: 4 threads (target='dev')
[0m18:45:28.238481 [info ] [MainThread]: 
[0m18:45:28.238795 [debug] [MainThread]: Acquiring new bigquery connection 'master'
[0m18:45:28.240957 [debug] [ThreadPool]: Acquiring new bigquery connection 'list_ringed-griffin-509403-b4'
[0m18:45:28.241194 [debug] [ThreadPool]: Opening a new connection, currently in state init
[0m18:45:40.980589 [debug] [ThreadPool]: Re-using an available connection from the pool (formerly list_ringed-griffin-509403-b4, now list_ringed-griffin-509403-b4_propery_trans1)
[0m18:45:40.981006 [debug] [ThreadPool]: Opening a new connection, currently in state closed
[0m18:45:41.706853 [debug] [MainThread]: Sending event: {'category': 'dbt', 'action': 'runnable_timing', 'label': 'c9393e38-2c72-413d-89f5-e4c15ad0826e', 'context': [<snowplow_tracker.self_describing_json.SelfDescribingJson object at 0x7927c638a4e0>]}
[0m18:45:41.707763 [debug] [MainThread]: Opening a new connection, currently in state init
[0m18:45:41.711401 [debug] [Thread-1 (]: Began running node model.property_transaction_warehouse.stg_property_transactions
[0m18:45:41.711900 [info ] [Thread-1 (]: 1 of 4 START sql table model propery_trans1.stg_property_transactions .......... [RUN]
[0m18:45:41.712171 [debug] [Thread-1 (]: Re-using an available connection from the pool (formerly list_ringed-griffin-509403-b4_propery_trans1, now model.property_transaction_warehouse.stg_property_transactions)
[0m18:45:41.712337 [debug] [Thread-1 (]: Began compiling node model.property_transaction_warehouse.stg_property_transactions
[0m18:45:41.716422 [debug] [Thread-1 (]: Writing injected SQL for node "model.property_transaction_warehouse.stg_property_transactions"
[0m18:45:41.716802 [debug] [Thread-1 (]: Began executing node model.property_transaction_warehouse.stg_property_transactions
[0m18:45:41.723717 [debug] [Thread-1 (]: Opening a new connection, currently in state closed
[0m18:45:43.457023 [debug] [Thread-1 (]: Writing runtime sql for node "model.property_transaction_warehouse.stg_property_transactions"
[0m18:45:43.457606 [debug] [Thread-1 (]: On model.property_transaction_warehouse.stg_property_transactions: /* {"app": "dbt", "dbt_version": "1.12.5", "profile_name": "property_transaction_warehouse", "target_name": "dev", "node_id": "model.property_transaction_warehouse.stg_property_transactions"} */

  
    

    create or replace table `ringed-griffin-509403-b4`.`propery_trans1`.`stg_property_transactions`
      
    
    

    
    OPTIONS()
    as (
      WITH cleaned AS (
    SELECT
        NULLIF(REGEXP_REPLACE(UPPER(TRIM(project_name)), r'\s+', ' '), '') AS project_name,
        SAFE_CAST(REGEXP_REPLACE(NULLIF(TRIM(transacted_price), '-'), r'[^0-9.-]', '') AS NUMERIC) AS transacted_price,
        SAFE_CAST(REGEXP_REPLACE(NULLIF(TRIM(area_sqft), '-'), r'[^0-9.-]', '') AS NUMERIC) AS area_sqft,
        SAFE_CAST(REGEXP_REPLACE(NULLIF(TRIM(unit_price_psf), '-'), r'[^0-9.-]', '') AS NUMERIC) AS unit_price_psf,
        SAFE.PARSE_DATE('%d %b %Y', NULLIF(TRIM(sale_date), '')) AS sale_date,
        NULLIF(REGEXP_REPLACE(UPPER(TRIM(address)), r'\s+', ' '), '') AS address,
        NULLIF(UPPER(TRIM(type_of_sale)), '') AS type_of_sale,
        NULLIF(UPPER(TRIM(type_of_area)), '') AS type_of_area,
        SAFE_CAST(REGEXP_REPLACE(NULLIF(TRIM(area_sqm), '-'), r'[^0-9.-]', '') AS NUMERIC) AS area_sqm,
        SAFE_CAST(REGEXP_REPLACE(NULLIF(TRIM(unit_price_psm), '-'), r'[^0-9.-]', '') AS NUMERIC) AS unit_price_psm,
        SAFE_CAST(REGEXP_REPLACE(NULLIF(TRIM(nett_price), '-'), r'[^0-9.-]', '') AS NUMERIC) AS nett_price,
        NULLIF(UPPER(TRIM(property_type)), '') AS property_type,
        SAFE_CAST(NULLIF(TRIM(number_of_units), '-') AS INT64) AS number_of_units,
        NULLIF(UPPER(TRIM(tenure)), '') AS tenure,
        NULLIF(TRIM(completion_date), '') AS completion_date,
        NULLIF(UPPER(TRIM(purchaser_address_indicator)), '') AS purchaser_address_indicator,
        NULLIF(TRIM(postal_code), '') AS postal_code,
        NULLIF(TRIM(postal_district), '') AS postal_district,
        NULLIF(TRIM(postal_sector), '') AS postal_sector,
        NULLIF(UPPER(TRIM(planning_region)), '') AS planning_region,
        NULLIF(UPPER(TRIM(planning_area)), '') AS planning_area
    FROM `ringed-griffin-509403-b4`.`propery_trans1`.`raw_property_trans`
)
SELECT
    *,
    SAFE_CAST(IF(REGEXP_CONTAINS(completion_date, r'^\d{4}$'), completion_date, NULL) AS INT64) AS completion_year,
    CASE
        WHEN UPPER(completion_date) = 'UNCOMPLETED' THEN 'UNCOMPLETED'
        WHEN REGEXP_CONTAINS(completion_date, r'^\d{4}$') THEN 'COMPLETED'
        WHEN completion_date IS NULL THEN NULL
        ELSE 'UNKNOWN'
    END AS completion_status
FROM cleaned
    );
  
[0m18:45:44.107838 [debug] [Thread-1 (]: BigQuery adapter: https://console.cloud.google.com/bigquery?project=ringed-griffin-509403-b4&j=bq:US:33613b40-70d6-4a7f-abf6-9633253182c3&page=queryresults
[0m18:45:46.662050 [debug] [Thread-1 (]: SQL status: OK in 2.553 seconds
[0m18:45:47.052349 [debug] [Thread-1 (]: Sending event: {'category': 'dbt', 'action': 'run_model', 'label': 'c9393e38-2c72-413d-89f5-e4c15ad0826e', 'context': [<snowplow_tracker.self_describing_json.SelfDescribingJson object at 0x7927902f4dd0>]}
[0m18:45:47.052838 [info ] [Thread-1 (]: 1 of 4 OK created sql table model propery_trans1.stg_property_transactions ..... [[32mCREATE TABLE (94.3k rows, 18.7 MiB processed)[0m in 5.34s]
[0m18:45:47.053145 [debug] [Thread-1 (]: Finished running node model.property_transaction_warehouse.stg_property_transactions
[0m18:45:47.054151 [debug] [Thread-3 (]: Began running node model.property_transaction_warehouse.dim_project
[0m18:45:47.054410 [info ] [Thread-3 (]: 3 of 4 START sql table model propery_trans1.dim_project ........................ [RUN]
[0m18:45:47.054688 [debug] [Thread-3 (]: Acquiring new bigquery connection 'model.property_transaction_warehouse.dim_project'
[0m18:45:47.054872 [debug] [Thread-3 (]: Began compiling node model.property_transaction_warehouse.dim_project
[0m18:45:47.056091 [debug] [Thread-3 (]: Writing injected SQL for node "model.property_transaction_warehouse.dim_project"
[0m18:45:47.056445 [debug] [Thread-2 (]: Began running node model.property_transaction_warehouse.dim_location
[0m18:45:47.056966 [info ] [Thread-2 (]: 2 of 4 START sql table model propery_trans1.dim_location ....................... [RUN]
[0m18:45:47.057343 [debug] [Thread-2 (]: Acquiring new bigquery connection 'model.property_transaction_warehouse.dim_location'
[0m18:45:47.057554 [debug] [Thread-2 (]: Began compiling node model.property_transaction_warehouse.dim_location
[0m18:45:47.058764 [debug] [Thread-2 (]: Writing injected SQL for node "model.property_transaction_warehouse.dim_location"
[0m18:45:47.059129 [debug] [Thread-3 (]: Began executing node model.property_transaction_warehouse.dim_project
[0m18:45:47.060182 [debug] [Thread-3 (]: Opening a new connection, currently in state init
[0m18:45:47.061388 [debug] [Thread-2 (]: Began executing node model.property_transaction_warehouse.dim_location
[0m18:45:47.063269 [debug] [Thread-2 (]: Opening a new connection, currently in state init
[0m18:45:47.434101 [debug] [Thread-3 (]: Writing runtime sql for node "model.property_transaction_warehouse.dim_project"
[0m18:45:47.434840 [debug] [Thread-3 (]: On model.property_transaction_warehouse.dim_project: /* {"app": "dbt", "dbt_version": "1.12.5", "profile_name": "property_transaction_warehouse", "target_name": "dev", "node_id": "model.property_transaction_warehouse.dim_project"} */

  
    

    create or replace table `ringed-griffin-509403-b4`.`propery_trans1`.`dim_project`
      
    
    

    
    OPTIONS()
    as (
      WITH projects AS (
    SELECT DISTINCT
        project_name,
        property_type,
        tenure,
        completion_year,
        completion_status
    FROM `ringed-griffin-509403-b4`.`propery_trans1`.`stg_property_transactions`
    WHERE project_name IS NOT NULL
)
SELECT
    FARM_FINGERPRINT(TO_JSON_STRING(STRUCT(
        project_name,
        property_type,
        tenure,
        completion_year,
        completion_status
    ))) AS project_key,
    project_name,
    property_type,
    tenure,
    completion_year,
    completion_status
FROM projects
    );
  
[0m18:45:47.759514 [debug] [Thread-2 (]: Writing runtime sql for node "model.property_transaction_warehouse.dim_location"
[0m18:45:47.760159 [debug] [Thread-2 (]: On model.property_transaction_warehouse.dim_location: /* {"app": "dbt", "dbt_version": "1.12.5", "profile_name": "property_transaction_warehouse", "target_name": "dev", "node_id": "model.property_transaction_warehouse.dim_location"} */

  
    

    create or replace table `ringed-griffin-509403-b4`.`propery_trans1`.`dim_location`
      
    
    

    
    OPTIONS()
    as (
      WITH locations AS (
    SELECT DISTINCT
        address,
        postal_code,
        postal_district,
        postal_sector,
        planning_region,
        planning_area
    FROM `ringed-griffin-509403-b4`.`propery_trans1`.`stg_property_transactions`
    WHERE address IS NOT NULL
       OR postal_code IS NOT NULL
       OR postal_district IS NOT NULL
       OR postal_sector IS NOT NULL
       OR planning_region IS NOT NULL
       OR planning_area IS NOT NULL
)
SELECT
    FARM_FINGERPRINT(TO_JSON_STRING(STRUCT(
        address,
        postal_code,
        postal_district,
        postal_sector,
        planning_region,
        planning_area
    ))) AS location_key,
    address,
    postal_code,
    postal_district,
    postal_sector,
    planning_region,
    planning_area
FROM locations
    );
  
[0m18:45:48.013733 [debug] [Thread-3 (]: BigQuery adapter: https://console.cloud.google.com/bigquery?project=ringed-griffin-509403-b4&j=bq:US:19c52497-21d6-4143-97c5-bd12211a13c3&page=queryresults
[0m18:45:48.411782 [debug] [Thread-2 (]: BigQuery adapter: https://console.cloud.google.com/bigquery?project=ringed-griffin-509403-b4&j=bq:US:dad0e9fd-d21a-47dd-a765-d6931b26316e&page=queryresults
[0m18:45:49.470587 [debug] [Thread-3 (]: SQL status: OK in 1.456 seconds
[0m18:45:49.844451 [debug] [Thread-3 (]: Sending event: {'category': 'dbt', 'action': 'run_model', 'label': 'c9393e38-2c72-413d-89f5-e4c15ad0826e', 'context': [<snowplow_tracker.self_describing_json.SelfDescribingJson object at 0x7927c79b2f10>]}
[0m18:45:49.844950 [info ] [Thread-3 (]: 3 of 4 OK created sql table model propery_trans1.dim_project ................... [[32mCREATE TABLE (2.7k rows, 5.8 MiB processed)[0m in 2.79s]
[0m18:45:49.845304 [debug] [Thread-3 (]: Finished running node model.property_transaction_warehouse.dim_project
[0m18:45:50.117516 [debug] [Thread-2 (]: SQL status: OK in 1.705 seconds
[0m18:45:50.473631 [debug] [Thread-2 (]: Sending event: {'category': 'dbt', 'action': 'run_model', 'label': 'c9393e38-2c72-413d-89f5-e4c15ad0826e', 'context': [<snowplow_tracker.self_describing_json.SelfDescribingJson object at 0x79278871e850>]}
[0m18:45:50.474098 [info ] [Thread-2 (]: 2 of 4 OK created sql table model propery_trans1.dim_location .................. [[32mCREATE TABLE (91.7k rows, 6.2 MiB processed)[0m in 3.42s]
[0m18:45:50.474403 [debug] [Thread-2 (]: Finished running node model.property_transaction_warehouse.dim_location
[0m18:45:50.475146 [debug] [Thread-4 (]: Began running node model.property_transaction_warehouse.fact_transaction
[0m18:45:50.475446 [info ] [Thread-4 (]: 4 of 4 START sql table model propery_trans1.fact_transaction ................... [RUN]
[0m18:45:50.475775 [debug] [Thread-4 (]: Acquiring new bigquery connection 'model.property_transaction_warehouse.fact_transaction'
[0m18:45:50.475964 [debug] [Thread-4 (]: Began compiling node model.property_transaction_warehouse.fact_transaction
[0m18:45:50.477690 [debug] [Thread-4 (]: Writing injected SQL for node "model.property_transaction_warehouse.fact_transaction"
[0m18:45:50.478116 [debug] [Thread-4 (]: Began executing node model.property_transaction_warehouse.fact_transaction
[0m18:45:50.478889 [debug] [Thread-4 (]: Opening a new connection, currently in state init
[0m18:45:50.953433 [debug] [Thread-4 (]: Writing runtime sql for node "model.property_transaction_warehouse.fact_transaction"
[0m18:45:50.954373 [debug] [Thread-4 (]: On model.property_transaction_warehouse.fact_transaction: /* {"app": "dbt", "dbt_version": "1.12.5", "profile_name": "property_transaction_warehouse", "target_name": "dev", "node_id": "model.property_transaction_warehouse.fact_transaction"} */

  
    

    create or replace table `ringed-griffin-509403-b4`.`propery_trans1`.`fact_transaction`
      
    
    

    
    OPTIONS()
    as (
      WITH transactions AS (
    SELECT
        *,
        ROW_NUMBER() OVER (
            ORDER BY TO_JSON_STRING(STRUCT(
                project_name,
                transacted_price,
                area_sqft,
                unit_price_psf,
                sale_date,
                address,
                type_of_sale,
                type_of_area,
                area_sqm,
                unit_price_psm,
                nett_price,
                property_type,
                number_of_units,
                tenure,
                completion_date,
                purchaser_address_indicator,
                postal_code,
                postal_district,
                postal_sector,
                planning_region,
                planning_area
            ))
        ) AS transaction_row_number
    FROM `ringed-griffin-509403-b4`.`propery_trans1`.`stg_property_transactions`
)
SELECT
    FARM_FINGERPRINT(CONCAT(
        TO_JSON_STRING(STRUCT(
            t.project_name,
            t.transacted_price,
            t.area_sqft,
            t.unit_price_psf,
            t.sale_date,
            t.address,
            t.type_of_sale,
            t.type_of_area,
            t.area_sqm,
            t.unit_price_psm,
            t.nett_price,
            t.property_type,
            t.number_of_units,
            t.tenure,
            t.completion_date,
            t.purchaser_address_indicator,
            t.postal_code,
            t.postal_district,
            t.postal_sector,
            t.planning_region,
            t.planning_area
        )),
        '#',
        CAST(transaction_row_number AS STRING)
    )) AS transaction_key,
    p.project_key,
    l.location_key,
    t.transacted_price,
    t.nett_price,
    t.area_sqft,
    t.area_sqm,
    t.unit_price_psf,
    t.unit_price_psm,
    t.number_of_units,
    t.type_of_sale,
    t.type_of_area,
    t.purchaser_address_indicator
FROM transactions AS t
LEFT JOIN `ringed-griffin-509403-b4`.`propery_trans1`.`dim_project` AS p
    ON t.project_name = p.project_name
    AND t.property_type IS NOT DISTINCT FROM p.property_type
    AND t.tenure IS NOT DISTINCT FROM p.tenure
    AND t.completion_year IS NOT DISTINCT FROM p.completion_year
    AND t.completion_status IS NOT DISTINCT FROM p.completion_status
LEFT JOIN `ringed-griffin-509403-b4`.`propery_trans1`.`dim_location` AS l
    ON t.address IS NOT DISTINCT FROM l.address
    AND t.postal_code IS NOT DISTINCT FROM l.postal_code
    AND t.postal_district IS NOT DISTINCT FROM l.postal_district
    AND t.postal_sector IS NOT DISTINCT FROM l.postal_sector
    AND t.planning_region IS NOT DISTINCT FROM l.planning_region
    AND t.planning_area IS NOT DISTINCT FROM l.planning_area
    );
  
[0m18:45:51.574465 [debug] [Thread-4 (]: BigQuery adapter: https://console.cloud.google.com/bigquery?project=ringed-griffin-509403-b4&j=bq:US:2b553b51-fbc3-424d-82d5-24680983927e&page=queryresults
[0m18:45:57.315359 [debug] [Thread-4 (]: SQL status: OK in 5.740 seconds
[0m18:45:57.690340 [debug] [Thread-4 (]: Sending event: {'category': 'dbt', 'action': 'run_model', 'label': 'c9393e38-2c72-413d-89f5-e4c15ad0826e', 'context': [<snowplow_tracker.self_describing_json.SelfDescribingJson object at 0x792788702750>]}
[0m18:45:57.690881 [info ] [Thread-4 (]: 4 of 4 OK created sql table model propery_trans1.fact_transaction .............. [[32mCREATE TABLE (94.3k rows, 30.6 MiB processed)[0m in 7.21s]
[0m18:45:57.691274 [debug] [Thread-4 (]: Finished running node model.property_transaction_warehouse.fact_transaction
[0m18:45:57.694119 [debug] [MainThread]: Opening a new connection, currently in state closed
[0m18:45:57.694786 [debug] [MainThread]: Connection 'master' was properly closed.
[0m18:45:57.695045 [debug] [MainThread]: Connection 'model.property_transaction_warehouse.stg_property_transactions' was properly closed.
[0m18:45:57.695316 [debug] [MainThread]: Connection 'model.property_transaction_warehouse.dim_project' was properly closed.
[0m18:45:57.695539 [debug] [MainThread]: Connection 'model.property_transaction_warehouse.dim_location' was properly closed.
[0m18:45:57.695817 [debug] [MainThread]: Connection 'model.property_transaction_warehouse.fact_transaction' was properly closed.
[0m18:45:57.696115 [info ] [MainThread]: 
[0m18:45:57.696389 [info ] [MainThread]: Finished running 4 table models in 0 hours 0 minutes and 29.46 seconds (29.46s).
[0m18:45:57.697082 [debug] [MainThread]: Command end result
[0m18:45:57.719327 [debug] [MainThread]: Wrote artifact WritableManifest to /home/jenho/Proj 2 - Property Transaction V1/2a_data_warehouse/target/manifest.json
[0m18:45:57.721135 [debug] [MainThread]: Wrote artifact SemanticManifest to /home/jenho/Proj 2 - Property Transaction V1/2a_data_warehouse/target/semantic_manifest.json
[0m18:45:57.722328 [debug] [MainThread]: Wrote artifact OsiDocument to /home/jenho/Proj 2 - Property Transaction V1/2a_data_warehouse/target/osi_document.json
[0m18:45:57.726147 [debug] [MainThread]: Wrote artifact RunExecutionResult to /home/jenho/Proj 2 - Property Transaction V1/2a_data_warehouse/target/run_results.json
[0m18:45:57.726361 [info ] [MainThread]: 
[0m18:45:57.726586 [info ] [MainThread]: [32mCompleted successfully[0m
[0m18:45:57.726745 [info ] [MainThread]: 
[0m18:45:57.726954 [info ] [MainThread]: Done. PASS=4 WARN=0 ERROR=0 SKIP=0 NO-OP=0 REUSED=0 TOTAL=4
[0m18:45:57.727326 [debug] [MainThread]: Resource report: {"command_name": "run", "command_success": true, "command_wall_clock_time": 30.220266, "process_in_blocks": "8", "process_kernel_time": 0.157428, "process_mem_max_rss": "268292", "process_out_blocks": "2968", "process_user_time": 2.68688}
[0m18:45:57.727579 [debug] [MainThread]: Command `dbt run` succeeded at 18:45:57.727524 after 30.22 seconds
[0m18:45:57.727820 [debug] [MainThread]: Sending event: {'category': 'dbt', 'action': 'invocation', 'label': 'end', 'context': [<snowplow_tracker.self_describing_json.SelfDescribingJson object at 0x7927c63804b0>, <snowplow_tracker.self_describing_json.SelfDescribingJson object at 0x7927c6f4f540>, <snowplow_tracker.self_describing_json.SelfDescribingJson object at 0x7927c6333590>]}
[0m18:45:57.728087 [debug] [MainThread]: Flushing usage events
[0m18:45:58.924901 [debug] [MainThread]: An error was encountered while trying to flush usage events
[0m18:55:06.403042 [debug] [MainThread]: Sending event: {'category': 'dbt', 'action': 'invocation', 'label': 'start', 'context': [<snowplow_tracker.self_describing_json.SelfDescribingJson object at 0x788580952f00>, <snowplow_tracker.self_describing_json.SelfDescribingJson object at 0x78857fea7260>, <snowplow_tracker.self_describing_json.SelfDescribingJson object at 0x78857fea50a0>]}


============================== 18:55:06.407067 | e0eb1755-dc54-4d5a-929f-c5e718a03417 ==============================
[0m18:55:06.407067 [info ] [MainThread]: Running with dbt=1.12.5
[0m18:55:06.407428 [debug] [MainThread]: running dbt with arguments {'target_path': 'None', 'log_format': 'default', 'send_anonymous_usage_stats': 'True', 'empty': 'False', 'indirect_selection': 'eager', 'warn_error_options': 'WarnErrorOptionsV2(error=[], warn=[], silence=[])', 'hints_enabled': 'True', 'profiles_dir': './2a_data_warehouse', 'warn_error': 'None', 'use_experimental_parser': 'False', 'log_cache_events': 'False', 'quiet': 'False', 'printer_width': '80', 'maximum_seed_size_mib': '1', 'cache_selected_only': 'False', 'fail_fast': 'False', 'invocation_command': 'dbt compile --project-dir ./2a_data_warehouse --profiles-dir ./2a_data_warehouse --no-introspect', 'static_parser': 'True', 'version_check': 'True', 'no_print': 'None', 'introspect': 'False', 'log_path': '2a_data_warehouse/logs', 'use_colors': 'True', 'write_json': 'True', 'partial_parse': 'True', 'debug': 'False'}
[0m18:55:07.430785 [debug] [MainThread]: Sending event: {'category': 'dbt', 'action': 'project_id', 'label': 'e0eb1755-dc54-4d5a-929f-c5e718a03417', 'context': [<snowplow_tracker.self_describing_json.SelfDescribingJson object at 0x788546c5c320>]}
[0m18:55:07.468982 [debug] [MainThread]: Sending event: {'category': 'dbt', 'action': 'adapter_info', 'label': 'e0eb1755-dc54-4d5a-929f-c5e718a03417', 'context': [<snowplow_tracker.self_describing_json.SelfDescribingJson object at 0x7885474a7290>]}
[0m18:55:07.469617 [info ] [MainThread]: Registered adapter: bigquery=1.12.1
[0m18:55:07.532158 [debug] [MainThread]: checksum: 9742bae524cb133816d56fa13025eeafb4819ed2acf766351b6099479fe392d2, vars: {}, profile: property_transaction_warehouse, target: dev, version: 1.12.5
[0m18:55:07.634971 [debug] [MainThread]: Partial parsing enabled: 0 files deleted, 0 files added, 1 files changed.
[0m18:55:07.635494 [debug] [MainThread]: Partial parsing: updated file: property_transaction_warehouse://model/fact_transaction.sql
[0m18:55:07.981463 [debug] [MainThread]: Sending event: {'category': 'dbt', 'action': 'load_project', 'label': 'e0eb1755-dc54-4d5a-929f-c5e718a03417', 'context': [<snowplow_tracker.self_describing_json.SelfDescribingJson object at 0x788546431460>]}
[0m18:55:08.037089 [debug] [MainThread]: Wrote artifact WritableManifest to 2a_data_warehouse/target/manifest.json
[0m18:55:08.039594 [debug] [MainThread]: Wrote artifact SemanticManifest to 2a_data_warehouse/target/semantic_manifest.json
[0m18:55:08.052576 [debug] [MainThread]: Wrote artifact OsiDocument to 2a_data_warehouse/target/osi_document.json
[0m18:55:08.060364 [debug] [MainThread]: Sending event: {'category': 'dbt', 'action': 'resource_counts', 'label': 'e0eb1755-dc54-4d5a-929f-c5e718a03417', 'context': [<snowplow_tracker.self_describing_json.SelfDescribingJson object at 0x7885442605f0>]}
[0m18:55:08.060710 [info ] [MainThread]: Found 4 models, 8 data tests, 1 source, 561 macros
[0m18:55:08.060895 [debug] [MainThread]: Sending event: {'category': 'dbt', 'action': 'runnable_timing', 'label': 'e0eb1755-dc54-4d5a-929f-c5e718a03417', 'context': [<snowplow_tracker.self_describing_json.SelfDescribingJson object at 0x7885442158e0>]}
[0m18:55:08.061999 [info ] [MainThread]: 
[0m18:55:08.062243 [info ] [MainThread]: Concurrency: 4 threads (target='dev')
[0m18:55:08.062403 [info ] [MainThread]: 
[0m18:55:08.062952 [debug] [MainThread]: Acquiring new bigquery connection 'master'
[0m18:55:08.065600 [debug] [ThreadPool]: Acquiring new bigquery connection 'list_ringed-griffin-509403-b4_propery_trans1'
[0m18:55:08.065893 [debug] [ThreadPool]: Opening a new connection, currently in state init
[0m18:55:18.895423 [debug] [MainThread]: Sending event: {'category': 'dbt', 'action': 'runnable_timing', 'label': 'e0eb1755-dc54-4d5a-929f-c5e718a03417', 'context': [<snowplow_tracker.self_describing_json.SelfDescribingJson object at 0x788582a034d0>]}
[0m18:55:18.895782 [debug] [MainThread]: Opening a new connection, currently in state init
[0m18:55:18.902426 [debug] [Thread-1 (]: Began running node model.property_transaction_warehouse.stg_property_transactions
[0m18:55:18.902746 [debug] [Thread-1 (]: Began compiling node model.property_transaction_warehouse.stg_property_transactions
[0m18:55:18.906278 [debug] [Thread-1 (]: Writing injected SQL for node "model.property_transaction_warehouse.stg_property_transactions"
[0m18:55:18.906680 [debug] [Thread-1 (]: Began executing node model.property_transaction_warehouse.stg_property_transactions
[0m18:55:18.907092 [debug] [Thread-1 (]: Finished running node model.property_transaction_warehouse.stg_property_transactions
[0m18:55:18.907811 [debug] [Thread-3 (]: Began running node model.property_transaction_warehouse.dim_location
[0m18:55:18.908077 [debug] [Thread-4 (]: Began running node model.property_transaction_warehouse.dim_project
[0m18:55:18.908331 [debug] [Thread-3 (]: Began compiling node model.property_transaction_warehouse.dim_location
[0m18:55:18.908566 [debug] [Thread-4 (]: Began compiling node model.property_transaction_warehouse.dim_project
[0m18:55:18.909696 [debug] [Thread-3 (]: Writing injected SQL for node "model.property_transaction_warehouse.dim_location"
[0m18:55:18.910674 [debug] [Thread-4 (]: Writing injected SQL for node "model.property_transaction_warehouse.dim_project"
[0m18:55:18.911071 [debug] [Thread-3 (]: Began executing node model.property_transaction_warehouse.dim_location
[0m18:55:18.911514 [debug] [Thread-3 (]: Finished running node model.property_transaction_warehouse.dim_location
[0m18:55:18.911955 [debug] [Thread-1 (]: Began running node test.property_transaction_warehouse.not_null_dim_location_location_key.c1a2c0b86c
[0m18:55:18.912190 [debug] [Thread-2 (]: Began running node test.property_transaction_warehouse.unique_dim_location_location_key.b5757d64b6
[0m18:55:18.912420 [debug] [Thread-1 (]: Began compiling node test.property_transaction_warehouse.not_null_dim_location_location_key.c1a2c0b86c
[0m18:55:18.912637 [debug] [Thread-4 (]: Began executing node model.property_transaction_warehouse.dim_project
[0m18:55:18.912906 [debug] [Thread-2 (]: Began compiling node test.property_transaction_warehouse.unique_dim_location_location_key.b5757d64b6
[0m18:55:18.919695 [debug] [Thread-4 (]: Finished running node model.property_transaction_warehouse.dim_project
[0m18:55:18.920095 [debug] [Thread-1 (]: Writing injected SQL for node "test.property_transaction_warehouse.not_null_dim_location_location_key.c1a2c0b86c"
[0m18:55:18.924507 [debug] [Thread-2 (]: Writing injected SQL for node "test.property_transaction_warehouse.unique_dim_location_location_key.b5757d64b6"
[0m18:55:18.925277 [debug] [Thread-1 (]: Began executing node test.property_transaction_warehouse.not_null_dim_location_location_key.c1a2c0b86c
[0m18:55:18.925833 [debug] [Thread-3 (]: Began running node model.property_transaction_warehouse.fact_transaction
[0m18:55:18.926309 [debug] [Thread-1 (]: Finished running node test.property_transaction_warehouse.not_null_dim_location_location_key.c1a2c0b86c
[0m18:55:18.926576 [debug] [Thread-4 (]: Began running node test.property_transaction_warehouse.not_null_dim_project_project_key.5cfc354fab
[0m18:55:18.926807 [debug] [Thread-3 (]: Began compiling node model.property_transaction_warehouse.fact_transaction
[0m18:55:18.927079 [debug] [Thread-2 (]: Began executing node test.property_transaction_warehouse.unique_dim_location_location_key.b5757d64b6
[0m18:55:18.927291 [debug] [Thread-1 (]: Began running node test.property_transaction_warehouse.unique_dim_project_project_key.793b35d8e1
[0m18:55:18.927502 [debug] [Thread-4 (]: Began compiling node test.property_transaction_warehouse.not_null_dim_project_project_key.5cfc354fab
[0m18:55:18.929115 [debug] [Thread-3 (]: Writing injected SQL for node "model.property_transaction_warehouse.fact_transaction"
[0m18:55:18.929470 [debug] [Thread-2 (]: Finished running node test.property_transaction_warehouse.unique_dim_location_location_key.b5757d64b6
[0m18:55:18.929671 [debug] [Thread-1 (]: Began compiling node test.property_transaction_warehouse.unique_dim_project_project_key.793b35d8e1
[0m18:55:18.932736 [debug] [Thread-4 (]: Writing injected SQL for node "test.property_transaction_warehouse.not_null_dim_project_project_key.5cfc354fab"
[0m18:55:18.938492 [debug] [Thread-3 (]: Began executing node model.property_transaction_warehouse.fact_transaction
[0m18:55:18.938298 [debug] [Thread-1 (]: Writing injected SQL for node "test.property_transaction_warehouse.unique_dim_project_project_key.793b35d8e1"
[0m18:55:18.939397 [debug] [Thread-3 (]: Finished running node model.property_transaction_warehouse.fact_transaction
[0m18:55:18.939745 [debug] [Thread-4 (]: Began executing node test.property_transaction_warehouse.not_null_dim_project_project_key.5cfc354fab
[0m18:55:18.940352 [debug] [Thread-4 (]: Finished running node test.property_transaction_warehouse.not_null_dim_project_project_key.5cfc354fab
[0m18:55:18.940654 [debug] [Thread-2 (]: Began running node test.property_transaction_warehouse.not_null_fact_transaction_transaction_key.274831b9a6
[0m18:55:18.940866 [debug] [Thread-2 (]: Began compiling node test.property_transaction_warehouse.not_null_fact_transaction_transaction_key.274831b9a6
[0m18:55:18.941064 [debug] [Thread-3 (]: Began running node test.property_transaction_warehouse.relationships_fact_transaction_location_key__location_key__ref_dim_location_.a942d8afdc
[0m18:55:18.944078 [debug] [Thread-2 (]: Writing injected SQL for node "test.property_transaction_warehouse.not_null_fact_transaction_transaction_key.274831b9a6"
[0m18:55:18.944354 [debug] [Thread-1 (]: Began executing node test.property_transaction_warehouse.unique_dim_project_project_key.793b35d8e1
[0m18:55:18.944590 [debug] [Thread-3 (]: Began compiling node test.property_transaction_warehouse.relationships_fact_transaction_location_key__location_key__ref_dim_location_.a942d8afdc
[0m18:55:18.944843 [debug] [Thread-4 (]: Began running node test.property_transaction_warehouse.relationships_fact_transaction_project_key__project_key__ref_dim_project_.a445602349
[0m18:55:18.945367 [debug] [Thread-1 (]: Finished running node test.property_transaction_warehouse.unique_dim_project_project_key.793b35d8e1
[0m18:55:18.945579 [debug] [Thread-2 (]: Began executing node test.property_transaction_warehouse.not_null_fact_transaction_transaction_key.274831b9a6
[0m18:55:18.950098 [debug] [Thread-3 (]: Writing injected SQL for node "test.property_transaction_warehouse.relationships_fact_transaction_location_key__location_key__ref_dim_location_.a942d8afdc"
[0m18:55:18.950430 [debug] [Thread-4 (]: Began compiling node test.property_transaction_warehouse.relationships_fact_transaction_project_key__project_key__ref_dim_project_.a445602349
[0m18:55:18.950704 [debug] [Thread-1 (]: Began running node test.property_transaction_warehouse.unique_fact_transaction_transaction_key.2bf6393ada
[0m18:55:18.951092 [debug] [Thread-2 (]: Finished running node test.property_transaction_warehouse.not_null_fact_transaction_transaction_key.274831b9a6
[0m18:55:18.956405 [debug] [Thread-4 (]: Writing injected SQL for node "test.property_transaction_warehouse.relationships_fact_transaction_project_key__project_key__ref_dim_project_.a445602349"
[0m18:55:18.956848 [debug] [Thread-1 (]: Began compiling node test.property_transaction_warehouse.unique_fact_transaction_transaction_key.2bf6393ada
[0m18:55:18.957297 [debug] [Thread-3 (]: Began executing node test.property_transaction_warehouse.relationships_fact_transaction_location_key__location_key__ref_dim_location_.a942d8afdc
[0m18:55:18.960395 [debug] [Thread-1 (]: Writing injected SQL for node "test.property_transaction_warehouse.unique_fact_transaction_transaction_key.2bf6393ada"
[0m18:55:18.960681 [debug] [Thread-4 (]: Began executing node test.property_transaction_warehouse.relationships_fact_transaction_project_key__project_key__ref_dim_project_.a445602349
[0m18:55:18.961249 [debug] [Thread-3 (]: Finished running node test.property_transaction_warehouse.relationships_fact_transaction_location_key__location_key__ref_dim_location_.a942d8afdc
[0m18:55:18.961690 [debug] [Thread-4 (]: Finished running node test.property_transaction_warehouse.relationships_fact_transaction_project_key__project_key__ref_dim_project_.a445602349
[0m18:55:18.961944 [debug] [Thread-1 (]: Began executing node test.property_transaction_warehouse.unique_fact_transaction_transaction_key.2bf6393ada
[0m18:55:18.962480 [debug] [Thread-1 (]: Finished running node test.property_transaction_warehouse.unique_fact_transaction_transaction_key.2bf6393ada
[0m18:55:18.963633 [debug] [MainThread]: Connection 'master' was properly closed.
[0m18:55:18.963882 [debug] [MainThread]: Connection 'list_ringed-griffin-509403-b4_propery_trans1' was properly closed.
[0m18:55:18.964708 [debug] [MainThread]: Command end result
[0m18:55:18.980307 [debug] [MainThread]: Wrote artifact WritableManifest to 2a_data_warehouse/target/manifest.json
[0m18:55:18.981911 [debug] [MainThread]: Wrote artifact SemanticManifest to 2a_data_warehouse/target/semantic_manifest.json
[0m18:55:18.983075 [debug] [MainThread]: Wrote artifact OsiDocument to 2a_data_warehouse/target/osi_document.json
[0m18:55:18.987575 [debug] [MainThread]: Wrote artifact RunExecutionResult to 2a_data_warehouse/target/run_results.json
[0m18:55:18.988105 [debug] [MainThread]: Resource report: {"command_name": "compile", "command_success": true, "command_wall_clock_time": 12.634901, "process_in_blocks": "542672", "process_kernel_time": 0.370895, "process_mem_max_rss": "246540", "process_out_blocks": "4320", "process_user_time": 3.268001}
[0m18:55:18.988517 [debug] [MainThread]: Command `dbt compile` succeeded at 18:55:18.988457 after 12.64 seconds
[0m18:55:18.988730 [debug] [MainThread]: Sending event: {'category': 'dbt', 'action': 'invocation', 'label': 'end', 'context': [<snowplow_tracker.self_describing_json.SelfDescribingJson object at 0x78858107d910>, <snowplow_tracker.self_describing_json.SelfDescribingJson object at 0x78858107dc40>, <snowplow_tracker.self_describing_json.SelfDescribingJson object at 0x788580951970>]}
[0m18:55:18.988929 [debug] [MainThread]: Flushing usage events
[0m18:55:19.959230 [debug] [MainThread]: An error was encountered while trying to flush usage events
[0m18:55:51.815296 [debug] [MainThread]: Sending event: {'category': 'dbt', 'action': 'invocation', 'label': 'start', 'context': [<snowplow_tracker.self_describing_json.SelfDescribingJson object at 0x789d475927b0>, <snowplow_tracker.self_describing_json.SelfDescribingJson object at 0x789d493dcf50>, <snowplow_tracker.self_describing_json.SelfDescribingJson object at 0x789d45db7890>]}


============================== 18:55:51.819279 | 16daf433-abf8-49d9-a721-6a2a84c5dbfa ==============================
[0m18:55:51.819279 [info ] [MainThread]: Running with dbt=1.12.5
[0m18:55:51.819629 [debug] [MainThread]: running dbt with arguments {'invocation_command': 'dbt run', 'fail_fast': 'False', 'warn_error_options': 'WarnErrorOptionsV2(error=[], warn=[], silence=[])', 'use_colors': 'True', 'static_parser': 'True', 'send_anonymous_usage_stats': 'True', 'profiles_dir': '/home/jenho/Proj 2 - Property Transaction V1/2a_data_warehouse', 'log_format': 'default', 'no_print': 'None', 'target_path': 'None', 'maximum_seed_size_mib': '1', 'introspect': 'True', 'empty': 'False', 'cache_selected_only': 'False', 'warn_error': 'None', 'quiet': 'False', 'indirect_selection': 'eager', 'write_json': 'True', 'hints_enabled': 'True', 'printer_width': '80', 'log_cache_events': 'False', 'partial_parse': 'True', 'version_check': 'True', 'debug': 'False', 'use_experimental_parser': 'False', 'log_path': '/home/jenho/Proj 2 - Property Transaction V1/2a_data_warehouse/logs'}
[0m18:55:52.903423 [debug] [MainThread]: Sending event: {'category': 'dbt', 'action': 'project_id', 'label': '16daf433-abf8-49d9-a721-6a2a84c5dbfa', 'context': [<snowplow_tracker.self_describing_json.SelfDescribingJson object at 0x789d1050e3f0>]}
[0m18:55:52.941399 [debug] [MainThread]: Sending event: {'category': 'dbt', 'action': 'adapter_info', 'label': '16daf433-abf8-49d9-a721-6a2a84c5dbfa', 'context': [<snowplow_tracker.self_describing_json.SelfDescribingJson object at 0x789d4959f8a0>]}
[0m18:55:52.942193 [info ] [MainThread]: Registered adapter: bigquery=1.12.1
[0m18:55:52.993860 [debug] [MainThread]: checksum: 9742bae524cb133816d56fa13025eeafb4819ed2acf766351b6099479fe392d2, vars: {}, profile: property_transaction_warehouse, target: dev, version: 1.12.5
[0m18:55:53.120688 [debug] [MainThread]: Partial parsing enabled: 0 files deleted, 0 files added, 0 files changed.
[0m18:55:53.121033 [debug] [MainThread]: Nothing changed, skipping partial parsing.
[0m18:55:53.121194 [debug] [MainThread]: Partial parsing enabled, no changes found, skipping parsing
[0m18:55:53.126398 [debug] [MainThread]: Sending event: {'category': 'dbt', 'action': 'load_project', 'label': '16daf433-abf8-49d9-a721-6a2a84c5dbfa', 'context': [<snowplow_tracker.self_describing_json.SelfDescribingJson object at 0x789d0bfc9250>]}
[0m18:55:53.200561 [debug] [MainThread]: Wrote artifact WritableManifest to /home/jenho/Proj 2 - Property Transaction V1/2a_data_warehouse/target/manifest.json
[0m18:55:53.203213 [debug] [MainThread]: Wrote artifact SemanticManifest to /home/jenho/Proj 2 - Property Transaction V1/2a_data_warehouse/target/semantic_manifest.json
[0m18:55:53.220921 [debug] [MainThread]: Wrote artifact OsiDocument to /home/jenho/Proj 2 - Property Transaction V1/2a_data_warehouse/target/osi_document.json
[0m18:55:53.230138 [debug] [MainThread]: Sending event: {'category': 'dbt', 'action': 'resource_counts', 'label': '16daf433-abf8-49d9-a721-6a2a84c5dbfa', 'context': [<snowplow_tracker.self_describing_json.SelfDescribingJson object at 0x789d0bed06e0>]}
[0m18:55:53.230681 [info ] [MainThread]: Found 4 models, 8 data tests, 1 source, 561 macros
[0m18:55:53.230901 [debug] [MainThread]: Sending event: {'category': 'dbt', 'action': 'runnable_timing', 'label': '16daf433-abf8-49d9-a721-6a2a84c5dbfa', 'context': [<snowplow_tracker.self_describing_json.SelfDescribingJson object at 0x789d0beaa270>]}
[0m18:55:53.232273 [info ] [MainThread]: 
[0m18:55:53.232493 [info ] [MainThread]: Concurrency: 4 threads (target='dev')
[0m18:55:53.232646 [info ] [MainThread]: 
[0m18:55:53.232953 [debug] [MainThread]: Acquiring new bigquery connection 'master'
[0m18:55:53.235246 [debug] [ThreadPool]: Acquiring new bigquery connection 'list_ringed-griffin-509403-b4'
[0m18:55:53.235457 [debug] [ThreadPool]: Opening a new connection, currently in state init
[0m18:56:04.628475 [debug] [ThreadPool]: Re-using an available connection from the pool (formerly list_ringed-griffin-509403-b4, now list_ringed-griffin-509403-b4_propery_trans1)
[0m18:56:04.628866 [debug] [ThreadPool]: Opening a new connection, currently in state closed
[0m18:56:05.380995 [debug] [MainThread]: Sending event: {'category': 'dbt', 'action': 'runnable_timing', 'label': '16daf433-abf8-49d9-a721-6a2a84c5dbfa', 'context': [<snowplow_tracker.self_describing_json.SelfDescribingJson object at 0x789d45e3e4e0>]}
[0m18:56:05.381375 [debug] [MainThread]: Opening a new connection, currently in state init
[0m18:56:05.384971 [debug] [Thread-1 (]: Began running node model.property_transaction_warehouse.stg_property_transactions
[0m18:56:05.385426 [info ] [Thread-1 (]: 1 of 4 START sql table model propery_trans1.stg_property_transactions .......... [RUN]
[0m18:56:05.385787 [debug] [Thread-1 (]: Re-using an available connection from the pool (formerly list_ringed-griffin-509403-b4_propery_trans1, now model.property_transaction_warehouse.stg_property_transactions)
[0m18:56:05.386027 [debug] [Thread-1 (]: Began compiling node model.property_transaction_warehouse.stg_property_transactions
[0m18:56:05.390218 [debug] [Thread-1 (]: Writing injected SQL for node "model.property_transaction_warehouse.stg_property_transactions"
[0m18:56:05.391217 [debug] [Thread-1 (]: Began executing node model.property_transaction_warehouse.stg_property_transactions
[0m18:56:05.398420 [debug] [Thread-1 (]: Opening a new connection, currently in state closed
[0m18:56:05.900731 [debug] [Thread-1 (]: Writing runtime sql for node "model.property_transaction_warehouse.stg_property_transactions"
[0m18:56:05.901917 [debug] [Thread-1 (]: On model.property_transaction_warehouse.stg_property_transactions: /* {"app": "dbt", "dbt_version": "1.12.5", "profile_name": "property_transaction_warehouse", "target_name": "dev", "node_id": "model.property_transaction_warehouse.stg_property_transactions"} */

  
    

    create or replace table `ringed-griffin-509403-b4`.`propery_trans1`.`stg_property_transactions`
      
    
    

    
    OPTIONS()
    as (
      WITH cleaned AS (
    SELECT
        NULLIF(REGEXP_REPLACE(UPPER(TRIM(project_name)), r'\s+', ' '), '') AS project_name,
        SAFE_CAST(REGEXP_REPLACE(NULLIF(TRIM(transacted_price), '-'), r'[^0-9.-]', '') AS NUMERIC) AS transacted_price,
        SAFE_CAST(REGEXP_REPLACE(NULLIF(TRIM(area_sqft), '-'), r'[^0-9.-]', '') AS NUMERIC) AS area_sqft,
        SAFE_CAST(REGEXP_REPLACE(NULLIF(TRIM(unit_price_psf), '-'), r'[^0-9.-]', '') AS NUMERIC) AS unit_price_psf,
        SAFE.PARSE_DATE('%d %b %Y', NULLIF(TRIM(sale_date), '')) AS sale_date,
        NULLIF(REGEXP_REPLACE(UPPER(TRIM(address)), r'\s+', ' '), '') AS address,
        NULLIF(UPPER(TRIM(type_of_sale)), '') AS type_of_sale,
        NULLIF(UPPER(TRIM(type_of_area)), '') AS type_of_area,
        SAFE_CAST(REGEXP_REPLACE(NULLIF(TRIM(area_sqm), '-'), r'[^0-9.-]', '') AS NUMERIC) AS area_sqm,
        SAFE_CAST(REGEXP_REPLACE(NULLIF(TRIM(unit_price_psm), '-'), r'[^0-9.-]', '') AS NUMERIC) AS unit_price_psm,
        SAFE_CAST(REGEXP_REPLACE(NULLIF(TRIM(nett_price), '-'), r'[^0-9.-]', '') AS NUMERIC) AS nett_price,
        NULLIF(UPPER(TRIM(property_type)), '') AS property_type,
        SAFE_CAST(NULLIF(TRIM(number_of_units), '-') AS INT64) AS number_of_units,
        NULLIF(UPPER(TRIM(tenure)), '') AS tenure,
        NULLIF(TRIM(completion_date), '') AS completion_date,
        NULLIF(UPPER(TRIM(purchaser_address_indicator)), '') AS purchaser_address_indicator,
        NULLIF(TRIM(postal_code), '') AS postal_code,
        NULLIF(TRIM(postal_district), '') AS postal_district,
        NULLIF(TRIM(postal_sector), '') AS postal_sector,
        NULLIF(UPPER(TRIM(planning_region)), '') AS planning_region,
        NULLIF(UPPER(TRIM(planning_area)), '') AS planning_area
    FROM `ringed-griffin-509403-b4`.`propery_trans1`.`raw_property_trans`
)
SELECT
    *,
    SAFE_CAST(IF(REGEXP_CONTAINS(completion_date, r'^\d{4}$'), completion_date, NULL) AS INT64) AS completion_year,
    CASE
        WHEN UPPER(completion_date) = 'UNCOMPLETED' THEN 'UNCOMPLETED'
        WHEN REGEXP_CONTAINS(completion_date, r'^\d{4}$') THEN 'COMPLETED'
        WHEN completion_date IS NULL THEN NULL
        ELSE 'UNKNOWN'
    END AS completion_status
FROM cleaned
    );
  
[0m18:56:06.575433 [debug] [Thread-1 (]: BigQuery adapter: https://console.cloud.google.com/bigquery?project=ringed-griffin-509403-b4&j=bq:US:c5ecd969-1f3c-49a3-a4f3-0cb694676d14&page=queryresults
[0m18:56:09.156658 [debug] [Thread-1 (]: SQL status: OK in 2.581 seconds
[0m18:56:09.600814 [debug] [Thread-1 (]: Sending event: {'category': 'dbt', 'action': 'run_model', 'label': '16daf433-abf8-49d9-a721-6a2a84c5dbfa', 'context': [<snowplow_tracker.self_describing_json.SelfDescribingJson object at 0x789d0bd88dd0>]}
[0m18:56:09.601365 [info ] [Thread-1 (]: 1 of 4 OK created sql table model propery_trans1.stg_property_transactions ..... [[32mCREATE TABLE (94.3k rows, 18.7 MiB processed)[0m in 4.21s]
[0m18:56:09.601698 [debug] [Thread-1 (]: Finished running node model.property_transaction_warehouse.stg_property_transactions
[0m18:56:09.602463 [debug] [Thread-2 (]: Began running node model.property_transaction_warehouse.dim_location
[0m18:56:09.602777 [info ] [Thread-2 (]: 2 of 4 START sql table model propery_trans1.dim_location ....................... [RUN]
[0m18:56:09.603409 [debug] [Thread-2 (]: Acquiring new bigquery connection 'model.property_transaction_warehouse.dim_location'
[0m18:56:09.603621 [debug] [Thread-2 (]: Began compiling node model.property_transaction_warehouse.dim_location
[0m18:56:09.604886 [debug] [Thread-2 (]: Writing injected SQL for node "model.property_transaction_warehouse.dim_location"
[0m18:56:09.603057 [debug] [Thread-3 (]: Began running node model.property_transaction_warehouse.dim_project
[0m18:56:09.605274 [info ] [Thread-3 (]: 3 of 4 START sql table model propery_trans1.dim_project ........................ [RUN]
[0m18:56:09.605591 [debug] [Thread-3 (]: Acquiring new bigquery connection 'model.property_transaction_warehouse.dim_project'
[0m18:56:09.605828 [debug] [Thread-3 (]: Began compiling node model.property_transaction_warehouse.dim_project
[0m18:56:09.606871 [debug] [Thread-3 (]: Writing injected SQL for node "model.property_transaction_warehouse.dim_project"
[0m18:56:09.607135 [debug] [Thread-2 (]: Began executing node model.property_transaction_warehouse.dim_location
[0m18:56:09.607998 [debug] [Thread-2 (]: Opening a new connection, currently in state init
[0m18:56:09.608812 [debug] [Thread-3 (]: Began executing node model.property_transaction_warehouse.dim_project
[0m18:56:09.609614 [debug] [Thread-3 (]: Opening a new connection, currently in state init
[0m18:56:10.042180 [debug] [Thread-3 (]: Writing runtime sql for node "model.property_transaction_warehouse.dim_project"
[0m18:56:10.042714 [debug] [Thread-3 (]: On model.property_transaction_warehouse.dim_project: /* {"app": "dbt", "dbt_version": "1.12.5", "profile_name": "property_transaction_warehouse", "target_name": "dev", "node_id": "model.property_transaction_warehouse.dim_project"} */

  
    

    create or replace table `ringed-griffin-509403-b4`.`propery_trans1`.`dim_project`
      
    
    

    
    OPTIONS()
    as (
      WITH projects AS (
    SELECT DISTINCT
        project_name,
        property_type,
        tenure,
        completion_year,
        completion_status
    FROM `ringed-griffin-509403-b4`.`propery_trans1`.`stg_property_transactions`
    WHERE project_name IS NOT NULL
)
SELECT
    FARM_FINGERPRINT(TO_JSON_STRING(STRUCT(
        project_name,
        property_type,
        tenure,
        completion_year,
        completion_status
    ))) AS project_key,
    project_name,
    property_type,
    tenure,
    completion_year,
    completion_status
FROM projects
    );
  
[0m18:56:10.044875 [debug] [Thread-2 (]: Writing runtime sql for node "model.property_transaction_warehouse.dim_location"
[0m18:56:10.045489 [debug] [Thread-2 (]: On model.property_transaction_warehouse.dim_location: /* {"app": "dbt", "dbt_version": "1.12.5", "profile_name": "property_transaction_warehouse", "target_name": "dev", "node_id": "model.property_transaction_warehouse.dim_location"} */

  
    

    create or replace table `ringed-griffin-509403-b4`.`propery_trans1`.`dim_location`
      
    
    

    
    OPTIONS()
    as (
      WITH locations AS (
    SELECT DISTINCT
        address,
        postal_code,
        postal_district,
        postal_sector,
        planning_region,
        planning_area
    FROM `ringed-griffin-509403-b4`.`propery_trans1`.`stg_property_transactions`
    WHERE address IS NOT NULL
       OR postal_code IS NOT NULL
       OR postal_district IS NOT NULL
       OR postal_sector IS NOT NULL
       OR planning_region IS NOT NULL
       OR planning_area IS NOT NULL
)
SELECT
    FARM_FINGERPRINT(TO_JSON_STRING(STRUCT(
        address,
        postal_code,
        postal_district,
        postal_sector,
        planning_region,
        planning_area
    ))) AS location_key,
    address,
    postal_code,
    postal_district,
    postal_sector,
    planning_region,
    planning_area
FROM locations
    );
  
[0m18:56:10.648703 [debug] [Thread-2 (]: BigQuery adapter: https://console.cloud.google.com/bigquery?project=ringed-griffin-509403-b4&j=bq:US:ac903080-93a4-4ae0-8021-ee18831107b8&page=queryresults
[0m18:56:10.812906 [debug] [Thread-3 (]: BigQuery adapter: https://console.cloud.google.com/bigquery?project=ringed-griffin-509403-b4&j=bq:US:738ac542-db1e-46a0-a2f3-fe5e5e1faddd&page=queryresults
[0m18:56:12.260771 [debug] [Thread-3 (]: SQL status: OK in 1.447 seconds
[0m18:56:12.603273 [debug] [Thread-2 (]: SQL status: OK in 1.954 seconds
[0m18:56:12.698490 [debug] [Thread-3 (]: Sending event: {'category': 'dbt', 'action': 'run_model', 'label': '16daf433-abf8-49d9-a721-6a2a84c5dbfa', 'context': [<snowplow_tracker.self_describing_json.SelfDescribingJson object at 0x789d08289b20>]}
[0m18:56:12.699091 [info ] [Thread-3 (]: 3 of 4 OK created sql table model propery_trans1.dim_project ................... [[32mCREATE TABLE (2.7k rows, 5.8 MiB processed)[0m in 3.09s]
[0m18:56:12.699419 [debug] [Thread-3 (]: Finished running node model.property_transaction_warehouse.dim_project
[0m18:56:12.985968 [debug] [Thread-2 (]: Sending event: {'category': 'dbt', 'action': 'run_model', 'label': '16daf433-abf8-49d9-a721-6a2a84c5dbfa', 'context': [<snowplow_tracker.self_describing_json.SelfDescribingJson object at 0x789d0823a530>]}
[0m18:56:12.986439 [info ] [Thread-2 (]: 2 of 4 OK created sql table model propery_trans1.dim_location .................. [[32mCREATE TABLE (91.7k rows, 6.2 MiB processed)[0m in 3.38s]
[0m18:56:12.986833 [debug] [Thread-2 (]: Finished running node model.property_transaction_warehouse.dim_location
[0m18:56:12.987450 [debug] [Thread-4 (]: Began running node model.property_transaction_warehouse.fact_transaction
[0m18:56:12.987741 [info ] [Thread-4 (]: 4 of 4 START sql table model propery_trans1.fact_transaction ................... [RUN]
[0m18:56:12.988028 [debug] [Thread-4 (]: Acquiring new bigquery connection 'model.property_transaction_warehouse.fact_transaction'
[0m18:56:12.988193 [debug] [Thread-4 (]: Began compiling node model.property_transaction_warehouse.fact_transaction
[0m18:56:12.989704 [debug] [Thread-4 (]: Writing injected SQL for node "model.property_transaction_warehouse.fact_transaction"
[0m18:56:12.990087 [debug] [Thread-4 (]: Began executing node model.property_transaction_warehouse.fact_transaction
[0m18:56:12.990723 [debug] [Thread-4 (]: Opening a new connection, currently in state init
[0m18:56:13.408869 [debug] [Thread-4 (]: Writing runtime sql for node "model.property_transaction_warehouse.fact_transaction"
[0m18:56:13.410678 [debug] [Thread-4 (]: On model.property_transaction_warehouse.fact_transaction: /* {"app": "dbt", "dbt_version": "1.12.5", "profile_name": "property_transaction_warehouse", "target_name": "dev", "node_id": "model.property_transaction_warehouse.fact_transaction"} */

  
    

    create or replace table `ringed-griffin-509403-b4`.`propery_trans1`.`fact_transaction`
      
    
    

    
    OPTIONS()
    as (
      WITH transactions AS (
    SELECT
        *,
        ROW_NUMBER() OVER (
            ORDER BY TO_JSON_STRING(STRUCT(
                project_name,
                transacted_price,
                area_sqft,
                unit_price_psf,
                sale_date,
                address,
                type_of_sale,
                type_of_area,
                area_sqm,
                unit_price_psm,
                nett_price,
                property_type,
                number_of_units,
                tenure,
                completion_date,
                purchaser_address_indicator,
                postal_code,
                postal_district,
                postal_sector,
                planning_region,
                planning_area
            ))
        ) AS transaction_row_number
    FROM `ringed-griffin-509403-b4`.`propery_trans1`.`stg_property_transactions`
)
SELECT
    FARM_FINGERPRINT(CONCAT(
        TO_JSON_STRING(STRUCT(
            t.project_name,
            t.transacted_price,
            t.area_sqft,
            t.unit_price_psf,
            t.sale_date,
            t.address,
            t.type_of_sale,
            t.type_of_area,
            t.area_sqm,
            t.unit_price_psm,
            t.nett_price,
            t.property_type,
            t.number_of_units,
            t.tenure,
            t.completion_date,
            t.purchaser_address_indicator,
            t.postal_code,
            t.postal_district,
            t.postal_sector,
            t.planning_region,
            t.planning_area
        )),
        '#',
        CAST(transaction_row_number AS STRING)
    )) AS transaction_key,
    p.project_key,
    l.location_key,
    t.sale_date,
    t.transacted_price,
    t.nett_price,
    t.area_sqft,
    t.area_sqm,
    t.unit_price_psf,
    t.unit_price_psm,
    t.number_of_units,
    t.type_of_sale,
    t.type_of_area,
    t.purchaser_address_indicator
FROM transactions AS t
LEFT JOIN `ringed-griffin-509403-b4`.`propery_trans1`.`dim_project` AS p
    ON t.project_name = p.project_name
    AND t.property_type IS NOT DISTINCT FROM p.property_type
    AND t.tenure IS NOT DISTINCT FROM p.tenure
    AND t.completion_year IS NOT DISTINCT FROM p.completion_year
    AND t.completion_status IS NOT DISTINCT FROM p.completion_status
LEFT JOIN `ringed-griffin-509403-b4`.`propery_trans1`.`dim_location` AS l
    ON t.address IS NOT DISTINCT FROM l.address
    AND t.postal_code IS NOT DISTINCT FROM l.postal_code
    AND t.postal_district IS NOT DISTINCT FROM l.postal_district
    AND t.postal_sector IS NOT DISTINCT FROM l.postal_sector
    AND t.planning_region IS NOT DISTINCT FROM l.planning_region
    AND t.planning_area IS NOT DISTINCT FROM l.planning_area
    );
  
[0m18:56:14.132704 [debug] [Thread-4 (]: BigQuery adapter: https://console.cloud.google.com/bigquery?project=ringed-griffin-509403-b4&j=bq:US:4e1b5a7f-68ef-4465-b282-c96dc233ed40&page=queryresults
[0m18:56:20.194226 [debug] [Thread-4 (]: SQL status: OK in 6.060 seconds
[0m18:56:20.564716 [debug] [Thread-4 (]: Sending event: {'category': 'dbt', 'action': 'run_model', 'label': '16daf433-abf8-49d9-a721-6a2a84c5dbfa', 'context': [<snowplow_tracker.self_describing_json.SelfDescribingJson object at 0x789d0821e4d0>]}
[0m18:56:20.566368 [info ] [Thread-4 (]: 4 of 4 OK created sql table model propery_trans1.fact_transaction .............. [[32mCREATE TABLE (94.3k rows, 30.6 MiB processed)[0m in 7.58s]
[0m18:56:20.568514 [debug] [Thread-4 (]: Finished running node model.property_transaction_warehouse.fact_transaction
[0m18:56:20.572872 [debug] [MainThread]: Opening a new connection, currently in state closed
[0m18:56:20.574271 [debug] [MainThread]: Connection 'master' was properly closed.
[0m18:56:20.574977 [debug] [MainThread]: Connection 'model.property_transaction_warehouse.stg_property_transactions' was properly closed.
[0m18:56:20.575573 [debug] [MainThread]: Connection 'model.property_transaction_warehouse.dim_location' was properly closed.
[0m18:56:20.576245 [debug] [MainThread]: Connection 'model.property_transaction_warehouse.dim_project' was properly closed.
[0m18:56:20.576763 [debug] [MainThread]: Connection 'model.property_transaction_warehouse.fact_transaction' was properly closed.
[0m18:56:20.577432 [info ] [MainThread]: 
[0m18:56:20.578001 [info ] [MainThread]: Finished running 4 table models in 0 hours 0 minutes and 27.34 seconds (27.34s).
[0m18:56:20.579153 [debug] [MainThread]: Command end result
[0m18:56:20.599001 [debug] [MainThread]: Wrote artifact WritableManifest to /home/jenho/Proj 2 - Property Transaction V1/2a_data_warehouse/target/manifest.json
[0m18:56:20.600697 [debug] [MainThread]: Wrote artifact SemanticManifest to /home/jenho/Proj 2 - Property Transaction V1/2a_data_warehouse/target/semantic_manifest.json
[0m18:56:20.601939 [debug] [MainThread]: Wrote artifact OsiDocument to /home/jenho/Proj 2 - Property Transaction V1/2a_data_warehouse/target/osi_document.json
[0m18:56:20.605747 [debug] [MainThread]: Wrote artifact RunExecutionResult to /home/jenho/Proj 2 - Property Transaction V1/2a_data_warehouse/target/run_results.json
[0m18:56:20.605939 [info ] [MainThread]: 
[0m18:56:20.606269 [info ] [MainThread]: [32mCompleted successfully[0m
[0m18:56:20.606596 [info ] [MainThread]: 
[0m18:56:20.606849 [info ] [MainThread]: Done. PASS=4 WARN=0 ERROR=0 SKIP=0 NO-OP=0 REUSED=0 TOTAL=4
[0m18:56:20.607292 [debug] [MainThread]: Resource report: {"command_name": "run", "command_success": true, "command_wall_clock_time": 28.835833, "process_in_blocks": "513616", "process_kernel_time": 0.278009, "process_mem_max_rss": "268056", "process_out_blocks": "2968", "process_user_time": 2.972561}
[0m18:56:20.607606 [debug] [MainThread]: Command `dbt run` succeeded at 18:56:20.607546 after 28.84 seconds
[0m18:56:20.607916 [debug] [MainThread]: Sending event: {'category': 'dbt', 'action': 'invocation', 'label': 'end', 'context': [<snowplow_tracker.self_describing_json.SelfDescribingJson object at 0x789d45e384b0>, <snowplow_tracker.self_describing_json.SelfDescribingJson object at 0x789d46a33540>, <snowplow_tracker.self_describing_json.SelfDescribingJson object at 0x789d45de7290>]}
[0m18:56:20.608128 [debug] [MainThread]: Flushing usage events
[0m18:56:21.793355 [debug] [MainThread]: An error was encountered while trying to flush usage events
[0m14:39:30.745463 [debug] [MainThread]: Sending event: {'category': 'dbt', 'action': 'invocation', 'label': 'start', 'context': [<snowplow_tracker.self_describing_json.SelfDescribingJson object at 0x7427cf3827b0>, <snowplow_tracker.self_describing_json.SelfDescribingJson object at 0x7427d11e4f50>, <snowplow_tracker.self_describing_json.SelfDescribingJson object at 0x7427cdba3890>]}


============================== 14:39:30.749329 | d387c11e-fd29-4fa7-906d-cb467239742a ==============================
[0m14:39:30.749329 [info ] [MainThread]: Running with dbt=1.12.5
[0m14:39:30.749641 [debug] [MainThread]: running dbt with arguments {'introspect': 'True', 'use_experimental_parser': 'False', 'fail_fast': 'False', 'indirect_selection': 'eager', 'log_path': '/home/jenho/Proj 2 - Property Transaction V1/2n3_data_design_ELT_pipeline/logs', 'hints_enabled': 'True', 'send_anonymous_usage_stats': 'True', 'version_check': 'True', 'use_colors': 'True', 'static_parser': 'True', 'log_cache_events': 'False', 'target_path': 'None', 'warn_error_options': 'WarnErrorOptionsV2(error=[], warn=[], silence=[])', 'write_json': 'True', 'empty': 'None', 'no_print': 'None', 'quiet': 'False', 'cache_selected_only': 'False', 'debug': 'False', 'partial_parse': 'True', 'printer_width': '80', 'invocation_command': 'dbt test', 'warn_error': 'None', 'profiles_dir': '/home/jenho/Proj 2 - Property Transaction V1/2n3_data_design_ELT_pipeline', 'maximum_seed_size_mib': '1', 'log_format': 'default'}
[0m14:39:31.845881 [debug] [MainThread]: Sending event: {'category': 'dbt', 'action': 'project_id', 'label': 'd387c11e-fd29-4fa7-906d-cb467239742a', 'context': [<snowplow_tracker.self_describing_json.SelfDescribingJson object at 0x7427983063f0>]}
[0m14:39:31.880405 [debug] [MainThread]: Sending event: {'category': 'dbt', 'action': 'adapter_info', 'label': 'd387c11e-fd29-4fa7-906d-cb467239742a', 'context': [<snowplow_tracker.self_describing_json.SelfDescribingJson object at 0x7427d13a38a0>]}
[0m14:39:31.880963 [info ] [MainThread]: Registered adapter: bigquery=1.12.1
[0m14:39:31.932225 [debug] [MainThread]: checksum: 9742bae524cb133816d56fa13025eeafb4819ed2acf766351b6099479fe392d2, vars: {}, profile: property_transaction_warehouse, target: dev, version: 1.12.5
[0m14:39:32.055708 [debug] [MainThread]: Partial parsing enabled: 0 files deleted, 0 files added, 0 files changed.
[0m14:39:32.056020 [debug] [MainThread]: Nothing changed, skipping partial parsing.
[0m14:39:32.056170 [debug] [MainThread]: Partial parsing enabled, no changes found, skipping parsing
[0m14:39:32.061404 [debug] [MainThread]: Sending event: {'category': 'dbt', 'action': 'load_project', 'label': 'd387c11e-fd29-4fa7-906d-cb467239742a', 'context': [<snowplow_tracker.self_describing_json.SelfDescribingJson object at 0x742793dc1150>]}
[0m14:39:32.133259 [debug] [MainThread]: Wrote artifact WritableManifest to /home/jenho/Proj 2 - Property Transaction V1/2n3_data_design_ELT_pipeline/target/manifest.json
[0m14:39:32.135884 [debug] [MainThread]: Wrote artifact SemanticManifest to /home/jenho/Proj 2 - Property Transaction V1/2n3_data_design_ELT_pipeline/target/semantic_manifest.json
[0m14:39:32.151118 [debug] [MainThread]: Wrote artifact OsiDocument to /home/jenho/Proj 2 - Property Transaction V1/2n3_data_design_ELT_pipeline/target/osi_document.json
[0m14:39:32.166926 [debug] [MainThread]: Sending event: {'category': 'dbt', 'action': 'resource_counts', 'label': 'd387c11e-fd29-4fa7-906d-cb467239742a', 'context': [<snowplow_tracker.self_describing_json.SelfDescribingJson object at 0x742793cde5d0>]}
[0m14:39:32.167221 [info ] [MainThread]: Found 4 models, 8 data tests, 1 source, 561 macros
[0m14:39:32.167563 [debug] [MainThread]: Sending event: {'category': 'dbt', 'action': 'runnable_timing', 'label': 'd387c11e-fd29-4fa7-906d-cb467239742a', 'context': [<snowplow_tracker.self_describing_json.SelfDescribingJson object at 0x742793b4a7b0>]}
[0m14:39:32.168894 [info ] [MainThread]: 
[0m14:39:32.169116 [info ] [MainThread]: Concurrency: 4 threads (target='dev')
[0m14:39:32.169287 [info ] [MainThread]: 
[0m14:39:32.169599 [debug] [MainThread]: Acquiring new bigquery connection 'master'
[0m14:39:32.171880 [debug] [ThreadPool]: Acquiring new bigquery connection 'list_ringed-griffin-509403-b4_propery_trans1'
[0m14:39:32.172156 [debug] [ThreadPool]: Opening a new connection, currently in state init
[0m14:39:42.680431 [debug] [MainThread]: Sending event: {'category': 'dbt', 'action': 'runnable_timing', 'label': 'd387c11e-fd29-4fa7-906d-cb467239742a', 'context': [<snowplow_tracker.self_describing_json.SelfDescribingJson object at 0x742793cf4c80>]}
[0m14:39:42.681541 [debug] [MainThread]: Opening a new connection, currently in state init
[0m14:39:42.700081 [debug] [Thread-3 (]: Began running node test.property_transaction_warehouse.not_null_fact_transaction_transaction_key.274831b9a6
[0m14:39:42.701248 [info ] [Thread-3 (]: 3 of 8 START test not_null_fact_transaction_transaction_key .................... [RUN]
[0m14:39:42.702274 [debug] [Thread-1 (]: Began running node test.property_transaction_warehouse.not_null_dim_location_location_key.c1a2c0b86c
[0m14:39:42.703258 [debug] [Thread-2 (]: Began running node test.property_transaction_warehouse.not_null_dim_project_project_key.5cfc354fab
[0m14:39:42.704991 [debug] [Thread-3 (]: Acquiring new bigquery connection 'test.property_transaction_warehouse.not_null_fact_transaction_transaction_key.274831b9a6'
[0m14:39:42.705746 [debug] [Thread-4 (]: Began running node test.property_transaction_warehouse.relationships_fact_transaction_location_key__location_key__ref_dim_location_.a942d8afdc
[0m14:39:42.706506 [info ] [Thread-1 (]: 1 of 8 START test not_null_dim_location_location_key ........................... [RUN]
[0m14:39:42.707757 [info ] [Thread-2 (]: 2 of 8 START test not_null_dim_project_project_key ............................. [RUN]
[0m14:39:42.708546 [debug] [Thread-3 (]: Began compiling node test.property_transaction_warehouse.not_null_fact_transaction_transaction_key.274831b9a6
[0m14:39:42.709370 [info ] [Thread-4 (]: 4 of 8 START test relationships_fact_transaction_location_key__location_key__ref_dim_location_  [RUN]
[0m14:39:42.710561 [debug] [Thread-1 (]: Re-using an available connection from the pool (formerly list_ringed-griffin-509403-b4_propery_trans1, now test.property_transaction_warehouse.not_null_dim_location_location_key.c1a2c0b86c)
[0m14:39:42.711770 [debug] [Thread-2 (]: Acquiring new bigquery connection 'test.property_transaction_warehouse.not_null_dim_project_project_key.5cfc354fab'
[0m14:39:42.728502 [debug] [Thread-4 (]: Acquiring new bigquery connection 'test.property_transaction_warehouse.relationships_fact_transaction_location_key__location_key__ref_dim_location_.a942d8afdc'
[0m14:39:42.736979 [debug] [Thread-4 (]: Began compiling node test.property_transaction_warehouse.relationships_fact_transaction_location_key__location_key__ref_dim_location_.a942d8afdc
[0m14:39:42.736017 [debug] [Thread-3 (]: Writing injected SQL for node "test.property_transaction_warehouse.not_null_fact_transaction_transaction_key.274831b9a6"
[0m14:39:42.736695 [debug] [Thread-2 (]: Began compiling node test.property_transaction_warehouse.not_null_dim_project_project_key.5cfc354fab
[0m14:39:42.736395 [debug] [Thread-1 (]: Began compiling node test.property_transaction_warehouse.not_null_dim_location_location_key.c1a2c0b86c
[0m14:39:42.745269 [debug] [Thread-4 (]: Writing injected SQL for node "test.property_transaction_warehouse.relationships_fact_transaction_location_key__location_key__ref_dim_location_.a942d8afdc"
[0m14:39:42.748471 [debug] [Thread-2 (]: Writing injected SQL for node "test.property_transaction_warehouse.not_null_dim_project_project_key.5cfc354fab"
[0m14:39:42.751281 [debug] [Thread-1 (]: Writing injected SQL for node "test.property_transaction_warehouse.not_null_dim_location_location_key.c1a2c0b86c"
[0m14:39:42.752796 [debug] [Thread-3 (]: Began executing node test.property_transaction_warehouse.not_null_fact_transaction_transaction_key.274831b9a6
[0m14:39:42.759305 [debug] [Thread-1 (]: Began executing node test.property_transaction_warehouse.not_null_dim_location_location_key.c1a2c0b86c
[0m14:39:42.753426 [debug] [Thread-2 (]: Began executing node test.property_transaction_warehouse.not_null_dim_project_project_key.5cfc354fab
[0m14:39:42.753092 [debug] [Thread-4 (]: Began executing node test.property_transaction_warehouse.relationships_fact_transaction_location_key__location_key__ref_dim_location_.a942d8afdc
[0m14:39:42.765798 [debug] [Thread-1 (]: Writing runtime sql for node "test.property_transaction_warehouse.not_null_dim_location_location_key.c1a2c0b86c"
[0m14:39:42.764880 [debug] [Thread-3 (]: Writing runtime sql for node "test.property_transaction_warehouse.not_null_fact_transaction_transaction_key.274831b9a6"
[0m14:39:42.766971 [debug] [Thread-2 (]: Writing runtime sql for node "test.property_transaction_warehouse.not_null_dim_project_project_key.5cfc354fab"
[0m14:39:42.767924 [debug] [Thread-4 (]: Writing runtime sql for node "test.property_transaction_warehouse.relationships_fact_transaction_location_key__location_key__ref_dim_location_.a942d8afdc"
[0m14:39:42.768875 [debug] [Thread-3 (]: On test.property_transaction_warehouse.not_null_fact_transaction_transaction_key.274831b9a6: /* {"app": "dbt", "dbt_version": "1.12.5", "profile_name": "property_transaction_warehouse", "target_name": "dev", "node_id": "test.property_transaction_warehouse.not_null_fact_transaction_transaction_key.274831b9a6"} */

    
    select
      count(*) as failures,
      count(*) != 0 as should_warn,
      count(*) != 0 as should_error
    from (
      
    
  
    
    



select transaction_key
from `ringed-griffin-509403-b4`.`propery_trans1`.`fact_transaction`
where transaction_key is null



  
  
      
    ) dbt_internal_test
[0m14:39:42.769199 [debug] [Thread-3 (]: Opening a new connection, currently in state init
[0m14:39:42.770265 [debug] [Thread-4 (]: On test.property_transaction_warehouse.relationships_fact_transaction_location_key__location_key__ref_dim_location_.a942d8afdc: /* {"app": "dbt", "dbt_version": "1.12.5", "profile_name": "property_transaction_warehouse", "target_name": "dev", "node_id": "test.property_transaction_warehouse.relationships_fact_transaction_location_key__location_key__ref_dim_location_.a942d8afdc"} */

    
    select
      count(*) as failures,
      count(*) != 0 as should_warn,
      count(*) != 0 as should_error
    from (
      
    
  
    
    

with child as (
    select location_key as from_field
    from `ringed-griffin-509403-b4`.`propery_trans1`.`fact_transaction`
    where location_key is not null
),

parent as (
    select location_key as to_field
    from `ringed-griffin-509403-b4`.`propery_trans1`.`dim_location`
)

select
    from_field

from child
left join parent
    on child.from_field = parent.to_field

where parent.to_field is null



  
  
      
    ) dbt_internal_test
[0m14:39:42.770546 [debug] [Thread-4 (]: Opening a new connection, currently in state init
[0m14:39:42.771370 [debug] [Thread-2 (]: On test.property_transaction_warehouse.not_null_dim_project_project_key.5cfc354fab: /* {"app": "dbt", "dbt_version": "1.12.5", "profile_name": "property_transaction_warehouse", "target_name": "dev", "node_id": "test.property_transaction_warehouse.not_null_dim_project_project_key.5cfc354fab"} */

    
    select
      count(*) as failures,
      count(*) != 0 as should_warn,
      count(*) != 0 as should_error
    from (
      
    
  
    
    



select project_key
from `ringed-griffin-509403-b4`.`propery_trans1`.`dim_project`
where project_key is null



  
  
      
    ) dbt_internal_test
[0m14:39:42.771671 [debug] [Thread-2 (]: Opening a new connection, currently in state init
[0m14:39:42.772005 [debug] [Thread-1 (]: On test.property_transaction_warehouse.not_null_dim_location_location_key.c1a2c0b86c: /* {"app": "dbt", "dbt_version": "1.12.5", "profile_name": "property_transaction_warehouse", "target_name": "dev", "node_id": "test.property_transaction_warehouse.not_null_dim_location_location_key.c1a2c0b86c"} */

    
    select
      count(*) as failures,
      count(*) != 0 as should_warn,
      count(*) != 0 as should_error
    from (
      
    
  
    
    



select location_key
from `ringed-griffin-509403-b4`.`propery_trans1`.`dim_location`
where location_key is null



  
  
      
    ) dbt_internal_test
[0m14:39:42.773740 [debug] [Thread-1 (]: Opening a new connection, currently in state closed
[0m14:39:43.521284 [debug] [Thread-2 (]: BigQuery adapter: https://console.cloud.google.com/bigquery?project=ringed-griffin-509403-b4&j=bq:US:933b3218-cd4d-4274-ab62-87b1a00f92ab&page=queryresults
[0m14:39:43.529801 [debug] [Thread-3 (]: BigQuery adapter: https://console.cloud.google.com/bigquery?project=ringed-griffin-509403-b4&j=bq:US:7345142e-8362-4ea3-8ab1-806e7a0ebdd5&page=queryresults
[0m14:39:43.894422 [debug] [Thread-2 (]: SQL status: OK in 0.372 seconds
[0m14:39:43.899989 [debug] [Thread-3 (]: SQL status: OK in 0.369 seconds
[0m14:39:43.974401 [debug] [Thread-4 (]: BigQuery adapter: https://console.cloud.google.com/bigquery?project=ringed-griffin-509403-b4&j=bq:US:6a54e5aa-c3b0-4c86-9297-65d089ee670e&page=queryresults
[0m14:39:44.069101 [debug] [Thread-1 (]: BigQuery adapter: https://console.cloud.google.com/bigquery?project=ringed-griffin-509403-b4&j=bq:US:a6c7321e-6f13-4151-9b2e-61203f42001b&page=queryresults
[0m14:39:44.312750 [debug] [Thread-4 (]: SQL status: OK in 0.338 seconds
[0m14:39:44.430553 [debug] [Thread-1 (]: SQL status: OK in 0.361 seconds
[0m14:39:44.632059 [info ] [Thread-3 (]: 3 of 8 PASS not_null_fact_transaction_transaction_key .......................... [[32mPASS[0m in 1.93s]
[0m14:39:44.632533 [debug] [Thread-3 (]: Finished running node test.property_transaction_warehouse.not_null_fact_transaction_transaction_key.274831b9a6
[0m14:39:44.632773 [debug] [Thread-3 (]: Began running node test.property_transaction_warehouse.relationships_fact_transaction_project_key__project_key__ref_dim_project_.a445602349
[0m14:39:44.632951 [info ] [Thread-3 (]: 5 of 8 START test relationships_fact_transaction_project_key__project_key__ref_dim_project_  [RUN]
[0m14:39:44.633414 [debug] [Thread-3 (]: Re-using an available connection from the pool (formerly test.property_transaction_warehouse.not_null_fact_transaction_transaction_key.274831b9a6, now test.property_transaction_warehouse.relationships_fact_transaction_project_key__project_key__ref_dim_project_.a445602349)
[0m14:39:44.633621 [debug] [Thread-3 (]: Began compiling node test.property_transaction_warehouse.relationships_fact_transaction_project_key__project_key__ref_dim_project_.a445602349
[0m14:39:44.639664 [debug] [Thread-3 (]: Writing injected SQL for node "test.property_transaction_warehouse.relationships_fact_transaction_project_key__project_key__ref_dim_project_.a445602349"
[0m14:39:44.640075 [debug] [Thread-3 (]: Began executing node test.property_transaction_warehouse.relationships_fact_transaction_project_key__project_key__ref_dim_project_.a445602349
[0m14:39:44.641492 [debug] [Thread-3 (]: Writing runtime sql for node "test.property_transaction_warehouse.relationships_fact_transaction_project_key__project_key__ref_dim_project_.a445602349"
[0m14:39:44.641915 [debug] [Thread-3 (]: On test.property_transaction_warehouse.relationships_fact_transaction_project_key__project_key__ref_dim_project_.a445602349: /* {"app": "dbt", "dbt_version": "1.12.5", "profile_name": "property_transaction_warehouse", "target_name": "dev", "node_id": "test.property_transaction_warehouse.relationships_fact_transaction_project_key__project_key__ref_dim_project_.a445602349"} */

    
    select
      count(*) as failures,
      count(*) != 0 as should_warn,
      count(*) != 0 as should_error
    from (
      
    
  
    
    

with child as (
    select project_key as from_field
    from `ringed-griffin-509403-b4`.`propery_trans1`.`fact_transaction`
    where project_key is not null
),

parent as (
    select project_key as to_field
    from `ringed-griffin-509403-b4`.`propery_trans1`.`dim_project`
)

select
    from_field

from child
left join parent
    on child.from_field = parent.to_field

where parent.to_field is null



  
  
      
    ) dbt_internal_test
[0m14:39:44.642345 [debug] [Thread-3 (]: Opening a new connection, currently in state closed
[0m14:39:44.656611 [info ] [Thread-2 (]: 2 of 8 PASS not_null_dim_project_project_key ................................... [[32mPASS[0m in 1.95s]
[0m14:39:44.657083 [debug] [Thread-2 (]: Finished running node test.property_transaction_warehouse.not_null_dim_project_project_key.5cfc354fab
[0m14:39:44.657366 [debug] [Thread-2 (]: Began running node test.property_transaction_warehouse.unique_dim_location_location_key.b5757d64b6
[0m14:39:44.657555 [info ] [Thread-2 (]: 6 of 8 START test unique_dim_location_location_key ............................. [RUN]
[0m14:39:44.658186 [debug] [Thread-2 (]: Re-using an available connection from the pool (formerly test.property_transaction_warehouse.not_null_dim_project_project_key.5cfc354fab, now test.property_transaction_warehouse.unique_dim_location_location_key.b5757d64b6)
[0m14:39:44.658790 [debug] [Thread-2 (]: Began compiling node test.property_transaction_warehouse.unique_dim_location_location_key.b5757d64b6
[0m14:39:44.665257 [debug] [Thread-2 (]: Writing injected SQL for node "test.property_transaction_warehouse.unique_dim_location_location_key.b5757d64b6"
[0m14:39:44.666440 [debug] [Thread-2 (]: Began executing node test.property_transaction_warehouse.unique_dim_location_location_key.b5757d64b6
[0m14:39:44.667647 [debug] [Thread-2 (]: Writing runtime sql for node "test.property_transaction_warehouse.unique_dim_location_location_key.b5757d64b6"
[0m14:39:44.668200 [debug] [Thread-2 (]: On test.property_transaction_warehouse.unique_dim_location_location_key.b5757d64b6: /* {"app": "dbt", "dbt_version": "1.12.5", "profile_name": "property_transaction_warehouse", "target_name": "dev", "node_id": "test.property_transaction_warehouse.unique_dim_location_location_key.b5757d64b6"} */

    
    select
      count(*) as failures,
      count(*) != 0 as should_warn,
      count(*) != 0 as should_error
    from (
      
    
  
    
    

with dbt_test__target as (

  select location_key as unique_field
  from `ringed-griffin-509403-b4`.`propery_trans1`.`dim_location`
  where location_key is not null

)

select
    unique_field,
    count(*) as n_records

from dbt_test__target
group by unique_field
having count(*) > 1



  
  
      
    ) dbt_internal_test
[0m14:39:44.668460 [debug] [Thread-2 (]: Opening a new connection, currently in state closed
[0m14:39:45.013391 [info ] [Thread-4 (]: 4 of 8 PASS relationships_fact_transaction_location_key__location_key__ref_dim_location_  [[32mPASS[0m in 2.29s]
[0m14:39:45.013914 [debug] [Thread-4 (]: Finished running node test.property_transaction_warehouse.relationships_fact_transaction_location_key__location_key__ref_dim_location_.a942d8afdc
[0m14:39:45.014147 [debug] [Thread-4 (]: Began running node test.property_transaction_warehouse.unique_dim_project_project_key.793b35d8e1
[0m14:39:45.014346 [info ] [Thread-4 (]: 7 of 8 START test unique_dim_project_project_key ............................... [RUN]
[0m14:39:45.014605 [debug] [Thread-4 (]: Re-using an available connection from the pool (formerly test.property_transaction_warehouse.relationships_fact_transaction_location_key__location_key__ref_dim_location_.a942d8afdc, now test.property_transaction_warehouse.unique_dim_project_project_key.793b35d8e1)
[0m14:39:45.014777 [debug] [Thread-4 (]: Began compiling node test.property_transaction_warehouse.unique_dim_project_project_key.793b35d8e1
[0m14:39:45.017814 [debug] [Thread-4 (]: Writing injected SQL for node "test.property_transaction_warehouse.unique_dim_project_project_key.793b35d8e1"
[0m14:39:45.018293 [debug] [Thread-4 (]: Began executing node test.property_transaction_warehouse.unique_dim_project_project_key.793b35d8e1
[0m14:39:45.019079 [debug] [Thread-4 (]: Writing runtime sql for node "test.property_transaction_warehouse.unique_dim_project_project_key.793b35d8e1"
[0m14:39:45.019369 [debug] [Thread-4 (]: On test.property_transaction_warehouse.unique_dim_project_project_key.793b35d8e1: /* {"app": "dbt", "dbt_version": "1.12.5", "profile_name": "property_transaction_warehouse", "target_name": "dev", "node_id": "test.property_transaction_warehouse.unique_dim_project_project_key.793b35d8e1"} */

    
    select
      count(*) as failures,
      count(*) != 0 as should_warn,
      count(*) != 0 as should_error
    from (
      
    
  
    
    

with dbt_test__target as (

  select project_key as unique_field
  from `ringed-griffin-509403-b4`.`propery_trans1`.`dim_project`
  where project_key is not null

)

select
    unique_field,
    count(*) as n_records

from dbt_test__target
group by unique_field
having count(*) > 1



  
  
      
    ) dbt_internal_test
[0m14:39:45.019815 [debug] [Thread-4 (]: Opening a new connection, currently in state closed
[0m14:39:45.149350 [info ] [Thread-1 (]: 1 of 8 PASS not_null_dim_location_location_key ................................. [[32mPASS[0m in 2.44s]
[0m14:39:45.150156 [debug] [Thread-1 (]: Finished running node test.property_transaction_warehouse.not_null_dim_location_location_key.c1a2c0b86c
[0m14:39:45.150516 [debug] [Thread-1 (]: Began running node test.property_transaction_warehouse.unique_fact_transaction_transaction_key.2bf6393ada
[0m14:39:45.150759 [info ] [Thread-1 (]: 8 of 8 START test unique_fact_transaction_transaction_key ...................... [RUN]
[0m14:39:45.151077 [debug] [Thread-1 (]: Re-using an available connection from the pool (formerly test.property_transaction_warehouse.not_null_dim_location_location_key.c1a2c0b86c, now test.property_transaction_warehouse.unique_fact_transaction_transaction_key.2bf6393ada)
[0m14:39:45.151312 [debug] [Thread-1 (]: Began compiling node test.property_transaction_warehouse.unique_fact_transaction_transaction_key.2bf6393ada
[0m14:39:45.154819 [debug] [Thread-1 (]: Writing injected SQL for node "test.property_transaction_warehouse.unique_fact_transaction_transaction_key.2bf6393ada"
[0m14:39:45.155321 [debug] [Thread-1 (]: Began executing node test.property_transaction_warehouse.unique_fact_transaction_transaction_key.2bf6393ada
[0m14:39:45.156256 [debug] [Thread-1 (]: Writing runtime sql for node "test.property_transaction_warehouse.unique_fact_transaction_transaction_key.2bf6393ada"
[0m14:39:45.156558 [debug] [Thread-1 (]: On test.property_transaction_warehouse.unique_fact_transaction_transaction_key.2bf6393ada: /* {"app": "dbt", "dbt_version": "1.12.5", "profile_name": "property_transaction_warehouse", "target_name": "dev", "node_id": "test.property_transaction_warehouse.unique_fact_transaction_transaction_key.2bf6393ada"} */

    
    select
      count(*) as failures,
      count(*) != 0 as should_warn,
      count(*) != 0 as should_error
    from (
      
    
  
    
    

with dbt_test__target as (

  select transaction_key as unique_field
  from `ringed-griffin-509403-b4`.`propery_trans1`.`fact_transaction`
  where transaction_key is not null

)

select
    unique_field,
    count(*) as n_records

from dbt_test__target
group by unique_field
having count(*) > 1



  
  
      
    ) dbt_internal_test
[0m14:39:45.156795 [debug] [Thread-1 (]: Opening a new connection, currently in state closed
[0m14:39:45.322383 [debug] [Thread-2 (]: BigQuery adapter: https://console.cloud.google.com/bigquery?project=ringed-griffin-509403-b4&j=bq:US:7a2458a3-97c7-4b0c-a592-21e5be7a7386&page=queryresults
[0m14:39:45.354209 [debug] [Thread-3 (]: BigQuery adapter: https://console.cloud.google.com/bigquery?project=ringed-griffin-509403-b4&j=bq:US:0371bc36-6695-4720-be57-fd5959fdbf53&page=queryresults
[0m14:39:45.664864 [debug] [Thread-3 (]: SQL status: OK in 0.310 seconds
[0m14:39:45.688168 [debug] [Thread-2 (]: SQL status: OK in 0.365 seconds
[0m14:39:45.693026 [debug] [Thread-4 (]: BigQuery adapter: https://console.cloud.google.com/bigquery?project=ringed-griffin-509403-b4&j=bq:US:4d576bfb-30c3-4180-b404-51d1aab5eb3c&page=queryresults
[0m14:39:45.847393 [debug] [Thread-1 (]: BigQuery adapter: https://console.cloud.google.com/bigquery?project=ringed-griffin-509403-b4&j=bq:US:a29b17ce-44c2-4bed-bc51-fdc794a5fb4b&page=queryresults
[0m14:39:46.045343 [debug] [Thread-4 (]: SQL status: OK in 0.352 seconds
[0m14:39:46.200883 [debug] [Thread-1 (]: SQL status: OK in 0.353 seconds
[0m14:39:46.333177 [info ] [Thread-2 (]: 6 of 8 PASS unique_dim_location_location_key ................................... [[32mPASS[0m in 1.68s]
[0m14:39:46.333890 [debug] [Thread-2 (]: Finished running node test.property_transaction_warehouse.unique_dim_location_location_key.b5757d64b6
[0m14:39:46.372747 [info ] [Thread-3 (]: 5 of 8 PASS relationships_fact_transaction_project_key__project_key__ref_dim_project_  [[32mPASS[0m in 1.74s]
[0m14:39:46.373250 [debug] [Thread-3 (]: Finished running node test.property_transaction_warehouse.relationships_fact_transaction_project_key__project_key__ref_dim_project_.a445602349
[0m14:39:46.755364 [info ] [Thread-4 (]: 7 of 8 PASS unique_dim_project_project_key ..................................... [[32mPASS[0m in 1.74s]
[0m14:39:46.756032 [debug] [Thread-4 (]: Finished running node test.property_transaction_warehouse.unique_dim_project_project_key.793b35d8e1
[0m14:39:47.808563 [info ] [Thread-1 (]: 8 of 8 PASS unique_fact_transaction_transaction_key ............................ [[32mPASS[0m in 2.66s]
[0m14:39:47.809069 [debug] [Thread-1 (]: Finished running node test.property_transaction_warehouse.unique_fact_transaction_transaction_key.2bf6393ada
[0m14:39:47.810591 [debug] [MainThread]: Opening a new connection, currently in state closed
[0m14:39:47.811027 [debug] [MainThread]: Connection 'master' was properly closed.
[0m14:39:47.811179 [debug] [MainThread]: Connection 'test.property_transaction_warehouse.unique_fact_transaction_transaction_key.2bf6393ada' was properly closed.
[0m14:39:47.811311 [debug] [MainThread]: Connection 'test.property_transaction_warehouse.relationships_fact_transaction_project_key__project_key__ref_dim_project_.a445602349' was properly closed.
[0m14:39:47.811440 [debug] [MainThread]: Connection 'test.property_transaction_warehouse.unique_dim_location_location_key.b5757d64b6' was properly closed.
[0m14:39:47.811612 [debug] [MainThread]: Connection 'test.property_transaction_warehouse.unique_dim_project_project_key.793b35d8e1' was properly closed.
[0m14:39:47.811771 [info ] [MainThread]: 
[0m14:39:47.811928 [info ] [MainThread]: Finished running 8 data tests in 0 hours 0 minutes and 15.64 seconds (15.64s).
[0m14:39:47.812676 [debug] [MainThread]: Command end result
[0m14:39:47.829524 [debug] [MainThread]: Wrote artifact WritableManifest to /home/jenho/Proj 2 - Property Transaction V1/2n3_data_design_ELT_pipeline/target/manifest.json
[0m14:39:47.832167 [debug] [MainThread]: Wrote artifact SemanticManifest to /home/jenho/Proj 2 - Property Transaction V1/2n3_data_design_ELT_pipeline/target/semantic_manifest.json
[0m14:39:47.833584 [debug] [MainThread]: Wrote artifact OsiDocument to /home/jenho/Proj 2 - Property Transaction V1/2n3_data_design_ELT_pipeline/target/osi_document.json
[0m14:39:47.837891 [debug] [MainThread]: Wrote artifact RunExecutionResult to /home/jenho/Proj 2 - Property Transaction V1/2n3_data_design_ELT_pipeline/target/run_results.json
[0m14:39:47.838077 [info ] [MainThread]: 
[0m14:39:47.838314 [info ] [MainThread]: [32mCompleted successfully[0m
[0m14:39:47.838463 [info ] [MainThread]: 
[0m14:39:47.838624 [info ] [MainThread]: Done. PASS=8 WARN=0 ERROR=0 SKIP=0 NO-OP=0 REUSED=0 TOTAL=8
[0m14:39:47.838947 [debug] [MainThread]: Resource report: {"command_name": "test", "command_success": true, "command_wall_clock_time": 17.139687, "process_in_blocks": "566152", "process_kernel_time": 0.42624, "process_mem_max_rss": "270944", "process_out_blocks": "3032", "process_user_time": 2.948889}
[0m14:39:47.839163 [debug] [MainThread]: Command `dbt test` succeeded at 14:39:47.839114 after 17.14 seconds
[0m14:39:47.839371 [debug] [MainThread]: Sending event: {'category': 'dbt', 'action': 'invocation', 'label': 'end', 'context': [<snowplow_tracker.self_describing_json.SelfDescribingJson object at 0x742773edca10>, <snowplow_tracker.self_describing_json.SelfDescribingJson object at 0x742793a05c80>, <snowplow_tracker.self_describing_json.SelfDescribingJson object at 0x742793a05700>]}
[0m14:39:47.839714 [debug] [MainThread]: Flushing usage events
[0m14:39:48.814910 [debug] [MainThread]: An error was encountered while trying to flush usage events
[0m14:39:56.794174 [debug] [MainThread]: Sending event: {'category': 'dbt', 'action': 'invocation', 'label': 'start', 'context': [<snowplow_tracker.self_describing_json.SelfDescribingJson object at 0x723ccbb767b0>, <snowplow_tracker.self_describing_json.SelfDescribingJson object at 0x723ccd9e4f50>, <snowplow_tracker.self_describing_json.SelfDescribingJson object at 0x723cca397890>]}


============================== 14:39:56.796219 | a2573344-1ae4-4d56-b4ab-405cf6d81f7c ==============================
[0m14:39:56.796219 [info ] [MainThread]: Running with dbt=1.12.5
[0m14:39:56.796509 [debug] [MainThread]: running dbt with arguments {'log_path': '/home/jenho/Proj 2 - Property Transaction V1/2n3_data_design_ELT_pipeline/logs', 'cache_selected_only': 'False', 'version_check': 'True', 'profiles_dir': '/home/jenho/Proj 2 - Property Transaction V1/2n3_data_design_ELT_pipeline', 'introspect': 'True', 'static_parser': 'True', 'maximum_seed_size_mib': '1', 'warn_error': 'None', 'invocation_command': 'dbt run', 'debug': 'False', 'target_path': 'None', 'send_anonymous_usage_stats': 'True', 'fail_fast': 'False', 'log_cache_events': 'False', 'warn_error_options': 'WarnErrorOptionsV2(error=[], warn=[], silence=[])', 'partial_parse': 'True', 'log_format': 'default', 'indirect_selection': 'eager', 'use_colors': 'True', 'empty': 'False', 'use_experimental_parser': 'False', 'quiet': 'False', 'hints_enabled': 'True', 'write_json': 'True', 'no_print': 'None', 'printer_width': '80'}
[0m14:39:57.282858 [debug] [MainThread]: Sending event: {'category': 'dbt', 'action': 'project_id', 'label': 'a2573344-1ae4-4d56-b4ab-405cf6d81f7c', 'context': [<snowplow_tracker.self_describing_json.SelfDescribingJson object at 0x723c94ac63f0>]}
[0m14:39:57.319426 [debug] [MainThread]: Sending event: {'category': 'dbt', 'action': 'adapter_info', 'label': 'a2573344-1ae4-4d56-b4ab-405cf6d81f7c', 'context': [<snowplow_tracker.self_describing_json.SelfDescribingJson object at 0x723ccdb978a0>]}
[0m14:39:57.320456 [info ] [MainThread]: Registered adapter: bigquery=1.12.1
[0m14:39:57.365537 [debug] [MainThread]: checksum: 9742bae524cb133816d56fa13025eeafb4819ed2acf766351b6099479fe392d2, vars: {}, profile: property_transaction_warehouse, target: dev, version: 1.12.5
[0m14:39:57.435208 [debug] [MainThread]: Partial parsing enabled: 0 files deleted, 0 files added, 0 files changed.
[0m14:39:57.435509 [debug] [MainThread]: Nothing changed, skipping partial parsing.
[0m14:39:57.435660 [debug] [MainThread]: Partial parsing enabled, no changes found, skipping parsing
[0m14:39:57.443283 [debug] [MainThread]: Sending event: {'category': 'dbt', 'action': 'load_project', 'label': 'a2573344-1ae4-4d56-b4ab-405cf6d81f7c', 'context': [<snowplow_tracker.self_describing_json.SelfDescribingJson object at 0x723c943a5150>]}
[0m14:39:57.512857 [debug] [MainThread]: Wrote artifact WritableManifest to /home/jenho/Proj 2 - Property Transaction V1/2n3_data_design_ELT_pipeline/target/manifest.json
[0m14:39:57.516520 [debug] [MainThread]: Wrote artifact SemanticManifest to /home/jenho/Proj 2 - Property Transaction V1/2n3_data_design_ELT_pipeline/target/semantic_manifest.json
[0m14:39:57.526863 [debug] [MainThread]: Wrote artifact OsiDocument to /home/jenho/Proj 2 - Property Transaction V1/2n3_data_design_ELT_pipeline/target/osi_document.json
[0m14:39:57.531589 [debug] [MainThread]: Sending event: {'category': 'dbt', 'action': 'resource_counts', 'label': 'a2573344-1ae4-4d56-b4ab-405cf6d81f7c', 'context': [<snowplow_tracker.self_describing_json.SelfDescribingJson object at 0x723c9431c5f0>]}
[0m14:39:57.531868 [info ] [MainThread]: Found 4 models, 8 data tests, 1 source, 561 macros
[0m14:39:57.532048 [debug] [MainThread]: Sending event: {'category': 'dbt', 'action': 'runnable_timing', 'label': 'a2573344-1ae4-4d56-b4ab-405cf6d81f7c', 'context': [<snowplow_tracker.self_describing_json.SelfDescribingJson object at 0x723c94316430>]}
[0m14:39:57.533222 [info ] [MainThread]: 
[0m14:39:57.533424 [info ] [MainThread]: Concurrency: 4 threads (target='dev')
[0m14:39:57.533573 [info ] [MainThread]: 
[0m14:39:57.533874 [debug] [MainThread]: Acquiring new bigquery connection 'master'
[0m14:39:57.536178 [debug] [ThreadPool]: Acquiring new bigquery connection 'list_ringed-griffin-509403-b4'
[0m14:39:57.536615 [debug] [ThreadPool]: Opening a new connection, currently in state init
[0m14:40:07.067409 [debug] [ThreadPool]: Re-using an available connection from the pool (formerly list_ringed-griffin-509403-b4, now list_ringed-griffin-509403-b4_propery_trans1)
[0m14:40:07.069063 [debug] [ThreadPool]: Opening a new connection, currently in state closed
[0m14:40:07.813865 [debug] [MainThread]: Sending event: {'category': 'dbt', 'action': 'runnable_timing', 'label': 'a2573344-1ae4-4d56-b4ab-405cf6d81f7c', 'context': [<snowplow_tracker.self_describing_json.SelfDescribingJson object at 0x723cca41e4e0>]}
[0m14:40:07.814806 [debug] [MainThread]: Opening a new connection, currently in state init
[0m14:40:07.822881 [debug] [Thread-1 (]: Began running node model.property_transaction_warehouse.stg_property_transactions
[0m14:40:07.824195 [info ] [Thread-1 (]: 1 of 4 START sql table model propery_trans1.stg_property_transactions .......... [RUN]
[0m14:40:07.825084 [debug] [Thread-1 (]: Re-using an available connection from the pool (formerly list_ringed-griffin-509403-b4_propery_trans1, now model.property_transaction_warehouse.stg_property_transactions)
[0m14:40:07.825709 [debug] [Thread-1 (]: Began compiling node model.property_transaction_warehouse.stg_property_transactions
[0m14:40:07.840274 [debug] [Thread-1 (]: Writing injected SQL for node "model.property_transaction_warehouse.stg_property_transactions"
[0m14:40:07.841491 [debug] [Thread-1 (]: Began executing node model.property_transaction_warehouse.stg_property_transactions
[0m14:40:07.852392 [debug] [Thread-1 (]: Opening a new connection, currently in state closed
[0m14:40:08.297065 [debug] [Thread-1 (]: Writing runtime sql for node "model.property_transaction_warehouse.stg_property_transactions"
[0m14:40:08.297669 [debug] [Thread-1 (]: On model.property_transaction_warehouse.stg_property_transactions: /* {"app": "dbt", "dbt_version": "1.12.5", "profile_name": "property_transaction_warehouse", "target_name": "dev", "node_id": "model.property_transaction_warehouse.stg_property_transactions"} */

  
    

    create or replace table `ringed-griffin-509403-b4`.`propery_trans1`.`stg_property_transactions`
      
    
    

    
    OPTIONS()
    as (
      WITH cleaned AS (
    SELECT
        NULLIF(REGEXP_REPLACE(UPPER(TRIM(project_name)), r'\s+', ' '), '') AS project_name,
        SAFE_CAST(REGEXP_REPLACE(NULLIF(TRIM(transacted_price), '-'), r'[^0-9.-]', '') AS NUMERIC) AS transacted_price,
        SAFE_CAST(REGEXP_REPLACE(NULLIF(TRIM(area_sqft), '-'), r'[^0-9.-]', '') AS NUMERIC) AS area_sqft,
        SAFE_CAST(REGEXP_REPLACE(NULLIF(TRIM(unit_price_psf), '-'), r'[^0-9.-]', '') AS NUMERIC) AS unit_price_psf,
        SAFE.PARSE_DATE('%d %b %Y', NULLIF(TRIM(sale_date), '')) AS sale_date,
        NULLIF(REGEXP_REPLACE(UPPER(TRIM(address)), r'\s+', ' '), '') AS address,
        NULLIF(UPPER(TRIM(type_of_sale)), '') AS type_of_sale,
        NULLIF(UPPER(TRIM(type_of_area)), '') AS type_of_area,
        SAFE_CAST(REGEXP_REPLACE(NULLIF(TRIM(area_sqm), '-'), r'[^0-9.-]', '') AS NUMERIC) AS area_sqm,
        SAFE_CAST(REGEXP_REPLACE(NULLIF(TRIM(unit_price_psm), '-'), r'[^0-9.-]', '') AS NUMERIC) AS unit_price_psm,
        SAFE_CAST(REGEXP_REPLACE(NULLIF(TRIM(nett_price), '-'), r'[^0-9.-]', '') AS NUMERIC) AS nett_price,
        NULLIF(UPPER(TRIM(property_type)), '') AS property_type,
        SAFE_CAST(NULLIF(TRIM(number_of_units), '-') AS INT64) AS number_of_units,
        NULLIF(UPPER(TRIM(tenure)), '') AS tenure,
        NULLIF(TRIM(completion_date), '') AS completion_date,
        NULLIF(UPPER(TRIM(purchaser_address_indicator)), '') AS purchaser_address_indicator,
        NULLIF(TRIM(postal_code), '') AS postal_code,
        NULLIF(TRIM(postal_district), '') AS postal_district,
        NULLIF(TRIM(postal_sector), '') AS postal_sector,
        NULLIF(UPPER(TRIM(planning_region)), '') AS planning_region,
        NULLIF(UPPER(TRIM(planning_area)), '') AS planning_area
    FROM `ringed-griffin-509403-b4`.`propery_trans1`.`raw_property_trans`
)
SELECT
    *,
    SAFE_CAST(IF(REGEXP_CONTAINS(completion_date, r'^\d{4}$'), completion_date, NULL) AS INT64) AS completion_year,
    CASE
        WHEN UPPER(completion_date) = 'UNCOMPLETED' THEN 'UNCOMPLETED'
        WHEN REGEXP_CONTAINS(completion_date, r'^\d{4}$') THEN 'COMPLETED'
        WHEN completion_date IS NULL THEN NULL
        ELSE 'UNKNOWN'
    END AS completion_status
FROM cleaned
    );
  
[0m14:40:08.918163 [debug] [Thread-1 (]: BigQuery adapter: https://console.cloud.google.com/bigquery?project=ringed-griffin-509403-b4&j=bq:US:0cc749a6-2203-49da-9a42-781bf9723609&page=queryresults
[0m14:40:11.750830 [debug] [Thread-1 (]: SQL status: OK in 2.832 seconds
[0m14:40:12.166017 [debug] [Thread-1 (]: Sending event: {'category': 'dbt', 'action': 'run_model', 'label': 'a2573344-1ae4-4d56-b4ab-405cf6d81f7c', 'context': [<snowplow_tracker.self_describing_json.SelfDescribingJson object at 0x723c94340dd0>]}
[0m14:40:12.166496 [info ] [Thread-1 (]: 1 of 4 OK created sql table model propery_trans1.stg_property_transactions ..... [[32mCREATE TABLE (94.3k rows, 18.7 MiB processed)[0m in 4.34s]
[0m14:40:12.166943 [debug] [Thread-1 (]: Finished running node model.property_transaction_warehouse.stg_property_transactions
[0m14:40:12.168060 [debug] [Thread-2 (]: Began running node model.property_transaction_warehouse.dim_location
[0m14:40:12.168508 [debug] [Thread-3 (]: Began running node model.property_transaction_warehouse.dim_project
[0m14:40:12.168915 [info ] [Thread-2 (]: 2 of 4 START sql table model propery_trans1.dim_location ....................... [RUN]
[0m14:40:12.169718 [debug] [Thread-2 (]: Acquiring new bigquery connection 'model.property_transaction_warehouse.dim_location'
[0m14:40:12.170054 [debug] [Thread-2 (]: Began compiling node model.property_transaction_warehouse.dim_location
[0m14:40:12.171304 [debug] [Thread-2 (]: Writing injected SQL for node "model.property_transaction_warehouse.dim_location"
[0m14:40:12.171718 [debug] [Thread-2 (]: Began executing node model.property_transaction_warehouse.dim_location
[0m14:40:12.172436 [debug] [Thread-2 (]: Opening a new connection, currently in state init
[0m14:40:12.169385 [info ] [Thread-3 (]: 3 of 4 START sql table model propery_trans1.dim_project ........................ [RUN]
[0m14:40:12.173466 [debug] [Thread-3 (]: Acquiring new bigquery connection 'model.property_transaction_warehouse.dim_project'
[0m14:40:12.173669 [debug] [Thread-3 (]: Began compiling node model.property_transaction_warehouse.dim_project
[0m14:40:12.174583 [debug] [Thread-3 (]: Writing injected SQL for node "model.property_transaction_warehouse.dim_project"
[0m14:40:12.175211 [debug] [Thread-3 (]: Began executing node model.property_transaction_warehouse.dim_project
[0m14:40:12.175973 [debug] [Thread-3 (]: Opening a new connection, currently in state init
[0m14:40:12.591225 [debug] [Thread-3 (]: Writing runtime sql for node "model.property_transaction_warehouse.dim_project"
[0m14:40:12.591823 [debug] [Thread-3 (]: On model.property_transaction_warehouse.dim_project: /* {"app": "dbt", "dbt_version": "1.12.5", "profile_name": "property_transaction_warehouse", "target_name": "dev", "node_id": "model.property_transaction_warehouse.dim_project"} */

  
    

    create or replace table `ringed-griffin-509403-b4`.`propery_trans1`.`dim_project`
      
    
    

    
    OPTIONS()
    as (
      WITH projects AS (
    SELECT DISTINCT
        project_name,
        property_type,
        tenure,
        completion_year,
        completion_status
    FROM `ringed-griffin-509403-b4`.`propery_trans1`.`stg_property_transactions`
    WHERE project_name IS NOT NULL
)
SELECT
    FARM_FINGERPRINT(TO_JSON_STRING(STRUCT(
        project_name,
        property_type,
        tenure,
        completion_year,
        completion_status
    ))) AS project_key,
    project_name,
    property_type,
    tenure,
    completion_year,
    completion_status
FROM projects
    );
  
[0m14:40:12.596235 [debug] [Thread-2 (]: Writing runtime sql for node "model.property_transaction_warehouse.dim_location"
[0m14:40:12.596597 [debug] [Thread-2 (]: On model.property_transaction_warehouse.dim_location: /* {"app": "dbt", "dbt_version": "1.12.5", "profile_name": "property_transaction_warehouse", "target_name": "dev", "node_id": "model.property_transaction_warehouse.dim_location"} */

  
    

    create or replace table `ringed-griffin-509403-b4`.`propery_trans1`.`dim_location`
      
    
    

    
    OPTIONS()
    as (
      WITH locations AS (
    SELECT DISTINCT
        address,
        postal_code,
        postal_district,
        postal_sector,
        planning_region,
        planning_area
    FROM `ringed-griffin-509403-b4`.`propery_trans1`.`stg_property_transactions`
    WHERE address IS NOT NULL
       OR postal_code IS NOT NULL
       OR postal_district IS NOT NULL
       OR postal_sector IS NOT NULL
       OR planning_region IS NOT NULL
       OR planning_area IS NOT NULL
)
SELECT
    FARM_FINGERPRINT(TO_JSON_STRING(STRUCT(
        address,
        postal_code,
        postal_district,
        postal_sector,
        planning_region,
        planning_area
    ))) AS location_key,
    address,
    postal_code,
    postal_district,
    postal_sector,
    planning_region,
    planning_area
FROM locations
    );
  
[0m14:40:13.233796 [debug] [Thread-3 (]: BigQuery adapter: https://console.cloud.google.com/bigquery?project=ringed-griffin-509403-b4&j=bq:US:dc97fa9e-c455-44c6-966c-8897364aa661&page=queryresults
[0m14:40:13.358672 [debug] [Thread-2 (]: BigQuery adapter: https://console.cloud.google.com/bigquery?project=ringed-griffin-509403-b4&j=bq:US:0c96dc4f-f27e-46d7-9c26-58b7540a97b1&page=queryresults
[0m14:40:14.718125 [debug] [Thread-3 (]: SQL status: OK in 1.484 seconds
[0m14:40:15.097483 [debug] [Thread-3 (]: Sending event: {'category': 'dbt', 'action': 'run_model', 'label': 'a2573344-1ae4-4d56-b4ab-405cf6d81f7c', 'context': [<snowplow_tracker.self_describing_json.SelfDescribingJson object at 0x723c8c7d3ee0>]}
[0m14:40:15.098022 [info ] [Thread-3 (]: 3 of 4 OK created sql table model propery_trans1.dim_project ................... [[32mCREATE TABLE (2.7k rows, 5.8 MiB processed)[0m in 2.92s]
[0m14:40:15.098380 [debug] [Thread-3 (]: Finished running node model.property_transaction_warehouse.dim_project
[0m14:40:15.327521 [debug] [Thread-2 (]: SQL status: OK in 1.968 seconds
[0m14:40:15.689724 [debug] [Thread-2 (]: Sending event: {'category': 'dbt', 'action': 'run_model', 'label': 'a2573344-1ae4-4d56-b4ab-405cf6d81f7c', 'context': [<snowplow_tracker.self_describing_json.SelfDescribingJson object at 0x723c8c7822b0>]}
[0m14:40:15.690232 [info ] [Thread-2 (]: 2 of 4 OK created sql table model propery_trans1.dim_location .................. [[32mCREATE TABLE (91.7k rows, 6.2 MiB processed)[0m in 3.52s]
[0m14:40:15.690561 [debug] [Thread-2 (]: Finished running node model.property_transaction_warehouse.dim_location
[0m14:40:15.691240 [debug] [Thread-4 (]: Began running node model.property_transaction_warehouse.fact_transaction
[0m14:40:15.691580 [info ] [Thread-4 (]: 4 of 4 START sql table model propery_trans1.fact_transaction ................... [RUN]
[0m14:40:15.691888 [debug] [Thread-4 (]: Acquiring new bigquery connection 'model.property_transaction_warehouse.fact_transaction'
[0m14:40:15.692057 [debug] [Thread-4 (]: Began compiling node model.property_transaction_warehouse.fact_transaction
[0m14:40:15.693622 [debug] [Thread-4 (]: Writing injected SQL for node "model.property_transaction_warehouse.fact_transaction"
[0m14:40:15.693977 [debug] [Thread-4 (]: Began executing node model.property_transaction_warehouse.fact_transaction
[0m14:40:15.694626 [debug] [Thread-4 (]: Opening a new connection, currently in state init
[0m14:40:16.117920 [debug] [Thread-4 (]: Writing runtime sql for node "model.property_transaction_warehouse.fact_transaction"
[0m14:40:16.118474 [debug] [Thread-4 (]: On model.property_transaction_warehouse.fact_transaction: /* {"app": "dbt", "dbt_version": "1.12.5", "profile_name": "property_transaction_warehouse", "target_name": "dev", "node_id": "model.property_transaction_warehouse.fact_transaction"} */

  
    

    create or replace table `ringed-griffin-509403-b4`.`propery_trans1`.`fact_transaction`
      
    
    

    
    OPTIONS()
    as (
      WITH transactions AS (
    SELECT
        *,
        ROW_NUMBER() OVER (
            ORDER BY TO_JSON_STRING(STRUCT(
                project_name,
                transacted_price,
                area_sqft,
                unit_price_psf,
                sale_date,
                address,
                type_of_sale,
                type_of_area,
                area_sqm,
                unit_price_psm,
                nett_price,
                property_type,
                number_of_units,
                tenure,
                completion_date,
                purchaser_address_indicator,
                postal_code,
                postal_district,
                postal_sector,
                planning_region,
                planning_area
            ))
        ) AS transaction_row_number
    FROM `ringed-griffin-509403-b4`.`propery_trans1`.`stg_property_transactions`
)
SELECT
    FARM_FINGERPRINT(CONCAT(
        TO_JSON_STRING(STRUCT(
            t.project_name,
            t.transacted_price,
            t.area_sqft,
            t.unit_price_psf,
            t.sale_date,
            t.address,
            t.type_of_sale,
            t.type_of_area,
            t.area_sqm,
            t.unit_price_psm,
            t.nett_price,
            t.property_type,
            t.number_of_units,
            t.tenure,
            t.completion_date,
            t.purchaser_address_indicator,
            t.postal_code,
            t.postal_district,
            t.postal_sector,
            t.planning_region,
            t.planning_area
        )),
        '#',
        CAST(transaction_row_number AS STRING)
    )) AS transaction_key,
    p.project_key,
    l.location_key,
    t.sale_date,
    t.transacted_price,
    t.nett_price,
    t.area_sqft,
    t.area_sqm,
    t.unit_price_psf,
    t.unit_price_psm,
    t.number_of_units,
    t.type_of_sale,
    t.type_of_area,
    t.purchaser_address_indicator
FROM transactions AS t
LEFT JOIN `ringed-griffin-509403-b4`.`propery_trans1`.`dim_project` AS p
    ON t.project_name = p.project_name
    AND t.property_type IS NOT DISTINCT FROM p.property_type
    AND t.tenure IS NOT DISTINCT FROM p.tenure
    AND t.completion_year IS NOT DISTINCT FROM p.completion_year
    AND t.completion_status IS NOT DISTINCT FROM p.completion_status
LEFT JOIN `ringed-griffin-509403-b4`.`propery_trans1`.`dim_location` AS l
    ON t.address IS NOT DISTINCT FROM l.address
    AND t.postal_code IS NOT DISTINCT FROM l.postal_code
    AND t.postal_district IS NOT DISTINCT FROM l.postal_district
    AND t.postal_sector IS NOT DISTINCT FROM l.postal_sector
    AND t.planning_region IS NOT DISTINCT FROM l.planning_region
    AND t.planning_area IS NOT DISTINCT FROM l.planning_area
    );
  
[0m14:40:16.771161 [debug] [Thread-4 (]: BigQuery adapter: https://console.cloud.google.com/bigquery?project=ringed-griffin-509403-b4&j=bq:US:0449f79a-2d51-4fbd-ac10-f74c257474f8&page=queryresults
[0m14:40:23.021349 [debug] [Thread-4 (]: SQL status: OK in 6.250 seconds
[0m14:40:23.349168 [debug] [Thread-4 (]: Sending event: {'category': 'dbt', 'action': 'run_model', 'label': 'a2573344-1ae4-4d56-b4ab-405cf6d81f7c', 'context': [<snowplow_tracker.self_describing_json.SelfDescribingJson object at 0x723c8c7667d0>]}
[0m14:40:23.349671 [info ] [Thread-4 (]: 4 of 4 OK created sql table model propery_trans1.fact_transaction .............. [[32mCREATE TABLE (94.3k rows, 30.6 MiB processed)[0m in 7.66s]
[0m14:40:23.349980 [debug] [Thread-4 (]: Finished running node model.property_transaction_warehouse.fact_transaction
[0m14:40:23.351535 [debug] [MainThread]: Opening a new connection, currently in state closed
[0m14:40:23.351993 [debug] [MainThread]: Connection 'master' was properly closed.
[0m14:40:23.352146 [debug] [MainThread]: Connection 'model.property_transaction_warehouse.stg_property_transactions' was properly closed.
[0m14:40:23.352273 [debug] [MainThread]: Connection 'model.property_transaction_warehouse.dim_location' was properly closed.
[0m14:40:23.352393 [debug] [MainThread]: Connection 'model.property_transaction_warehouse.dim_project' was properly closed.
[0m14:40:23.352515 [debug] [MainThread]: Connection 'model.property_transaction_warehouse.fact_transaction' was properly closed.
[0m14:40:23.352699 [info ] [MainThread]: 
[0m14:40:23.352956 [info ] [MainThread]: Finished running 4 table models in 0 hours 0 minutes and 25.82 seconds (25.82s).
[0m14:40:23.353596 [debug] [MainThread]: Command end result
[0m14:40:23.372330 [debug] [MainThread]: Wrote artifact WritableManifest to /home/jenho/Proj 2 - Property Transaction V1/2n3_data_design_ELT_pipeline/target/manifest.json
[0m14:40:23.374005 [debug] [MainThread]: Wrote artifact SemanticManifest to /home/jenho/Proj 2 - Property Transaction V1/2n3_data_design_ELT_pipeline/target/semantic_manifest.json
[0m14:40:23.375289 [debug] [MainThread]: Wrote artifact OsiDocument to /home/jenho/Proj 2 - Property Transaction V1/2n3_data_design_ELT_pipeline/target/osi_document.json
[0m14:40:23.379098 [debug] [MainThread]: Wrote artifact RunExecutionResult to /home/jenho/Proj 2 - Property Transaction V1/2n3_data_design_ELT_pipeline/target/run_results.json
[0m14:40:23.379309 [info ] [MainThread]: 
[0m14:40:23.379535 [info ] [MainThread]: [32mCompleted successfully[0m
[0m14:40:23.379689 [info ] [MainThread]: 
[0m14:40:23.379893 [info ] [MainThread]: Done. PASS=4 WARN=0 ERROR=0 SKIP=0 NO-OP=0 REUSED=0 TOTAL=4
[0m14:40:23.380282 [debug] [MainThread]: Resource report: {"command_name": "run", "command_success": true, "command_wall_clock_time": 26.632196, "process_in_blocks": "24", "process_kernel_time": 0.245237, "process_mem_max_rss": "268240", "process_out_blocks": "2968", "process_user_time": 2.743594}
[0m14:40:23.380543 [debug] [MainThread]: Command `dbt run` succeeded at 14:40:23.380485 after 26.63 seconds
[0m14:40:23.380744 [debug] [MainThread]: Sending event: {'category': 'dbt', 'action': 'invocation', 'label': 'end', 'context': [<snowplow_tracker.self_describing_json.SelfDescribingJson object at 0x723cca418210>, <snowplow_tracker.self_describing_json.SelfDescribingJson object at 0x723ccb017540>, <snowplow_tracker.self_describing_json.SelfDescribingJson object at 0x723ccb0cbef0>]}
[0m14:40:23.380930 [debug] [MainThread]: Flushing usage events
[0m14:40:24.588373 [debug] [MainThread]: An error was encountered while trying to flush usage events
[0m14:43:39.804479 [debug] [MainThread]: Sending event: {'category': 'dbt', 'action': 'invocation', 'label': 'start', 'context': [<snowplow_tracker.self_describing_json.SelfDescribingJson object at 0x7806747827b0>, <snowplow_tracker.self_describing_json.SelfDescribingJson object at 0x7806765f4f50>, <snowplow_tracker.self_describing_json.SelfDescribingJson object at 0x78067314f890>]}


============================== 14:43:39.829145 | 8578321c-1984-47d1-a12c-2a649bb8da16 ==============================
[0m14:43:39.829145 [info ] [MainThread]: Running with dbt=1.12.5
[0m14:43:39.829505 [debug] [MainThread]: running dbt with arguments {'log_format': 'default', 'use_colors': 'True', 'version_check': 'True', 'indirect_selection': 'eager', 'invocation_command': 'dbt parse --no-partial-parse', 'fail_fast': 'False', 'debug': 'False', 'use_experimental_parser': 'False', 'log_cache_events': 'False', 'quiet': 'False', 'profiles_dir': '.', 'empty': 'None', 'log_path': '/home/jenho/Proj 2 - Property Transaction V1/2n3_data_design_ELT_pipeline/logs', 'warn_error_options': 'WarnErrorOptionsV2(error=[], warn=[], silence=[])', 'hints_enabled': 'True', 'maximum_seed_size_mib': '1', 'no_print': 'None', 'introspect': 'True', 'target_path': 'None', 'cache_selected_only': 'False', 'write_json': 'True', 'send_anonymous_usage_stats': 'True', 'printer_width': '80', 'partial_parse': 'False', 'static_parser': 'True', 'warn_error': 'None'}
[0m14:43:41.011403 [debug] [MainThread]: Sending event: {'category': 'dbt', 'action': 'project_id', 'label': '8578321c-1984-47d1-a12c-2a649bb8da16', 'context': [<snowplow_tracker.self_describing_json.SelfDescribingJson object at 0x78063972c8a0>]}
[0m14:43:41.047922 [debug] [MainThread]: Sending event: {'category': 'dbt', 'action': 'adapter_info', 'label': '8578321c-1984-47d1-a12c-2a649bb8da16', 'context': [<snowplow_tracker.self_describing_json.SelfDescribingJson object at 0x78063979bce0>]}
[0m14:43:41.048650 [info ] [MainThread]: Registered adapter: bigquery=1.12.1
[0m14:43:41.096779 [debug] [MainThread]: checksum: 9742bae524cb133816d56fa13025eeafb4819ed2acf766351b6099479fe392d2, vars: {}, profile: property_transaction_warehouse, target: dev, version: 1.12.5
[0m14:43:41.097201 [debug] [MainThread]: Partial parsing not enabled
[0m14:43:42.126778 [debug] [MainThread]: Sending event: {'category': 'dbt', 'action': 'load_project', 'label': '8578321c-1984-47d1-a12c-2a649bb8da16', 'context': [<snowplow_tracker.self_describing_json.SelfDescribingJson object at 0x780639289e50>]}
[0m14:43:42.129106 [info ] [MainThread]: Performance info: /home/jenho/Proj 2 - Property Transaction V1/2n3_data_design_ELT_pipeline/target/perf_info.json
[0m14:43:42.193336 [debug] [MainThread]: Wrote artifact WritableManifest to /home/jenho/Proj 2 - Property Transaction V1/2n3_data_design_ELT_pipeline/target/manifest.json
[0m14:43:42.195836 [debug] [MainThread]: Wrote artifact SemanticManifest to /home/jenho/Proj 2 - Property Transaction V1/2n3_data_design_ELT_pipeline/target/semantic_manifest.json
[0m14:43:42.213892 [debug] [MainThread]: Wrote artifact OsiDocument to /home/jenho/Proj 2 - Property Transaction V1/2n3_data_design_ELT_pipeline/target/osi_document.json
[0m14:43:42.214349 [debug] [MainThread]: Resource report: {"command_name": "parse", "command_success": true, "command_wall_clock_time": 2.4575226, "process_in_blocks": "566376", "process_kernel_time": 0.392066, "process_mem_max_rss": "262884", "process_out_blocks": "2736", "process_user_time": 3.637042}
[0m14:43:42.214601 [debug] [MainThread]: Command `dbt parse` succeeded at 14:43:42.214545 after 2.46 seconds
[0m14:43:42.214811 [debug] [MainThread]: Sending event: {'category': 'dbt', 'action': 'invocation', 'label': 'end', 'context': [<snowplow_tracker.self_describing_json.SelfDescribingJson object at 0x78063950e8a0>, <snowplow_tracker.self_describing_json.SelfDescribingJson object at 0x78063950e6c0>, <snowplow_tracker.self_describing_json.SelfDescribingJson object at 0x78063991def0>]}
[0m14:43:42.215011 [debug] [MainThread]: Flushing usage events
[0m14:43:43.170167 [debug] [MainThread]: An error was encountered while trying to flush usage events
[0m14:43:44.606501 [debug] [MainThread]: Sending event: {'category': 'dbt', 'action': 'invocation', 'label': 'start', 'context': [<snowplow_tracker.self_describing_json.SelfDescribingJson object at 0x78e1427ae7b0>, <snowplow_tracker.self_describing_json.SelfDescribingJson object at 0x78e1445a8f50>, <snowplow_tracker.self_describing_json.SelfDescribingJson object at 0x78e140fd7890>]}


============================== 14:43:44.609526 | 174d1dc2-e540-4029-b923-a3e907c964ca ==============================
[0m14:43:44.609526 [info ] [MainThread]: Running with dbt=1.12.5
[0m14:43:44.610012 [debug] [MainThread]: running dbt with arguments {'empty': 'False', 'log_path': '/home/jenho/Proj 2 - Property Transaction V1/2n3_data_design_ELT_pipeline/logs', 'debug': 'False', 'partial_parse': 'True', 'printer_width': '80', 'warn_error_options': 'WarnErrorOptionsV2(error=[], warn=[], silence=[])', 'use_experimental_parser': 'False', 'use_colors': 'True', 'no_print': 'None', 'indirect_selection': 'eager', 'cache_selected_only': 'False', 'version_check': 'True', 'quiet': 'False', 'send_anonymous_usage_stats': 'True', 'static_parser': 'True', 'log_cache_events': 'False', 'introspect': 'False', 'hints_enabled': 'True', 'target_path': 'None', 'warn_error': 'None', 'write_json': 'True', 'profiles_dir': '.', 'log_format': 'default', 'invocation_command': 'dbt compile --no-introspect', 'fail_fast': 'False', 'maximum_seed_size_mib': '1'}
[0m14:43:45.117713 [debug] [MainThread]: Sending event: {'category': 'dbt', 'action': 'project_id', 'label': '174d1dc2-e540-4029-b923-a3e907c964ca', 'context': [<snowplow_tracker.self_describing_json.SelfDescribingJson object at 0x78e10763a3f0>]}
[0m14:43:45.157574 [debug] [MainThread]: Sending event: {'category': 'dbt', 'action': 'adapter_info', 'label': '174d1dc2-e540-4029-b923-a3e907c964ca', 'context': [<snowplow_tracker.self_describing_json.SelfDescribingJson object at 0x78e1447578a0>]}
[0m14:43:45.158445 [info ] [MainThread]: Registered adapter: bigquery=1.12.1
[0m14:43:45.199577 [debug] [MainThread]: checksum: 9742bae524cb133816d56fa13025eeafb4819ed2acf766351b6099479fe392d2, vars: {}, profile: property_transaction_warehouse, target: dev, version: 1.12.5
[0m14:43:45.277818 [debug] [MainThread]: Partial parsing enabled: 0 files deleted, 0 files added, 0 files changed.
[0m14:43:45.278155 [debug] [MainThread]: Nothing changed, skipping partial parsing.
[0m14:43:45.278334 [debug] [MainThread]: Partial parsing enabled, no changes found, skipping parsing
[0m14:43:45.283853 [debug] [MainThread]: Sending event: {'category': 'dbt', 'action': 'load_project', 'label': '174d1dc2-e540-4029-b923-a3e907c964ca', 'context': [<snowplow_tracker.self_describing_json.SelfDescribingJson object at 0x78e106f29650>]}
[0m14:43:45.360283 [debug] [MainThread]: Wrote artifact WritableManifest to /home/jenho/Proj 2 - Property Transaction V1/2n3_data_design_ELT_pipeline/target/manifest.json
[0m14:43:45.361879 [debug] [MainThread]: Wrote artifact SemanticManifest to /home/jenho/Proj 2 - Property Transaction V1/2n3_data_design_ELT_pipeline/target/semantic_manifest.json
[0m14:43:45.368690 [debug] [MainThread]: Wrote artifact OsiDocument to /home/jenho/Proj 2 - Property Transaction V1/2n3_data_design_ELT_pipeline/target/osi_document.json
[0m14:43:45.384222 [debug] [MainThread]: Sending event: {'category': 'dbt', 'action': 'resource_counts', 'label': '174d1dc2-e540-4029-b923-a3e907c964ca', 'context': [<snowplow_tracker.self_describing_json.SelfDescribingJson object at 0x78e106fbb980>]}
[0m14:43:45.384590 [info ] [MainThread]: Found 4 models, 10 data tests, 1 source, 561 macros
[0m14:43:45.384783 [debug] [MainThread]: Sending event: {'category': 'dbt', 'action': 'runnable_timing', 'label': '174d1dc2-e540-4029-b923-a3e907c964ca', 'context': [<snowplow_tracker.self_describing_json.SelfDescribingJson object at 0x78e106fe5a90>]}
[0m14:43:45.386067 [info ] [MainThread]: 
[0m14:43:45.386273 [info ] [MainThread]: Concurrency: 4 threads (target='dev')
[0m14:43:45.386424 [info ] [MainThread]: 
[0m14:43:45.386745 [debug] [MainThread]: Acquiring new bigquery connection 'master'
[0m14:43:45.390596 [debug] [ThreadPool]: Acquiring new bigquery connection 'list_ringed-griffin-509403-b4_propery_trans1'
[0m14:43:45.391057 [debug] [ThreadPool]: Opening a new connection, currently in state init
[0m14:43:55.338409 [debug] [MainThread]: Sending event: {'category': 'dbt', 'action': 'runnable_timing', 'label': '174d1dc2-e540-4029-b923-a3e907c964ca', 'context': [<snowplow_tracker.self_describing_json.SelfDescribingJson object at 0x78e106fc4d50>]}
[0m14:43:55.338834 [debug] [MainThread]: Opening a new connection, currently in state init
[0m14:43:55.344171 [debug] [Thread-1 (]: Began running node model.property_transaction_warehouse.stg_property_transactions
[0m14:43:55.344478 [debug] [Thread-1 (]: Began compiling node model.property_transaction_warehouse.stg_property_transactions
[0m14:43:55.348697 [debug] [Thread-1 (]: Writing injected SQL for node "model.property_transaction_warehouse.stg_property_transactions"
[0m14:43:55.349074 [debug] [Thread-1 (]: Began executing node model.property_transaction_warehouse.stg_property_transactions
[0m14:43:55.349401 [debug] [Thread-1 (]: Finished running node model.property_transaction_warehouse.stg_property_transactions
[0m14:43:55.349958 [debug] [Thread-2 (]: Began running node model.property_transaction_warehouse.dim_location
[0m14:43:55.350431 [debug] [Thread-2 (]: Began compiling node model.property_transaction_warehouse.dim_location
[0m14:43:55.351406 [debug] [Thread-2 (]: Writing injected SQL for node "model.property_transaction_warehouse.dim_location"
[0m14:43:55.350201 [debug] [Thread-3 (]: Began running node model.property_transaction_warehouse.dim_project
[0m14:43:55.351754 [debug] [Thread-3 (]: Began compiling node model.property_transaction_warehouse.dim_project
[0m14:43:55.352721 [debug] [Thread-3 (]: Writing injected SQL for node "model.property_transaction_warehouse.dim_project"
[0m14:43:55.352934 [debug] [Thread-2 (]: Began executing node model.property_transaction_warehouse.dim_location
[0m14:43:55.353334 [debug] [Thread-2 (]: Finished running node model.property_transaction_warehouse.dim_location
[0m14:43:55.354042 [debug] [Thread-1 (]: Began running node test.property_transaction_warehouse.unique_dim_location_location_key.b5757d64b6
[0m14:43:55.355247 [debug] [Thread-1 (]: Began compiling node test.property_transaction_warehouse.unique_dim_location_location_key.b5757d64b6
[0m14:43:55.354997 [debug] [Thread-3 (]: Began executing node model.property_transaction_warehouse.dim_project
[0m14:43:55.354564 [debug] [Thread-4 (]: Began running node test.property_transaction_warehouse.not_null_dim_location_location_key.c1a2c0b86c
[0m14:43:55.361065 [debug] [Thread-3 (]: Finished running node model.property_transaction_warehouse.dim_project
[0m14:43:55.362867 [debug] [Thread-1 (]: Writing injected SQL for node "test.property_transaction_warehouse.unique_dim_location_location_key.b5757d64b6"
[0m14:43:55.364103 [debug] [Thread-3 (]: Began running node test.property_transaction_warehouse.accepted_values_dim_project_completion_status__COMPLETED__UNCOMPLETED__UNKNOWN.7c12f37315
[0m14:43:55.364342 [debug] [Thread-3 (]: Began compiling node test.property_transaction_warehouse.accepted_values_dim_project_completion_status__COMPLETED__UNCOMPLETED__UNKNOWN.7c12f37315
[0m14:43:55.369619 [debug] [Thread-2 (]: Began running node model.property_transaction_warehouse.fact_transaction
[0m14:43:55.369843 [debug] [Thread-2 (]: Began compiling node model.property_transaction_warehouse.fact_transaction
[0m14:43:55.371125 [debug] [Thread-2 (]: Writing injected SQL for node "model.property_transaction_warehouse.fact_transaction"
[0m14:43:55.363237 [debug] [Thread-4 (]: Began compiling node test.property_transaction_warehouse.not_null_dim_location_location_key.c1a2c0b86c
[0m14:43:55.375117 [debug] [Thread-3 (]: Writing injected SQL for node "test.property_transaction_warehouse.accepted_values_dim_project_completion_status__COMPLETED__UNCOMPLETED__UNKNOWN.7c12f37315"
[0m14:43:55.381030 [debug] [Thread-2 (]: Began executing node model.property_transaction_warehouse.fact_transaction
[0m14:43:55.381415 [debug] [Thread-2 (]: Finished running node model.property_transaction_warehouse.fact_transaction
[0m14:43:55.381694 [debug] [Thread-2 (]: Began running node test.property_transaction_warehouse.not_null_dim_project_project_key.5cfc354fab
[0m14:43:55.381950 [debug] [Thread-2 (]: Began compiling node test.property_transaction_warehouse.not_null_dim_project_project_key.5cfc354fab
[0m14:43:55.385476 [debug] [Thread-2 (]: Writing injected SQL for node "test.property_transaction_warehouse.not_null_dim_project_project_key.5cfc354fab"
[0m14:43:55.386066 [debug] [Thread-4 (]: Writing injected SQL for node "test.property_transaction_warehouse.not_null_dim_location_location_key.c1a2c0b86c"
[0m14:43:55.386697 [debug] [Thread-2 (]: Began executing node test.property_transaction_warehouse.not_null_dim_project_project_key.5cfc354fab
[0m14:43:55.388000 [debug] [Thread-2 (]: Finished running node test.property_transaction_warehouse.not_null_dim_project_project_key.5cfc354fab
[0m14:43:55.388542 [debug] [Thread-2 (]: Began running node test.property_transaction_warehouse.unique_dim_project_project_key.793b35d8e1
[0m14:43:55.388809 [debug] [Thread-2 (]: Began compiling node test.property_transaction_warehouse.unique_dim_project_project_key.793b35d8e1
[0m14:43:55.387352 [debug] [Thread-1 (]: Began executing node test.property_transaction_warehouse.unique_dim_location_location_key.b5757d64b6
[0m14:43:55.393274 [debug] [Thread-1 (]: Finished running node test.property_transaction_warehouse.unique_dim_location_location_key.b5757d64b6
[0m14:43:55.388279 [debug] [Thread-3 (]: Began executing node test.property_transaction_warehouse.accepted_values_dim_project_completion_status__COMPLETED__UNCOMPLETED__UNKNOWN.7c12f37315
[0m14:43:55.386937 [debug] [Thread-4 (]: Began executing node test.property_transaction_warehouse.not_null_dim_location_location_key.c1a2c0b86c
[0m14:43:55.394526 [debug] [Thread-4 (]: Finished running node test.property_transaction_warehouse.not_null_dim_location_location_key.c1a2c0b86c
[0m14:43:55.392409 [debug] [Thread-2 (]: Writing injected SQL for node "test.property_transaction_warehouse.unique_dim_project_project_key.793b35d8e1"
[0m14:43:55.393975 [debug] [Thread-3 (]: Finished running node test.property_transaction_warehouse.accepted_values_dim_project_completion_status__COMPLETED__UNCOMPLETED__UNKNOWN.7c12f37315
[0m14:43:55.395193 [debug] [Thread-3 (]: Began running node test.property_transaction_warehouse.relationships_fact_transaction_location_key__location_key__ref_dim_location_.a942d8afdc
[0m14:43:55.393525 [debug] [Thread-1 (]: Began running node test.property_transaction_warehouse.fact_transaction_valid_measures
[0m14:43:55.395745 [debug] [Thread-1 (]: Began compiling node test.property_transaction_warehouse.fact_transaction_valid_measures
[0m14:43:55.396682 [debug] [Thread-1 (]: Writing injected SQL for node "test.property_transaction_warehouse.fact_transaction_valid_measures"
[0m14:43:55.395430 [debug] [Thread-3 (]: Began compiling node test.property_transaction_warehouse.relationships_fact_transaction_location_key__location_key__ref_dim_location_.a942d8afdc
[0m14:43:55.402229 [debug] [Thread-2 (]: Began executing node test.property_transaction_warehouse.unique_dim_project_project_key.793b35d8e1
[0m14:43:55.402536 [debug] [Thread-2 (]: Finished running node test.property_transaction_warehouse.unique_dim_project_project_key.793b35d8e1
[0m14:43:55.402727 [debug] [Thread-2 (]: Began running node test.property_transaction_warehouse.relationships_fact_transaction_project_key__project_key__ref_dim_project_.a445602349
[0m14:43:55.402889 [debug] [Thread-2 (]: Began compiling node test.property_transaction_warehouse.relationships_fact_transaction_project_key__project_key__ref_dim_project_.a445602349
[0m14:43:55.394763 [debug] [Thread-4 (]: Began running node test.property_transaction_warehouse.not_null_fact_transaction_transaction_key.274831b9a6
[0m14:43:55.410961 [debug] [Thread-4 (]: Began compiling node test.property_transaction_warehouse.not_null_fact_transaction_transaction_key.274831b9a6
[0m14:43:55.413700 [debug] [Thread-4 (]: Writing injected SQL for node "test.property_transaction_warehouse.not_null_fact_transaction_transaction_key.274831b9a6"
[0m14:43:55.415794 [debug] [Thread-3 (]: Writing injected SQL for node "test.property_transaction_warehouse.relationships_fact_transaction_location_key__location_key__ref_dim_location_.a942d8afdc"
[0m14:43:55.416425 [debug] [Thread-1 (]: Began executing node test.property_transaction_warehouse.fact_transaction_valid_measures
[0m14:43:55.416924 [debug] [Thread-1 (]: Finished running node test.property_transaction_warehouse.fact_transaction_valid_measures
[0m14:43:55.410605 [debug] [Thread-2 (]: Writing injected SQL for node "test.property_transaction_warehouse.relationships_fact_transaction_project_key__project_key__ref_dim_project_.a445602349"
[0m14:43:55.417231 [debug] [Thread-1 (]: Began running node test.property_transaction_warehouse.unique_fact_transaction_transaction_key.2bf6393ada
[0m14:43:55.418062 [debug] [Thread-1 (]: Began compiling node test.property_transaction_warehouse.unique_fact_transaction_transaction_key.2bf6393ada
[0m14:43:55.421294 [debug] [Thread-1 (]: Writing injected SQL for node "test.property_transaction_warehouse.unique_fact_transaction_transaction_key.2bf6393ada"
[0m14:43:55.421740 [debug] [Thread-2 (]: Began executing node test.property_transaction_warehouse.relationships_fact_transaction_project_key__project_key__ref_dim_project_.a445602349
[0m14:43:55.417718 [debug] [Thread-3 (]: Began executing node test.property_transaction_warehouse.relationships_fact_transaction_location_key__location_key__ref_dim_location_.a942d8afdc
[0m14:43:55.417503 [debug] [Thread-4 (]: Began executing node test.property_transaction_warehouse.not_null_fact_transaction_transaction_key.274831b9a6
[0m14:43:55.422883 [debug] [Thread-4 (]: Finished running node test.property_transaction_warehouse.not_null_fact_transaction_transaction_key.274831b9a6
[0m14:43:55.422479 [debug] [Thread-3 (]: Finished running node test.property_transaction_warehouse.relationships_fact_transaction_location_key__location_key__ref_dim_location_.a942d8afdc
[0m14:43:55.422158 [debug] [Thread-2 (]: Finished running node test.property_transaction_warehouse.relationships_fact_transaction_project_key__project_key__ref_dim_project_.a445602349
[0m14:43:55.423522 [debug] [Thread-1 (]: Began executing node test.property_transaction_warehouse.unique_fact_transaction_transaction_key.2bf6393ada
[0m14:43:55.423850 [debug] [Thread-1 (]: Finished running node test.property_transaction_warehouse.unique_fact_transaction_transaction_key.2bf6393ada
[0m14:43:55.424848 [debug] [MainThread]: Connection 'master' was properly closed.
[0m14:43:55.425027 [debug] [MainThread]: Connection 'list_ringed-griffin-509403-b4_propery_trans1' was properly closed.
[0m14:43:55.425896 [debug] [MainThread]: Command end result
[0m14:43:55.443256 [debug] [MainThread]: Wrote artifact WritableManifest to /home/jenho/Proj 2 - Property Transaction V1/2n3_data_design_ELT_pipeline/target/manifest.json
[0m14:43:55.444893 [debug] [MainThread]: Wrote artifact SemanticManifest to /home/jenho/Proj 2 - Property Transaction V1/2n3_data_design_ELT_pipeline/target/semantic_manifest.json
[0m14:43:55.446023 [debug] [MainThread]: Wrote artifact OsiDocument to /home/jenho/Proj 2 - Property Transaction V1/2n3_data_design_ELT_pipeline/target/osi_document.json
[0m14:43:55.450264 [debug] [MainThread]: Wrote artifact RunExecutionResult to /home/jenho/Proj 2 - Property Transaction V1/2n3_data_design_ELT_pipeline/target/run_results.json
[0m14:43:55.450656 [debug] [MainThread]: Resource report: {"command_name": "compile", "command_success": true, "command_wall_clock_time": 10.891494, "process_in_blocks": "1032", "process_kernel_time": 0.164078, "process_mem_max_rss": "261172", "process_out_blocks": "3064", "process_user_time": 2.744208}
[0m14:43:55.450910 [debug] [MainThread]: Command `dbt compile` succeeded at 14:43:55.450855 after 10.89 seconds
[0m14:43:55.451115 [debug] [MainThread]: Sending event: {'category': 'dbt', 'action': 'invocation', 'label': 'end', 'context': [<snowplow_tracker.self_describing_json.SelfDescribingJson object at 0x78e107187290>, <snowplow_tracker.self_describing_json.SelfDescribingJson object at 0x78e106e094f0>, <snowplow_tracker.self_describing_json.SelfDescribingJson object at 0x78e106e0af10>]}
[0m14:43:55.451302 [debug] [MainThread]: Flushing usage events
[0m14:43:56.389628 [debug] [MainThread]: An error was encountered while trying to flush usage events
[0m14:45:00.066304 [debug] [MainThread]: Sending event: {'category': 'dbt', 'action': 'invocation', 'label': 'start', 'context': [<snowplow_tracker.self_describing_json.SelfDescribingJson object at 0x74eb8cc827b0>, <snowplow_tracker.self_describing_json.SelfDescribingJson object at 0x74eb8eab0f50>, <snowplow_tracker.self_describing_json.SelfDescribingJson object at 0x74eb8b50b890>]}


============================== 14:45:00.072124 | 2f03c499-1bc5-4743-a6f2-ca2f19a91594 ==============================
[0m14:45:00.072124 [info ] [MainThread]: Running with dbt=1.12.5
[0m14:45:00.072454 [debug] [MainThread]: running dbt with arguments {'log_format': 'default', 'partial_parse': 'True', 'profiles_dir': '/home/jenho/Proj 2 - Property Transaction V1/2n3_data_design_ELT_pipeline', 'indirect_selection': 'eager', 'warn_error_options': 'WarnErrorOptionsV2(error=[], warn=[], silence=[])', 'use_experimental_parser': 'False', 'quiet': 'False', 'invocation_command': 'dbt test', 'target_path': 'None', 'cache_selected_only': 'False', 'empty': 'None', 'version_check': 'True', 'warn_error': 'None', 'use_colors': 'True', 'fail_fast': 'False', 'maximum_seed_size_mib': '1', 'hints_enabled': 'True', 'write_json': 'True', 'printer_width': '80', 'no_print': 'None', 'static_parser': 'True', 'debug': 'False', 'log_cache_events': 'False', 'introspect': 'True', 'send_anonymous_usage_stats': 'True', 'log_path': '/home/jenho/Proj 2 - Property Transaction V1/2n3_data_design_ELT_pipeline/logs'}
[0m14:45:01.139053 [debug] [MainThread]: Sending event: {'category': 'dbt', 'action': 'project_id', 'label': '2f03c499-1bc5-4743-a6f2-ca2f19a91594', 'context': [<snowplow_tracker.self_describing_json.SelfDescribingJson object at 0x74eb51b9a3f0>]}
[0m14:45:01.175257 [debug] [MainThread]: Sending event: {'category': 'dbt', 'action': 'adapter_info', 'label': '2f03c499-1bc5-4743-a6f2-ca2f19a91594', 'context': [<snowplow_tracker.self_describing_json.SelfDescribingJson object at 0x74eb8ec578a0>]}
[0m14:45:01.175836 [info ] [MainThread]: Registered adapter: bigquery=1.12.1
[0m14:45:01.225292 [debug] [MainThread]: checksum: 9742bae524cb133816d56fa13025eeafb4819ed2acf766351b6099479fe392d2, vars: {}, profile: property_transaction_warehouse, target: dev, version: 1.12.5
[0m14:45:01.353982 [debug] [MainThread]: Partial parsing enabled: 0 files deleted, 0 files added, 0 files changed.
[0m14:45:01.354315 [debug] [MainThread]: Nothing changed, skipping partial parsing.
[0m14:45:01.354477 [debug] [MainThread]: Partial parsing enabled, no changes found, skipping parsing
[0m14:45:01.359843 [debug] [MainThread]: Sending event: {'category': 'dbt', 'action': 'load_project', 'label': '2f03c499-1bc5-4743-a6f2-ca2f19a91594', 'context': [<snowplow_tracker.self_describing_json.SelfDescribingJson object at 0x74eb51475650>]}
[0m14:45:01.438916 [debug] [MainThread]: Wrote artifact WritableManifest to /home/jenho/Proj 2 - Property Transaction V1/2n3_data_design_ELT_pipeline/target/manifest.json
[0m14:45:01.441187 [debug] [MainThread]: Wrote artifact SemanticManifest to /home/jenho/Proj 2 - Property Transaction V1/2n3_data_design_ELT_pipeline/target/semantic_manifest.json
[0m14:45:01.456539 [debug] [MainThread]: Wrote artifact OsiDocument to /home/jenho/Proj 2 - Property Transaction V1/2n3_data_design_ELT_pipeline/target/osi_document.json
[0m14:45:01.472417 [debug] [MainThread]: Sending event: {'category': 'dbt', 'action': 'resource_counts', 'label': '2f03c499-1bc5-4743-a6f2-ca2f19a91594', 'context': [<snowplow_tracker.self_describing_json.SelfDescribingJson object at 0x74eb516923f0>]}
[0m14:45:01.472843 [info ] [MainThread]: Found 4 models, 10 data tests, 1 source, 561 macros
[0m14:45:01.473248 [debug] [MainThread]: Sending event: {'category': 'dbt', 'action': 'runnable_timing', 'label': '2f03c499-1bc5-4743-a6f2-ca2f19a91594', 'context': [<snowplow_tracker.self_describing_json.SelfDescribingJson object at 0x74eb513aa890>]}
[0m14:45:01.474557 [info ] [MainThread]: 
[0m14:45:01.474815 [info ] [MainThread]: Concurrency: 4 threads (target='dev')
[0m14:45:01.475029 [info ] [MainThread]: 
[0m14:45:01.475411 [debug] [MainThread]: Acquiring new bigquery connection 'master'
[0m14:45:01.477777 [debug] [ThreadPool]: Acquiring new bigquery connection 'list_ringed-griffin-509403-b4_propery_trans1'
[0m14:45:01.478025 [debug] [ThreadPool]: Opening a new connection, currently in state init
[0m14:45:10.850206 [debug] [MainThread]: Sending event: {'category': 'dbt', 'action': 'runnable_timing', 'label': '2f03c499-1bc5-4743-a6f2-ca2f19a91594', 'context': [<snowplow_tracker.self_describing_json.SelfDescribingJson object at 0x74eb5130be10>]}
[0m14:45:10.851272 [debug] [MainThread]: Opening a new connection, currently in state init
[0m14:45:10.882039 [debug] [Thread-2 (]: Began running node test.property_transaction_warehouse.fact_transaction_valid_measures
[0m14:45:10.885304 [debug] [Thread-4 (]: Began running node test.property_transaction_warehouse.not_null_dim_project_project_key.5cfc354fab
[0m14:45:10.883908 [debug] [Thread-1 (]: Began running node test.property_transaction_warehouse.accepted_values_dim_project_completion_status__COMPLETED__UNCOMPLETED__UNKNOWN.7c12f37315
[0m14:45:10.887107 [info ] [Thread-1 (]: 1 of 10 START test accepted_values_dim_project_completion_status__COMPLETED__UNCOMPLETED__UNKNOWN  [RUN]
[0m14:45:10.883019 [debug] [Thread-3 (]: Began running node test.property_transaction_warehouse.not_null_dim_location_location_key.c1a2c0b86c
[0m14:45:10.886286 [info ] [Thread-4 (]: 4 of 10 START test not_null_dim_project_project_key ............................ [RUN]
[0m14:45:10.887954 [debug] [Thread-1 (]: Re-using an available connection from the pool (formerly list_ringed-griffin-509403-b4_propery_trans1, now test.property_transaction_warehouse.accepted_values_dim_project_completion_status__COMPLETED__UNCOMPLETED__UNKNOWN.7c12f37315)
[0m14:45:10.884685 [info ] [Thread-2 (]: 2 of 10 START test fact_transaction_valid_measures ............................. [RUN]
[0m14:45:10.888771 [info ] [Thread-3 (]: 3 of 10 START test not_null_dim_location_location_key .......................... [RUN]
[0m14:45:10.889781 [debug] [Thread-4 (]: Acquiring new bigquery connection 'test.property_transaction_warehouse.not_null_dim_project_project_key.5cfc354fab'
[0m14:45:10.890456 [debug] [Thread-1 (]: Began compiling node test.property_transaction_warehouse.accepted_values_dim_project_completion_status__COMPLETED__UNCOMPLETED__UNKNOWN.7c12f37315
[0m14:45:10.891229 [debug] [Thread-2 (]: Acquiring new bigquery connection 'test.property_transaction_warehouse.fact_transaction_valid_measures'
[0m14:45:10.892168 [debug] [Thread-3 (]: Acquiring new bigquery connection 'test.property_transaction_warehouse.not_null_dim_location_location_key.c1a2c0b86c'
[0m14:45:10.893025 [debug] [Thread-4 (]: Began compiling node test.property_transaction_warehouse.not_null_dim_project_project_key.5cfc354fab
[0m14:45:10.907262 [debug] [Thread-2 (]: Began compiling node test.property_transaction_warehouse.fact_transaction_valid_measures
[0m14:45:10.919937 [debug] [Thread-1 (]: Writing injected SQL for node "test.property_transaction_warehouse.accepted_values_dim_project_completion_status__COMPLETED__UNCOMPLETED__UNKNOWN.7c12f37315"
[0m14:45:10.920359 [debug] [Thread-3 (]: Began compiling node test.property_transaction_warehouse.not_null_dim_location_location_key.c1a2c0b86c
[0m14:45:10.925607 [debug] [Thread-4 (]: Writing injected SQL for node "test.property_transaction_warehouse.not_null_dim_project_project_key.5cfc354fab"
[0m14:45:10.926641 [debug] [Thread-2 (]: Writing injected SQL for node "test.property_transaction_warehouse.fact_transaction_valid_measures"
[0m14:45:10.929990 [debug] [Thread-3 (]: Writing injected SQL for node "test.property_transaction_warehouse.not_null_dim_location_location_key.c1a2c0b86c"
[0m14:45:10.930347 [debug] [Thread-1 (]: Began executing node test.property_transaction_warehouse.accepted_values_dim_project_completion_status__COMPLETED__UNCOMPLETED__UNKNOWN.7c12f37315
[0m14:45:10.936488 [debug] [Thread-2 (]: Began executing node test.property_transaction_warehouse.fact_transaction_valid_measures
[0m14:45:10.941410 [debug] [Thread-2 (]: Writing runtime sql for node "test.property_transaction_warehouse.fact_transaction_valid_measures"
[0m14:45:10.941809 [debug] [Thread-3 (]: Began executing node test.property_transaction_warehouse.not_null_dim_location_location_key.c1a2c0b86c
[0m14:45:10.942575 [debug] [Thread-3 (]: Writing runtime sql for node "test.property_transaction_warehouse.not_null_dim_location_location_key.c1a2c0b86c"
[0m14:45:10.943108 [debug] [Thread-1 (]: Writing runtime sql for node "test.property_transaction_warehouse.accepted_values_dim_project_completion_status__COMPLETED__UNCOMPLETED__UNKNOWN.7c12f37315"
[0m14:45:10.943534 [debug] [Thread-4 (]: Began executing node test.property_transaction_warehouse.not_null_dim_project_project_key.5cfc354fab
[0m14:45:10.944402 [debug] [Thread-4 (]: Writing runtime sql for node "test.property_transaction_warehouse.not_null_dim_project_project_key.5cfc354fab"
[0m14:45:10.944867 [debug] [Thread-1 (]: On test.property_transaction_warehouse.accepted_values_dim_project_completion_status__COMPLETED__UNCOMPLETED__UNKNOWN.7c12f37315: /* {"app": "dbt", "dbt_version": "1.12.5", "profile_name": "property_transaction_warehouse", "target_name": "dev", "node_id": "test.property_transaction_warehouse.accepted_values_dim_project_completion_status__COMPLETED__UNCOMPLETED__UNKNOWN.7c12f37315"} */

    
    select
      count(*) as failures,
      count(*) != 0 as should_warn,
      count(*) != 0 as should_error
    from (
      
    
  
    
    

with all_values as (

    select
        completion_status as value_field,
        count(*) as n_records

    from `ringed-griffin-509403-b4`.`propery_trans1`.`dim_project`
    group by completion_status

)

select *
from all_values
where value_field not in (
    'COMPLETED','UNCOMPLETED','UNKNOWN'
)



  
  
      
    ) dbt_internal_test
[0m14:45:10.945217 [debug] [Thread-1 (]: Opening a new connection, currently in state closed
[0m14:45:10.946415 [debug] [Thread-4 (]: On test.property_transaction_warehouse.not_null_dim_project_project_key.5cfc354fab: /* {"app": "dbt", "dbt_version": "1.12.5", "profile_name": "property_transaction_warehouse", "target_name": "dev", "node_id": "test.property_transaction_warehouse.not_null_dim_project_project_key.5cfc354fab"} */

    
    select
      count(*) as failures,
      count(*) != 0 as should_warn,
      count(*) != 0 as should_error
    from (
      
    
  
    
    



select project_key
from `ringed-griffin-509403-b4`.`propery_trans1`.`dim_project`
where project_key is null



  
  
      
    ) dbt_internal_test
[0m14:45:10.946664 [debug] [Thread-4 (]: Opening a new connection, currently in state init
[0m14:45:10.947548 [debug] [Thread-3 (]: On test.property_transaction_warehouse.not_null_dim_location_location_key.c1a2c0b86c: /* {"app": "dbt", "dbt_version": "1.12.5", "profile_name": "property_transaction_warehouse", "target_name": "dev", "node_id": "test.property_transaction_warehouse.not_null_dim_location_location_key.c1a2c0b86c"} */

    
    select
      count(*) as failures,
      count(*) != 0 as should_warn,
      count(*) != 0 as should_error
    from (
      
    
  
    
    



select location_key
from `ringed-griffin-509403-b4`.`propery_trans1`.`dim_location`
where location_key is null



  
  
      
    ) dbt_internal_test
[0m14:45:10.947845 [debug] [Thread-3 (]: Opening a new connection, currently in state init
[0m14:45:10.948600 [debug] [Thread-2 (]: On test.property_transaction_warehouse.fact_transaction_valid_measures: /* {"app": "dbt", "dbt_version": "1.12.5", "profile_name": "property_transaction_warehouse", "target_name": "dev", "node_id": "test.property_transaction_warehouse.fact_transaction_valid_measures"} */

    
    select
      count(*) as failures,
      count(*) != 0 as should_warn,
      count(*) != 0 as should_error
    from (
      
    
  SELECT *
FROM `ringed-griffin-509403-b4`.`propery_trans1`.`fact_transaction`
WHERE transacted_price <= 0
   OR nett_price <= 0
   OR area_sqft <= 0
   OR area_sqm <= 0
   OR unit_price_psf <= 0
   OR unit_price_psm <= 0
   OR number_of_units <= 0
  
  
      
    ) dbt_internal_test
[0m14:45:10.948839 [debug] [Thread-2 (]: Opening a new connection, currently in state init
[0m14:45:11.657426 [debug] [Thread-4 (]: BigQuery adapter: https://console.cloud.google.com/bigquery?project=ringed-griffin-509403-b4&j=bq:US:e8358238-5e52-4d85-9a4d-be7ae96b041e&page=queryresults
[0m14:45:11.751751 [debug] [Thread-1 (]: BigQuery adapter: https://console.cloud.google.com/bigquery?project=ringed-griffin-509403-b4&j=bq:US:36ba3288-0429-44fd-adc6-9fd4c68fefd7&page=queryresults
[0m14:45:11.759782 [debug] [Thread-2 (]: BigQuery adapter: https://console.cloud.google.com/bigquery?project=ringed-griffin-509403-b4&j=bq:US:ddd4aa7c-4cf1-43b7-b692-7037624bc737&page=queryresults
[0m14:45:12.022387 [debug] [Thread-4 (]: SQL status: OK in 0.364 seconds
[0m14:45:12.098857 [debug] [Thread-2 (]: SQL status: OK in 0.338 seconds
[0m14:45:12.099971 [debug] [Thread-1 (]: SQL status: OK in 0.348 seconds
[0m14:45:12.782743 [info ] [Thread-4 (]: 4 of 10 PASS not_null_dim_project_project_key .................................. [[32mPASS[0m in 1.89s]
[0m14:45:12.783376 [debug] [Thread-4 (]: Finished running node test.property_transaction_warehouse.not_null_dim_project_project_key.5cfc354fab
[0m14:45:12.783713 [debug] [Thread-4 (]: Began running node test.property_transaction_warehouse.not_null_fact_transaction_transaction_key.274831b9a6
[0m14:45:12.784095 [info ] [Thread-4 (]: 5 of 10 START test not_null_fact_transaction_transaction_key ................... [RUN]
[0m14:45:12.784488 [debug] [Thread-4 (]: Re-using an available connection from the pool (formerly test.property_transaction_warehouse.not_null_dim_project_project_key.5cfc354fab, now test.property_transaction_warehouse.not_null_fact_transaction_transaction_key.274831b9a6)
[0m14:45:12.784683 [debug] [Thread-4 (]: Began compiling node test.property_transaction_warehouse.not_null_fact_transaction_transaction_key.274831b9a6
[0m14:45:12.787958 [debug] [Thread-4 (]: Writing injected SQL for node "test.property_transaction_warehouse.not_null_fact_transaction_transaction_key.274831b9a6"
[0m14:45:12.788316 [debug] [Thread-4 (]: Began executing node test.property_transaction_warehouse.not_null_fact_transaction_transaction_key.274831b9a6
[0m14:45:12.789132 [debug] [Thread-4 (]: Writing runtime sql for node "test.property_transaction_warehouse.not_null_fact_transaction_transaction_key.274831b9a6"
[0m14:45:12.789453 [debug] [Thread-4 (]: On test.property_transaction_warehouse.not_null_fact_transaction_transaction_key.274831b9a6: /* {"app": "dbt", "dbt_version": "1.12.5", "profile_name": "property_transaction_warehouse", "target_name": "dev", "node_id": "test.property_transaction_warehouse.not_null_fact_transaction_transaction_key.274831b9a6"} */

    
    select
      count(*) as failures,
      count(*) != 0 as should_warn,
      count(*) != 0 as should_error
    from (
      
    
  
    
    



select transaction_key
from `ringed-griffin-509403-b4`.`propery_trans1`.`fact_transaction`
where transaction_key is null



  
  
      
    ) dbt_internal_test
[0m14:45:12.789679 [debug] [Thread-4 (]: Opening a new connection, currently in state closed
[0m14:45:12.823484 [info ] [Thread-1 (]: 1 of 10 PASS accepted_values_dim_project_completion_status__COMPLETED__UNCOMPLETED__UNKNOWN  [[32mPASS[0m in 1.94s]
[0m14:45:12.823986 [debug] [Thread-1 (]: Finished running node test.property_transaction_warehouse.accepted_values_dim_project_completion_status__COMPLETED__UNCOMPLETED__UNKNOWN.7c12f37315
[0m14:45:12.824207 [debug] [Thread-1 (]: Began running node test.property_transaction_warehouse.relationships_fact_transaction_location_key__location_key__ref_dim_location_.a942d8afdc
[0m14:45:12.824382 [info ] [Thread-1 (]: 6 of 10 START test relationships_fact_transaction_location_key__location_key__ref_dim_location_  [RUN]
[0m14:45:12.824607 [debug] [Thread-1 (]: Re-using an available connection from the pool (formerly test.property_transaction_warehouse.accepted_values_dim_project_completion_status__COMPLETED__UNCOMPLETED__UNKNOWN.7c12f37315, now test.property_transaction_warehouse.relationships_fact_transaction_location_key__location_key__ref_dim_location_.a942d8afdc)
[0m14:45:12.824779 [debug] [Thread-1 (]: Began compiling node test.property_transaction_warehouse.relationships_fact_transaction_location_key__location_key__ref_dim_location_.a942d8afdc
[0m14:45:12.834510 [debug] [Thread-1 (]: Writing injected SQL for node "test.property_transaction_warehouse.relationships_fact_transaction_location_key__location_key__ref_dim_location_.a942d8afdc"
[0m14:45:12.836038 [info ] [Thread-2 (]: 2 of 10 PASS fact_transaction_valid_measures ................................... [[32mPASS[0m in 1.95s]
[0m14:45:12.836398 [debug] [Thread-2 (]: Finished running node test.property_transaction_warehouse.fact_transaction_valid_measures
[0m14:45:12.836888 [debug] [Thread-2 (]: Began running node test.property_transaction_warehouse.relationships_fact_transaction_project_key__project_key__ref_dim_project_.a445602349
[0m14:45:12.837310 [info ] [Thread-2 (]: 7 of 10 START test relationships_fact_transaction_project_key__project_key__ref_dim_project_  [RUN]
[0m14:45:12.837556 [debug] [Thread-2 (]: Re-using an available connection from the pool (formerly test.property_transaction_warehouse.fact_transaction_valid_measures, now test.property_transaction_warehouse.relationships_fact_transaction_project_key__project_key__ref_dim_project_.a445602349)
[0m14:45:12.837727 [debug] [Thread-2 (]: Began compiling node test.property_transaction_warehouse.relationships_fact_transaction_project_key__project_key__ref_dim_project_.a445602349
[0m14:45:12.836614 [debug] [Thread-1 (]: Began executing node test.property_transaction_warehouse.relationships_fact_transaction_location_key__location_key__ref_dim_location_.a942d8afdc
[0m14:45:12.845078 [debug] [Thread-1 (]: Writing runtime sql for node "test.property_transaction_warehouse.relationships_fact_transaction_location_key__location_key__ref_dim_location_.a942d8afdc"
[0m14:45:12.843999 [debug] [Thread-2 (]: Writing injected SQL for node "test.property_transaction_warehouse.relationships_fact_transaction_project_key__project_key__ref_dim_project_.a445602349"
[0m14:45:12.845554 [debug] [Thread-2 (]: Began executing node test.property_transaction_warehouse.relationships_fact_transaction_project_key__project_key__ref_dim_project_.a445602349
[0m14:45:12.846580 [debug] [Thread-2 (]: Writing runtime sql for node "test.property_transaction_warehouse.relationships_fact_transaction_project_key__project_key__ref_dim_project_.a445602349"
[0m14:45:12.846964 [debug] [Thread-1 (]: On test.property_transaction_warehouse.relationships_fact_transaction_location_key__location_key__ref_dim_location_.a942d8afdc: /* {"app": "dbt", "dbt_version": "1.12.5", "profile_name": "property_transaction_warehouse", "target_name": "dev", "node_id": "test.property_transaction_warehouse.relationships_fact_transaction_location_key__location_key__ref_dim_location_.a942d8afdc"} */

    
    select
      count(*) as failures,
      count(*) != 0 as should_warn,
      count(*) != 0 as should_error
    from (
      
    
  
    
    

with child as (
    select location_key as from_field
    from `ringed-griffin-509403-b4`.`propery_trans1`.`fact_transaction`
    where location_key is not null
),

parent as (
    select location_key as to_field
    from `ringed-griffin-509403-b4`.`propery_trans1`.`dim_location`
)

select
    from_field

from child
left join parent
    on child.from_field = parent.to_field

where parent.to_field is null



  
  
      
    ) dbt_internal_test
[0m14:45:12.847292 [debug] [Thread-1 (]: Opening a new connection, currently in state closed
[0m14:45:12.848488 [debug] [Thread-2 (]: On test.property_transaction_warehouse.relationships_fact_transaction_project_key__project_key__ref_dim_project_.a445602349: /* {"app": "dbt", "dbt_version": "1.12.5", "profile_name": "property_transaction_warehouse", "target_name": "dev", "node_id": "test.property_transaction_warehouse.relationships_fact_transaction_project_key__project_key__ref_dim_project_.a445602349"} */

    
    select
      count(*) as failures,
      count(*) != 0 as should_warn,
      count(*) != 0 as should_error
    from (
      
    
  
    
    

with child as (
    select project_key as from_field
    from `ringed-griffin-509403-b4`.`propery_trans1`.`fact_transaction`
    where project_key is not null
),

parent as (
    select project_key as to_field
    from `ringed-griffin-509403-b4`.`propery_trans1`.`dim_project`
)

select
    from_field

from child
left join parent
    on child.from_field = parent.to_field

where parent.to_field is null



  
  
      
    ) dbt_internal_test
[0m14:45:12.848828 [debug] [Thread-2 (]: Opening a new connection, currently in state closed
[0m14:45:13.517683 [debug] [Thread-2 (]: BigQuery adapter: https://console.cloud.google.com/bigquery?project=ringed-griffin-509403-b4&j=bq:US:6a470560-fb69-4aff-a5d7-e3be44a104cc&page=queryresults
[0m14:45:13.549420 [debug] [Thread-1 (]: BigQuery adapter: https://console.cloud.google.com/bigquery?project=ringed-griffin-509403-b4&j=bq:US:cfae387c-dc8a-4592-9d66-8b5833c952a7&page=queryresults
[0m14:45:13.575688 [debug] [Thread-4 (]: BigQuery adapter: https://console.cloud.google.com/bigquery?project=ringed-griffin-509403-b4&j=bq:US:b9773557-d9e4-4981-9b9e-27269c08be1a&page=queryresults
[0m14:45:13.675534 [debug] [Thread-3 (]: BigQuery adapter: https://console.cloud.google.com/bigquery?project=ringed-griffin-509403-b4&j=bq:US:a21a9b4d-cb37-4f72-8de0-139032ba5f16&page=queryresults
[0m14:45:13.899963 [debug] [Thread-2 (]: SQL status: OK in 0.382 seconds
[0m14:45:13.911046 [debug] [Thread-1 (]: SQL status: OK in 0.361 seconds
[0m14:45:13.941623 [debug] [Thread-4 (]: SQL status: OK in 0.365 seconds
[0m14:45:14.042866 [debug] [Thread-3 (]: SQL status: OK in 0.366 seconds
[0m14:45:14.601835 [info ] [Thread-2 (]: 7 of 10 PASS relationships_fact_transaction_project_key__project_key__ref_dim_project_  [[32mPASS[0m in 1.76s]
[0m14:45:14.603415 [debug] [Thread-2 (]: Finished running node test.property_transaction_warehouse.relationships_fact_transaction_project_key__project_key__ref_dim_project_.a445602349
[0m14:45:14.604400 [debug] [Thread-2 (]: Began running node test.property_transaction_warehouse.unique_dim_location_location_key.b5757d64b6
[0m14:45:14.605040 [info ] [Thread-2 (]: 8 of 10 START test unique_dim_location_location_key ............................ [RUN]
[0m14:45:14.605936 [debug] [Thread-2 (]: Re-using an available connection from the pool (formerly test.property_transaction_warehouse.relationships_fact_transaction_project_key__project_key__ref_dim_project_.a445602349, now test.property_transaction_warehouse.unique_dim_location_location_key.b5757d64b6)
[0m14:45:14.606932 [debug] [Thread-2 (]: Began compiling node test.property_transaction_warehouse.unique_dim_location_location_key.b5757d64b6
[0m14:45:14.629658 [debug] [Thread-2 (]: Writing injected SQL for node "test.property_transaction_warehouse.unique_dim_location_location_key.b5757d64b6"
[0m14:45:14.632814 [debug] [Thread-2 (]: Began executing node test.property_transaction_warehouse.unique_dim_location_location_key.b5757d64b6
[0m14:45:14.634554 [debug] [Thread-2 (]: Writing runtime sql for node "test.property_transaction_warehouse.unique_dim_location_location_key.b5757d64b6"
[0m14:45:14.634881 [debug] [Thread-2 (]: On test.property_transaction_warehouse.unique_dim_location_location_key.b5757d64b6: /* {"app": "dbt", "dbt_version": "1.12.5", "profile_name": "property_transaction_warehouse", "target_name": "dev", "node_id": "test.property_transaction_warehouse.unique_dim_location_location_key.b5757d64b6"} */

    
    select
      count(*) as failures,
      count(*) != 0 as should_warn,
      count(*) != 0 as should_error
    from (
      
    
  
    
    

with dbt_test__target as (

  select location_key as unique_field
  from `ringed-griffin-509403-b4`.`propery_trans1`.`dim_location`
  where location_key is not null

)

select
    unique_field,
    count(*) as n_records

from dbt_test__target
group by unique_field
having count(*) > 1



  
  
      
    ) dbt_internal_test
[0m14:45:14.635122 [debug] [Thread-2 (]: Opening a new connection, currently in state closed
[0m14:45:14.646884 [info ] [Thread-1 (]: 6 of 10 PASS relationships_fact_transaction_location_key__location_key__ref_dim_location_  [[32mPASS[0m in 1.82s]
[0m14:45:14.647330 [debug] [Thread-1 (]: Finished running node test.property_transaction_warehouse.relationships_fact_transaction_location_key__location_key__ref_dim_location_.a942d8afdc
[0m14:45:14.647558 [debug] [Thread-1 (]: Began running node test.property_transaction_warehouse.unique_dim_project_project_key.793b35d8e1
[0m14:45:14.647951 [info ] [Thread-1 (]: 9 of 10 START test unique_dim_project_project_key .............................. [RUN]
[0m14:45:14.648414 [debug] [Thread-1 (]: Re-using an available connection from the pool (formerly test.property_transaction_warehouse.relationships_fact_transaction_location_key__location_key__ref_dim_location_.a942d8afdc, now test.property_transaction_warehouse.unique_dim_project_project_key.793b35d8e1)
[0m14:45:14.648606 [debug] [Thread-1 (]: Began compiling node test.property_transaction_warehouse.unique_dim_project_project_key.793b35d8e1
[0m14:45:14.651643 [debug] [Thread-1 (]: Writing injected SQL for node "test.property_transaction_warehouse.unique_dim_project_project_key.793b35d8e1"
[0m14:45:14.652205 [debug] [Thread-1 (]: Began executing node test.property_transaction_warehouse.unique_dim_project_project_key.793b35d8e1
[0m14:45:14.653230 [debug] [Thread-1 (]: Writing runtime sql for node "test.property_transaction_warehouse.unique_dim_project_project_key.793b35d8e1"
[0m14:45:14.653548 [debug] [Thread-1 (]: On test.property_transaction_warehouse.unique_dim_project_project_key.793b35d8e1: /* {"app": "dbt", "dbt_version": "1.12.5", "profile_name": "property_transaction_warehouse", "target_name": "dev", "node_id": "test.property_transaction_warehouse.unique_dim_project_project_key.793b35d8e1"} */

    
    select
      count(*) as failures,
      count(*) != 0 as should_warn,
      count(*) != 0 as should_error
    from (
      
    
  
    
    

with dbt_test__target as (

  select project_key as unique_field
  from `ringed-griffin-509403-b4`.`propery_trans1`.`dim_project`
  where project_key is not null

)

select
    unique_field,
    count(*) as n_records

from dbt_test__target
group by unique_field
having count(*) > 1



  
  
      
    ) dbt_internal_test
[0m14:45:14.653809 [debug] [Thread-1 (]: Opening a new connection, currently in state closed
[0m14:45:14.658280 [info ] [Thread-4 (]: 5 of 10 PASS not_null_fact_transaction_transaction_key ......................... [[32mPASS[0m in 1.87s]
[0m14:45:14.658693 [debug] [Thread-4 (]: Finished running node test.property_transaction_warehouse.not_null_fact_transaction_transaction_key.274831b9a6
[0m14:45:14.658942 [debug] [Thread-4 (]: Began running node test.property_transaction_warehouse.unique_fact_transaction_transaction_key.2bf6393ada
[0m14:45:14.659137 [info ] [Thread-4 (]: 10 of 10 START test unique_fact_transaction_transaction_key .................... [RUN]
[0m14:45:14.659399 [debug] [Thread-4 (]: Re-using an available connection from the pool (formerly test.property_transaction_warehouse.not_null_fact_transaction_transaction_key.274831b9a6, now test.property_transaction_warehouse.unique_fact_transaction_transaction_key.2bf6393ada)
[0m14:45:14.659751 [debug] [Thread-4 (]: Began compiling node test.property_transaction_warehouse.unique_fact_transaction_transaction_key.2bf6393ada
[0m14:45:14.663483 [debug] [Thread-4 (]: Writing injected SQL for node "test.property_transaction_warehouse.unique_fact_transaction_transaction_key.2bf6393ada"
[0m14:45:14.664244 [debug] [Thread-4 (]: Began executing node test.property_transaction_warehouse.unique_fact_transaction_transaction_key.2bf6393ada
[0m14:45:14.666005 [debug] [Thread-4 (]: Writing runtime sql for node "test.property_transaction_warehouse.unique_fact_transaction_transaction_key.2bf6393ada"
[0m14:45:14.667847 [debug] [Thread-4 (]: On test.property_transaction_warehouse.unique_fact_transaction_transaction_key.2bf6393ada: /* {"app": "dbt", "dbt_version": "1.12.5", "profile_name": "property_transaction_warehouse", "target_name": "dev", "node_id": "test.property_transaction_warehouse.unique_fact_transaction_transaction_key.2bf6393ada"} */

    
    select
      count(*) as failures,
      count(*) != 0 as should_warn,
      count(*) != 0 as should_error
    from (
      
    
  
    
    

with dbt_test__target as (

  select transaction_key as unique_field
  from `ringed-griffin-509403-b4`.`propery_trans1`.`fact_transaction`
  where transaction_key is not null

)

select
    unique_field,
    count(*) as n_records

from dbt_test__target
group by unique_field
having count(*) > 1



  
  
      
    ) dbt_internal_test
[0m14:45:14.668202 [debug] [Thread-4 (]: Opening a new connection, currently in state closed
[0m14:45:14.783410 [info ] [Thread-3 (]: 3 of 10 PASS not_null_dim_location_location_key ................................ [[32mPASS[0m in 3.89s]
[0m14:45:14.784105 [debug] [Thread-3 (]: Finished running node test.property_transaction_warehouse.not_null_dim_location_location_key.c1a2c0b86c
[0m14:45:15.335238 [debug] [Thread-1 (]: BigQuery adapter: https://console.cloud.google.com/bigquery?project=ringed-griffin-509403-b4&j=bq:US:fd744532-d0cd-4502-8521-7a38479e264d&page=queryresults
[0m14:45:15.339025 [debug] [Thread-2 (]: BigQuery adapter: https://console.cloud.google.com/bigquery?project=ringed-griffin-509403-b4&j=bq:US:8af88cf4-8d7e-45fa-afa8-48ca2197be5a&page=queryresults
[0m14:45:15.383500 [debug] [Thread-4 (]: BigQuery adapter: https://console.cloud.google.com/bigquery?project=ringed-griffin-509403-b4&j=bq:US:bc1ebd45-a22e-4ac3-8bf1-b59bac8c8318&page=queryresults
[0m14:45:15.677274 [debug] [Thread-1 (]: SQL status: OK in 0.341 seconds
[0m14:45:15.682541 [debug] [Thread-2 (]: SQL status: OK in 0.343 seconds
[0m14:45:15.709613 [debug] [Thread-4 (]: SQL status: OK in 0.325 seconds
[0m14:45:16.394021 [info ] [Thread-2 (]: 8 of 10 PASS unique_dim_location_location_key .................................. [[32mPASS[0m in 1.79s]
[0m14:45:16.395474 [debug] [Thread-2 (]: Finished running node test.property_transaction_warehouse.unique_dim_location_location_key.b5757d64b6
[0m14:45:16.416144 [info ] [Thread-1 (]: 9 of 10 PASS unique_dim_project_project_key .................................... [[32mPASS[0m in 1.77s]
[0m14:45:16.421884 [debug] [Thread-1 (]: Finished running node test.property_transaction_warehouse.unique_dim_project_project_key.793b35d8e1
[0m14:45:16.420596 [info ] [Thread-4 (]: 10 of 10 PASS unique_fact_transaction_transaction_key .......................... [[32mPASS[0m in 1.76s]
[0m14:45:16.423870 [debug] [Thread-4 (]: Finished running node test.property_transaction_warehouse.unique_fact_transaction_transaction_key.2bf6393ada
[0m14:45:16.429078 [debug] [MainThread]: Opening a new connection, currently in state closed
[0m14:45:16.430322 [debug] [MainThread]: Connection 'master' was properly closed.
[0m14:45:16.430776 [debug] [MainThread]: Connection 'test.property_transaction_warehouse.unique_dim_project_project_key.793b35d8e1' was properly closed.
[0m14:45:16.431146 [debug] [MainThread]: Connection 'test.property_transaction_warehouse.unique_fact_transaction_transaction_key.2bf6393ada' was properly closed.
[0m14:45:16.431318 [debug] [MainThread]: Connection 'test.property_transaction_warehouse.unique_dim_location_location_key.b5757d64b6' was properly closed.
[0m14:45:16.431485 [debug] [MainThread]: Connection 'test.property_transaction_warehouse.not_null_dim_location_location_key.c1a2c0b86c' was properly closed.
[0m14:45:16.431757 [info ] [MainThread]: 
[0m14:45:16.432020 [info ] [MainThread]: Finished running 10 data tests in 0 hours 0 minutes and 14.96 seconds (14.96s).
[0m14:45:16.433232 [debug] [MainThread]: Command end result
[0m14:45:16.449546 [debug] [MainThread]: Wrote artifact WritableManifest to /home/jenho/Proj 2 - Property Transaction V1/2n3_data_design_ELT_pipeline/target/manifest.json
[0m14:45:16.471763 [debug] [MainThread]: Wrote artifact SemanticManifest to /home/jenho/Proj 2 - Property Transaction V1/2n3_data_design_ELT_pipeline/target/semantic_manifest.json
[0m14:45:16.473579 [debug] [MainThread]: Wrote artifact OsiDocument to /home/jenho/Proj 2 - Property Transaction V1/2n3_data_design_ELT_pipeline/target/osi_document.json
[0m14:45:16.477921 [debug] [MainThread]: Wrote artifact RunExecutionResult to /home/jenho/Proj 2 - Property Transaction V1/2n3_data_design_ELT_pipeline/target/run_results.json
[0m14:45:16.478383 [info ] [MainThread]: 
[0m14:45:16.478610 [info ] [MainThread]: [32mCompleted successfully[0m
[0m14:45:16.478794 [info ] [MainThread]: 
[0m14:45:16.479567 [info ] [MainThread]: Done. PASS=10 WARN=0 ERROR=0 SKIP=0 NO-OP=0 REUSED=0 TOTAL=10
[0m14:45:16.480375 [debug] [MainThread]: Resource report: {"command_name": "test", "command_success": true, "command_wall_clock_time": 16.460033, "process_in_blocks": "571760", "process_kernel_time": 0.389279, "process_mem_max_rss": "269712", "process_out_blocks": "3128", "process_user_time": 3.043832}
[0m14:45:16.480971 [debug] [MainThread]: Command `dbt test` succeeded at 14:45:16.480851 after 16.46 seconds
[0m14:45:16.481198 [debug] [MainThread]: Sending event: {'category': 'dbt', 'action': 'invocation', 'label': 'end', 'context': [<snowplow_tracker.self_describing_json.SelfDescribingJson object at 0x74eb497922d0>, <snowplow_tracker.self_describing_json.SelfDescribingJson object at 0x74eb4968cd60>, <snowplow_tracker.self_describing_json.SelfDescribingJson object at 0x74eb4968ccb0>]}
[0m14:45:16.481416 [debug] [MainThread]: Flushing usage events
[0m14:45:17.464336 [debug] [MainThread]: An error was encountered while trying to flush usage events
[0m14:45:23.565882 [debug] [MainThread]: Sending event: {'category': 'dbt', 'action': 'invocation', 'label': 'start', 'context': [<snowplow_tracker.self_describing_json.SelfDescribingJson object at 0x7c60382b67b0>, <snowplow_tracker.self_describing_json.SelfDescribingJson object at 0x7c603a0e0f50>, <snowplow_tracker.self_describing_json.SelfDescribingJson object at 0x7c6036b33890>]}


============================== 14:45:23.567918 | 1f05322d-d9bf-41ab-a342-b96af917b007 ==============================
[0m14:45:23.567918 [info ] [MainThread]: Running with dbt=1.12.5
[0m14:45:23.568196 [debug] [MainThread]: running dbt with arguments {'debug': 'False', 'use_experimental_parser': 'False', 'empty': 'False', 'quiet': 'False', 'write_json': 'True', 'maximum_seed_size_mib': '1', 'introspect': 'True', 'warn_error': 'None', 'profiles_dir': '/home/jenho/Proj 2 - Property Transaction V1/2n3_data_design_ELT_pipeline', 'invocation_command': 'dbt run', 'log_path': '/home/jenho/Proj 2 - Property Transaction V1/2n3_data_design_ELT_pipeline/logs', 'use_colors': 'True', 'partial_parse': 'True', 'hints_enabled': 'True', 'send_anonymous_usage_stats': 'True', 'static_parser': 'True', 'no_print': 'None', 'warn_error_options': 'WarnErrorOptionsV2(error=[], warn=[], silence=[])', 'log_cache_events': 'False', 'fail_fast': 'False', 'log_format': 'default', 'version_check': 'True', 'indirect_selection': 'eager', 'cache_selected_only': 'False', 'target_path': 'None', 'printer_width': '80'}
[0m14:45:24.046024 [debug] [MainThread]: Sending event: {'category': 'dbt', 'action': 'project_id', 'label': '1f05322d-d9bf-41ab-a342-b96af917b007', 'context': [<snowplow_tracker.self_describing_json.SelfDescribingJson object at 0x7c600124e3f0>]}
[0m14:45:24.084770 [debug] [MainThread]: Sending event: {'category': 'dbt', 'action': 'adapter_info', 'label': '1f05322d-d9bf-41ab-a342-b96af917b007', 'context': [<snowplow_tracker.self_describing_json.SelfDescribingJson object at 0x7c603a2878a0>]}
[0m14:45:24.085482 [info ] [MainThread]: Registered adapter: bigquery=1.12.1
[0m14:45:24.126699 [debug] [MainThread]: checksum: 9742bae524cb133816d56fa13025eeafb4819ed2acf766351b6099479fe392d2, vars: {}, profile: property_transaction_warehouse, target: dev, version: 1.12.5
[0m14:45:24.202223 [debug] [MainThread]: Partial parsing enabled: 0 files deleted, 0 files added, 0 files changed.
[0m14:45:24.202528 [debug] [MainThread]: Nothing changed, skipping partial parsing.
[0m14:45:24.202704 [debug] [MainThread]: Partial parsing enabled, no changes found, skipping parsing
[0m14:45:24.207859 [debug] [MainThread]: Sending event: {'category': 'dbt', 'action': 'load_project', 'label': '1f05322d-d9bf-41ab-a342-b96af917b007', 'context': [<snowplow_tracker.self_describing_json.SelfDescribingJson object at 0x7c6000b41650>]}
[0m14:45:24.293775 [debug] [MainThread]: Wrote artifact WritableManifest to /home/jenho/Proj 2 - Property Transaction V1/2n3_data_design_ELT_pipeline/target/manifest.json
[0m14:45:24.295513 [debug] [MainThread]: Wrote artifact SemanticManifest to /home/jenho/Proj 2 - Property Transaction V1/2n3_data_design_ELT_pipeline/target/semantic_manifest.json
[0m14:45:24.302254 [debug] [MainThread]: Wrote artifact OsiDocument to /home/jenho/Proj 2 - Property Transaction V1/2n3_data_design_ELT_pipeline/target/osi_document.json
[0m14:45:24.307535 [debug] [MainThread]: Sending event: {'category': 'dbt', 'action': 'resource_counts', 'label': '1f05322d-d9bf-41ab-a342-b96af917b007', 'context': [<snowplow_tracker.self_describing_json.SelfDescribingJson object at 0x7c6000a08410>]}
[0m14:45:24.307864 [info ] [MainThread]: Found 4 models, 10 data tests, 1 source, 561 macros
[0m14:45:24.308074 [debug] [MainThread]: Sending event: {'category': 'dbt', 'action': 'runnable_timing', 'label': '1f05322d-d9bf-41ab-a342-b96af917b007', 'context': [<snowplow_tracker.self_describing_json.SelfDescribingJson object at 0x7c6000a26510>]}
[0m14:45:24.309687 [info ] [MainThread]: 
[0m14:45:24.309926 [info ] [MainThread]: Concurrency: 4 threads (target='dev')
[0m14:45:24.310071 [info ] [MainThread]: 
[0m14:45:24.310391 [debug] [MainThread]: Acquiring new bigquery connection 'master'
[0m14:45:24.313233 [debug] [ThreadPool]: Acquiring new bigquery connection 'list_ringed-griffin-509403-b4'
[0m14:45:24.313467 [debug] [ThreadPool]: Opening a new connection, currently in state init
[0m14:45:33.590705 [debug] [ThreadPool]: Re-using an available connection from the pool (formerly list_ringed-griffin-509403-b4, now list_ringed-griffin-509403-b4_propery_trans1)
[0m14:45:33.591910 [debug] [ThreadPool]: Opening a new connection, currently in state closed
[0m14:45:34.322496 [debug] [MainThread]: Sending event: {'category': 'dbt', 'action': 'runnable_timing', 'label': '1f05322d-d9bf-41ab-a342-b96af917b007', 'context': [<snowplow_tracker.self_describing_json.SelfDescribingJson object at 0x7c60369c64e0>]}
[0m14:45:34.324229 [debug] [MainThread]: Opening a new connection, currently in state init
[0m14:45:34.331910 [debug] [Thread-1 (]: Began running node model.property_transaction_warehouse.stg_property_transactions
[0m14:45:34.332344 [info ] [Thread-1 (]: 1 of 4 START sql table model propery_trans1.stg_property_transactions .......... [RUN]
[0m14:45:34.332666 [debug] [Thread-1 (]: Re-using an available connection from the pool (formerly list_ringed-griffin-509403-b4_propery_trans1, now model.property_transaction_warehouse.stg_property_transactions)
[0m14:45:34.332858 [debug] [Thread-1 (]: Began compiling node model.property_transaction_warehouse.stg_property_transactions
[0m14:45:34.337741 [debug] [Thread-1 (]: Writing injected SQL for node "model.property_transaction_warehouse.stg_property_transactions"
[0m14:45:34.338202 [debug] [Thread-1 (]: Began executing node model.property_transaction_warehouse.stg_property_transactions
[0m14:45:34.347590 [debug] [Thread-1 (]: Opening a new connection, currently in state closed
[0m14:45:34.792293 [debug] [Thread-1 (]: Writing runtime sql for node "model.property_transaction_warehouse.stg_property_transactions"
[0m14:45:34.793111 [debug] [Thread-1 (]: On model.property_transaction_warehouse.stg_property_transactions: /* {"app": "dbt", "dbt_version": "1.12.5", "profile_name": "property_transaction_warehouse", "target_name": "dev", "node_id": "model.property_transaction_warehouse.stg_property_transactions"} */

  
    

    create or replace table `ringed-griffin-509403-b4`.`propery_trans1`.`stg_property_transactions`
      
    
    

    
    OPTIONS()
    as (
      WITH cleaned AS (
    SELECT
        NULLIF(REGEXP_REPLACE(UPPER(TRIM(project_name)), r'\s+', ' '), '') AS project_name,
        SAFE_CAST(REGEXP_REPLACE(NULLIF(TRIM(transacted_price), '-'), r'[^0-9.-]', '') AS NUMERIC) AS transacted_price,
        SAFE_CAST(REGEXP_REPLACE(NULLIF(TRIM(area_sqft), '-'), r'[^0-9.-]', '') AS NUMERIC) AS area_sqft,
        SAFE_CAST(REGEXP_REPLACE(NULLIF(TRIM(unit_price_psf), '-'), r'[^0-9.-]', '') AS NUMERIC) AS unit_price_psf,
        SAFE.PARSE_DATE('%d %b %Y', NULLIF(TRIM(sale_date), '')) AS sale_date,
        NULLIF(REGEXP_REPLACE(UPPER(TRIM(address)), r'\s+', ' '), '') AS address,
        NULLIF(UPPER(TRIM(type_of_sale)), '') AS type_of_sale,
        NULLIF(UPPER(TRIM(type_of_area)), '') AS type_of_area,
        SAFE_CAST(REGEXP_REPLACE(NULLIF(TRIM(area_sqm), '-'), r'[^0-9.-]', '') AS NUMERIC) AS area_sqm,
        SAFE_CAST(REGEXP_REPLACE(NULLIF(TRIM(unit_price_psm), '-'), r'[^0-9.-]', '') AS NUMERIC) AS unit_price_psm,
        SAFE_CAST(REGEXP_REPLACE(NULLIF(TRIM(nett_price), '-'), r'[^0-9.-]', '') AS NUMERIC) AS nett_price,
        NULLIF(UPPER(TRIM(property_type)), '') AS property_type,
        SAFE_CAST(NULLIF(TRIM(number_of_units), '-') AS INT64) AS number_of_units,
        NULLIF(UPPER(TRIM(tenure)), '') AS tenure,
        NULLIF(TRIM(completion_date), '') AS completion_date,
        NULLIF(UPPER(TRIM(purchaser_address_indicator)), '') AS purchaser_address_indicator,
        NULLIF(TRIM(postal_code), '') AS postal_code,
        NULLIF(TRIM(postal_district), '') AS postal_district,
        NULLIF(TRIM(postal_sector), '') AS postal_sector,
        NULLIF(UPPER(TRIM(planning_region)), '') AS planning_region,
        NULLIF(UPPER(TRIM(planning_area)), '') AS planning_area
    FROM `ringed-griffin-509403-b4`.`propery_trans1`.`raw_property_trans`
)
SELECT
    *,
    SAFE_CAST(IF(REGEXP_CONTAINS(completion_date, r'^\d{4}$'), completion_date, NULL) AS INT64) AS completion_year,
    CASE
        WHEN UPPER(completion_date) = 'UNCOMPLETED' THEN 'UNCOMPLETED'
        WHEN REGEXP_CONTAINS(completion_date, r'^\d{4}$') THEN 'COMPLETED'
        WHEN completion_date IS NULL THEN NULL
        ELSE 'UNKNOWN'
    END AS completion_status
FROM cleaned
    );
  
[0m14:45:35.479894 [debug] [Thread-1 (]: BigQuery adapter: https://console.cloud.google.com/bigquery?project=ringed-griffin-509403-b4&j=bq:US:cecfa03f-4a47-4dfb-a705-5a2cbea1e14a&page=queryresults
[0m14:45:37.601176 [debug] [Thread-1 (]: SQL status: OK in 2.120 seconds
[0m14:45:38.037084 [debug] [Thread-1 (]: Sending event: {'category': 'dbt', 'action': 'run_model', 'label': '1f05322d-d9bf-41ab-a342-b96af917b007', 'context': [<snowplow_tracker.self_describing_json.SelfDescribingJson object at 0x7c6000084f50>]}
[0m14:45:38.037663 [info ] [Thread-1 (]: 1 of 4 OK created sql table model propery_trans1.stg_property_transactions ..... [[32mCREATE TABLE (94.3k rows, 18.7 MiB processed)[0m in 3.70s]
[0m14:45:38.038003 [debug] [Thread-1 (]: Finished running node model.property_transaction_warehouse.stg_property_transactions
[0m14:45:38.039223 [debug] [Thread-2 (]: Began running node model.property_transaction_warehouse.dim_location
[0m14:45:38.040658 [info ] [Thread-2 (]: 2 of 4 START sql table model propery_trans1.dim_location ....................... [RUN]
[0m14:45:38.041308 [debug] [Thread-2 (]: Acquiring new bigquery connection 'model.property_transaction_warehouse.dim_location'
[0m14:45:38.041613 [debug] [Thread-2 (]: Began compiling node model.property_transaction_warehouse.dim_location
[0m14:45:38.039951 [debug] [Thread-3 (]: Began running node model.property_transaction_warehouse.dim_project
[0m14:45:38.043199 [debug] [Thread-2 (]: Writing injected SQL for node "model.property_transaction_warehouse.dim_location"
[0m14:45:38.043611 [info ] [Thread-3 (]: 3 of 4 START sql table model propery_trans1.dim_project ........................ [RUN]
[0m14:45:38.044211 [debug] [Thread-3 (]: Acquiring new bigquery connection 'model.property_transaction_warehouse.dim_project'
[0m14:45:38.044387 [debug] [Thread-3 (]: Began compiling node model.property_transaction_warehouse.dim_project
[0m14:45:38.045632 [debug] [Thread-3 (]: Writing injected SQL for node "model.property_transaction_warehouse.dim_project"
[0m14:45:38.045966 [debug] [Thread-2 (]: Began executing node model.property_transaction_warehouse.dim_location
[0m14:45:38.046838 [debug] [Thread-2 (]: Opening a new connection, currently in state init
[0m14:45:38.047834 [debug] [Thread-3 (]: Began executing node model.property_transaction_warehouse.dim_project
[0m14:45:38.048508 [debug] [Thread-3 (]: Opening a new connection, currently in state init
[0m14:45:38.456852 [debug] [Thread-2 (]: Writing runtime sql for node "model.property_transaction_warehouse.dim_location"
[0m14:45:38.457770 [debug] [Thread-3 (]: Writing runtime sql for node "model.property_transaction_warehouse.dim_project"
[0m14:45:38.458185 [debug] [Thread-3 (]: On model.property_transaction_warehouse.dim_project: /* {"app": "dbt", "dbt_version": "1.12.5", "profile_name": "property_transaction_warehouse", "target_name": "dev", "node_id": "model.property_transaction_warehouse.dim_project"} */

  
    

    create or replace table `ringed-griffin-509403-b4`.`propery_trans1`.`dim_project`
      
    
    

    
    OPTIONS()
    as (
      WITH cleaned_projects AS (
    SELECT DISTINCT
        NULLIF(REGEXP_REPLACE(UPPER(TRIM(project_name)), r'\s+', ' '), '') AS project_name,
        NULLIF(UPPER(TRIM(property_type)), '') AS property_type,
        NULLIF(UPPER(TRIM(tenure)), '') AS tenure,
        completion_year,
        NULLIF(UPPER(TRIM(completion_status)), '') AS completion_status
    FROM `ringed-griffin-509403-b4`.`propery_trans1`.`stg_property_transactions`
),
projects AS (
    SELECT *
    FROM cleaned_projects
    WHERE project_name IS NOT NULL
)
SELECT
    FARM_FINGERPRINT(TO_JSON_STRING(STRUCT(
        project_name,
        property_type,
        tenure,
        completion_year,
        completion_status
    ))) AS project_key,
    project_name,
    property_type,
    tenure,
    completion_year,
    completion_status
FROM projects
    );
  
[0m14:45:38.459984 [debug] [Thread-2 (]: On model.property_transaction_warehouse.dim_location: /* {"app": "dbt", "dbt_version": "1.12.5", "profile_name": "property_transaction_warehouse", "target_name": "dev", "node_id": "model.property_transaction_warehouse.dim_location"} */

  
    

    create or replace table `ringed-griffin-509403-b4`.`propery_trans1`.`dim_location`
      
    
    

    
    OPTIONS()
    as (
      WITH cleaned_locations AS (
    SELECT DISTINCT
        NULLIF(REGEXP_REPLACE(UPPER(TRIM(address)), r'\s+', ' '), '') AS address,
        NULLIF(UPPER(TRIM(postal_code)), '') AS postal_code,
        NULLIF(UPPER(TRIM(postal_district)), '') AS postal_district,
        NULLIF(UPPER(TRIM(postal_sector)), '') AS postal_sector,
        NULLIF(UPPER(TRIM(planning_region)), '') AS planning_region,
        NULLIF(UPPER(TRIM(planning_area)), '') AS planning_area
    FROM `ringed-griffin-509403-b4`.`propery_trans1`.`stg_property_transactions`
),
locations AS (
    SELECT *
    FROM cleaned_locations
    WHERE address IS NOT NULL
       OR postal_code IS NOT NULL
       OR postal_district IS NOT NULL
       OR postal_sector IS NOT NULL
       OR planning_region IS NOT NULL
       OR planning_area IS NOT NULL
)
SELECT
    FARM_FINGERPRINT(TO_JSON_STRING(STRUCT(
        address,
        postal_code,
        postal_district,
        postal_sector,
        planning_region,
        planning_area
    ))) AS location_key,
    address,
    postal_code,
    postal_district,
    postal_sector,
    planning_region,
    planning_area
FROM locations
    );
  
[0m14:45:39.080560 [debug] [Thread-2 (]: BigQuery adapter: https://console.cloud.google.com/bigquery?project=ringed-griffin-509403-b4&j=bq:US:d11e21e8-d7b5-47e1-a74e-564a8cb3bfd0&page=queryresults
[0m14:45:39.142321 [debug] [Thread-3 (]: BigQuery adapter: https://console.cloud.google.com/bigquery?project=ringed-griffin-509403-b4&j=bq:US:dd90a629-edbf-418b-8e7a-6a061d1962d3&page=queryresults
[0m14:45:40.608416 [debug] [Thread-3 (]: SQL status: OK in 1.466 seconds
[0m14:45:40.980166 [debug] [Thread-3 (]: Sending event: {'category': 'dbt', 'action': 'run_model', 'label': '1f05322d-d9bf-41ab-a342-b96af917b007', 'context': [<snowplow_tracker.self_describing_json.SelfDescribingJson object at 0x7c5ff4ec2d00>]}
[0m14:45:40.980659 [info ] [Thread-3 (]: 3 of 4 OK created sql table model propery_trans1.dim_project ................... [[32mCREATE TABLE (2.7k rows, 5.8 MiB processed)[0m in 2.94s]
[0m14:45:40.981001 [debug] [Thread-3 (]: Finished running node model.property_transaction_warehouse.dim_project
[0m14:45:43.047955 [debug] [Thread-2 (]: SQL status: OK in 3.967 seconds
[0m14:45:43.405308 [debug] [Thread-2 (]: Sending event: {'category': 'dbt', 'action': 'run_model', 'label': '1f05322d-d9bf-41ab-a342-b96af917b007', 'context': [<snowplow_tracker.self_describing_json.SelfDescribingJson object at 0x7c5ff4e9c690>]}
[0m14:45:43.406854 [info ] [Thread-2 (]: 2 of 4 OK created sql table model propery_trans1.dim_location .................. [[32mCREATE TABLE (91.7k rows, 6.2 MiB processed)[0m in 5.36s]
[0m14:45:43.408097 [debug] [Thread-2 (]: Finished running node model.property_transaction_warehouse.dim_location
[0m14:45:43.410044 [debug] [Thread-4 (]: Began running node model.property_transaction_warehouse.fact_transaction
[0m14:45:43.411011 [info ] [Thread-4 (]: 4 of 4 START sql table model propery_trans1.fact_transaction ................... [RUN]
[0m14:45:43.412377 [debug] [Thread-4 (]: Acquiring new bigquery connection 'model.property_transaction_warehouse.fact_transaction'
[0m14:45:43.413086 [debug] [Thread-4 (]: Began compiling node model.property_transaction_warehouse.fact_transaction
[0m14:45:43.418003 [debug] [Thread-4 (]: Writing injected SQL for node "model.property_transaction_warehouse.fact_transaction"
[0m14:45:43.419088 [debug] [Thread-4 (]: Began executing node model.property_transaction_warehouse.fact_transaction
[0m14:45:43.421396 [debug] [Thread-4 (]: Opening a new connection, currently in state init
[0m14:45:43.838404 [debug] [Thread-4 (]: Writing runtime sql for node "model.property_transaction_warehouse.fact_transaction"
[0m14:45:43.840702 [debug] [Thread-4 (]: On model.property_transaction_warehouse.fact_transaction: /* {"app": "dbt", "dbt_version": "1.12.5", "profile_name": "property_transaction_warehouse", "target_name": "dev", "node_id": "model.property_transaction_warehouse.fact_transaction"} */

  
    

    create or replace table `ringed-griffin-509403-b4`.`propery_trans1`.`fact_transaction`
      
    
    

    
    OPTIONS()
    as (
      WITH source_transactions AS (
    SELECT
        *,
        ROW_NUMBER() OVER (
            ORDER BY TO_JSON_STRING(STRUCT(
                project_name,
                transacted_price,
                area_sqft,
                unit_price_psf,
                sale_date,
                address,
                type_of_sale,
                type_of_area,
                area_sqm,
                unit_price_psm,
                nett_price,
                property_type,
                number_of_units,
                tenure,
                completion_date,
                purchaser_address_indicator,
                postal_code,
                postal_district,
                postal_sector,
                planning_region,
                planning_area
            ))
        ) AS transaction_row_number
    FROM `ringed-griffin-509403-b4`.`propery_trans1`.`stg_property_transactions`
),
transactions AS (
    SELECT
        *,
        CASE WHEN transacted_price > 0 THEN transacted_price END AS valid_transacted_price,
        CASE WHEN nett_price > 0 THEN nett_price END AS valid_nett_price,
        CASE WHEN area_sqft > 0 THEN area_sqft END AS valid_area_sqft,
        CASE WHEN area_sqm > 0 THEN area_sqm END AS valid_area_sqm,
        CASE WHEN unit_price_psf > 0 THEN unit_price_psf END AS valid_unit_price_psf,
        CASE WHEN unit_price_psm > 0 THEN unit_price_psm END AS valid_unit_price_psm,
        CASE WHEN number_of_units > 0 THEN number_of_units END AS valid_number_of_units
    FROM source_transactions
)
SELECT
    FARM_FINGERPRINT(CONCAT(
        TO_JSON_STRING(STRUCT(
            t.project_name,
            t.transacted_price,
            t.area_sqft,
            t.unit_price_psf,
            t.sale_date,
            t.address,
            t.type_of_sale,
            t.type_of_area,
            t.area_sqm,
            t.unit_price_psm,
            t.nett_price,
            t.property_type,
            t.number_of_units,
            t.tenure,
            t.completion_date,
            t.purchaser_address_indicator,
            t.postal_code,
            t.postal_district,
            t.postal_sector,
            t.planning_region,
            t.planning_area
        )),
        '#',
        CAST(transaction_row_number AS STRING)
    )) AS transaction_key,
    p.project_key,
    l.location_key,
    t.sale_date,
    t.valid_transacted_price AS transacted_price,
    t.valid_nett_price AS nett_price,
    t.valid_area_sqft AS area_sqft,
    t.valid_area_sqm AS area_sqm,
    t.valid_unit_price_psf AS unit_price_psf,
    t.valid_unit_price_psm AS unit_price_psm,
    t.valid_number_of_units AS number_of_units,
    t.type_of_sale,
    t.type_of_area,
    t.purchaser_address_indicator
FROM transactions AS t
LEFT JOIN `ringed-griffin-509403-b4`.`propery_trans1`.`dim_project` AS p
    ON t.project_name = p.project_name
    AND t.property_type IS NOT DISTINCT FROM p.property_type
    AND t.tenure IS NOT DISTINCT FROM p.tenure
    AND t.completion_year IS NOT DISTINCT FROM p.completion_year
    AND t.completion_status IS NOT DISTINCT FROM p.completion_status
LEFT JOIN `ringed-griffin-509403-b4`.`propery_trans1`.`dim_location` AS l
    ON t.address IS NOT DISTINCT FROM l.address
    AND t.postal_code IS NOT DISTINCT FROM l.postal_code
    AND t.postal_district IS NOT DISTINCT FROM l.postal_district
    AND t.postal_sector IS NOT DISTINCT FROM l.postal_sector
    AND t.planning_region IS NOT DISTINCT FROM l.planning_region
    AND t.planning_area IS NOT DISTINCT FROM l.planning_area
    );
  
[0m14:45:44.486708 [debug] [Thread-4 (]: BigQuery adapter: https://console.cloud.google.com/bigquery?project=ringed-griffin-509403-b4&j=bq:US:fac064cb-5316-459e-bba9-c8caad7458e6&page=queryresults
[0m14:45:50.183384 [debug] [Thread-4 (]: SQL status: OK in 5.695 seconds
[0m14:45:50.574789 [debug] [Thread-4 (]: Sending event: {'category': 'dbt', 'action': 'run_model', 'label': '1f05322d-d9bf-41ab-a342-b96af917b007', 'context': [<snowplow_tracker.self_describing_json.SelfDescribingJson object at 0x7c5ff4e09b50>]}
[0m14:45:50.576827 [info ] [Thread-4 (]: 4 of 4 OK created sql table model propery_trans1.fact_transaction .............. [[32mCREATE TABLE (94.3k rows, 30.6 MiB processed)[0m in 7.16s]
[0m14:45:50.578660 [debug] [Thread-4 (]: Finished running node model.property_transaction_warehouse.fact_transaction
[0m14:45:50.583000 [debug] [MainThread]: Opening a new connection, currently in state closed
[0m14:45:50.584541 [debug] [MainThread]: Connection 'master' was properly closed.
[0m14:45:50.585108 [debug] [MainThread]: Connection 'model.property_transaction_warehouse.stg_property_transactions' was properly closed.
[0m14:45:50.585588 [debug] [MainThread]: Connection 'model.property_transaction_warehouse.dim_location' was properly closed.
[0m14:45:50.586105 [debug] [MainThread]: Connection 'model.property_transaction_warehouse.dim_project' was properly closed.
[0m14:45:50.586748 [debug] [MainThread]: Connection 'model.property_transaction_warehouse.fact_transaction' was properly closed.
[0m14:45:50.587331 [info ] [MainThread]: 
[0m14:45:50.587932 [info ] [MainThread]: Finished running 4 table models in 0 hours 0 minutes and 26.28 seconds (26.28s).
[0m14:45:50.589498 [debug] [MainThread]: Command end result
[0m14:45:50.620710 [debug] [MainThread]: Wrote artifact WritableManifest to /home/jenho/Proj 2 - Property Transaction V1/2n3_data_design_ELT_pipeline/target/manifest.json
[0m14:45:50.622395 [debug] [MainThread]: Wrote artifact SemanticManifest to /home/jenho/Proj 2 - Property Transaction V1/2n3_data_design_ELT_pipeline/target/semantic_manifest.json
[0m14:45:50.623786 [debug] [MainThread]: Wrote artifact OsiDocument to /home/jenho/Proj 2 - Property Transaction V1/2n3_data_design_ELT_pipeline/target/osi_document.json
[0m14:45:50.627518 [debug] [MainThread]: Wrote artifact RunExecutionResult to /home/jenho/Proj 2 - Property Transaction V1/2n3_data_design_ELT_pipeline/target/run_results.json
[0m14:45:50.627721 [info ] [MainThread]: 
[0m14:45:50.627959 [info ] [MainThread]: [32mCompleted successfully[0m
[0m14:45:50.628147 [info ] [MainThread]: 
[0m14:45:50.628319 [info ] [MainThread]: Done. PASS=4 WARN=0 ERROR=0 SKIP=0 NO-OP=0 REUSED=0 TOTAL=4
[0m14:45:50.628682 [debug] [MainThread]: Resource report: {"command_name": "run", "command_success": true, "command_wall_clock_time": 27.108131, "process_in_blocks": "16", "process_kernel_time": 0.163399, "process_mem_max_rss": "267720", "process_out_blocks": "3016", "process_user_time": 2.937109}
[0m14:45:50.628912 [debug] [MainThread]: Command `dbt run` succeeded at 14:45:50.628860 after 27.11 seconds
[0m14:45:50.629105 [debug] [MainThread]: Sending event: {'category': 'dbt', 'action': 'invocation', 'label': 'end', 'context': [<snowplow_tracker.self_describing_json.SelfDescribingJson object at 0x7c60369bc210>, <snowplow_tracker.self_describing_json.SelfDescribingJson object at 0x7c603758b540>, <snowplow_tracker.self_describing_json.SelfDescribingJson object at 0x7c6037842d50>]}
[0m14:45:50.629309 [debug] [MainThread]: Flushing usage events
[0m14:45:51.860099 [debug] [MainThread]: An error was encountered while trying to flush usage events
[0m16:17:44.968656 [debug] [MainThread]: Sending event: {'category': 'dbt', 'action': 'invocation', 'label': 'start', 'context': [<snowplow_tracker.self_describing_json.SelfDescribingJson object at 0x73a9e537a7b0>, <snowplow_tracker.self_describing_json.SelfDescribingJson object at 0x73a9e71dcf50>, <snowplow_tracker.self_describing_json.SelfDescribingJson object at 0x73a9e3b9b890>]}


============================== 16:17:44.972764 | a86c9224-7db1-4d94-a214-49aa866aedc3 ==============================
[0m16:17:44.972764 [info ] [MainThread]: Running with dbt=1.12.5
[0m16:17:44.973101 [debug] [MainThread]: running dbt with arguments {'send_anonymous_usage_stats': 'True', 'log_format': 'default', 'profiles_dir': '/home/jenho/Proj 2 - Property Transaction V1/2n3_data_design_ELT_pipeline', 'indirect_selection': 'eager', 'fail_fast': 'False', 'use_colors': 'True', 'log_cache_events': 'False', 'debug': 'False', 'log_path': '/home/jenho/Proj 2 - Property Transaction V1/2n3_data_design_ELT_pipeline/logs', 'hints_enabled': 'True', 'maximum_seed_size_mib': '1', 'introspect': 'True', 'empty': 'False', 'warn_error': 'None', 'cache_selected_only': 'False', 'use_experimental_parser': 'False', 'write_json': 'True', 'partial_parse': 'True', 'printer_width': '80', 'no_print': 'None', 'warn_error_options': 'WarnErrorOptionsV2(error=[], warn=[], silence=[])', 'invocation_command': 'dbt run', 'static_parser': 'True', 'target_path': 'None', 'quiet': 'False', 'version_check': 'True'}
[0m16:17:45.670075 [debug] [MainThread]: Sending event: {'category': 'dbt', 'action': 'project_id', 'label': 'a86c9224-7db1-4d94-a214-49aa866aedc3', 'context': [<snowplow_tracker.self_describing_json.SelfDescribingJson object at 0x73a9aa2ce3f0>]}
[0m16:17:45.705614 [debug] [MainThread]: Sending event: {'category': 'dbt', 'action': 'adapter_info', 'label': 'a86c9224-7db1-4d94-a214-49aa866aedc3', 'context': [<snowplow_tracker.self_describing_json.SelfDescribingJson object at 0x73a9e739b8a0>]}
[0m16:17:45.706254 [info ] [MainThread]: Registered adapter: bigquery=1.12.1
[0m16:17:45.755567 [debug] [MainThread]: checksum: 9742bae524cb133816d56fa13025eeafb4819ed2acf766351b6099479fe392d2, vars: {}, profile: property_transaction_warehouse, target: dev, version: 1.12.5
[0m16:17:45.880945 [debug] [MainThread]: Partial parsing enabled: 0 files deleted, 0 files added, 0 files changed.
[0m16:17:45.881290 [debug] [MainThread]: Nothing changed, skipping partial parsing.
[0m16:17:45.881446 [debug] [MainThread]: Partial parsing enabled, no changes found, skipping parsing
[0m16:17:45.886914 [debug] [MainThread]: Sending event: {'category': 'dbt', 'action': 'load_project', 'label': 'a86c9224-7db1-4d94-a214-49aa866aedc3', 'context': [<snowplow_tracker.self_describing_json.SelfDescribingJson object at 0x73a9a9bc1750>]}
[0m16:17:45.966136 [debug] [MainThread]: Wrote artifact WritableManifest to /home/jenho/Proj 2 - Property Transaction V1/2n3_data_design_ELT_pipeline/target/manifest.json
[0m16:17:45.968243 [debug] [MainThread]: Wrote artifact SemanticManifest to /home/jenho/Proj 2 - Property Transaction V1/2n3_data_design_ELT_pipeline/target/semantic_manifest.json
[0m16:17:45.982139 [debug] [MainThread]: Wrote artifact OsiDocument to /home/jenho/Proj 2 - Property Transaction V1/2n3_data_design_ELT_pipeline/target/osi_document.json
[0m16:17:45.990188 [debug] [MainThread]: Sending event: {'category': 'dbt', 'action': 'resource_counts', 'label': 'a86c9224-7db1-4d94-a214-49aa866aedc3', 'context': [<snowplow_tracker.self_describing_json.SelfDescribingJson object at 0x73a9a9c84500>]}
[0m16:17:45.990497 [info ] [MainThread]: Found 4 models, 10 data tests, 1 source, 561 macros
[0m16:17:45.990705 [debug] [MainThread]: Sending event: {'category': 'dbt', 'action': 'runnable_timing', 'label': 'a86c9224-7db1-4d94-a214-49aa866aedc3', 'context': [<snowplow_tracker.self_describing_json.SelfDescribingJson object at 0x73a9a9a9e350>]}
[0m16:17:45.991985 [info ] [MainThread]: 
[0m16:17:45.992205 [info ] [MainThread]: Concurrency: 4 threads (target='dev')
[0m16:17:45.992360 [info ] [MainThread]: 
[0m16:17:45.992678 [debug] [MainThread]: Acquiring new bigquery connection 'master'
[0m16:17:45.994934 [debug] [ThreadPool]: Acquiring new bigquery connection 'list_ringed-griffin-509403-b4'
[0m16:17:45.995225 [debug] [ThreadPool]: Opening a new connection, currently in state init
[0m16:17:56.283825 [debug] [ThreadPool]: Re-using an available connection from the pool (formerly list_ringed-griffin-509403-b4, now list_ringed-griffin-509403-b4_propery_trans1)
[0m16:17:56.284212 [debug] [ThreadPool]: Opening a new connection, currently in state closed
[0m16:17:57.013208 [debug] [MainThread]: Sending event: {'category': 'dbt', 'action': 'runnable_timing', 'label': 'a86c9224-7db1-4d94-a214-49aa866aedc3', 'context': [<snowplow_tracker.self_describing_json.SelfDescribingJson object at 0x73a9e3c224e0>]}
[0m16:17:57.013612 [debug] [MainThread]: Opening a new connection, currently in state init
[0m16:17:57.021290 [debug] [Thread-1 (]: Began running node model.property_transaction_warehouse.stg_property_transactions
[0m16:17:57.021718 [info ] [Thread-1 (]: 1 of 4 START sql table model propery_trans1.stg_property_transactions .......... [RUN]
[0m16:17:57.022002 [debug] [Thread-1 (]: Re-using an available connection from the pool (formerly list_ringed-griffin-509403-b4_propery_trans1, now model.property_transaction_warehouse.stg_property_transactions)
[0m16:17:57.022181 [debug] [Thread-1 (]: Began compiling node model.property_transaction_warehouse.stg_property_transactions
[0m16:17:57.026570 [debug] [Thread-1 (]: Writing injected SQL for node "model.property_transaction_warehouse.stg_property_transactions"
[0m16:17:57.027005 [debug] [Thread-1 (]: Began executing node model.property_transaction_warehouse.stg_property_transactions
[0m16:17:57.034161 [debug] [Thread-1 (]: Opening a new connection, currently in state closed
[0m16:17:57.512522 [debug] [Thread-1 (]: Writing runtime sql for node "model.property_transaction_warehouse.stg_property_transactions"
[0m16:17:57.513138 [debug] [Thread-1 (]: On model.property_transaction_warehouse.stg_property_transactions: /* {"app": "dbt", "dbt_version": "1.12.5", "profile_name": "property_transaction_warehouse", "target_name": "dev", "node_id": "model.property_transaction_warehouse.stg_property_transactions"} */

  
    

    create or replace table `ringed-griffin-509403-b4`.`propery_trans1`.`stg_property_transactions`
      
    
    

    
    OPTIONS()
    as (
      WITH cleaned AS (
    SELECT
        NULLIF(REGEXP_REPLACE(UPPER(TRIM(project_name)), r'\s+', ' '), '') AS project_name,
        SAFE_CAST(REGEXP_REPLACE(NULLIF(TRIM(transacted_price), '-'), r'[^0-9.-]', '') AS NUMERIC) AS transacted_price,
        SAFE_CAST(REGEXP_REPLACE(NULLIF(TRIM(area_sqft), '-'), r'[^0-9.-]', '') AS NUMERIC) AS area_sqft,
        SAFE_CAST(REGEXP_REPLACE(NULLIF(TRIM(unit_price_psf), '-'), r'[^0-9.-]', '') AS NUMERIC) AS unit_price_psf,
        SAFE.PARSE_DATE('%d %b %Y', NULLIF(TRIM(sale_date), '')) AS sale_date,
        NULLIF(REGEXP_REPLACE(UPPER(TRIM(address)), r'\s+', ' '), '') AS address,
        NULLIF(UPPER(TRIM(type_of_sale)), '') AS type_of_sale,
        NULLIF(UPPER(TRIM(type_of_area)), '') AS type_of_area,
        SAFE_CAST(REGEXP_REPLACE(NULLIF(TRIM(area_sqm), '-'), r'[^0-9.-]', '') AS NUMERIC) AS area_sqm,
        SAFE_CAST(REGEXP_REPLACE(NULLIF(TRIM(unit_price_psm), '-'), r'[^0-9.-]', '') AS NUMERIC) AS unit_price_psm,
        SAFE_CAST(REGEXP_REPLACE(NULLIF(TRIM(nett_price), '-'), r'[^0-9.-]', '') AS NUMERIC) AS nett_price,
        NULLIF(UPPER(TRIM(property_type)), '') AS property_type,
        SAFE_CAST(NULLIF(TRIM(number_of_units), '-') AS INT64) AS number_of_units,
        NULLIF(UPPER(TRIM(tenure)), '') AS tenure,
        NULLIF(TRIM(completion_date), '') AS completion_date,
        NULLIF(UPPER(TRIM(purchaser_address_indicator)), '') AS purchaser_address_indicator,
        NULLIF(TRIM(postal_code), '') AS postal_code,
        NULLIF(TRIM(postal_district), '') AS postal_district,
        NULLIF(TRIM(postal_sector), '') AS postal_sector,
        NULLIF(UPPER(TRIM(planning_region)), '') AS planning_region,
        NULLIF(UPPER(TRIM(planning_area)), '') AS planning_area
    FROM `ringed-griffin-509403-b4`.`propery_trans1`.`raw_property_trans`
)
SELECT
    *,
    SAFE_CAST(IF(REGEXP_CONTAINS(completion_date, r'^\d{4}$'), completion_date, NULL) AS INT64) AS completion_year,
    CASE
        WHEN UPPER(completion_date) = 'UNCOMPLETED' THEN 'UNCOMPLETED'
        WHEN REGEXP_CONTAINS(completion_date, r'^\d{4}$') THEN 'COMPLETED'
        WHEN completion_date IS NULL THEN NULL
        ELSE 'UNKNOWN'
    END AS completion_status
FROM cleaned
    );
  
[0m16:17:58.173046 [debug] [Thread-1 (]: BigQuery adapter: https://console.cloud.google.com/bigquery?project=ringed-griffin-509403-b4&j=bq:US:5ea5472e-0cc8-4b9d-a5ac-8ec476342829&page=queryresults
[0m16:18:00.753989 [debug] [Thread-1 (]: SQL status: OK in 2.580 seconds
[0m16:18:03.418328 [debug] [Thread-1 (]: Sending event: {'category': 'dbt', 'action': 'run_model', 'label': 'a86c9224-7db1-4d94-a214-49aa866aedc3', 'context': [<snowplow_tracker.self_describing_json.SelfDescribingJson object at 0x73a9a9b0cf50>]}
[0m16:18:03.418857 [info ] [Thread-1 (]: 1 of 4 OK created sql table model propery_trans1.stg_property_transactions ..... [[32mCREATE TABLE (124.3k rows, 24.7 MiB processed)[0m in 6.39s]
[0m16:18:03.419206 [debug] [Thread-1 (]: Finished running node model.property_transaction_warehouse.stg_property_transactions
[0m16:18:03.419883 [debug] [Thread-3 (]: Began running node model.property_transaction_warehouse.dim_project
[0m16:18:03.420158 [info ] [Thread-3 (]: 3 of 4 START sql table model propery_trans1.dim_project ........................ [RUN]
[0m16:18:03.420451 [debug] [Thread-3 (]: Acquiring new bigquery connection 'model.property_transaction_warehouse.dim_project'
[0m16:18:03.420617 [debug] [Thread-3 (]: Began compiling node model.property_transaction_warehouse.dim_project
[0m16:18:03.421782 [debug] [Thread-3 (]: Writing injected SQL for node "model.property_transaction_warehouse.dim_project"
[0m16:18:03.422356 [debug] [Thread-2 (]: Began running node model.property_transaction_warehouse.dim_location
[0m16:18:03.423604 [info ] [Thread-2 (]: 2 of 4 START sql table model propery_trans1.dim_location ....................... [RUN]
[0m16:18:03.424410 [debug] [Thread-2 (]: Acquiring new bigquery connection 'model.property_transaction_warehouse.dim_location'
[0m16:18:03.424855 [debug] [Thread-2 (]: Began compiling node model.property_transaction_warehouse.dim_location
[0m16:18:03.426823 [debug] [Thread-2 (]: Writing injected SQL for node "model.property_transaction_warehouse.dim_location"
[0m16:18:03.427322 [debug] [Thread-2 (]: Began executing node model.property_transaction_warehouse.dim_location
[0m16:18:03.428509 [debug] [Thread-2 (]: Opening a new connection, currently in state init
[0m16:18:03.427604 [debug] [Thread-3 (]: Began executing node model.property_transaction_warehouse.dim_project
[0m16:18:03.429944 [debug] [Thread-3 (]: Opening a new connection, currently in state init
[0m16:18:03.877635 [debug] [Thread-2 (]: Writing runtime sql for node "model.property_transaction_warehouse.dim_location"
[0m16:18:03.879502 [debug] [Thread-2 (]: On model.property_transaction_warehouse.dim_location: /* {"app": "dbt", "dbt_version": "1.12.5", "profile_name": "property_transaction_warehouse", "target_name": "dev", "node_id": "model.property_transaction_warehouse.dim_location"} */

  
    

    create or replace table `ringed-griffin-509403-b4`.`propery_trans1`.`dim_location`
      
    
    

    
    OPTIONS()
    as (
      WITH cleaned_locations AS (
    SELECT DISTINCT
        NULLIF(REGEXP_REPLACE(UPPER(TRIM(address)), r'\s+', ' '), '') AS address,
        NULLIF(UPPER(TRIM(postal_code)), '') AS postal_code,
        NULLIF(UPPER(TRIM(postal_district)), '') AS postal_district,
        NULLIF(UPPER(TRIM(postal_sector)), '') AS postal_sector,
        NULLIF(UPPER(TRIM(planning_region)), '') AS planning_region,
        NULLIF(UPPER(TRIM(planning_area)), '') AS planning_area
    FROM `ringed-griffin-509403-b4`.`propery_trans1`.`stg_property_transactions`
),
locations AS (
    SELECT *
    FROM cleaned_locations
    WHERE address IS NOT NULL
       OR postal_code IS NOT NULL
       OR postal_district IS NOT NULL
       OR postal_sector IS NOT NULL
       OR planning_region IS NOT NULL
       OR planning_area IS NOT NULL
)
SELECT
    FARM_FINGERPRINT(TO_JSON_STRING(STRUCT(
        address,
        postal_code,
        postal_district,
        postal_sector,
        planning_region,
        planning_area
    ))) AS location_key,
    address,
    postal_code,
    postal_district,
    postal_sector,
    planning_region,
    planning_area
FROM locations
    );
  
[0m16:18:04.521512 [debug] [Thread-2 (]: BigQuery adapter: https://console.cloud.google.com/bigquery?project=ringed-griffin-509403-b4&j=bq:US:24f5fb93-bb8a-41ea-8896-82c2ca9b6715&page=queryresults
[0m16:18:05.850176 [debug] [Thread-3 (]: Writing runtime sql for node "model.property_transaction_warehouse.dim_project"
[0m16:18:05.851914 [debug] [Thread-3 (]: On model.property_transaction_warehouse.dim_project: /* {"app": "dbt", "dbt_version": "1.12.5", "profile_name": "property_transaction_warehouse", "target_name": "dev", "node_id": "model.property_transaction_warehouse.dim_project"} */

  
    

    create or replace table `ringed-griffin-509403-b4`.`propery_trans1`.`dim_project`
      
    
    

    
    OPTIONS()
    as (
      WITH cleaned_projects AS (
    SELECT DISTINCT
        NULLIF(REGEXP_REPLACE(UPPER(TRIM(project_name)), r'\s+', ' '), '') AS project_name,
        NULLIF(UPPER(TRIM(property_type)), '') AS property_type,
        NULLIF(UPPER(TRIM(tenure)), '') AS tenure,
        completion_year,
        NULLIF(UPPER(TRIM(completion_status)), '') AS completion_status
    FROM `ringed-griffin-509403-b4`.`propery_trans1`.`stg_property_transactions`
),
projects AS (
    SELECT *
    FROM cleaned_projects
    WHERE project_name IS NOT NULL
)
SELECT
    FARM_FINGERPRINT(TO_JSON_STRING(STRUCT(
        project_name,
        property_type,
        tenure,
        completion_year,
        completion_status
    ))) AS project_key,
    project_name,
    property_type,
    tenure,
    completion_year,
    completion_status
FROM projects
    );
  
[0m16:18:06.727437 [debug] [Thread-3 (]: BigQuery adapter: https://console.cloud.google.com/bigquery?project=ringed-griffin-509403-b4&j=bq:US:d0a91fff-56d6-4b26-8e71-7bec179f0a08&page=queryresults
[0m16:18:06.774871 [debug] [Thread-2 (]: SQL status: OK in 2.252 seconds
[0m16:18:07.151726 [debug] [Thread-2 (]: Sending event: {'category': 'dbt', 'action': 'run_model', 'label': 'a86c9224-7db1-4d94-a214-49aa866aedc3', 'context': [<snowplow_tracker.self_describing_json.SelfDescribingJson object at 0x73a9e50b6f10>]}
[0m16:18:07.152243 [info ] [Thread-2 (]: 2 of 4 OK created sql table model propery_trans1.dim_location .................. [[32mCREATE TABLE (116.7k rows, 8.2 MiB processed)[0m in 3.73s]
[0m16:18:07.152584 [debug] [Thread-2 (]: Finished running node model.property_transaction_warehouse.dim_location
[0m16:18:08.221107 [debug] [Thread-3 (]: SQL status: OK in 1.493 seconds
[0m16:18:08.531901 [debug] [Thread-3 (]: Sending event: {'category': 'dbt', 'action': 'run_model', 'label': 'a86c9224-7db1-4d94-a214-49aa866aedc3', 'context': [<snowplow_tracker.self_describing_json.SelfDescribingJson object at 0x73a999f10690>]}
[0m16:18:08.533733 [info ] [Thread-3 (]: 3 of 4 OK created sql table model propery_trans1.dim_project ................... [[32mCREATE TABLE (2.9k rows, 7.6 MiB processed)[0m in 5.11s]
[0m16:18:08.535143 [debug] [Thread-3 (]: Finished running node model.property_transaction_warehouse.dim_project
[0m16:18:08.537770 [debug] [Thread-4 (]: Began running node model.property_transaction_warehouse.fact_transaction
[0m16:18:08.538536 [info ] [Thread-4 (]: 4 of 4 START sql table model propery_trans1.fact_transaction ................... [RUN]
[0m16:18:08.539535 [debug] [Thread-4 (]: Acquiring new bigquery connection 'model.property_transaction_warehouse.fact_transaction'
[0m16:18:08.540048 [debug] [Thread-4 (]: Began compiling node model.property_transaction_warehouse.fact_transaction
[0m16:18:08.545171 [debug] [Thread-4 (]: Writing injected SQL for node "model.property_transaction_warehouse.fact_transaction"
[0m16:18:08.546575 [debug] [Thread-4 (]: Began executing node model.property_transaction_warehouse.fact_transaction
[0m16:18:08.549045 [debug] [Thread-4 (]: Opening a new connection, currently in state init
[0m16:18:10.259138 [debug] [Thread-4 (]: Writing runtime sql for node "model.property_transaction_warehouse.fact_transaction"
[0m16:18:10.261136 [debug] [Thread-4 (]: On model.property_transaction_warehouse.fact_transaction: /* {"app": "dbt", "dbt_version": "1.12.5", "profile_name": "property_transaction_warehouse", "target_name": "dev", "node_id": "model.property_transaction_warehouse.fact_transaction"} */

  
    

    create or replace table `ringed-griffin-509403-b4`.`propery_trans1`.`fact_transaction`
      
    
    

    
    OPTIONS()
    as (
      WITH source_transactions AS (
    SELECT
        *,
        ROW_NUMBER() OVER (
            ORDER BY TO_JSON_STRING(STRUCT(
                project_name,
                transacted_price,
                area_sqft,
                unit_price_psf,
                sale_date,
                address,
                type_of_sale,
                type_of_area,
                area_sqm,
                unit_price_psm,
                nett_price,
                property_type,
                number_of_units,
                tenure,
                completion_date,
                purchaser_address_indicator,
                postal_code,
                postal_district,
                postal_sector,
                planning_region,
                planning_area
            ))
        ) AS transaction_row_number
    FROM `ringed-griffin-509403-b4`.`propery_trans1`.`stg_property_transactions`
),
transactions AS (
    SELECT
        *,
        CASE WHEN transacted_price > 0 THEN transacted_price END AS valid_transacted_price,
        CASE WHEN nett_price > 0 THEN nett_price END AS valid_nett_price,
        CASE WHEN area_sqft > 0 THEN area_sqft END AS valid_area_sqft,
        CASE WHEN area_sqm > 0 THEN area_sqm END AS valid_area_sqm,
        CASE WHEN unit_price_psf > 0 THEN unit_price_psf END AS valid_unit_price_psf,
        CASE WHEN unit_price_psm > 0 THEN unit_price_psm END AS valid_unit_price_psm,
        CASE WHEN number_of_units > 0 THEN number_of_units END AS valid_number_of_units
    FROM source_transactions
)
SELECT
    FARM_FINGERPRINT(CONCAT(
        TO_JSON_STRING(STRUCT(
            t.project_name,
            t.transacted_price,
            t.area_sqft,
            t.unit_price_psf,
            t.sale_date,
            t.address,
            t.type_of_sale,
            t.type_of_area,
            t.area_sqm,
            t.unit_price_psm,
            t.nett_price,
            t.property_type,
            t.number_of_units,
            t.tenure,
            t.completion_date,
            t.purchaser_address_indicator,
            t.postal_code,
            t.postal_district,
            t.postal_sector,
            t.planning_region,
            t.planning_area
        )),
        '#',
        CAST(transaction_row_number AS STRING)
    )) AS transaction_key,
    p.project_key,
    l.location_key,
    t.sale_date,
    t.valid_transacted_price AS transacted_price,
    t.valid_nett_price AS nett_price,
    t.valid_area_sqft AS area_sqft,
    t.valid_area_sqm AS area_sqm,
    t.valid_unit_price_psf AS unit_price_psf,
    t.valid_unit_price_psm AS unit_price_psm,
    t.valid_number_of_units AS number_of_units,
    t.type_of_sale,
    t.type_of_area,
    t.purchaser_address_indicator
FROM transactions AS t
LEFT JOIN `ringed-griffin-509403-b4`.`propery_trans1`.`dim_project` AS p
    ON t.project_name = p.project_name
    AND t.property_type IS NOT DISTINCT FROM p.property_type
    AND t.tenure IS NOT DISTINCT FROM p.tenure
    AND t.completion_year IS NOT DISTINCT FROM p.completion_year
    AND t.completion_status IS NOT DISTINCT FROM p.completion_status
LEFT JOIN `ringed-griffin-509403-b4`.`propery_trans1`.`dim_location` AS l
    ON t.address IS NOT DISTINCT FROM l.address
    AND t.postal_code IS NOT DISTINCT FROM l.postal_code
    AND t.postal_district IS NOT DISTINCT FROM l.postal_district
    AND t.postal_sector IS NOT DISTINCT FROM l.postal_sector
    AND t.planning_region IS NOT DISTINCT FROM l.planning_region
    AND t.planning_area IS NOT DISTINCT FROM l.planning_area
    );
  
[0m16:18:10.924683 [debug] [Thread-4 (]: BigQuery adapter: https://console.cloud.google.com/bigquery?project=ringed-griffin-509403-b4&j=bq:US:fb59c994-db42-4f75-9500-ac06793f6d15&page=queryresults
[0m16:18:19.225226 [debug] [Thread-4 (]: SQL status: OK in 8.300 seconds
[0m16:18:19.626489 [debug] [Thread-4 (]: Sending event: {'category': 'dbt', 'action': 'run_model', 'label': 'a86c9224-7db1-4d94-a214-49aa866aedc3', 'context': [<snowplow_tracker.self_describing_json.SelfDescribingJson object at 0x73a9a80f5b50>]}
[0m16:18:19.626954 [info ] [Thread-4 (]: 4 of 4 OK created sql table model propery_trans1.fact_transaction .............. [[32mCREATE TABLE (124.3k rows, 40.0 MiB processed)[0m in 11.09s]
[0m16:18:19.627258 [debug] [Thread-4 (]: Finished running node model.property_transaction_warehouse.fact_transaction
[0m16:18:19.629058 [debug] [MainThread]: Opening a new connection, currently in state closed
[0m16:18:19.629513 [debug] [MainThread]: Connection 'master' was properly closed.
[0m16:18:19.629747 [debug] [MainThread]: Connection 'model.property_transaction_warehouse.stg_property_transactions' was properly closed.
[0m16:18:19.629943 [debug] [MainThread]: Connection 'model.property_transaction_warehouse.dim_project' was properly closed.
[0m16:18:19.630074 [debug] [MainThread]: Connection 'model.property_transaction_warehouse.dim_location' was properly closed.
[0m16:18:19.630198 [debug] [MainThread]: Connection 'model.property_transaction_warehouse.fact_transaction' was properly closed.
[0m16:18:19.630380 [info ] [MainThread]: 
[0m16:18:19.630543 [info ] [MainThread]: Finished running 4 table models in 0 hours 0 minutes and 33.64 seconds (33.64s).
[0m16:18:19.631105 [debug] [MainThread]: Command end result
[0m16:18:19.653715 [debug] [MainThread]: Wrote artifact WritableManifest to /home/jenho/Proj 2 - Property Transaction V1/2n3_data_design_ELT_pipeline/target/manifest.json
[0m16:18:19.656507 [debug] [MainThread]: Wrote artifact SemanticManifest to /home/jenho/Proj 2 - Property Transaction V1/2n3_data_design_ELT_pipeline/target/semantic_manifest.json
[0m16:18:19.658327 [debug] [MainThread]: Wrote artifact OsiDocument to /home/jenho/Proj 2 - Property Transaction V1/2n3_data_design_ELT_pipeline/target/osi_document.json
[0m16:18:19.662383 [debug] [MainThread]: Wrote artifact RunExecutionResult to /home/jenho/Proj 2 - Property Transaction V1/2n3_data_design_ELT_pipeline/target/run_results.json
[0m16:18:19.662670 [info ] [MainThread]: 
[0m16:18:19.662895 [info ] [MainThread]: [32mCompleted successfully[0m
[0m16:18:19.663116 [info ] [MainThread]: 
[0m16:18:19.663287 [info ] [MainThread]: Done. PASS=4 WARN=0 ERROR=0 SKIP=0 NO-OP=0 REUSED=0 TOTAL=4
[0m16:18:19.664002 [debug] [MainThread]: Resource report: {"command_name": "run", "command_success": true, "command_wall_clock_time": 34.742035, "process_in_blocks": "106160", "process_kernel_time": 0.374984, "process_mem_max_rss": "267552", "process_out_blocks": "3024", "process_user_time": 2.917984}
[0m16:18:19.664272 [debug] [MainThread]: Command `dbt run` succeeded at 16:18:19.664215 after 34.74 seconds
[0m16:18:19.664484 [debug] [MainThread]: Sending event: {'category': 'dbt', 'action': 'invocation', 'label': 'end', 'context': [<snowplow_tracker.self_describing_json.SelfDescribingJson object at 0x73a9e3c1c280>, <snowplow_tracker.self_describing_json.SelfDescribingJson object at 0x73a9e481b540>, <snowplow_tracker.self_describing_json.SelfDescribingJson object at 0x73a9e48d4230>]}
[0m16:18:19.664680 [debug] [MainThread]: Flushing usage events
[0m16:18:20.919115 [debug] [MainThread]: An error was encountered while trying to flush usage events
[0m17:26:22.724707 [debug] [MainThread]: Sending event: {'category': 'dbt', 'action': 'invocation', 'label': 'start', 'context': [<snowplow_tracker.self_describing_json.SelfDescribingJson object at 0x7a7946e8e7b0>, <snowplow_tracker.self_describing_json.SelfDescribingJson object at 0x7a7948ce8f50>, <snowplow_tracker.self_describing_json.SelfDescribingJson object at 0x7a79456ab890>]}


============================== 17:26:22.728241 | 4d25c3d6-bc04-48b9-bd22-726c8010969d ==============================
[0m17:26:22.728241 [info ] [MainThread]: Running with dbt=1.12.5
[0m17:26:22.728619 [debug] [MainThread]: running dbt with arguments {'profiles_dir': '/home/jenho/Proj 2 - Property Transaction V1/2n3_data_design_ELT_pipeline', 'printer_width': '80', 'fail_fast': 'False', 'warn_error': 'None', 'warn_error_options': 'WarnErrorOptionsV2(error=[], warn=[], silence=[])', 'debug': 'False', 'partial_parse': 'True', 'log_cache_events': 'False', 'use_colors': 'True', 'introspect': 'True', 'send_anonymous_usage_stats': 'True', 'write_json': 'True', 'hints_enabled': 'True', 'static_parser': 'True', 'empty': 'False', 'indirect_selection': 'eager', 'log_path': '/home/jenho/Proj 2 - Property Transaction V1/2n3_data_design_ELT_pipeline/logs', 'log_format': 'default', 'maximum_seed_size_mib': '1', 'version_check': 'True', 'target_path': 'None', 'quiet': 'False', 'use_experimental_parser': 'False', 'no_print': 'None', 'cache_selected_only': 'False', 'invocation_command': 'dbt run'}
[0m17:26:23.457861 [debug] [MainThread]: Sending event: {'category': 'dbt', 'action': 'project_id', 'label': '4d25c3d6-bc04-48b9-bd22-726c8010969d', 'context': [<snowplow_tracker.self_describing_json.SelfDescribingJson object at 0x7a790bd363f0>]}
[0m17:26:23.495915 [debug] [MainThread]: Sending event: {'category': 'dbt', 'action': 'adapter_info', 'label': '4d25c3d6-bc04-48b9-bd22-726c8010969d', 'context': [<snowplow_tracker.self_describing_json.SelfDescribingJson object at 0x7a7948e9b8a0>]}
[0m17:26:23.496642 [info ] [MainThread]: Registered adapter: bigquery=1.12.1
[0m17:26:23.548070 [debug] [MainThread]: checksum: 9742bae524cb133816d56fa13025eeafb4819ed2acf766351b6099479fe392d2, vars: {}, profile: property_transaction_warehouse, target: dev, version: 1.12.5
[0m17:26:23.686268 [debug] [MainThread]: Partial parsing enabled: 0 files deleted, 0 files added, 0 files changed.
[0m17:26:23.686648 [debug] [MainThread]: Nothing changed, skipping partial parsing.
[0m17:26:23.686828 [debug] [MainThread]: Partial parsing enabled, no changes found, skipping parsing
[0m17:26:23.692245 [debug] [MainThread]: Sending event: {'category': 'dbt', 'action': 'load_project', 'label': '4d25c3d6-bc04-48b9-bd22-726c8010969d', 'context': [<snowplow_tracker.self_describing_json.SelfDescribingJson object at 0x7a790b7f9650>]}
[0m17:26:23.765265 [debug] [MainThread]: Wrote artifact WritableManifest to /home/jenho/Proj 2 - Property Transaction V1/2n3_data_design_ELT_pipeline/target/manifest.json
[0m17:26:23.767023 [debug] [MainThread]: Wrote artifact SemanticManifest to /home/jenho/Proj 2 - Property Transaction V1/2n3_data_design_ELT_pipeline/target/semantic_manifest.json
[0m17:26:23.787593 [debug] [MainThread]: Wrote artifact OsiDocument to /home/jenho/Proj 2 - Property Transaction V1/2n3_data_design_ELT_pipeline/target/osi_document.json
[0m17:26:23.798107 [debug] [MainThread]: Sending event: {'category': 'dbt', 'action': 'resource_counts', 'label': '4d25c3d6-bc04-48b9-bd22-726c8010969d', 'context': [<snowplow_tracker.self_describing_json.SelfDescribingJson object at 0x7a790b6d4410>]}
[0m17:26:23.798502 [info ] [MainThread]: Found 4 models, 10 data tests, 1 source, 561 macros
[0m17:26:23.798698 [debug] [MainThread]: Sending event: {'category': 'dbt', 'action': 'runnable_timing', 'label': '4d25c3d6-bc04-48b9-bd22-726c8010969d', 'context': [<snowplow_tracker.self_describing_json.SelfDescribingJson object at 0x7a790b6ea350>]}
[0m17:26:23.799944 [info ] [MainThread]: 
[0m17:26:23.800159 [info ] [MainThread]: Concurrency: 4 threads (target='dev')
[0m17:26:23.800315 [info ] [MainThread]: 
[0m17:26:23.800639 [debug] [MainThread]: Acquiring new bigquery connection 'master'
[0m17:26:23.803156 [debug] [ThreadPool]: Acquiring new bigquery connection 'list_ringed-griffin-509403-b4'
[0m17:26:23.803394 [debug] [ThreadPool]: Opening a new connection, currently in state init
[0m17:26:34.580111 [debug] [ThreadPool]: Re-using an available connection from the pool (formerly list_ringed-griffin-509403-b4, now list_ringed-griffin-509403-b4_propery_trans1)
[0m17:26:34.580594 [debug] [ThreadPool]: Opening a new connection, currently in state closed
[0m17:26:35.348007 [debug] [MainThread]: Sending event: {'category': 'dbt', 'action': 'runnable_timing', 'label': '4d25c3d6-bc04-48b9-bd22-726c8010969d', 'context': [<snowplow_tracker.self_describing_json.SelfDescribingJson object at 0x7a79457364e0>]}
[0m17:26:35.348463 [debug] [MainThread]: Opening a new connection, currently in state init
[0m17:26:35.354991 [debug] [Thread-1 (]: Began running node model.property_transaction_warehouse.stg_property_transactions
[0m17:26:35.355555 [info ] [Thread-1 (]: 1 of 4 START sql table model propery_trans1.stg_property_transactions .......... [RUN]
[0m17:26:35.356047 [debug] [Thread-1 (]: Re-using an available connection from the pool (formerly list_ringed-griffin-509403-b4_propery_trans1, now model.property_transaction_warehouse.stg_property_transactions)
[0m17:26:35.356365 [debug] [Thread-1 (]: Began compiling node model.property_transaction_warehouse.stg_property_transactions
[0m17:26:35.361102 [debug] [Thread-1 (]: Writing injected SQL for node "model.property_transaction_warehouse.stg_property_transactions"
[0m17:26:35.361586 [debug] [Thread-1 (]: Began executing node model.property_transaction_warehouse.stg_property_transactions
[0m17:26:35.370195 [debug] [Thread-1 (]: Opening a new connection, currently in state closed
[0m17:26:35.823161 [debug] [Thread-1 (]: Writing runtime sql for node "model.property_transaction_warehouse.stg_property_transactions"
[0m17:26:35.824000 [debug] [Thread-1 (]: On model.property_transaction_warehouse.stg_property_transactions: /* {"app": "dbt", "dbt_version": "1.12.5", "profile_name": "property_transaction_warehouse", "target_name": "dev", "node_id": "model.property_transaction_warehouse.stg_property_transactions"} */

  
    

    create or replace table `ringed-griffin-509403-b4`.`propery_trans1`.`stg_property_transactions`
      
    
    

    
    OPTIONS()
    as (
      WITH cleaned AS (
    SELECT
        NULLIF(REGEXP_REPLACE(UPPER(TRIM(project_name)), r'\s+', ' '), '') AS project_name,
        SAFE_CAST(REGEXP_REPLACE(NULLIF(TRIM(transacted_price), '-'), r'[^0-9.-]', '') AS NUMERIC) AS transacted_price,
        SAFE_CAST(REGEXP_REPLACE(NULLIF(TRIM(area_sqft), '-'), r'[^0-9.-]', '') AS NUMERIC) AS area_sqft,
        SAFE_CAST(REGEXP_REPLACE(NULLIF(TRIM(unit_price_psf), '-'), r'[^0-9.-]', '') AS NUMERIC) AS unit_price_psf,
        SAFE.PARSE_DATE('%d %b %Y', NULLIF(TRIM(sale_date), '')) AS sale_date,
        NULLIF(REGEXP_REPLACE(UPPER(TRIM(address)), r'\s+', ' '), '') AS address,
        NULLIF(UPPER(TRIM(type_of_sale)), '') AS type_of_sale,
        NULLIF(UPPER(TRIM(type_of_area)), '') AS type_of_area,
        SAFE_CAST(REGEXP_REPLACE(NULLIF(TRIM(area_sqm), '-'), r'[^0-9.-]', '') AS NUMERIC) AS area_sqm,
        SAFE_CAST(REGEXP_REPLACE(NULLIF(TRIM(unit_price_psm), '-'), r'[^0-9.-]', '') AS NUMERIC) AS unit_price_psm,
        SAFE_CAST(REGEXP_REPLACE(NULLIF(TRIM(nett_price), '-'), r'[^0-9.-]', '') AS NUMERIC) AS nett_price,
        NULLIF(UPPER(TRIM(property_type)), '') AS property_type,
        SAFE_CAST(NULLIF(TRIM(number_of_units), '-') AS INT64) AS number_of_units,
        NULLIF(UPPER(TRIM(tenure)), '') AS tenure,
        NULLIF(TRIM(completion_date), '') AS completion_date,
        NULLIF(UPPER(TRIM(purchaser_address_indicator)), '') AS purchaser_address_indicator,
        NULLIF(TRIM(postal_code), '') AS postal_code,
        NULLIF(TRIM(postal_district), '') AS postal_district,
        NULLIF(TRIM(postal_sector), '') AS postal_sector,
        NULLIF(UPPER(TRIM(planning_region)), '') AS planning_region,
        NULLIF(UPPER(TRIM(planning_area)), '') AS planning_area
    FROM `ringed-griffin-509403-b4`.`propery_trans1`.`raw_property_trans`
)
SELECT
    *,
    SAFE_CAST(IF(REGEXP_CONTAINS(completion_date, r'^\d{4}$'), completion_date, NULL) AS INT64) AS completion_year,
    CASE
        WHEN UPPER(completion_date) = 'UNCOMPLETED' THEN 'UNCOMPLETED'
        WHEN REGEXP_CONTAINS(completion_date, r'^\d{4}$') THEN 'COMPLETED'
        WHEN completion_date IS NULL THEN NULL
        ELSE 'UNKNOWN'
    END AS completion_status
FROM cleaned
    );
  
[0m17:26:36.623561 [debug] [Thread-1 (]: BigQuery adapter: https://console.cloud.google.com/bigquery?project=ringed-griffin-509403-b4&j=bq:US:a254dc20-6979-4774-b847-d19ddc5255d1&page=queryresults
[0m17:26:39.238516 [debug] [Thread-1 (]: SQL status: OK in 2.614 seconds
[0m17:26:39.690136 [debug] [Thread-1 (]: Sending event: {'category': 'dbt', 'action': 'run_model', 'label': '4d25c3d6-bc04-48b9-bd22-726c8010969d', 'context': [<snowplow_tracker.self_describing_json.SelfDescribingJson object at 0x7a790b54cf50>]}
[0m17:26:39.690968 [info ] [Thread-1 (]: 1 of 4 OK created sql table model propery_trans1.stg_property_transactions ..... [[32mCREATE TABLE (170.2k rows, 33.8 MiB processed)[0m in 4.33s]
[0m17:26:39.691880 [debug] [Thread-1 (]: Finished running node model.property_transaction_warehouse.stg_property_transactions
[0m17:26:39.692644 [debug] [Thread-2 (]: Began running node model.property_transaction_warehouse.dim_location
[0m17:26:39.693409 [info ] [Thread-2 (]: 2 of 4 START sql table model propery_trans1.dim_location ....................... [RUN]
[0m17:26:39.693790 [debug] [Thread-2 (]: Acquiring new bigquery connection 'model.property_transaction_warehouse.dim_location'
[0m17:26:39.693979 [debug] [Thread-2 (]: Began compiling node model.property_transaction_warehouse.dim_location
[0m17:26:39.695287 [debug] [Thread-2 (]: Writing injected SQL for node "model.property_transaction_warehouse.dim_location"
[0m17:26:39.693083 [debug] [Thread-3 (]: Began running node model.property_transaction_warehouse.dim_project
[0m17:26:39.695713 [info ] [Thread-3 (]: 3 of 4 START sql table model propery_trans1.dim_project ........................ [RUN]
[0m17:26:39.696113 [debug] [Thread-3 (]: Acquiring new bigquery connection 'model.property_transaction_warehouse.dim_project'
[0m17:26:39.696321 [debug] [Thread-3 (]: Began compiling node model.property_transaction_warehouse.dim_project
[0m17:26:39.697325 [debug] [Thread-3 (]: Writing injected SQL for node "model.property_transaction_warehouse.dim_project"
[0m17:26:39.697790 [debug] [Thread-2 (]: Began executing node model.property_transaction_warehouse.dim_location
[0m17:26:39.699379 [debug] [Thread-2 (]: Opening a new connection, currently in state init
[0m17:26:39.698181 [debug] [Thread-3 (]: Began executing node model.property_transaction_warehouse.dim_project
[0m17:26:39.702043 [debug] [Thread-3 (]: Opening a new connection, currently in state init
[0m17:26:40.140883 [debug] [Thread-3 (]: Writing runtime sql for node "model.property_transaction_warehouse.dim_project"
[0m17:26:40.141510 [debug] [Thread-3 (]: On model.property_transaction_warehouse.dim_project: /* {"app": "dbt", "dbt_version": "1.12.5", "profile_name": "property_transaction_warehouse", "target_name": "dev", "node_id": "model.property_transaction_warehouse.dim_project"} */

  
    

    create or replace table `ringed-griffin-509403-b4`.`propery_trans1`.`dim_project`
      
    
    

    
    OPTIONS()
    as (
      WITH cleaned_projects AS (
    SELECT DISTINCT
        NULLIF(REGEXP_REPLACE(UPPER(TRIM(project_name)), r'\s+', ' '), '') AS project_name,
        NULLIF(UPPER(TRIM(property_type)), '') AS property_type,
        NULLIF(UPPER(TRIM(tenure)), '') AS tenure,
        completion_year,
        NULLIF(UPPER(TRIM(completion_status)), '') AS completion_status
    FROM `ringed-griffin-509403-b4`.`propery_trans1`.`stg_property_transactions`
),
projects AS (
    SELECT *
    FROM cleaned_projects
    WHERE project_name IS NOT NULL
)
SELECT
    FARM_FINGERPRINT(TO_JSON_STRING(STRUCT(
        project_name,
        property_type,
        tenure,
        completion_year,
        completion_status
    ))) AS project_key,
    project_name,
    property_type,
    tenure,
    completion_year,
    completion_status
FROM projects
    );
  
[0m17:26:40.144663 [debug] [Thread-2 (]: Writing runtime sql for node "model.property_transaction_warehouse.dim_location"
[0m17:26:40.145004 [debug] [Thread-2 (]: On model.property_transaction_warehouse.dim_location: /* {"app": "dbt", "dbt_version": "1.12.5", "profile_name": "property_transaction_warehouse", "target_name": "dev", "node_id": "model.property_transaction_warehouse.dim_location"} */

  
    

    create or replace table `ringed-griffin-509403-b4`.`propery_trans1`.`dim_location`
      
    
    

    
    OPTIONS()
    as (
      WITH cleaned_locations AS (
    SELECT DISTINCT
        NULLIF(REGEXP_REPLACE(UPPER(TRIM(address)), r'\s+', ' '), '') AS address,
        NULLIF(UPPER(TRIM(postal_code)), '') AS postal_code,
        NULLIF(UPPER(TRIM(postal_district)), '') AS postal_district,
        NULLIF(UPPER(TRIM(postal_sector)), '') AS postal_sector,
        NULLIF(UPPER(TRIM(planning_region)), '') AS planning_region,
        NULLIF(UPPER(TRIM(planning_area)), '') AS planning_area
    FROM `ringed-griffin-509403-b4`.`propery_trans1`.`stg_property_transactions`
),
locations AS (
    SELECT *
    FROM cleaned_locations
    WHERE address IS NOT NULL
       OR postal_code IS NOT NULL
       OR postal_district IS NOT NULL
       OR postal_sector IS NOT NULL
       OR planning_region IS NOT NULL
       OR planning_area IS NOT NULL
)
SELECT
    FARM_FINGERPRINT(TO_JSON_STRING(STRUCT(
        address,
        postal_code,
        postal_district,
        postal_sector,
        planning_region,
        planning_area
    ))) AS location_key,
    address,
    postal_code,
    postal_district,
    postal_sector,
    planning_region,
    planning_area
FROM locations
    );
  
[0m17:26:40.831881 [debug] [Thread-2 (]: BigQuery adapter: https://console.cloud.google.com/bigquery?project=ringed-griffin-509403-b4&j=bq:US:f0040717-66e8-494a-8f61-fcd4e6036718&page=queryresults
[0m17:26:40.847816 [debug] [Thread-3 (]: BigQuery adapter: https://console.cloud.google.com/bigquery?project=ringed-griffin-509403-b4&j=bq:US:a938f738-a482-4174-994e-b812174f2956&page=queryresults
[0m17:26:42.968473 [debug] [Thread-3 (]: SQL status: OK in 2.120 seconds
[0m17:26:43.349596 [debug] [Thread-3 (]: Sending event: {'category': 'dbt', 'action': 'run_model', 'label': '4d25c3d6-bc04-48b9-bd22-726c8010969d', 'context': [<snowplow_tracker.self_describing_json.SelfDescribingJson object at 0x7a7946bcaf10>]}
[0m17:26:43.350164 [info ] [Thread-3 (]: 3 of 4 OK created sql table model propery_trans1.dim_project ................... [[32mCREATE TABLE (2.9k rows, 10.5 MiB processed)[0m in 3.65s]
[0m17:26:43.350622 [debug] [Thread-3 (]: Finished running node model.property_transaction_warehouse.dim_project
[0m17:26:43.442220 [debug] [Thread-2 (]: SQL status: OK in 2.610 seconds
[0m17:26:43.843933 [debug] [Thread-2 (]: Sending event: {'category': 'dbt', 'action': 'run_model', 'label': '4d25c3d6-bc04-48b9-bd22-726c8010969d', 'context': [<snowplow_tracker.self_describing_json.SelfDescribingJson object at 0x7a790820c5f0>]}
[0m17:26:43.844427 [info ] [Thread-2 (]: 2 of 4 OK created sql table model propery_trans1.dim_location .................. [[32mCREATE TABLE (153.1k rows, 11.2 MiB processed)[0m in 4.15s]
[0m17:26:43.844738 [debug] [Thread-2 (]: Finished running node model.property_transaction_warehouse.dim_location
[0m17:26:43.845520 [debug] [Thread-4 (]: Began running node model.property_transaction_warehouse.fact_transaction
[0m17:26:43.845781 [info ] [Thread-4 (]: 4 of 4 START sql table model propery_trans1.fact_transaction ................... [RUN]
[0m17:26:43.846057 [debug] [Thread-4 (]: Acquiring new bigquery connection 'model.property_transaction_warehouse.fact_transaction'
[0m17:26:43.846218 [debug] [Thread-4 (]: Began compiling node model.property_transaction_warehouse.fact_transaction
[0m17:26:43.847849 [debug] [Thread-4 (]: Writing injected SQL for node "model.property_transaction_warehouse.fact_transaction"
[0m17:26:43.848379 [debug] [Thread-4 (]: Began executing node model.property_transaction_warehouse.fact_transaction
[0m17:26:43.849052 [debug] [Thread-4 (]: Opening a new connection, currently in state init
[0m17:26:44.270035 [debug] [Thread-4 (]: Writing runtime sql for node "model.property_transaction_warehouse.fact_transaction"
[0m17:26:44.270664 [debug] [Thread-4 (]: On model.property_transaction_warehouse.fact_transaction: /* {"app": "dbt", "dbt_version": "1.12.5", "profile_name": "property_transaction_warehouse", "target_name": "dev", "node_id": "model.property_transaction_warehouse.fact_transaction"} */

  
    

    create or replace table `ringed-griffin-509403-b4`.`propery_trans1`.`fact_transaction`
      
    
    

    
    OPTIONS()
    as (
      WITH source_transactions AS (
    SELECT
        *,
        ROW_NUMBER() OVER (
            ORDER BY TO_JSON_STRING(STRUCT(
                project_name,
                transacted_price,
                area_sqft,
                unit_price_psf,
                sale_date,
                address,
                type_of_sale,
                type_of_area,
                area_sqm,
                unit_price_psm,
                nett_price,
                property_type,
                number_of_units,
                tenure,
                completion_date,
                purchaser_address_indicator,
                postal_code,
                postal_district,
                postal_sector,
                planning_region,
                planning_area
            ))
        ) AS transaction_row_number
    FROM `ringed-griffin-509403-b4`.`propery_trans1`.`stg_property_transactions`
),
transactions AS (
    SELECT
        *,
        CASE WHEN transacted_price > 0 THEN transacted_price END AS valid_transacted_price,
        CASE WHEN nett_price > 0 THEN nett_price END AS valid_nett_price,
        CASE WHEN area_sqft > 0 THEN area_sqft END AS valid_area_sqft,
        CASE WHEN area_sqm > 0 THEN area_sqm END AS valid_area_sqm,
        CASE WHEN unit_price_psf > 0 THEN unit_price_psf END AS valid_unit_price_psf,
        CASE WHEN unit_price_psm > 0 THEN unit_price_psm END AS valid_unit_price_psm,
        CASE WHEN number_of_units > 0 THEN number_of_units END AS valid_number_of_units
    FROM source_transactions
)
SELECT
    FARM_FINGERPRINT(CONCAT(
        TO_JSON_STRING(STRUCT(
            t.project_name,
            t.transacted_price,
            t.area_sqft,
            t.unit_price_psf,
            t.sale_date,
            t.address,
            t.type_of_sale,
            t.type_of_area,
            t.area_sqm,
            t.unit_price_psm,
            t.nett_price,
            t.property_type,
            t.number_of_units,
            t.tenure,
            t.completion_date,
            t.purchaser_address_indicator,
            t.postal_code,
            t.postal_district,
            t.postal_sector,
            t.planning_region,
            t.planning_area
        )),
        '#',
        CAST(transaction_row_number AS STRING)
    )) AS transaction_key,
    p.project_key,
    l.location_key,
    t.sale_date,
    t.valid_transacted_price AS transacted_price,
    t.valid_nett_price AS nett_price,
    t.valid_area_sqft AS area_sqft,
    t.valid_area_sqm AS area_sqm,
    t.valid_unit_price_psf AS unit_price_psf,
    t.valid_unit_price_psm AS unit_price_psm,
    t.valid_number_of_units AS number_of_units,
    t.type_of_sale,
    t.type_of_area,
    t.purchaser_address_indicator
FROM transactions AS t
LEFT JOIN `ringed-griffin-509403-b4`.`propery_trans1`.`dim_project` AS p
    ON t.project_name = p.project_name
    AND t.property_type IS NOT DISTINCT FROM p.property_type
    AND t.tenure IS NOT DISTINCT FROM p.tenure
    AND t.completion_year IS NOT DISTINCT FROM p.completion_year
    AND t.completion_status IS NOT DISTINCT FROM p.completion_status
LEFT JOIN `ringed-griffin-509403-b4`.`propery_trans1`.`dim_location` AS l
    ON t.address IS NOT DISTINCT FROM l.address
    AND t.postal_code IS NOT DISTINCT FROM l.postal_code
    AND t.postal_district IS NOT DISTINCT FROM l.postal_district
    AND t.postal_sector IS NOT DISTINCT FROM l.postal_sector
    AND t.planning_region IS NOT DISTINCT FROM l.planning_region
    AND t.planning_area IS NOT DISTINCT FROM l.planning_area
    );
  
[0m17:26:44.905585 [debug] [Thread-4 (]: BigQuery adapter: https://console.cloud.google.com/bigquery?project=ringed-griffin-509403-b4&j=bq:US:a15b673a-8239-4efe-b7cd-aed803596e15&page=queryresults
[0m17:26:58.295962 [debug] [Thread-4 (]: SQL status: OK in 13.390 seconds
[0m17:26:58.682295 [debug] [Thread-4 (]: Sending event: {'category': 'dbt', 'action': 'run_model', 'label': '4d25c3d6-bc04-48b9-bd22-726c8010969d', 'context': [<snowplow_tracker.self_describing_json.SelfDescribingJson object at 0x7a79083c2950>]}
[0m17:26:58.682767 [info ] [Thread-4 (]: 4 of 4 OK created sql table model propery_trans1.fact_transaction .............. [[32mCREATE TABLE (170.2k rows, 54.1 MiB processed)[0m in 14.84s]
[0m17:26:58.683081 [debug] [Thread-4 (]: Finished running node model.property_transaction_warehouse.fact_transaction
[0m17:26:58.684804 [debug] [MainThread]: Opening a new connection, currently in state closed
[0m17:26:58.685224 [debug] [MainThread]: Connection 'master' was properly closed.
[0m17:26:58.685375 [debug] [MainThread]: Connection 'model.property_transaction_warehouse.stg_property_transactions' was properly closed.
[0m17:26:58.685529 [debug] [MainThread]: Connection 'model.property_transaction_warehouse.dim_location' was properly closed.
[0m17:26:58.685664 [debug] [MainThread]: Connection 'model.property_transaction_warehouse.dim_project' was properly closed.
[0m17:26:58.685789 [debug] [MainThread]: Connection 'model.property_transaction_warehouse.fact_transaction' was properly closed.
[0m17:26:58.686047 [info ] [MainThread]: 
[0m17:26:58.686216 [info ] [MainThread]: Finished running 4 table models in 0 hours 0 minutes and 34.89 seconds (34.89s).
[0m17:26:58.686778 [debug] [MainThread]: Command end result
[0m17:26:58.707231 [debug] [MainThread]: Wrote artifact WritableManifest to /home/jenho/Proj 2 - Property Transaction V1/2n3_data_design_ELT_pipeline/target/manifest.json
[0m17:26:58.709075 [debug] [MainThread]: Wrote artifact SemanticManifest to /home/jenho/Proj 2 - Property Transaction V1/2n3_data_design_ELT_pipeline/target/semantic_manifest.json
[0m17:26:58.710409 [debug] [MainThread]: Wrote artifact OsiDocument to /home/jenho/Proj 2 - Property Transaction V1/2n3_data_design_ELT_pipeline/target/osi_document.json
[0m17:26:58.714351 [debug] [MainThread]: Wrote artifact RunExecutionResult to /home/jenho/Proj 2 - Property Transaction V1/2n3_data_design_ELT_pipeline/target/run_results.json
[0m17:26:58.714577 [info ] [MainThread]: 
[0m17:26:58.714797 [info ] [MainThread]: [32mCompleted successfully[0m
[0m17:26:58.714951 [info ] [MainThread]: 
[0m17:26:58.715121 [info ] [MainThread]: Done. PASS=4 WARN=0 ERROR=0 SKIP=0 NO-OP=0 REUSED=0 TOTAL=4
[0m17:26:58.715552 [debug] [MainThread]: Resource report: {"command_name": "run", "command_success": true, "command_wall_clock_time": 36.037975, "process_in_blocks": "106616", "process_kernel_time": 0.370042, "process_mem_max_rss": "267184", "process_out_blocks": "3024", "process_user_time": 2.918263}
[0m17:26:58.715787 [debug] [MainThread]: Command `dbt run` succeeded at 17:26:58.715735 after 36.04 seconds
[0m17:26:58.716010 [debug] [MainThread]: Sending event: {'category': 'dbt', 'action': 'invocation', 'label': 'end', 'context': [<snowplow_tracker.self_describing_json.SelfDescribingJson object at 0x7a794573c280>, <snowplow_tracker.self_describing_json.SelfDescribingJson object at 0x7a794632f540>, <snowplow_tracker.self_describing_json.SelfDescribingJson object at 0x7a7946ccfbf0>]}
[0m17:26:58.716229 [debug] [MainThread]: Flushing usage events
[0m17:26:59.927753 [debug] [MainThread]: An error was encountered while trying to flush usage events
[0m14:42:31.891380 [debug] [MainThread]: Sending event: {'category': 'dbt', 'action': 'invocation', 'label': 'start', 'context': [<snowplow_tracker.self_describing_json.SelfDescribingJson object at 0x78a347d927b0>, <snowplow_tracker.self_describing_json.SelfDescribingJson object at 0x78a349bdcf50>, <snowplow_tracker.self_describing_json.SelfDescribingJson object at 0x78a3465bb890>]}


============================== 14:42:31.897136 | 2971effd-9990-4249-918b-ccbab0f6ee4c ==============================
[0m14:42:31.897136 [info ] [MainThread]: Running with dbt=1.12.5
[0m14:42:31.897683 [debug] [MainThread]: running dbt with arguments {'indirect_selection': 'eager', 'no_print': 'None', 'invocation_command': 'dbt compile --no-partial-parse', 'printer_width': '80', 'quiet': 'False', 'log_path': '/home/jenho/Proj 2 - Property Transaction V1/2n3_data_design_ELT_pipeline/logs', 'send_anonymous_usage_stats': 'True', 'version_check': 'True', 'use_colors': 'True', 'write_json': 'True', 'hints_enabled': 'True', 'debug': 'False', 'log_cache_events': 'False', 'introspect': 'True', 'empty': 'False', 'partial_parse': 'False', 'cache_selected_only': 'False', 'warn_error': 'None', 'target_path': 'None', 'warn_error_options': 'WarnErrorOptionsV2(error=[], warn=[], silence=[])', 'log_format': 'default', 'use_experimental_parser': 'False', 'profiles_dir': '/home/jenho/Proj 2 - Property Transaction V1/2n3_data_design_ELT_pipeline', 'fail_fast': 'False', 'static_parser': 'True', 'maximum_seed_size_mib': '1'}
[0m14:42:33.095141 [debug] [MainThread]: Sending event: {'category': 'dbt', 'action': 'project_id', 'label': '2971effd-9990-4249-918b-ccbab0f6ee4c', 'context': [<snowplow_tracker.self_describing_json.SelfDescribingJson object at 0x78a310d3a3f0>]}
[0m14:42:33.139726 [debug] [MainThread]: Sending event: {'category': 'dbt', 'action': 'adapter_info', 'label': '2971effd-9990-4249-918b-ccbab0f6ee4c', 'context': [<snowplow_tracker.self_describing_json.SelfDescribingJson object at 0x78a349d9f8a0>]}
[0m14:42:33.140434 [info ] [MainThread]: Registered adapter: bigquery=1.12.1
[0m14:42:33.195250 [debug] [MainThread]: checksum: 9742bae524cb133816d56fa13025eeafb4819ed2acf766351b6099479fe392d2, vars: {}, profile: property_transaction_warehouse, target: dev, version: 1.12.5
[0m14:42:33.196158 [debug] [MainThread]: Partial parsing not enabled
[0m14:42:34.408516 [debug] [MainThread]: Sending event: {'category': 'dbt', 'action': 'load_project', 'label': '2971effd-9990-4249-918b-ccbab0f6ee4c', 'context': [<snowplow_tracker.self_describing_json.SelfDescribingJson object at 0x78a30a4b8a50>]}
[0m14:42:34.478786 [debug] [MainThread]: Wrote artifact WritableManifest to /home/jenho/Proj 2 - Property Transaction V1/2n3_data_design_ELT_pipeline/target/manifest.json
[0m14:42:34.481637 [debug] [MainThread]: Wrote artifact SemanticManifest to /home/jenho/Proj 2 - Property Transaction V1/2n3_data_design_ELT_pipeline/target/semantic_manifest.json
[0m14:42:34.501340 [debug] [MainThread]: Wrote artifact OsiDocument to /home/jenho/Proj 2 - Property Transaction V1/2n3_data_design_ELT_pipeline/target/osi_document.json
[0m14:42:34.510405 [debug] [MainThread]: Sending event: {'category': 'dbt', 'action': 'resource_counts', 'label': '2971effd-9990-4249-918b-ccbab0f6ee4c', 'context': [<snowplow_tracker.self_describing_json.SelfDescribingJson object at 0x78a30a2fe6c0>]}
[0m14:42:34.510890 [info ] [MainThread]: Found 4 models, 10 data tests, 1 source, 561 macros
[0m14:42:34.511864 [debug] [MainThread]: Sending event: {'category': 'dbt', 'action': 'runnable_timing', 'label': '2971effd-9990-4249-918b-ccbab0f6ee4c', 'context': [<snowplow_tracker.self_describing_json.SelfDescribingJson object at 0x78a30a32ce50>]}
[0m14:42:34.514029 [info ] [MainThread]: 
[0m14:42:34.514371 [info ] [MainThread]: Concurrency: 4 threads (target='dev')
[0m14:42:34.514570 [info ] [MainThread]: 
[0m14:42:34.514961 [debug] [MainThread]: Acquiring new bigquery connection 'master'
[0m14:42:34.517689 [debug] [ThreadPool]: Acquiring new bigquery connection 'list_ringed-griffin-509403-b4_propery_trans1'
[0m14:42:34.518139 [debug] [ThreadPool]: Opening a new connection, currently in state init
[0m14:42:50.694863 [debug] [MainThread]: Sending event: {'category': 'dbt', 'action': 'runnable_timing', 'label': '2971effd-9990-4249-918b-ccbab0f6ee4c', 'context': [<snowplow_tracker.self_describing_json.SelfDescribingJson object at 0x78a3466364e0>]}
[0m14:42:50.695276 [debug] [MainThread]: Opening a new connection, currently in state init
[0m14:42:50.702450 [debug] [Thread-1 (]: Began running node model.property_transaction_warehouse.stg_property_transactions
[0m14:42:50.702793 [debug] [Thread-1 (]: Re-using an available connection from the pool (formerly list_ringed-griffin-509403-b4_propery_trans1, now model.property_transaction_warehouse.stg_property_transactions)
[0m14:42:50.702993 [debug] [Thread-1 (]: Began compiling node model.property_transaction_warehouse.stg_property_transactions
[0m14:42:50.706537 [debug] [Thread-1 (]: Writing injected SQL for node "model.property_transaction_warehouse.stg_property_transactions"
[0m14:42:50.707001 [debug] [Thread-1 (]: Began executing node model.property_transaction_warehouse.stg_property_transactions
[0m14:42:50.707260 [debug] [Thread-1 (]: Opening a new connection, currently in state closed
[0m14:42:50.707803 [debug] [Thread-1 (]: Finished running node model.property_transaction_warehouse.stg_property_transactions
[0m14:42:50.708423 [debug] [Thread-3 (]: Began running node model.property_transaction_warehouse.dim_project
[0m14:42:50.709280 [debug] [Thread-3 (]: Acquiring new bigquery connection 'model.property_transaction_warehouse.dim_project'
[0m14:42:50.709499 [debug] [Thread-3 (]: Began compiling node model.property_transaction_warehouse.dim_project
[0m14:42:50.710876 [debug] [Thread-3 (]: Writing injected SQL for node "model.property_transaction_warehouse.dim_project"
[0m14:42:50.708902 [debug] [Thread-2 (]: Began running node model.property_transaction_warehouse.dim_location
[0m14:42:50.711358 [debug] [Thread-2 (]: Acquiring new bigquery connection 'model.property_transaction_warehouse.dim_location'
[0m14:42:50.711575 [debug] [Thread-2 (]: Began compiling node model.property_transaction_warehouse.dim_location
[0m14:42:50.712599 [debug] [Thread-2 (]: Writing injected SQL for node "model.property_transaction_warehouse.dim_location"
[0m14:42:50.712980 [debug] [Thread-3 (]: Began executing node model.property_transaction_warehouse.dim_project
[0m14:42:50.713272 [debug] [Thread-3 (]: Opening a new connection, currently in state init
[0m14:42:50.713824 [debug] [Thread-3 (]: Finished running node model.property_transaction_warehouse.dim_project
[0m14:42:50.714293 [debug] [Thread-2 (]: Began executing node model.property_transaction_warehouse.dim_location
[0m14:42:50.714511 [debug] [Thread-2 (]: Opening a new connection, currently in state init
[0m14:42:50.714942 [debug] [Thread-2 (]: Finished running node model.property_transaction_warehouse.dim_location
[0m14:42:50.715412 [debug] [Thread-4 (]: Began running node test.property_transaction_warehouse.accepted_values_dim_project_completion_status__COMPLETED__UNCOMPLETED__UNKNOWN.7c12f37315
[0m14:42:50.716388 [debug] [Thread-4 (]: Acquiring new bigquery connection 'test.property_transaction_warehouse.accepted_values_dim_project_completion_status__COMPLETED__UNCOMPLETED__UNKNOWN.7c12f37315'
[0m14:42:50.716647 [debug] [Thread-4 (]: Began compiling node test.property_transaction_warehouse.accepted_values_dim_project_completion_status__COMPLETED__UNCOMPLETED__UNKNOWN.7c12f37315
[0m14:42:50.720084 [debug] [Thread-4 (]: Writing injected SQL for node "test.property_transaction_warehouse.accepted_values_dim_project_completion_status__COMPLETED__UNCOMPLETED__UNKNOWN.7c12f37315"
[0m14:42:50.715706 [debug] [Thread-3 (]: Began running node test.property_transaction_warehouse.unique_dim_project_project_key.793b35d8e1
[0m14:42:50.716038 [debug] [Thread-1 (]: Began running node test.property_transaction_warehouse.not_null_dim_project_project_key.5cfc354fab
[0m14:42:50.721256 [debug] [Thread-1 (]: Re-using an available connection from the pool (formerly model.property_transaction_warehouse.stg_property_transactions, now test.property_transaction_warehouse.not_null_dim_project_project_key.5cfc354fab)
[0m14:42:50.721570 [debug] [Thread-1 (]: Began compiling node test.property_transaction_warehouse.not_null_dim_project_project_key.5cfc354fab
[0m14:42:50.720829 [debug] [Thread-3 (]: Re-using an available connection from the pool (formerly model.property_transaction_warehouse.dim_project, now test.property_transaction_warehouse.unique_dim_project_project_key.793b35d8e1)
[0m14:42:50.720345 [debug] [Thread-2 (]: Began running node model.property_transaction_warehouse.fact_transaction
[0m14:42:50.728357 [debug] [Thread-2 (]: Re-using an available connection from the pool (formerly model.property_transaction_warehouse.dim_location, now model.property_transaction_warehouse.fact_transaction)
[0m14:42:50.728587 [debug] [Thread-2 (]: Began compiling node model.property_transaction_warehouse.fact_transaction
[0m14:42:50.730099 [debug] [Thread-2 (]: Writing injected SQL for node "model.property_transaction_warehouse.fact_transaction"
[0m14:42:50.727185 [debug] [Thread-3 (]: Began compiling node test.property_transaction_warehouse.unique_dim_project_project_key.793b35d8e1
[0m14:42:50.727708 [debug] [Thread-1 (]: Writing injected SQL for node "test.property_transaction_warehouse.not_null_dim_project_project_key.5cfc354fab"
[0m14:42:50.728008 [debug] [Thread-4 (]: Began executing node test.property_transaction_warehouse.accepted_values_dim_project_completion_status__COMPLETED__UNCOMPLETED__UNKNOWN.7c12f37315
[0m14:42:50.736745 [debug] [Thread-4 (]: Opening a new connection, currently in state init
[0m14:42:50.737466 [debug] [Thread-4 (]: Finished running node test.property_transaction_warehouse.accepted_values_dim_project_completion_status__COMPLETED__UNCOMPLETED__UNKNOWN.7c12f37315
[0m14:42:50.736042 [debug] [Thread-3 (]: Writing injected SQL for node "test.property_transaction_warehouse.unique_dim_project_project_key.793b35d8e1"
[0m14:42:50.736359 [debug] [Thread-2 (]: Began executing node model.property_transaction_warehouse.fact_transaction
[0m14:42:50.738397 [debug] [Thread-2 (]: Opening a new connection, currently in state closed
[0m14:42:50.739166 [debug] [Thread-2 (]: Finished running node model.property_transaction_warehouse.fact_transaction
[0m14:42:50.739427 [debug] [Thread-2 (]: Began running node test.property_transaction_warehouse.unique_dim_location_location_key.b5757d64b6
[0m14:42:50.739639 [debug] [Thread-2 (]: Re-using an available connection from the pool (formerly model.property_transaction_warehouse.fact_transaction, now test.property_transaction_warehouse.unique_dim_location_location_key.b5757d64b6)
[0m14:42:50.739816 [debug] [Thread-2 (]: Began compiling node test.property_transaction_warehouse.unique_dim_location_location_key.b5757d64b6
[0m14:42:50.738096 [debug] [Thread-1 (]: Began executing node test.property_transaction_warehouse.not_null_dim_project_project_key.5cfc354fab
[0m14:42:50.743598 [debug] [Thread-1 (]: Opening a new connection, currently in state closed
[0m14:42:50.738619 [debug] [Thread-3 (]: Began executing node test.property_transaction_warehouse.unique_dim_project_project_key.793b35d8e1
[0m14:42:50.737724 [debug] [Thread-4 (]: Began running node test.property_transaction_warehouse.not_null_dim_location_location_key.c1a2c0b86c
[0m14:42:50.744844 [debug] [Thread-4 (]: Re-using an available connection from the pool (formerly test.property_transaction_warehouse.accepted_values_dim_project_completion_status__COMPLETED__UNCOMPLETED__UNKNOWN.7c12f37315, now test.property_transaction_warehouse.not_null_dim_location_location_key.c1a2c0b86c)
[0m14:42:50.742857 [debug] [Thread-2 (]: Writing injected SQL for node "test.property_transaction_warehouse.unique_dim_location_location_key.b5757d64b6"
[0m14:42:50.744528 [debug] [Thread-3 (]: Opening a new connection, currently in state closed
[0m14:42:50.745830 [debug] [Thread-3 (]: Finished running node test.property_transaction_warehouse.unique_dim_project_project_key.793b35d8e1
[0m14:42:50.746128 [debug] [Thread-3 (]: Began running node test.property_transaction_warehouse.fact_transaction_valid_measures
[0m14:42:50.746380 [debug] [Thread-3 (]: Re-using an available connection from the pool (formerly test.property_transaction_warehouse.unique_dim_project_project_key.793b35d8e1, now test.property_transaction_warehouse.fact_transaction_valid_measures)
[0m14:42:50.746565 [debug] [Thread-3 (]: Began compiling node test.property_transaction_warehouse.fact_transaction_valid_measures
[0m14:42:50.747698 [debug] [Thread-3 (]: Writing injected SQL for node "test.property_transaction_warehouse.fact_transaction_valid_measures"
[0m14:42:50.744265 [debug] [Thread-1 (]: Finished running node test.property_transaction_warehouse.not_null_dim_project_project_key.5cfc354fab
[0m14:42:50.745084 [debug] [Thread-4 (]: Began compiling node test.property_transaction_warehouse.not_null_dim_location_location_key.c1a2c0b86c
[0m14:42:50.752304 [debug] [Thread-4 (]: Writing injected SQL for node "test.property_transaction_warehouse.not_null_dim_location_location_key.c1a2c0b86c"
[0m14:42:50.748548 [debug] [Thread-2 (]: Began executing node test.property_transaction_warehouse.unique_dim_location_location_key.b5757d64b6
[0m14:42:50.748858 [debug] [Thread-3 (]: Began executing node test.property_transaction_warehouse.fact_transaction_valid_measures
[0m14:42:50.748184 [debug] [Thread-1 (]: Began running node test.property_transaction_warehouse.not_null_fact_transaction_transaction_key.274831b9a6
[0m14:42:50.753575 [debug] [Thread-1 (]: Re-using an available connection from the pool (formerly test.property_transaction_warehouse.not_null_dim_project_project_key.5cfc354fab, now test.property_transaction_warehouse.not_null_fact_transaction_transaction_key.274831b9a6)
[0m14:42:50.753864 [debug] [Thread-1 (]: Began compiling node test.property_transaction_warehouse.not_null_fact_transaction_transaction_key.274831b9a6
[0m14:42:50.756786 [debug] [Thread-1 (]: Writing injected SQL for node "test.property_transaction_warehouse.not_null_fact_transaction_transaction_key.274831b9a6"
[0m14:42:50.752661 [debug] [Thread-2 (]: Opening a new connection, currently in state closed
[0m14:42:50.753016 [debug] [Thread-4 (]: Began executing node test.property_transaction_warehouse.not_null_dim_location_location_key.c1a2c0b86c
[0m14:42:50.753261 [debug] [Thread-3 (]: Opening a new connection, currently in state closed
[0m14:42:50.758237 [debug] [Thread-1 (]: Began executing node test.property_transaction_warehouse.not_null_fact_transaction_transaction_key.274831b9a6
[0m14:42:50.758499 [debug] [Thread-1 (]: Opening a new connection, currently in state closed
[0m14:42:50.758999 [debug] [Thread-1 (]: Finished running node test.property_transaction_warehouse.not_null_fact_transaction_transaction_key.274831b9a6
[0m14:42:50.757482 [debug] [Thread-2 (]: Finished running node test.property_transaction_warehouse.unique_dim_location_location_key.b5757d64b6
[0m14:42:50.759851 [debug] [Thread-2 (]: Began running node test.property_transaction_warehouse.relationships_fact_transaction_project_key__project_key__ref_dim_project_.a445602349
[0m14:42:50.757754 [debug] [Thread-4 (]: Opening a new connection, currently in state closed
[0m14:42:50.761404 [debug] [Thread-4 (]: Finished running node test.property_transaction_warehouse.not_null_dim_location_location_key.c1a2c0b86c
[0m14:42:50.759376 [debug] [Thread-1 (]: Began running node test.property_transaction_warehouse.relationships_fact_transaction_location_key__location_key__ref_dim_location_.a942d8afdc
[0m14:42:50.761980 [debug] [Thread-1 (]: Re-using an available connection from the pool (formerly test.property_transaction_warehouse.not_null_fact_transaction_transaction_key.274831b9a6, now test.property_transaction_warehouse.relationships_fact_transaction_location_key__location_key__ref_dim_location_.a942d8afdc)
[0m14:42:50.762215 [debug] [Thread-1 (]: Began compiling node test.property_transaction_warehouse.relationships_fact_transaction_location_key__location_key__ref_dim_location_.a942d8afdc
[0m14:42:50.760207 [debug] [Thread-2 (]: Re-using an available connection from the pool (formerly test.property_transaction_warehouse.unique_dim_location_location_key.b5757d64b6, now test.property_transaction_warehouse.relationships_fact_transaction_project_key__project_key__ref_dim_project_.a445602349)
[0m14:42:50.760801 [debug] [Thread-3 (]: Finished running node test.property_transaction_warehouse.fact_transaction_valid_measures
[0m14:42:50.761633 [debug] [Thread-4 (]: Began running node test.property_transaction_warehouse.unique_fact_transaction_transaction_key.2bf6393ada
[0m14:42:50.768830 [debug] [Thread-4 (]: Re-using an available connection from the pool (formerly test.property_transaction_warehouse.not_null_dim_location_location_key.c1a2c0b86c, now test.property_transaction_warehouse.unique_fact_transaction_transaction_key.2bf6393ada)
[0m14:42:50.768090 [debug] [Thread-1 (]: Writing injected SQL for node "test.property_transaction_warehouse.relationships_fact_transaction_location_key__location_key__ref_dim_location_.a942d8afdc"
[0m14:42:50.769483 [debug] [Thread-4 (]: Began compiling node test.property_transaction_warehouse.unique_fact_transaction_transaction_key.2bf6393ada
[0m14:42:50.767648 [debug] [Thread-2 (]: Began compiling node test.property_transaction_warehouse.relationships_fact_transaction_project_key__project_key__ref_dim_project_.a445602349
[0m14:42:50.772776 [debug] [Thread-4 (]: Writing injected SQL for node "test.property_transaction_warehouse.unique_fact_transaction_transaction_key.2bf6393ada"
[0m14:42:50.777948 [debug] [Thread-2 (]: Writing injected SQL for node "test.property_transaction_warehouse.relationships_fact_transaction_project_key__project_key__ref_dim_project_.a445602349"
[0m14:42:50.778868 [debug] [Thread-1 (]: Began executing node test.property_transaction_warehouse.relationships_fact_transaction_location_key__location_key__ref_dim_location_.a942d8afdc
[0m14:42:50.779197 [debug] [Thread-1 (]: Opening a new connection, currently in state closed
[0m14:42:50.779859 [debug] [Thread-1 (]: Finished running node test.property_transaction_warehouse.relationships_fact_transaction_location_key__location_key__ref_dim_location_.a942d8afdc
[0m14:42:50.780182 [debug] [Thread-4 (]: Began executing node test.property_transaction_warehouse.unique_fact_transaction_transaction_key.2bf6393ada
[0m14:42:50.780700 [debug] [Thread-4 (]: Opening a new connection, currently in state closed
[0m14:42:50.781203 [debug] [Thread-4 (]: Finished running node test.property_transaction_warehouse.unique_fact_transaction_transaction_key.2bf6393ada
[0m14:42:50.781432 [debug] [Thread-2 (]: Began executing node test.property_transaction_warehouse.relationships_fact_transaction_project_key__project_key__ref_dim_project_.a445602349
[0m14:42:50.781824 [debug] [Thread-2 (]: Opening a new connection, currently in state closed
[0m14:42:50.782307 [debug] [Thread-2 (]: Finished running node test.property_transaction_warehouse.relationships_fact_transaction_project_key__project_key__ref_dim_project_.a445602349
[0m14:42:50.783564 [debug] [MainThread]: Connection 'master' was properly closed.
[0m14:42:50.783759 [debug] [MainThread]: Connection 'test.property_transaction_warehouse.relationships_fact_transaction_location_key__location_key__ref_dim_location_.a942d8afdc' was properly closed.
[0m14:42:50.783907 [debug] [MainThread]: Connection 'test.property_transaction_warehouse.fact_transaction_valid_measures' was properly closed.
[0m14:42:50.784053 [debug] [MainThread]: Connection 'test.property_transaction_warehouse.relationships_fact_transaction_project_key__project_key__ref_dim_project_.a445602349' was properly closed.
[0m14:42:50.784190 [debug] [MainThread]: Connection 'test.property_transaction_warehouse.unique_fact_transaction_transaction_key.2bf6393ada' was properly closed.
[0m14:42:50.785204 [debug] [MainThread]: Command end result
[0m14:42:50.801688 [debug] [MainThread]: Wrote artifact WritableManifest to /home/jenho/Proj 2 - Property Transaction V1/2n3_data_design_ELT_pipeline/target/manifest.json
[0m14:42:50.803357 [debug] [MainThread]: Wrote artifact SemanticManifest to /home/jenho/Proj 2 - Property Transaction V1/2n3_data_design_ELT_pipeline/target/semantic_manifest.json
[0m14:42:50.804798 [debug] [MainThread]: Wrote artifact OsiDocument to /home/jenho/Proj 2 - Property Transaction V1/2n3_data_design_ELT_pipeline/target/osi_document.json
[0m14:42:50.809325 [debug] [MainThread]: Wrote artifact RunExecutionResult to /home/jenho/Proj 2 - Property Transaction V1/2n3_data_design_ELT_pipeline/target/run_results.json
[0m14:42:50.809882 [debug] [MainThread]: Resource report: {"command_name": "compile", "command_success": true, "command_wall_clock_time": 18.973625, "process_in_blocks": "388104", "process_kernel_time": 0.41747, "process_mem_max_rss": "268968", "process_out_blocks": "4392", "process_user_time": 4.043736}
[0m14:42:50.810175 [debug] [MainThread]: Command `dbt compile` succeeded at 14:42:50.810111 after 18.97 seconds
[0m14:42:50.810413 [debug] [MainThread]: Sending event: {'category': 'dbt', 'action': 'invocation', 'label': 'end', 'context': [<snowplow_tracker.self_describing_json.SelfDescribingJson object at 0x78a30a301550>, <snowplow_tracker.self_describing_json.SelfDescribingJson object at 0x78a30a36d0d0>, <snowplow_tracker.self_describing_json.SelfDescribingJson object at 0x78a30a36d9c0>]}
[0m14:42:50.810630 [debug] [MainThread]: Flushing usage events
[0m14:42:51.776495 [debug] [MainThread]: An error was encountered while trying to flush usage events
[0m14:46:44.199464 [debug] [MainThread]: Sending event: {'category': 'dbt', 'action': 'invocation', 'label': 'start', 'context': [<snowplow_tracker.self_describing_json.SelfDescribingJson object at 0x7206005827b0>, <snowplow_tracker.self_describing_json.SelfDescribingJson object at 0x7206023f0f50>, <snowplow_tracker.self_describing_json.SelfDescribingJson object at 0x7205fef4b890>]}


============================== 14:46:44.201550 | cc5f8bb4-72f4-434e-b176-b00b68200a70 ==============================
[0m14:46:44.201550 [info ] [MainThread]: Running with dbt=1.12.5
[0m14:46:44.201825 [debug] [MainThread]: running dbt with arguments {'empty': 'None', 'log_cache_events': 'False', 'quiet': 'False', 'cache_selected_only': 'False', 'printer_width': '80', 'log_path': '/home/jenho/Proj 2 - Property Transaction V1/2n3_data_design_ELT_pipeline/logs', 'debug': 'False', 'indirect_selection': 'eager', 'invocation_command': 'dbt debug', 'write_json': 'True', 'static_parser': 'True', 'send_anonymous_usage_stats': 'True', 'warn_error_options': 'WarnErrorOptionsV2(error=[], warn=[], silence=[])', 'introspect': 'True', 'version_check': 'True', 'target_path': 'None', 'maximum_seed_size_mib': '1', 'warn_error': 'None', 'profiles_dir': '/home/jenho/Proj 2 - Property Transaction V1/2n3_data_design_ELT_pipeline', 'partial_parse': 'True', 'log_format': 'default', 'fail_fast': 'False', 'no_print': 'None', 'use_experimental_parser': 'False', 'hints_enabled': 'True', 'use_colors': 'True'}
[0m14:46:44.209543 [info ] [MainThread]: dbt version: 1.12.5
[0m14:46:44.209856 [info ] [MainThread]: python version: 3.14.7
[0m14:46:44.210221 [info ] [MainThread]: python path: /home/jenho/miniconda3/bin/python3
[0m14:46:44.210392 [info ] [MainThread]: os info: Linux-6.18.33.2-microsoft-standard-WSL2-x86_64-with-glibc2.43
[0m14:46:44.646161 [info ] [MainThread]: Using profiles dir at /home/jenho/Proj 2 - Property Transaction V1/2n3_data_design_ELT_pipeline
[0m14:46:44.646706 [info ] [MainThread]: Using profiles.yml file at /home/jenho/Proj 2 - Property Transaction V1/2n3_data_design_ELT_pipeline/profiles.yml
[0m14:46:44.647323 [info ] [MainThread]: Using dbt_project.yml file at /home/jenho/Proj 2 - Property Transaction V1/2n3_data_design_ELT_pipeline/dbt_project.yml
[0m14:46:44.647648 [info ] [MainThread]: adapter type: bigquery
[0m14:46:44.647797 [info ] [MainThread]: adapter version: 1.12.1
[0m14:46:44.706589 [info ] [MainThread]: Configuration:
[0m14:46:44.707401 [info ] [MainThread]:   profiles.yml file [[32mOK found and valid[0m]
[0m14:46:44.707725 [info ] [MainThread]:   dbt_project.yml file [[32mOK found and valid[0m]
[0m14:46:44.707890 [info ] [MainThread]: Required dependencies:
[0m14:46:44.708065 [debug] [MainThread]: Executing "git --help"
[0m14:46:44.709396 [debug] [MainThread]: STDOUT: "b"usage: git [-v | --version] [-h | --help] [-C <path>] [-c <name>=<value>]\n           [--exec-path[=<path>]] [--html-path] [--man-path] [--info-path]\n           [-p | --paginate | -P | --no-pager] [--no-replace-objects] [--no-lazy-fetch]\n           [--no-optional-locks] [--no-advice] [--bare] [--git-dir=<path>]\n           [--work-tree=<path>] [--namespace=<name>] [--config-env=<name>=<envvar>]\n           <command> [<args>]\n\nThese are common Git commands used in various situations:\n\nstart a working area (see also: git help tutorial)\n   clone      Clone a repository into a new directory\n   init       Create an empty Git repository or reinitialize an existing one\n\nwork on the current change (see also: git help everyday)\n   add        Add file contents to the index\n   mv         Move or rename a file, a directory, or a symlink\n   restore    Restore working tree files\n   rm         Remove files from the working tree and from the index\n\nexamine the history and state (see also: git help revisions)\n   bisect     Use binary search to find the commit that introduced a bug\n   diff       Show changes between commits, commit and working tree, etc\n   grep       Print lines matching a pattern\n   log        Show commit logs\n   show       Show various types of objects\n   status     Show the working tree status\n\ngrow, mark and tweak your common history\n   backfill   Download missing objects in a partial clone\n   branch     List, create, or delete branches\n   commit     Record changes to the repository\n   merge      Join two or more development histories together\n   rebase     Reapply commits on top of another base tip\n   reset      Set `HEAD` or the index to a known state\n   switch     Switch branches\n   tag        Create, list, delete or verify tags\n\ncollaborate (see also: git help workflows)\n   fetch      Download objects and refs from another repository\n   pull       Fetch from and integrate with another repository or a local branch\n   push       Update remote refs along with associated objects\n\n'git help -a' and 'git help -g' list available subcommands and some\nconcept guides. See 'git help <command>' or 'git help <concept>'\nto read about a specific subcommand or concept.\nSee 'git help git' for an overview of the system.\n""
[0m14:46:44.709685 [debug] [MainThread]: STDERR: "b''"
[0m14:46:44.709856 [info ] [MainThread]:  - git [[32mOK found[0m]

[0m14:46:44.710010 [info ] [MainThread]: Connection:
[0m14:46:44.710176 [info ] [MainThread]:   method: oauth
[0m14:46:44.710309 [info ] [MainThread]:   database: ringed-griffin-509403-b4
[0m14:46:44.710444 [info ] [MainThread]:   execution_project: ringed-griffin-509403-b4
[0m14:46:44.710566 [info ] [MainThread]:   schema: propery_trans1
[0m14:46:44.710689 [info ] [MainThread]:   location: None
[0m14:46:44.710825 [info ] [MainThread]:   priority: interactive
[0m14:46:44.710947 [info ] [MainThread]:   maximum_bytes_billed: None
[0m14:46:44.711063 [info ] [MainThread]:   reservation: None
[0m14:46:44.711205 [info ] [MainThread]:   impersonate_service_account: None
[0m14:46:44.711456 [info ] [MainThread]:   job_retry_deadline_seconds: None
[0m14:46:44.711634 [info ] [MainThread]:   job_retries: 1
[0m14:46:44.711829 [info ] [MainThread]:   job_creation_timeout_seconds: None
[0m14:46:44.712044 [info ] [MainThread]:   job_execution_timeout_seconds: None
[0m14:46:44.712195 [info ] [MainThread]:   job_link_info_level_log: False
[0m14:46:44.712347 [info ] [MainThread]:   timeout_seconds: None
[0m14:46:44.712480 [info ] [MainThread]:   client_id: None
[0m14:46:44.712601 [info ] [MainThread]:   token_uri: None
[0m14:46:44.712722 [info ] [MainThread]:   compute_region: None
[0m14:46:44.712862 [info ] [MainThread]:   dataproc_cluster_name: None
[0m14:46:44.712984 [info ] [MainThread]:   gcs_bucket: None
[0m14:46:44.713120 [info ] [MainThread]:   dataproc_batch: None
[0m14:46:44.713427 [info ] [MainThread]: Registered adapter: bigquery=1.12.1
[0m14:46:44.752732 [debug] [MainThread]: Acquiring new bigquery connection 'debug'
[0m14:46:44.753069 [debug] [MainThread]: On debug: select 1 as id
[0m14:46:44.753294 [debug] [MainThread]: Opening a new connection, currently in state init
[0m14:46:55.823235 [debug] [MainThread]: BigQuery adapter: https://console.cloud.google.com/bigquery?project=ringed-griffin-509403-b4&j=bq:US:ed8194d8-795c-4fb4-9387-1ee21eb1c051&page=queryresults
[0m14:46:56.205439 [debug] [MainThread]: SQL status: OK in 0.382 seconds
[0m14:46:57.231626 [info ] [MainThread]:   Connection test: [[32mOK connection ok[0m]

[0m14:46:57.232001 [info ] [MainThread]: [32mAll checks passed![0m
[0m14:46:57.232396 [debug] [MainThread]: Resource report: {"command_name": "debug", "command_success": true, "command_wall_clock_time": 13.083112, "process_in_blocks": "1824", "process_kernel_time": 0.200537, "process_mem_max_rss": "256488", "process_out_blocks": "24", "process_user_time": 2.390406}
[0m14:46:57.232669 [debug] [MainThread]: Command `dbt debug` succeeded at 14:46:57.232607 after 13.08 seconds
[0m14:46:57.232862 [debug] [MainThread]: Connection 'debug' was properly closed.
[0m14:46:57.233058 [debug] [MainThread]: Sending event: {'category': 'dbt', 'action': 'invocation', 'label': 'end', 'context': [<snowplow_tracker.self_describing_json.SelfDescribingJson object at 0x7205c56eafd0>, <snowplow_tracker.self_describing_json.SelfDescribingJson object at 0x7205c54df530>, <snowplow_tracker.self_describing_json.SelfDescribingJson object at 0x7205c545fdf0>]}
[0m14:46:57.233306 [debug] [MainThread]: Flushing usage events
[0m14:46:58.165103 [debug] [MainThread]: An error was encountered while trying to flush usage events
[0m14:47:05.990426 [debug] [MainThread]: Sending event: {'category': 'dbt', 'action': 'invocation', 'label': 'start', 'context': [<snowplow_tracker.self_describing_json.SelfDescribingJson object at 0x780bdcdb27b0>, <snowplow_tracker.self_describing_json.SelfDescribingJson object at 0x780bdebacf50>, <snowplow_tracker.self_describing_json.SelfDescribingJson object at 0x780bdb5d3890>]}


============================== 14:47:05.992566 | b3f9dfd6-d072-4ac6-afee-dff37e87a5cf ==============================
[0m14:47:05.992566 [info ] [MainThread]: Running with dbt=1.12.5
[0m14:47:05.992880 [debug] [MainThread]: running dbt with arguments {'warn_error': 'None', 'log_path': '/home/jenho/Proj 2 - Property Transaction V1/2n3_data_design_ELT_pipeline/logs', 'profiles_dir': '/home/jenho/Proj 2 - Property Transaction V1/2n3_data_design_ELT_pipeline', 'maximum_seed_size_mib': '1', 'log_cache_events': 'False', 'fail_fast': 'False', 'debug': 'False', 'use_colors': 'True', 'send_anonymous_usage_stats': 'True', 'static_parser': 'True', 'hints_enabled': 'True', 'log_format': 'default', 'invocation_command': 'dbt run', 'quiet': 'False', 'target_path': 'None', 'no_print': 'None', 'introspect': 'True', 'empty': 'False', 'printer_width': '80', 'version_check': 'True', 'write_json': 'True', 'cache_selected_only': 'False', 'partial_parse': 'True', 'use_experimental_parser': 'False', 'warn_error_options': 'WarnErrorOptionsV2(error=[], warn=[], silence=[])', 'indirect_selection': 'eager'}
[0m14:47:06.500671 [debug] [MainThread]: Sending event: {'category': 'dbt', 'action': 'project_id', 'label': 'b3f9dfd6-d072-4ac6-afee-dff37e87a5cf', 'context': [<snowplow_tracker.self_describing_json.SelfDescribingJson object at 0x780ba1cf63f0>]}
[0m14:47:06.538215 [debug] [MainThread]: Sending event: {'category': 'dbt', 'action': 'adapter_info', 'label': 'b3f9dfd6-d072-4ac6-afee-dff37e87a5cf', 'context': [<snowplow_tracker.self_describing_json.SelfDescribingJson object at 0x780bded5b8a0>]}
[0m14:47:06.538832 [info ] [MainThread]: Registered adapter: bigquery=1.12.1
[0m14:47:06.582933 [debug] [MainThread]: checksum: 9742bae524cb133816d56fa13025eeafb4819ed2acf766351b6099479fe392d2, vars: {}, profile: property_transaction_warehouse, target: dev, version: 1.12.5
[0m14:47:06.656331 [debug] [MainThread]: Partial parsing enabled: 0 files deleted, 0 files added, 0 files changed.
[0m14:47:06.656638 [debug] [MainThread]: Nothing changed, skipping partial parsing.
[0m14:47:06.656807 [debug] [MainThread]: Partial parsing enabled, no changes found, skipping parsing
[0m14:47:06.662430 [debug] [MainThread]: Sending event: {'category': 'dbt', 'action': 'load_project', 'label': 'b3f9dfd6-d072-4ac6-afee-dff37e87a5cf', 'context': [<snowplow_tracker.self_describing_json.SelfDescribingJson object at 0x780ba15e5650>]}
[0m14:47:06.740349 [debug] [MainThread]: Wrote artifact WritableManifest to /home/jenho/Proj 2 - Property Transaction V1/2n3_data_design_ELT_pipeline/target/manifest.json
[0m14:47:06.742021 [debug] [MainThread]: Wrote artifact SemanticManifest to /home/jenho/Proj 2 - Property Transaction V1/2n3_data_design_ELT_pipeline/target/semantic_manifest.json
[0m14:47:06.748781 [debug] [MainThread]: Wrote artifact OsiDocument to /home/jenho/Proj 2 - Property Transaction V1/2n3_data_design_ELT_pipeline/target/osi_document.json
[0m14:47:06.754987 [debug] [MainThread]: Sending event: {'category': 'dbt', 'action': 'resource_counts', 'label': 'b3f9dfd6-d072-4ac6-afee-dff37e87a5cf', 'context': [<snowplow_tracker.self_describing_json.SelfDescribingJson object at 0x780ba14b4410>]}
[0m14:47:06.755423 [info ] [MainThread]: Found 4 models, 10 data tests, 1 source, 561 macros
[0m14:47:06.755666 [debug] [MainThread]: Sending event: {'category': 'dbt', 'action': 'runnable_timing', 'label': 'b3f9dfd6-d072-4ac6-afee-dff37e87a5cf', 'context': [<snowplow_tracker.self_describing_json.SelfDescribingJson object at 0x780ba14ca350>]}
[0m14:47:06.756986 [info ] [MainThread]: 
[0m14:47:06.757243 [info ] [MainThread]: Concurrency: 4 threads (target='dev')
[0m14:47:06.757531 [info ] [MainThread]: 
[0m14:47:06.757947 [debug] [MainThread]: Acquiring new bigquery connection 'master'
[0m14:47:06.760337 [debug] [ThreadPool]: Acquiring new bigquery connection 'list_ringed-griffin-509403-b4'
[0m14:47:06.760606 [debug] [ThreadPool]: Opening a new connection, currently in state init
[0m14:47:18.048503 [debug] [ThreadPool]: Re-using an available connection from the pool (formerly list_ringed-griffin-509403-b4, now list_ringed-griffin-509403-b4_propery_trans1)
[0m14:47:18.048956 [debug] [ThreadPool]: Opening a new connection, currently in state closed
[0m14:47:18.779389 [debug] [MainThread]: Sending event: {'category': 'dbt', 'action': 'runnable_timing', 'label': 'b3f9dfd6-d072-4ac6-afee-dff37e87a5cf', 'context': [<snowplow_tracker.self_describing_json.SelfDescribingJson object at 0x780bdb65e4e0>]}
[0m14:47:18.779836 [debug] [MainThread]: Opening a new connection, currently in state init
[0m14:47:18.782563 [debug] [Thread-1 (]: Began running node model.property_transaction_warehouse.stg_property_transactions
[0m14:47:18.782996 [info ] [Thread-1 (]: 1 of 4 START sql table model propery_trans1.stg_property_transactions .......... [RUN]
[0m14:47:18.783438 [debug] [Thread-1 (]: Re-using an available connection from the pool (formerly list_ringed-griffin-509403-b4_propery_trans1, now model.property_transaction_warehouse.stg_property_transactions)
[0m14:47:18.783661 [debug] [Thread-1 (]: Began compiling node model.property_transaction_warehouse.stg_property_transactions
[0m14:47:18.788311 [debug] [Thread-1 (]: Writing injected SQL for node "model.property_transaction_warehouse.stg_property_transactions"
[0m14:47:18.788840 [debug] [Thread-1 (]: Began executing node model.property_transaction_warehouse.stg_property_transactions
[0m14:47:18.799878 [debug] [Thread-1 (]: Opening a new connection, currently in state closed
[0m14:47:19.254164 [debug] [Thread-1 (]: Writing runtime sql for node "model.property_transaction_warehouse.stg_property_transactions"
[0m14:47:19.255215 [debug] [Thread-1 (]: On model.property_transaction_warehouse.stg_property_transactions: /* {"app": "dbt", "dbt_version": "1.12.5", "profile_name": "property_transaction_warehouse", "target_name": "dev", "node_id": "model.property_transaction_warehouse.stg_property_transactions"} */

  
    

    create or replace table `ringed-griffin-509403-b4`.`propery_trans1`.`stg_property_transactions`
      
    
    

    
    OPTIONS()
    as (
      WITH cleaned AS (
    SELECT
        NULLIF(REGEXP_REPLACE(UPPER(TRIM(project_name)), r'\s+', ' '), '') AS project_name,
        SAFE_CAST(REGEXP_REPLACE(NULLIF(TRIM(transacted_price), '-'), r'[^0-9.-]', '') AS NUMERIC) AS transacted_price,
        SAFE_CAST(REGEXP_REPLACE(NULLIF(TRIM(area_sqft), '-'), r'[^0-9.-]', '') AS NUMERIC) AS area_sqft,
        SAFE_CAST(REGEXP_REPLACE(NULLIF(TRIM(unit_price_psf), '-'), r'[^0-9.-]', '') AS NUMERIC) AS unit_price_psf,
        SAFE.PARSE_DATE('%d %b %Y', NULLIF(TRIM(sale_date), '')) AS sale_date,
        NULLIF(REGEXP_REPLACE(UPPER(TRIM(address)), r'\s+', ' '), '') AS address,
        NULLIF(UPPER(TRIM(type_of_sale)), '') AS type_of_sale,
        NULLIF(UPPER(TRIM(type_of_area)), '') AS type_of_area,
        SAFE_CAST(REGEXP_REPLACE(NULLIF(TRIM(area_sqm), '-'), r'[^0-9.-]', '') AS NUMERIC) AS area_sqm,
        SAFE_CAST(REGEXP_REPLACE(NULLIF(TRIM(unit_price_psm), '-'), r'[^0-9.-]', '') AS NUMERIC) AS unit_price_psm,
        SAFE_CAST(REGEXP_REPLACE(NULLIF(TRIM(nett_price), '-'), r'[^0-9.-]', '') AS NUMERIC) AS nett_price,
        NULLIF(UPPER(TRIM(property_type)), '') AS property_type,
        SAFE_CAST(NULLIF(TRIM(number_of_units), '-') AS INT64) AS number_of_units,
        NULLIF(UPPER(TRIM(tenure)), '') AS tenure,
        NULLIF(TRIM(completion_date), '') AS completion_date,
        NULLIF(UPPER(TRIM(purchaser_address_indicator)), '') AS purchaser_address_indicator,
        NULLIF(TRIM(postal_code), '') AS postal_code,
        NULLIF(TRIM(postal_district), '') AS postal_district,
        NULLIF(TRIM(postal_sector), '') AS postal_sector,
        NULLIF(UPPER(TRIM(planning_region)), '') AS planning_region,
        NULLIF(UPPER(TRIM(planning_area)), '') AS planning_area
    FROM `ringed-griffin-509403-b4`.`propery_trans1`.`raw_property_trans`
)
SELECT
    *,
    SAFE_CAST(IF(REGEXP_CONTAINS(completion_date, r'^\d{4}$'), completion_date, NULL) AS INT64) AS completion_year,
    CASE
        WHEN UPPER(completion_date) = 'UNCOMPLETED' THEN 'UNCOMPLETED'
        WHEN REGEXP_CONTAINS(completion_date, r'^\d{4}$') THEN 'COMPLETED'
        WHEN completion_date IS NULL THEN NULL
        ELSE 'UNKNOWN'
    END AS completion_status
FROM cleaned
    );
  
[0m14:47:19.951266 [debug] [Thread-1 (]: BigQuery adapter: https://console.cloud.google.com/bigquery?project=ringed-griffin-509403-b4&j=bq:US:b7a28809-580f-4e72-973f-f7e9b32e619e&page=queryresults
[0m14:47:23.152457 [debug] [Thread-1 (]: SQL status: OK in 3.201 seconds
[0m14:47:23.633143 [debug] [Thread-1 (]: Sending event: {'category': 'dbt', 'action': 'run_model', 'label': 'b3f9dfd6-d072-4ac6-afee-dff37e87a5cf', 'context': [<snowplow_tracker.self_describing_json.SelfDescribingJson object at 0x780ba1528f50>]}
[0m14:47:23.633697 [info ] [Thread-1 (]: 1 of 4 OK created sql table model propery_trans1.stg_property_transactions ..... [[32mCREATE TABLE (170.2k rows, 33.8 MiB processed)[0m in 4.85s]
[0m14:47:23.634140 [debug] [Thread-1 (]: Finished running node model.property_transaction_warehouse.stg_property_transactions
[0m14:47:23.634878 [debug] [Thread-2 (]: Began running node model.property_transaction_warehouse.dim_location
[0m14:47:23.635140 [debug] [Thread-3 (]: Began running node model.property_transaction_warehouse.dim_project
[0m14:47:23.635914 [info ] [Thread-3 (]: 3 of 4 START sql table model propery_trans1.dim_project ........................ [RUN]
[0m14:47:23.636383 [debug] [Thread-3 (]: Acquiring new bigquery connection 'model.property_transaction_warehouse.dim_project'
[0m14:47:23.636673 [debug] [Thread-3 (]: Began compiling node model.property_transaction_warehouse.dim_project
[0m14:47:23.637925 [debug] [Thread-3 (]: Writing injected SQL for node "model.property_transaction_warehouse.dim_project"
[0m14:47:23.635512 [info ] [Thread-2 (]: 2 of 4 START sql table model propery_trans1.dim_location ....................... [RUN]
[0m14:47:23.638370 [debug] [Thread-2 (]: Acquiring new bigquery connection 'model.property_transaction_warehouse.dim_location'
[0m14:47:23.638666 [debug] [Thread-2 (]: Began compiling node model.property_transaction_warehouse.dim_location
[0m14:47:23.639779 [debug] [Thread-2 (]: Writing injected SQL for node "model.property_transaction_warehouse.dim_location"
[0m14:47:23.640026 [debug] [Thread-3 (]: Began executing node model.property_transaction_warehouse.dim_project
[0m14:47:23.640894 [debug] [Thread-3 (]: Opening a new connection, currently in state init
[0m14:47:23.641948 [debug] [Thread-2 (]: Began executing node model.property_transaction_warehouse.dim_location
[0m14:47:23.642913 [debug] [Thread-2 (]: Opening a new connection, currently in state init
[0m14:47:24.073444 [debug] [Thread-3 (]: Writing runtime sql for node "model.property_transaction_warehouse.dim_project"
[0m14:47:24.074025 [debug] [Thread-3 (]: On model.property_transaction_warehouse.dim_project: /* {"app": "dbt", "dbt_version": "1.12.5", "profile_name": "property_transaction_warehouse", "target_name": "dev", "node_id": "model.property_transaction_warehouse.dim_project"} */

  
    

    create or replace table `ringed-griffin-509403-b4`.`propery_trans1`.`dim_project`
      
    
    

    
    OPTIONS()
    as (
      WITH cleaned_projects AS (
    SELECT DISTINCT
        NULLIF(REGEXP_REPLACE(UPPER(TRIM(project_name)), r'\s+', ' '), '') AS project_name,
        NULLIF(UPPER(TRIM(property_type)), '') AS property_type,
        NULLIF(UPPER(TRIM(tenure)), '') AS tenure,
        completion_year,
        NULLIF(UPPER(TRIM(completion_status)), '') AS completion_status
    FROM `ringed-griffin-509403-b4`.`propery_trans1`.`stg_property_transactions`
),
projects AS (
    SELECT *
    FROM cleaned_projects
    WHERE project_name IS NOT NULL
)
SELECT
    FARM_FINGERPRINT(TO_JSON_STRING(STRUCT(
        project_name,
        property_type,
        tenure,
        completion_year,
        completion_status
    ))) AS project_key,
    project_name,
    property_type,
    tenure,
    completion_year,
    completion_status
FROM projects
    );
  
[0m14:47:24.077294 [debug] [Thread-2 (]: Writing runtime sql for node "model.property_transaction_warehouse.dim_location"
[0m14:47:24.077818 [debug] [Thread-2 (]: On model.property_transaction_warehouse.dim_location: /* {"app": "dbt", "dbt_version": "1.12.5", "profile_name": "property_transaction_warehouse", "target_name": "dev", "node_id": "model.property_transaction_warehouse.dim_location"} */

  
    

    create or replace table `ringed-griffin-509403-b4`.`propery_trans1`.`dim_location`
      
    
    

    
    OPTIONS()
    as (
      WITH cleaned_locations AS (
    SELECT DISTINCT
        NULLIF(REGEXP_REPLACE(UPPER(TRIM(address)), r'\s+', ' '), '') AS address,
        NULLIF(UPPER(TRIM(postal_code)), '') AS postal_code,
        NULLIF(UPPER(TRIM(postal_district)), '') AS postal_district,
        NULLIF(UPPER(TRIM(postal_sector)), '') AS postal_sector,
        NULLIF(UPPER(TRIM(planning_region)), '') AS planning_region,
        NULLIF(UPPER(TRIM(planning_area)), '') AS planning_area
    FROM `ringed-griffin-509403-b4`.`propery_trans1`.`stg_property_transactions`
),
locations AS (
    SELECT *
    FROM cleaned_locations
    WHERE address IS NOT NULL
       OR postal_code IS NOT NULL
       OR postal_district IS NOT NULL
       OR postal_sector IS NOT NULL
       OR planning_region IS NOT NULL
       OR planning_area IS NOT NULL
)
SELECT
    FARM_FINGERPRINT(TO_JSON_STRING(STRUCT(
        address,
        postal_code,
        postal_district,
        postal_sector,
        planning_region,
        planning_area
    ))) AS location_key,
    address,
    postal_code,
    postal_district,
    postal_sector,
    planning_region,
    planning_area
FROM locations
    );
  
[0m14:47:24.721867 [debug] [Thread-3 (]: BigQuery adapter: https://console.cloud.google.com/bigquery?project=ringed-griffin-509403-b4&j=bq:US:efb4dc8b-daf0-4dac-aed7-6d6fa1505853&page=queryresults
[0m14:47:24.848143 [debug] [Thread-2 (]: BigQuery adapter: https://console.cloud.google.com/bigquery?project=ringed-griffin-509403-b4&j=bq:US:75fecd47-bc23-4973-b15d-e2d4afa16afa&page=queryresults
[0m14:47:26.200098 [debug] [Thread-3 (]: SQL status: OK in 1.478 seconds
[0m14:47:26.787788 [debug] [Thread-3 (]: Sending event: {'category': 'dbt', 'action': 'run_model', 'label': 'b3f9dfd6-d072-4ac6-afee-dff37e87a5cf', 'context': [<snowplow_tracker.self_describing_json.SelfDescribingJson object at 0x780bdcaeef10>]}
[0m14:47:26.788272 [info ] [Thread-3 (]: 3 of 4 OK created sql table model propery_trans1.dim_project ................... [[32mCREATE TABLE (2.9k rows, 10.5 MiB processed)[0m in 3.15s]
[0m14:47:26.788621 [debug] [Thread-3 (]: Finished running node model.property_transaction_warehouse.dim_project
[0m14:47:27.126711 [debug] [Thread-2 (]: SQL status: OK in 2.278 seconds
[0m14:47:27.522122 [debug] [Thread-2 (]: Sending event: {'category': 'dbt', 'action': 'run_model', 'label': 'b3f9dfd6-d072-4ac6-afee-dff37e87a5cf', 'context': [<snowplow_tracker.self_describing_json.SelfDescribingJson object at 0x780ba01bcaf0>]}
[0m14:47:27.522576 [info ] [Thread-2 (]: 2 of 4 OK created sql table model propery_trans1.dim_location .................. [[32mCREATE TABLE (153.1k rows, 11.2 MiB processed)[0m in 3.88s]
[0m14:47:27.522904 [debug] [Thread-2 (]: Finished running node model.property_transaction_warehouse.dim_location
[0m14:47:27.523691 [debug] [Thread-4 (]: Began running node model.property_transaction_warehouse.fact_transaction
[0m14:47:27.524028 [info ] [Thread-4 (]: 4 of 4 START sql table model propery_trans1.fact_transaction ................... [RUN]
[0m14:47:27.524318 [debug] [Thread-4 (]: Acquiring new bigquery connection 'model.property_transaction_warehouse.fact_transaction'
[0m14:47:27.524493 [debug] [Thread-4 (]: Began compiling node model.property_transaction_warehouse.fact_transaction
[0m14:47:27.526058 [debug] [Thread-4 (]: Writing injected SQL for node "model.property_transaction_warehouse.fact_transaction"
[0m14:47:27.526397 [debug] [Thread-4 (]: Began executing node model.property_transaction_warehouse.fact_transaction
[0m14:47:27.527024 [debug] [Thread-4 (]: Opening a new connection, currently in state init
[0m14:47:27.942662 [debug] [Thread-4 (]: Writing runtime sql for node "model.property_transaction_warehouse.fact_transaction"
[0m14:47:27.943562 [debug] [Thread-4 (]: On model.property_transaction_warehouse.fact_transaction: /* {"app": "dbt", "dbt_version": "1.12.5", "profile_name": "property_transaction_warehouse", "target_name": "dev", "node_id": "model.property_transaction_warehouse.fact_transaction"} */

  
    

    create or replace table `ringed-griffin-509403-b4`.`propery_trans1`.`fact_transaction`
      
    
    

    
    OPTIONS()
    as (
      WITH source_transactions AS (
    SELECT
        *,
        ROW_NUMBER() OVER (
            ORDER BY TO_JSON_STRING(STRUCT(
                project_name,
                transacted_price,
                area_sqft,
                unit_price_psf,
                sale_date,
                address,
                type_of_sale,
                type_of_area,
                area_sqm,
                unit_price_psm,
                nett_price,
                property_type,
                number_of_units,
                tenure,
                completion_date,
                purchaser_address_indicator,
                postal_code,
                postal_district,
                postal_sector,
                planning_region,
                planning_area
            ))
        ) AS transaction_row_number
    FROM `ringed-griffin-509403-b4`.`propery_trans1`.`stg_property_transactions`
),
transactions AS (
    SELECT
        *,
        CASE WHEN transacted_price > 0 THEN transacted_price END AS valid_transacted_price,
        CASE WHEN nett_price > 0 THEN nett_price END AS valid_nett_price,
        CASE WHEN area_sqft > 0 THEN area_sqft END AS valid_area_sqft,
        CASE WHEN area_sqm > 0 THEN area_sqm END AS valid_area_sqm,
        CASE WHEN unit_price_psf > 0 THEN unit_price_psf END AS valid_unit_price_psf,
        CASE WHEN unit_price_psm > 0 THEN unit_price_psm END AS valid_unit_price_psm,
        CASE WHEN number_of_units > 0 THEN number_of_units END AS valid_number_of_units
    FROM source_transactions
)
SELECT
    FARM_FINGERPRINT(CONCAT(
        TO_JSON_STRING(STRUCT(
            t.project_name,
            t.transacted_price,
            t.area_sqft,
            t.unit_price_psf,
            t.sale_date,
            t.address,
            t.type_of_sale,
            t.type_of_area,
            t.area_sqm,
            t.unit_price_psm,
            t.nett_price,
            t.property_type,
            t.number_of_units,
            t.tenure,
            t.completion_date,
            t.purchaser_address_indicator,
            t.postal_code,
            t.postal_district,
            t.postal_sector,
            t.planning_region,
            t.planning_area
        )),
        '#',
        CAST(transaction_row_number AS STRING)
    )) AS transaction_key,
    p.project_key,
    l.location_key,
    t.sale_date,
    t.valid_transacted_price AS transacted_price,
    t.valid_nett_price AS nett_price,
    t.valid_area_sqft AS area_sqft,
    t.valid_area_sqm AS area_sqm,
    t.valid_unit_price_psf AS unit_price_psf,
    CAST(t.valid_area_sqft * t.valid_unit_price_psf AS INT64) AS new_trans_price,
    t.valid_unit_price_psm AS unit_price_psm,
    t.valid_number_of_units AS number_of_units,
    t.type_of_sale,
    t.type_of_area,
    t.purchaser_address_indicator
FROM transactions AS t
LEFT JOIN `ringed-griffin-509403-b4`.`propery_trans1`.`dim_project` AS p
    ON t.project_name = p.project_name
    AND t.property_type IS NOT DISTINCT FROM p.property_type
    AND t.tenure IS NOT DISTINCT FROM p.tenure
    AND t.completion_year IS NOT DISTINCT FROM p.completion_year
    AND t.completion_status IS NOT DISTINCT FROM p.completion_status
LEFT JOIN `ringed-griffin-509403-b4`.`propery_trans1`.`dim_location` AS l
    ON t.address IS NOT DISTINCT FROM l.address
    AND t.postal_code IS NOT DISTINCT FROM l.postal_code
    AND t.postal_district IS NOT DISTINCT FROM l.postal_district
    AND t.postal_sector IS NOT DISTINCT FROM l.postal_sector
    AND t.planning_region IS NOT DISTINCT FROM l.planning_region
    AND t.planning_area IS NOT DISTINCT FROM l.planning_area
    );
  
[0m14:47:28.571982 [debug] [Thread-4 (]: BigQuery adapter: https://console.cloud.google.com/bigquery?project=ringed-griffin-509403-b4&j=bq:US:4e71c423-867e-4b30-8e06-6029461c4776&page=queryresults
[0m14:47:40.235853 [debug] [Thread-4 (]: SQL status: OK in 11.663 seconds
[0m14:47:40.994504 [debug] [Thread-4 (]: Sending event: {'category': 'dbt', 'action': 'run_model', 'label': 'b3f9dfd6-d072-4ac6-afee-dff37e87a5cf', 'context': [<snowplow_tracker.self_describing_json.SelfDescribingJson object at 0x780ba031b550>]}
[0m14:47:40.994995 [info ] [Thread-4 (]: 4 of 4 OK created sql table model propery_trans1.fact_transaction .............. [[32mCREATE TABLE (170.2k rows, 54.1 MiB processed)[0m in 13.47s]
[0m14:47:40.995380 [debug] [Thread-4 (]: Finished running node model.property_transaction_warehouse.fact_transaction
[0m14:47:40.996918 [debug] [MainThread]: Opening a new connection, currently in state closed
[0m14:47:40.997341 [debug] [MainThread]: Connection 'master' was properly closed.
[0m14:47:40.997504 [debug] [MainThread]: Connection 'model.property_transaction_warehouse.stg_property_transactions' was properly closed.
[0m14:47:40.997649 [debug] [MainThread]: Connection 'model.property_transaction_warehouse.dim_project' was properly closed.
[0m14:47:40.997789 [debug] [MainThread]: Connection 'model.property_transaction_warehouse.dim_location' was properly closed.
[0m14:47:40.997927 [debug] [MainThread]: Connection 'model.property_transaction_warehouse.fact_transaction' was properly closed.
[0m14:47:40.998120 [info ] [MainThread]: 
[0m14:47:40.998317 [info ] [MainThread]: Finished running 4 table models in 0 hours 0 minutes and 34.24 seconds (34.24s).
[0m14:47:40.998858 [debug] [MainThread]: Command end result
[0m14:47:41.025249 [debug] [MainThread]: Wrote artifact WritableManifest to /home/jenho/Proj 2 - Property Transaction V1/2n3_data_design_ELT_pipeline/target/manifest.json
[0m14:47:41.026845 [debug] [MainThread]: Wrote artifact SemanticManifest to /home/jenho/Proj 2 - Property Transaction V1/2n3_data_design_ELT_pipeline/target/semantic_manifest.json
[0m14:47:41.028945 [debug] [MainThread]: Wrote artifact OsiDocument to /home/jenho/Proj 2 - Property Transaction V1/2n3_data_design_ELT_pipeline/target/osi_document.json
[0m14:47:41.032998 [debug] [MainThread]: Wrote artifact RunExecutionResult to /home/jenho/Proj 2 - Property Transaction V1/2n3_data_design_ELT_pipeline/target/run_results.json
[0m14:47:41.033254 [info ] [MainThread]: 
[0m14:47:41.033531 [info ] [MainThread]: [32mCompleted successfully[0m
[0m14:47:41.033756 [info ] [MainThread]: 
[0m14:47:41.033946 [info ] [MainThread]: Done. PASS=4 WARN=0 ERROR=0 SKIP=0 NO-OP=0 REUSED=0 TOTAL=4
[0m14:47:41.034308 [debug] [MainThread]: Resource report: {"command_name": "run", "command_success": true, "command_wall_clock_time": 35.089893, "process_in_blocks": "152", "process_kernel_time": 0.255382, "process_mem_max_rss": "267372", "process_out_blocks": "3016", "process_user_time": 2.703814}
[0m14:47:41.034558 [debug] [MainThread]: Command `dbt run` succeeded at 14:47:41.034501 after 35.09 seconds
[0m14:47:41.034790 [debug] [MainThread]: Sending event: {'category': 'dbt', 'action': 'invocation', 'label': 'end', 'context': [<snowplow_tracker.self_describing_json.SelfDescribingJson object at 0x780bdb460280>, <snowplow_tracker.self_describing_json.SelfDescribingJson object at 0x780bdc253540>, <snowplow_tracker.self_describing_json.SelfDescribingJson object at 0x780bdd4a4350>]}
[0m14:47:41.035000 [debug] [MainThread]: Flushing usage events
[0m14:47:42.225494 [debug] [MainThread]: An error was encountered while trying to flush usage events
[0m12:19:49.119494 [debug] [MainThread]: Sending event: {'category': 'dbt', 'action': 'invocation', 'label': 'start', 'context': [<snowplow_tracker.self_describing_json.SelfDescribingJson object at 0x733f99b7a7b0>, <snowplow_tracker.self_describing_json.SelfDescribingJson object at 0x733f9b9e8f50>, <snowplow_tracker.self_describing_json.SelfDescribingJson object at 0x733f98543890>]}


============================== 12:19:49.123885 | 6355a22e-ea37-474c-ae3f-e6fc93d55f5b ==============================
[0m12:19:49.123885 [info ] [MainThread]: Running with dbt=1.12.5
[0m12:19:49.124513 [debug] [MainThread]: running dbt with arguments {'fail_fast': 'False', 'invocation_command': 'dbt debug', 'warn_error_options': 'WarnErrorOptionsV2(error=[], warn=[], silence=[])', 'indirect_selection': 'eager', 'cache_selected_only': 'False', 'hints_enabled': 'True', 'write_json': 'True', 'use_colors': 'True', 'log_format': 'default', 'empty': 'None', 'introspect': 'True', 'log_cache_events': 'False', 'static_parser': 'True', 'partial_parse': 'True', 'version_check': 'True', 'target_path': 'None', 'log_path': '/home/jenho/Proj 2 - Property Transaction V1/2n3_data_design_ELT_pipeline/logs', 'use_experimental_parser': 'False', 'maximum_seed_size_mib': '1', 'send_anonymous_usage_stats': 'True', 'profiles_dir': '/home/jenho/Proj 2 - Property Transaction V1/2n3_data_design_ELT_pipeline', 'quiet': 'False', 'printer_width': '80', 'no_print': 'None', 'warn_error': 'None', 'debug': 'False'}
[0m12:19:49.138193 [info ] [MainThread]: dbt version: 1.12.5
[0m12:19:49.138549 [info ] [MainThread]: python version: 3.14.7
[0m12:19:49.138736 [info ] [MainThread]: python path: /home/jenho/miniconda3/bin/python3
[0m12:19:49.138916 [info ] [MainThread]: os info: Linux-6.18.33.2-microsoft-standard-WSL2-x86_64-with-glibc2.43
[0m12:19:50.150553 [info ] [MainThread]: Using profiles dir at /home/jenho/Proj 2 - Property Transaction V1/2n3_data_design_ELT_pipeline
[0m12:19:50.150877 [info ] [MainThread]: Using profiles.yml file at /home/jenho/Proj 2 - Property Transaction V1/2n3_data_design_ELT_pipeline/profiles.yml
[0m12:19:50.151131 [info ] [MainThread]: Using dbt_project.yml file at /home/jenho/Proj 2 - Property Transaction V1/2n3_data_design_ELT_pipeline/dbt_project.yml
[0m12:19:50.151310 [info ] [MainThread]: adapter type: bigquery
[0m12:19:50.151451 [info ] [MainThread]: adapter version: 1.12.1
[0m12:19:50.210959 [info ] [MainThread]: Configuration:
[0m12:19:50.211308 [info ] [MainThread]:   profiles.yml file [[32mOK found and valid[0m]
[0m12:19:50.211467 [info ] [MainThread]:   dbt_project.yml file [[32mOK found and valid[0m]
[0m12:19:50.211612 [info ] [MainThread]: Required dependencies:
[0m12:19:50.211803 [debug] [MainThread]: Executing "git --help"
[0m12:19:50.219894 [debug] [MainThread]: STDOUT: "b"usage: git [-v | --version] [-h | --help] [-C <path>] [-c <name>=<value>]\n           [--exec-path[=<path>]] [--html-path] [--man-path] [--info-path]\n           [-p | --paginate | -P | --no-pager] [--no-replace-objects] [--no-lazy-fetch]\n           [--no-optional-locks] [--no-advice] [--bare] [--git-dir=<path>]\n           [--work-tree=<path>] [--namespace=<name>] [--config-env=<name>=<envvar>]\n           <command> [<args>]\n\nThese are common Git commands used in various situations:\n\nstart a working area (see also: git help tutorial)\n   clone      Clone a repository into a new directory\n   init       Create an empty Git repository or reinitialize an existing one\n\nwork on the current change (see also: git help everyday)\n   add        Add file contents to the index\n   mv         Move or rename a file, a directory, or a symlink\n   restore    Restore working tree files\n   rm         Remove files from the working tree and from the index\n\nexamine the history and state (see also: git help revisions)\n   bisect     Use binary search to find the commit that introduced a bug\n   diff       Show changes between commits, commit and working tree, etc\n   grep       Print lines matching a pattern\n   log        Show commit logs\n   show       Show various types of objects\n   status     Show the working tree status\n\ngrow, mark and tweak your common history\n   backfill   Download missing objects in a partial clone\n   branch     List, create, or delete branches\n   commit     Record changes to the repository\n   merge      Join two or more development histories together\n   rebase     Reapply commits on top of another base tip\n   reset      Set `HEAD` or the index to a known state\n   switch     Switch branches\n   tag        Create, list, delete or verify tags\n\ncollaborate (see also: git help workflows)\n   fetch      Download objects and refs from another repository\n   pull       Fetch from and integrate with another repository or a local branch\n   push       Update remote refs along with associated objects\n\n'git help -a' and 'git help -g' list available subcommands and some\nconcept guides. See 'git help <command>' or 'git help <concept>'\nto read about a specific subcommand or concept.\nSee 'git help git' for an overview of the system.\n""
[0m12:19:50.220364 [debug] [MainThread]: STDERR: "b''"
[0m12:19:50.220665 [info ] [MainThread]:  - git [[32mOK found[0m]

[0m12:19:50.220834 [info ] [MainThread]: Connection:
[0m12:19:50.221003 [info ] [MainThread]:   method: oauth
[0m12:19:50.221140 [info ] [MainThread]:   database: ringed-griffin-509403-b4
[0m12:19:50.221272 [info ] [MainThread]:   execution_project: ringed-griffin-509403-b4
[0m12:19:50.221396 [info ] [MainThread]:   schema: propery_trans1
[0m12:19:50.221519 [info ] [MainThread]:   location: None
[0m12:19:50.221637 [info ] [MainThread]:   priority: interactive
[0m12:19:50.221779 [info ] [MainThread]:   maximum_bytes_billed: None
[0m12:19:50.221901 [info ] [MainThread]:   reservation: None
[0m12:19:50.222016 [info ] [MainThread]:   impersonate_service_account: None
[0m12:19:50.222157 [info ] [MainThread]:   job_retry_deadline_seconds: None
[0m12:19:50.222290 [info ] [MainThread]:   job_retries: 1
[0m12:19:50.222429 [info ] [MainThread]:   job_creation_timeout_seconds: None
[0m12:19:50.222553 [info ] [MainThread]:   job_execution_timeout_seconds: None
[0m12:19:50.222671 [info ] [MainThread]:   job_link_info_level_log: False
[0m12:19:50.222789 [info ] [MainThread]:   timeout_seconds: None
[0m12:19:50.222927 [info ] [MainThread]:   client_id: None
[0m12:19:50.223047 [info ] [MainThread]:   token_uri: None
[0m12:19:50.223163 [info ] [MainThread]:   compute_region: None
[0m12:19:50.223279 [info ] [MainThread]:   dataproc_cluster_name: None
[0m12:19:50.223398 [info ] [MainThread]:   gcs_bucket: None
[0m12:19:50.223516 [info ] [MainThread]:   dataproc_batch: None
[0m12:19:50.223813 [info ] [MainThread]: Registered adapter: bigquery=1.12.1
[0m12:19:50.273782 [debug] [MainThread]: Acquiring new bigquery connection 'debug'
[0m12:19:50.274118 [debug] [MainThread]: On debug: select 1 as id
[0m12:19:50.274357 [debug] [MainThread]: Opening a new connection, currently in state init
[0m12:19:59.678774 [debug] [MainThread]: BigQuery adapter: https://console.cloud.google.com/bigquery?project=ringed-griffin-509403-b4&j=bq:US:790568fd-aa00-4657-b762-8b3b42102962&page=queryresults
[0m12:20:00.069427 [debug] [MainThread]: SQL status: OK in 0.389 seconds
[0m12:20:00.491934 [info ] [MainThread]:   Connection test: [[32mOK connection ok[0m]

[0m12:20:00.493168 [info ] [MainThread]: [32mAll checks passed![0m
[0m12:20:00.494769 [debug] [MainThread]: Resource report: {"command_name": "debug", "command_success": true, "command_wall_clock_time": 11.421014, "process_in_blocks": "568944", "process_kernel_time": 0.393492, "process_mem_max_rss": "255876", "process_out_blocks": "24", "process_user_time": 2.525273}
[0m12:20:00.495765 [debug] [MainThread]: Command `dbt debug` succeeded at 12:20:00.495559 after 11.42 seconds
[0m12:20:00.497286 [debug] [MainThread]: Connection 'debug' was properly closed.
[0m12:20:00.498124 [debug] [MainThread]: Sending event: {'category': 'dbt', 'action': 'invocation', 'label': 'end', 'context': [<snowplow_tracker.self_describing_json.SelfDescribingJson object at 0x733f5ecd2fd0>, <snowplow_tracker.self_describing_json.SelfDescribingJson object at 0x733f5eac3530>, <snowplow_tracker.self_describing_json.SelfDescribingJson object at 0x733f5ea43df0>]}
[0m12:20:00.499049 [debug] [MainThread]: Flushing usage events
[0m12:20:01.565806 [debug] [MainThread]: An error was encountered while trying to flush usage events
[0m12:20:08.023631 [debug] [MainThread]: Sending event: {'category': 'dbt', 'action': 'invocation', 'label': 'start', 'context': [<snowplow_tracker.self_describing_json.SelfDescribingJson object at 0x7f097267a7b0>, <snowplow_tracker.self_describing_json.SelfDescribingJson object at 0x7f09744d4f50>, <snowplow_tracker.self_describing_json.SelfDescribingJson object at 0x7f0970e9b890>]}


============================== 12:20:08.025777 | 34df8ce0-96a0-4e9d-a7f3-8f7c4c3278e4 ==============================
[0m12:20:08.025777 [info ] [MainThread]: Running with dbt=1.12.5
[0m12:20:08.026102 [debug] [MainThread]: running dbt with arguments {'static_parser': 'True', 'partial_parse': 'True', 'warn_error': 'None', 'maximum_seed_size_mib': '1', 'target_path': 'None', 'send_anonymous_usage_stats': 'True', 'indirect_selection': 'eager', 'profiles_dir': '/home/jenho/Proj 2 - Property Transaction V1/2n3_data_design_ELT_pipeline', 'use_colors': 'True', 'no_print': 'None', 'log_format': 'default', 'printer_width': '80', 'empty': 'False', 'warn_error_options': 'WarnErrorOptionsV2(error=[], warn=[], silence=[])', 'invocation_command': 'dbt run', 'debug': 'False', 'introspect': 'True', 'use_experimental_parser': 'False', 'quiet': 'False', 'log_cache_events': 'False', 'write_json': 'True', 'hints_enabled': 'True', 'fail_fast': 'False', 'log_path': '/home/jenho/Proj 2 - Property Transaction V1/2n3_data_design_ELT_pipeline/logs', 'version_check': 'True', 'cache_selected_only': 'False'}
[0m12:20:08.555142 [debug] [MainThread]: Sending event: {'category': 'dbt', 'action': 'project_id', 'label': '34df8ce0-96a0-4e9d-a7f3-8f7c4c3278e4', 'context': [<snowplow_tracker.self_describing_json.SelfDescribingJson object at 0x7f09377ea3f0>]}
[0m12:20:08.590057 [debug] [MainThread]: Sending event: {'category': 'dbt', 'action': 'adapter_info', 'label': '34df8ce0-96a0-4e9d-a7f3-8f7c4c3278e4', 'context': [<snowplow_tracker.self_describing_json.SelfDescribingJson object at 0x7f09746878a0>]}
[0m12:20:08.590667 [info ] [MainThread]: Registered adapter: bigquery=1.12.1
[0m12:20:08.641426 [debug] [MainThread]: checksum: 9742bae524cb133816d56fa13025eeafb4819ed2acf766351b6099479fe392d2, vars: {}, profile: property_transaction_warehouse, target: dev, version: 1.12.5
[0m12:20:08.775655 [debug] [MainThread]: Partial parsing enabled: 0 files deleted, 0 files added, 1 files changed.
[0m12:20:08.776270 [debug] [MainThread]: Partial parsing: updated file: property_transaction_warehouse://model/fact_transaction.sql
[0m12:20:09.117853 [debug] [MainThread]: Sending event: {'category': 'dbt', 'action': 'load_project', 'label': '34df8ce0-96a0-4e9d-a7f3-8f7c4c3278e4', 'context': [<snowplow_tracker.self_describing_json.SelfDescribingJson object at 0x7f09370c1d50>]}
[0m12:20:09.181604 [debug] [MainThread]: Wrote artifact WritableManifest to /home/jenho/Proj 2 - Property Transaction V1/2n3_data_design_ELT_pipeline/target/manifest.json
[0m12:20:09.187394 [debug] [MainThread]: Wrote artifact SemanticManifest to /home/jenho/Proj 2 - Property Transaction V1/2n3_data_design_ELT_pipeline/target/semantic_manifest.json
[0m12:20:09.209487 [debug] [MainThread]: Wrote artifact OsiDocument to /home/jenho/Proj 2 - Property Transaction V1/2n3_data_design_ELT_pipeline/target/osi_document.json
[0m12:20:09.222461 [debug] [MainThread]: Sending event: {'category': 'dbt', 'action': 'resource_counts', 'label': '34df8ce0-96a0-4e9d-a7f3-8f7c4c3278e4', 'context': [<snowplow_tracker.self_describing_json.SelfDescribingJson object at 0x7f0934cbaf30>]}
[0m12:20:09.222822 [info ] [MainThread]: Found 4 models, 10 data tests, 1 source, 561 macros
[0m12:20:09.223053 [debug] [MainThread]: Sending event: {'category': 'dbt', 'action': 'runnable_timing', 'label': '34df8ce0-96a0-4e9d-a7f3-8f7c4c3278e4', 'context': [<snowplow_tracker.self_describing_json.SelfDescribingJson object at 0x7f0936fcc2f0>]}
[0m12:20:09.224598 [info ] [MainThread]: 
[0m12:20:09.224846 [info ] [MainThread]: Concurrency: 4 threads (target='dev')
[0m12:20:09.225074 [info ] [MainThread]: 
[0m12:20:09.225466 [debug] [MainThread]: Acquiring new bigquery connection 'master'
[0m12:20:09.227852 [debug] [ThreadPool]: Acquiring new bigquery connection 'list_ringed-griffin-509403-b4'
[0m12:20:09.228058 [debug] [ThreadPool]: Opening a new connection, currently in state init
[0m12:20:18.774537 [debug] [ThreadPool]: Re-using an available connection from the pool (formerly list_ringed-griffin-509403-b4, now list_ringed-griffin-509403-b4_propery_trans1)
[0m12:20:18.775017 [debug] [ThreadPool]: Opening a new connection, currently in state closed
[0m12:20:19.504440 [debug] [MainThread]: Sending event: {'category': 'dbt', 'action': 'runnable_timing', 'label': '34df8ce0-96a0-4e9d-a7f3-8f7c4c3278e4', 'context': [<snowplow_tracker.self_describing_json.SelfDescribingJson object at 0x7f0970f264e0>]}
[0m12:20:19.504953 [debug] [MainThread]: Opening a new connection, currently in state init
[0m12:20:19.511630 [debug] [Thread-1 (]: Began running node model.property_transaction_warehouse.stg_property_transactions
[0m12:20:19.512040 [info ] [Thread-1 (]: 1 of 4 START sql table model propery_trans1.stg_property_transactions .......... [RUN]
[0m12:20:19.512329 [debug] [Thread-1 (]: Re-using an available connection from the pool (formerly list_ringed-griffin-509403-b4_propery_trans1, now model.property_transaction_warehouse.stg_property_transactions)
[0m12:20:19.512519 [debug] [Thread-1 (]: Began compiling node model.property_transaction_warehouse.stg_property_transactions
[0m12:20:19.612297 [debug] [Thread-1 (]: Writing injected SQL for node "model.property_transaction_warehouse.stg_property_transactions"
[0m12:20:19.614152 [debug] [Thread-1 (]: Began executing node model.property_transaction_warehouse.stg_property_transactions
[0m12:20:19.620495 [debug] [Thread-1 (]: Opening a new connection, currently in state closed
[0m12:20:20.064057 [debug] [Thread-1 (]: Writing runtime sql for node "model.property_transaction_warehouse.stg_property_transactions"
[0m12:20:20.064673 [debug] [Thread-1 (]: On model.property_transaction_warehouse.stg_property_transactions: /* {"app": "dbt", "dbt_version": "1.12.5", "profile_name": "property_transaction_warehouse", "target_name": "dev", "node_id": "model.property_transaction_warehouse.stg_property_transactions"} */

  
    

    create or replace table `ringed-griffin-509403-b4`.`propery_trans1`.`stg_property_transactions`
      
    
    

    
    OPTIONS()
    as (
      WITH cleaned AS (
    SELECT
        NULLIF(REGEXP_REPLACE(UPPER(TRIM(project_name)), r'\s+', ' '), '') AS project_name,
        SAFE_CAST(REGEXP_REPLACE(NULLIF(TRIM(transacted_price), '-'), r'[^0-9.-]', '') AS NUMERIC) AS transacted_price,
        SAFE_CAST(REGEXP_REPLACE(NULLIF(TRIM(area_sqft), '-'), r'[^0-9.-]', '') AS NUMERIC) AS area_sqft,
        SAFE_CAST(REGEXP_REPLACE(NULLIF(TRIM(unit_price_psf), '-'), r'[^0-9.-]', '') AS NUMERIC) AS unit_price_psf,
        SAFE.PARSE_DATE('%d %b %Y', NULLIF(TRIM(sale_date), '')) AS sale_date,
        NULLIF(REGEXP_REPLACE(UPPER(TRIM(address)), r'\s+', ' '), '') AS address,
        NULLIF(UPPER(TRIM(type_of_sale)), '') AS type_of_sale,
        NULLIF(UPPER(TRIM(type_of_area)), '') AS type_of_area,
        SAFE_CAST(REGEXP_REPLACE(NULLIF(TRIM(area_sqm), '-'), r'[^0-9.-]', '') AS NUMERIC) AS area_sqm,
        SAFE_CAST(REGEXP_REPLACE(NULLIF(TRIM(unit_price_psm), '-'), r'[^0-9.-]', '') AS NUMERIC) AS unit_price_psm,
        SAFE_CAST(REGEXP_REPLACE(NULLIF(TRIM(nett_price), '-'), r'[^0-9.-]', '') AS NUMERIC) AS nett_price,
        NULLIF(UPPER(TRIM(property_type)), '') AS property_type,
        SAFE_CAST(NULLIF(TRIM(number_of_units), '-') AS INT64) AS number_of_units,
        NULLIF(UPPER(TRIM(tenure)), '') AS tenure,
        NULLIF(TRIM(completion_date), '') AS completion_date,
        NULLIF(UPPER(TRIM(purchaser_address_indicator)), '') AS purchaser_address_indicator,
        NULLIF(TRIM(postal_code), '') AS postal_code,
        NULLIF(TRIM(postal_district), '') AS postal_district,
        NULLIF(TRIM(postal_sector), '') AS postal_sector,
        NULLIF(UPPER(TRIM(planning_region)), '') AS planning_region,
        NULLIF(UPPER(TRIM(planning_area)), '') AS planning_area
    FROM `ringed-griffin-509403-b4`.`propery_trans1`.`raw_property_trans`
)
SELECT
    *,
    SAFE_CAST(IF(REGEXP_CONTAINS(completion_date, r'^\d{4}$'), completion_date, NULL) AS INT64) AS completion_year,
    CASE
        WHEN UPPER(completion_date) = 'UNCOMPLETED' THEN 'UNCOMPLETED'
        WHEN REGEXP_CONTAINS(completion_date, r'^\d{4}$') THEN 'COMPLETED'
        WHEN completion_date IS NULL THEN NULL
        ELSE 'UNKNOWN'
    END AS completion_status
FROM cleaned
    );
  
[0m12:20:20.764637 [debug] [Thread-1 (]: BigQuery adapter: https://console.cloud.google.com/bigquery?project=ringed-griffin-509403-b4&j=bq:US:82f85800-e764-4d6d-a0d0-dc591e41a9c1&page=queryresults
[0m12:20:23.813726 [debug] [Thread-1 (]: SQL status: OK in 3.048 seconds
[0m12:20:24.243125 [debug] [Thread-1 (]: Sending event: {'category': 'dbt', 'action': 'run_model', 'label': '34df8ce0-96a0-4e9d-a7f3-8f7c4c3278e4', 'context': [<snowplow_tracker.self_describing_json.SelfDescribingJson object at 0x7f0934ce7350>]}
[0m12:20:24.244557 [info ] [Thread-1 (]: 1 of 4 OK created sql table model propery_trans1.stg_property_transactions ..... [[32mCREATE TABLE (170.2k rows, 33.8 MiB processed)[0m in 4.72s]
[0m12:20:24.245457 [debug] [Thread-1 (]: Finished running node model.property_transaction_warehouse.stg_property_transactions
[0m12:20:24.246547 [debug] [Thread-3 (]: Began running node model.property_transaction_warehouse.dim_project
[0m12:20:24.247392 [info ] [Thread-3 (]: 3 of 4 START sql table model propery_trans1.dim_project ........................ [RUN]
[0m12:20:24.247923 [debug] [Thread-3 (]: Acquiring new bigquery connection 'model.property_transaction_warehouse.dim_project'
[0m12:20:24.248136 [debug] [Thread-3 (]: Began compiling node model.property_transaction_warehouse.dim_project
[0m12:20:24.249402 [debug] [Thread-3 (]: Writing injected SQL for node "model.property_transaction_warehouse.dim_project"
[0m12:20:24.247035 [debug] [Thread-2 (]: Began running node model.property_transaction_warehouse.dim_location
[0m12:20:24.249823 [info ] [Thread-2 (]: 2 of 4 START sql table model propery_trans1.dim_location ....................... [RUN]
[0m12:20:24.250164 [debug] [Thread-2 (]: Acquiring new bigquery connection 'model.property_transaction_warehouse.dim_location'
[0m12:20:24.250417 [debug] [Thread-2 (]: Began compiling node model.property_transaction_warehouse.dim_location
[0m12:20:24.251652 [debug] [Thread-2 (]: Writing injected SQL for node "model.property_transaction_warehouse.dim_location"
[0m12:20:24.252551 [debug] [Thread-3 (]: Began executing node model.property_transaction_warehouse.dim_project
[0m12:20:24.253598 [debug] [Thread-3 (]: Opening a new connection, currently in state init
[0m12:20:24.252812 [debug] [Thread-2 (]: Began executing node model.property_transaction_warehouse.dim_location
[0m12:20:24.255238 [debug] [Thread-2 (]: Opening a new connection, currently in state init
[0m12:20:24.665197 [debug] [Thread-2 (]: Writing runtime sql for node "model.property_transaction_warehouse.dim_location"
[0m12:20:24.666948 [debug] [Thread-2 (]: On model.property_transaction_warehouse.dim_location: /* {"app": "dbt", "dbt_version": "1.12.5", "profile_name": "property_transaction_warehouse", "target_name": "dev", "node_id": "model.property_transaction_warehouse.dim_location"} */

  
    

    create or replace table `ringed-griffin-509403-b4`.`propery_trans1`.`dim_location`
      
    
    

    
    OPTIONS()
    as (
      WITH cleaned_locations AS (
    SELECT DISTINCT
        NULLIF(REGEXP_REPLACE(UPPER(TRIM(address)), r'\s+', ' '), '') AS address,
        NULLIF(UPPER(TRIM(postal_code)), '') AS postal_code,
        NULLIF(UPPER(TRIM(postal_district)), '') AS postal_district,
        NULLIF(UPPER(TRIM(postal_sector)), '') AS postal_sector,
        NULLIF(UPPER(TRIM(planning_region)), '') AS planning_region,
        NULLIF(UPPER(TRIM(planning_area)), '') AS planning_area
    FROM `ringed-griffin-509403-b4`.`propery_trans1`.`stg_property_transactions`
),
locations AS (
    SELECT *
    FROM cleaned_locations
    WHERE address IS NOT NULL
       OR postal_code IS NOT NULL
       OR postal_district IS NOT NULL
       OR postal_sector IS NOT NULL
       OR planning_region IS NOT NULL
       OR planning_area IS NOT NULL
)
SELECT
    FARM_FINGERPRINT(TO_JSON_STRING(STRUCT(
        address,
        postal_code,
        postal_district,
        postal_sector,
        planning_region,
        planning_area
    ))) AS location_key,
    address,
    postal_code,
    postal_district,
    postal_sector,
    planning_region,
    planning_area
FROM locations
    );
  
[0m12:20:24.689108 [debug] [Thread-3 (]: Writing runtime sql for node "model.property_transaction_warehouse.dim_project"
[0m12:20:24.690904 [debug] [Thread-3 (]: On model.property_transaction_warehouse.dim_project: /* {"app": "dbt", "dbt_version": "1.12.5", "profile_name": "property_transaction_warehouse", "target_name": "dev", "node_id": "model.property_transaction_warehouse.dim_project"} */

  
    

    create or replace table `ringed-griffin-509403-b4`.`propery_trans1`.`dim_project`
      
    
    

    
    OPTIONS()
    as (
      WITH cleaned_projects AS (
    SELECT DISTINCT
        NULLIF(REGEXP_REPLACE(UPPER(TRIM(project_name)), r'\s+', ' '), '') AS project_name,
        NULLIF(UPPER(TRIM(property_type)), '') AS property_type,
        NULLIF(UPPER(TRIM(tenure)), '') AS tenure,
        completion_year,
        NULLIF(UPPER(TRIM(completion_status)), '') AS completion_status
    FROM `ringed-griffin-509403-b4`.`propery_trans1`.`stg_property_transactions`
),
projects AS (
    SELECT *
    FROM cleaned_projects
    WHERE project_name IS NOT NULL
)
SELECT
    FARM_FINGERPRINT(TO_JSON_STRING(STRUCT(
        project_name,
        property_type,
        tenure,
        completion_year,
        completion_status
    ))) AS project_key,
    project_name,
    property_type,
    tenure,
    completion_year,
    completion_status
FROM projects
    );
  
[0m12:20:25.288032 [debug] [Thread-2 (]: BigQuery adapter: https://console.cloud.google.com/bigquery?project=ringed-griffin-509403-b4&j=bq:US:c51a333d-f154-409d-a4db-082a2574f0d6&page=queryresults
[0m12:20:25.386236 [debug] [Thread-3 (]: BigQuery adapter: https://console.cloud.google.com/bigquery?project=ringed-griffin-509403-b4&j=bq:US:a791dd5a-534e-434d-93c8-8ea6e0a793db&page=queryresults
[0m12:20:26.844313 [debug] [Thread-3 (]: SQL status: OK in 1.456 seconds
[0m12:20:27.238536 [debug] [Thread-3 (]: Sending event: {'category': 'dbt', 'action': 'run_model', 'label': '34df8ce0-96a0-4e9d-a7f3-8f7c4c3278e4', 'context': [<snowplow_tracker.self_describing_json.SelfDescribingJson object at 0x7f0934d2e620>]}
[0m12:20:27.240330 [info ] [Thread-3 (]: 3 of 4 OK created sql table model propery_trans1.dim_project ................... [[32mCREATE TABLE (2.9k rows, 10.5 MiB processed)[0m in 2.99s]
[0m12:20:27.241854 [debug] [Thread-3 (]: Finished running node model.property_transaction_warehouse.dim_project
[0m12:20:27.596733 [debug] [Thread-2 (]: SQL status: OK in 2.307 seconds
[0m12:20:28.158245 [debug] [Thread-2 (]: Sending event: {'category': 'dbt', 'action': 'run_model', 'label': '34df8ce0-96a0-4e9d-a7f3-8f7c4c3278e4', 'context': [<snowplow_tracker.self_describing_json.SelfDescribingJson object at 0x7f09340f4230>]}
[0m12:20:28.160621 [info ] [Thread-2 (]: 2 of 4 OK created sql table model propery_trans1.dim_location .................. [[32mCREATE TABLE (153.1k rows, 11.2 MiB processed)[0m in 3.91s]
[0m12:20:28.162044 [debug] [Thread-2 (]: Finished running node model.property_transaction_warehouse.dim_location
[0m12:20:28.164584 [debug] [Thread-4 (]: Began running node model.property_transaction_warehouse.fact_transaction
[0m12:20:28.165369 [info ] [Thread-4 (]: 4 of 4 START sql table model propery_trans1.fact_transaction ................... [RUN]
[0m12:20:28.166301 [debug] [Thread-4 (]: Acquiring new bigquery connection 'model.property_transaction_warehouse.fact_transaction'
[0m12:20:28.166870 [debug] [Thread-4 (]: Began compiling node model.property_transaction_warehouse.fact_transaction
[0m12:20:28.171370 [debug] [Thread-4 (]: Writing injected SQL for node "model.property_transaction_warehouse.fact_transaction"
[0m12:20:28.172301 [debug] [Thread-4 (]: Began executing node model.property_transaction_warehouse.fact_transaction
[0m12:20:28.173875 [debug] [Thread-4 (]: Opening a new connection, currently in state init
[0m12:20:29.115677 [debug] [Thread-4 (]: Writing runtime sql for node "model.property_transaction_warehouse.fact_transaction"
[0m12:20:29.117742 [debug] [Thread-4 (]: On model.property_transaction_warehouse.fact_transaction: /* {"app": "dbt", "dbt_version": "1.12.5", "profile_name": "property_transaction_warehouse", "target_name": "dev", "node_id": "model.property_transaction_warehouse.fact_transaction"} */

  
    

    create or replace table `ringed-griffin-509403-b4`.`propery_trans1`.`fact_transaction`
      
    
    

    
    OPTIONS()
    as (
      WITH source_transactions AS (
    SELECT
        *,
        ROW_NUMBER() OVER (
            ORDER BY TO_JSON_STRING(STRUCT(
                project_name,
                transacted_price,
                area_sqft,
                unit_price_psf,
                sale_date,
                address,
                type_of_sale,
                type_of_area,
                area_sqm,
                unit_price_psm,
                nett_price,
                property_type,
                number_of_units,
                tenure,
                completion_date,
                purchaser_address_indicator,
                postal_code,
                postal_district,
                postal_sector,
                planning_region,
                planning_area
            ))
        ) AS transaction_row_number
    FROM `ringed-griffin-509403-b4`.`propery_trans1`.`stg_property_transactions`
),
transactions AS (
    SELECT
        *,
        CASE WHEN transacted_price > 0 THEN transacted_price END AS valid_transacted_price,
        CASE WHEN nett_price > 0 THEN nett_price END AS valid_nett_price,
        CASE WHEN area_sqft > 0 THEN area_sqft END AS valid_area_sqft,
        CASE WHEN area_sqm > 0 THEN area_sqm END AS valid_area_sqm,
        CASE WHEN unit_price_psf > 0 THEN unit_price_psf END AS valid_unit_price_psf,
        CASE WHEN unit_price_psm > 0 THEN unit_price_psm END AS valid_unit_price_psm,
        CASE WHEN number_of_units > 0 THEN number_of_units END AS valid_number_of_units
    FROM source_transactions
)
SELECT
    FARM_FINGERPRINT(CONCAT(
        TO_JSON_STRING(STRUCT(
            t.project_name,
            t.transacted_price,
            t.area_sqft,
            t.unit_price_psf,
            t.sale_date,
            t.address,
            t.type_of_sale,
            t.type_of_area,
            t.area_sqm,
            t.unit_price_psm,
            t.nett_price,
            t.property_type,
            t.number_of_units,
            t.tenure,
            t.completion_date,
            t.purchaser_address_indicator,
            t.postal_code,
            t.postal_district,
            t.postal_sector,
            t.planning_region,
            t.planning_area
        )),
        '#',
        CAST(transaction_row_number AS STRING)
    )) AS transaction_key,
    p.project_key,
    l.location_key,
    t.sale_date,
    t.valid_transacted_price AS transacted_price,
    t.valid_nett_price AS nett_price,
    t.valid_area_sqft AS area_sqft,
    t.valid_area_sqm AS area_sqm,
    t.valid_unit_price_psf AS unit_price_psf,
    CAST(t.valid_area_sqft * t.valid_unit_price_psf AS INT64) AS new_trans_price,
    CAST(((t.valid_area_sqft * t.valid_unit_price_psf) - t.valid_transacted_price) AS INT64)/t.valid_transacted_price) AS percentage_difference,
    t.valid_unit_price_psm AS unit_price_psm,
    t.valid_number_of_units AS number_of_units,
    t.type_of_sale,
    t.type_of_area,
    t.purchaser_address_indicator
FROM transactions AS t
LEFT JOIN `ringed-griffin-509403-b4`.`propery_trans1`.`dim_project` AS p
    ON t.project_name = p.project_name
    AND t.property_type IS NOT DISTINCT FROM p.property_type
    AND t.tenure IS NOT DISTINCT FROM p.tenure
    AND t.completion_year IS NOT DISTINCT FROM p.completion_year
    AND t.completion_status IS NOT DISTINCT FROM p.completion_status
LEFT JOIN `ringed-griffin-509403-b4`.`propery_trans1`.`dim_location` AS l
    ON t.address IS NOT DISTINCT FROM l.address
    AND t.postal_code IS NOT DISTINCT FROM l.postal_code
    AND t.postal_district IS NOT DISTINCT FROM l.postal_district
    AND t.postal_sector IS NOT DISTINCT FROM l.postal_sector
    AND t.planning_region IS NOT DISTINCT FROM l.planning_region
    AND t.planning_area IS NOT DISTINCT FROM l.planning_area
    );
  
[0m12:20:29.685553 [debug] [Thread-4 (]: BigQuery adapter: https://console.cloud.google.com/bigquery?project=ringed-griffin-509403-b4&j=bq:US:935a45e3-d9ff-4c09-99cf-3ed95c300cac&page=queryresults
[0m12:20:29.687373 [error] [Thread-4 (]: BigQuery adapter: https://console.cloud.google.com/bigquery?project=ringed-griffin-509403-b4&j=bq:US:935a45e3-d9ff-4c09-99cf-3ed95c300cac&page=queryresults
[0m12:20:29.714620 [debug] [Thread-4 (]: Database Error in model fact_transaction (model/fact_transaction.sql)
  Syntax error: Expected end of input but got "," at [93:144]
  compiled code at target/run/property_transaction_warehouse/model/fact_transaction.sql
[0m12:20:29.715632 [debug] [Thread-4 (]: Sending event: {'category': 'dbt', 'action': 'run_model', 'label': '34df8ce0-96a0-4e9d-a7f3-8f7c4c3278e4', 'context': [<snowplow_tracker.self_describing_json.SelfDescribingJson object at 0x7f0934120e50>]}
[0m12:20:29.716510 [error] [Thread-4 (]: 4 of 4 ERROR creating sql table model propery_trans1.fact_transaction .......... [[31mERROR[0m in 1.55s]
[0m12:20:29.717464 [debug] [Thread-4 (]: Finished running node model.property_transaction_warehouse.fact_transaction
[0m12:20:29.719631 [debug] [Thread-7 (]: Marking all children of 'model.property_transaction_warehouse.fact_transaction' to be skipped because of status 'error'.  Reason: Database Error in model fact_transaction (model/fact_transaction.sql)
  Syntax error: Expected end of input but got "," at [93:144]
  compiled code at target/run/property_transaction_warehouse/model/fact_transaction.sql.
[0m12:20:29.725392 [debug] [MainThread]: Opening a new connection, currently in state closed
[0m12:20:29.726987 [debug] [MainThread]: Connection 'master' was properly closed.
[0m12:20:29.727629 [debug] [MainThread]: Connection 'model.property_transaction_warehouse.stg_property_transactions' was properly closed.
[0m12:20:29.728251 [debug] [MainThread]: Connection 'model.property_transaction_warehouse.dim_project' was properly closed.
[0m12:20:29.729064 [debug] [MainThread]: Connection 'model.property_transaction_warehouse.dim_location' was properly closed.
[0m12:20:29.729446 [debug] [MainThread]: Connection 'model.property_transaction_warehouse.fact_transaction' was properly closed.
[0m12:20:29.729667 [info ] [MainThread]: 
[0m12:20:29.729854 [info ] [MainThread]: Finished running 4 table models in 0 hours 0 minutes and 20.50 seconds (20.50s).
[0m12:20:29.730448 [debug] [MainThread]: Command end result
[0m12:20:29.747370 [debug] [MainThread]: Wrote artifact WritableManifest to /home/jenho/Proj 2 - Property Transaction V1/2n3_data_design_ELT_pipeline/target/manifest.json
[0m12:20:29.749026 [debug] [MainThread]: Wrote artifact SemanticManifest to /home/jenho/Proj 2 - Property Transaction V1/2n3_data_design_ELT_pipeline/target/semantic_manifest.json
[0m12:20:29.750267 [debug] [MainThread]: Wrote artifact OsiDocument to /home/jenho/Proj 2 - Property Transaction V1/2n3_data_design_ELT_pipeline/target/osi_document.json
[0m12:20:29.754101 [debug] [MainThread]: Wrote artifact RunExecutionResult to /home/jenho/Proj 2 - Property Transaction V1/2n3_data_design_ELT_pipeline/target/run_results.json
[0m12:20:29.754377 [info ] [MainThread]: 
[0m12:20:29.754617 [info ] [MainThread]: [31mCompleted with 1 error, 0 partial successes, and 0 warnings:[0m
[0m12:20:29.754828 [info ] [MainThread]: 
[0m12:20:29.755057 [error] [MainThread]: [[31mERROR[0m]: in model fact_transaction (model/fact_transaction.sql)
[0m12:20:29.755250 [error] [MainThread]:   Database Error in model fact_transaction (model/fact_transaction.sql)
  Syntax error: Expected end of input but got "," at [93:144]
  compiled code at target/run/property_transaction_warehouse/model/fact_transaction.sql
[0m12:20:29.755387 [info ] [MainThread]: 
[0m12:20:29.755556 [info ] [MainThread]:   compiled code at target/compiled/property_transaction_warehouse/model/fact_transaction.sql
[0m12:20:29.755719 [info ] [MainThread]: 
[0m12:20:29.755914 [info ] [MainThread]: Done. PASS=3 WARN=0 ERROR=1 SKIP=0 NO-OP=0 REUSED=0 TOTAL=4
[0m12:20:29.756320 [debug] [MainThread]: Resource report: {"command_name": "run", "command_success": false, "command_wall_clock_time": 21.775867, "process_in_blocks": "15640", "process_kernel_time": 0.2209, "process_mem_max_rss": "275168", "process_out_blocks": "4336", "process_user_time": 3.265314}
[0m12:20:29.756627 [debug] [MainThread]: Command `dbt run` failed at 12:20:29.756555 after 21.78 seconds
[0m12:20:29.756935 [debug] [MainThread]: Sending event: {'category': 'dbt', 'action': 'invocation', 'label': 'end', 'context': [<snowplow_tracker.self_describing_json.SelfDescribingJson object at 0x7f0970f1c280>, <snowplow_tracker.self_describing_json.SelfDescribingJson object at 0x7f0971b1b540>, <snowplow_tracker.self_describing_json.SelfDescribingJson object at 0x7f0970ecdaf0>]}
[0m12:20:29.757151 [debug] [MainThread]: Flushing usage events
[0m12:20:30.973130 [debug] [MainThread]: An error was encountered while trying to flush usage events
[0m12:21:52.021218 [debug] [MainThread]: Sending event: {'category': 'dbt', 'action': 'invocation', 'label': 'start', 'context': [<snowplow_tracker.self_describing_json.SelfDescribingJson object at 0x75989887e7b0>, <snowplow_tracker.self_describing_json.SelfDescribingJson object at 0x75989a6d8f50>, <snowplow_tracker.self_describing_json.SelfDescribingJson object at 0x75989709f890>]}


============================== 12:21:52.024734 | 63cacf24-16ad-4d87-b74c-932c62720468 ==============================
[0m12:21:52.024734 [info ] [MainThread]: Running with dbt=1.12.5
[0m12:21:52.025050 [debug] [MainThread]: running dbt with arguments {'maximum_seed_size_mib': '1', 'warn_error_options': 'WarnErrorOptionsV2(error=[], warn=[], silence=[])', 'empty': 'False', 'use_experimental_parser': 'False', 'write_json': 'True', 'log_cache_events': 'False', 'target_path': 'None', 'static_parser': 'True', 'version_check': 'True', 'log_format': 'default', 'fail_fast': 'False', 'indirect_selection': 'eager', 'profiles_dir': '/home/jenho/Proj 2 - Property Transaction V1/2n3_data_design_ELT_pipeline', 'cache_selected_only': 'False', 'use_colors': 'True', 'warn_error': 'None', 'send_anonymous_usage_stats': 'True', 'hints_enabled': 'True', 'debug': 'False', 'quiet': 'False', 'partial_parse': 'True', 'printer_width': '80', 'log_path': '/home/jenho/Proj 2 - Property Transaction V1/2n3_data_design_ELT_pipeline/logs', 'no_print': 'None', 'introspect': 'True', 'invocation_command': 'dbt run'}
[0m12:21:53.087678 [debug] [MainThread]: Sending event: {'category': 'dbt', 'action': 'project_id', 'label': '63cacf24-16ad-4d87-b74c-932c62720468', 'context': [<snowplow_tracker.self_describing_json.SelfDescribingJson object at 0x75985d9e23f0>]}
[0m12:21:53.124728 [debug] [MainThread]: Sending event: {'category': 'dbt', 'action': 'adapter_info', 'label': '63cacf24-16ad-4d87-b74c-932c62720468', 'context': [<snowplow_tracker.self_describing_json.SelfDescribingJson object at 0x75989a89b8a0>]}
[0m12:21:53.125475 [info ] [MainThread]: Registered adapter: bigquery=1.12.1
[0m12:21:53.176355 [debug] [MainThread]: checksum: 9742bae524cb133816d56fa13025eeafb4819ed2acf766351b6099479fe392d2, vars: {}, profile: property_transaction_warehouse, target: dev, version: 1.12.5
[0m12:21:53.304715 [debug] [MainThread]: Partial parsing enabled: 0 files deleted, 0 files added, 1 files changed.
[0m12:21:53.305258 [debug] [MainThread]: Partial parsing: updated file: property_transaction_warehouse://model/fact_transaction.sql
[0m12:21:53.650313 [debug] [MainThread]: Sending event: {'category': 'dbt', 'action': 'load_project', 'label': '63cacf24-16ad-4d87-b74c-932c62720468', 'context': [<snowplow_tracker.self_describing_json.SelfDescribingJson object at 0x75985d2b9b50>]}
[0m12:21:53.710032 [debug] [MainThread]: Wrote artifact WritableManifest to /home/jenho/Proj 2 - Property Transaction V1/2n3_data_design_ELT_pipeline/target/manifest.json
[0m12:21:53.712080 [debug] [MainThread]: Wrote artifact SemanticManifest to /home/jenho/Proj 2 - Property Transaction V1/2n3_data_design_ELT_pipeline/target/semantic_manifest.json
[0m12:21:53.728921 [debug] [MainThread]: Wrote artifact OsiDocument to /home/jenho/Proj 2 - Property Transaction V1/2n3_data_design_ELT_pipeline/target/osi_document.json
[0m12:21:53.739547 [debug] [MainThread]: Sending event: {'category': 'dbt', 'action': 'resource_counts', 'label': '63cacf24-16ad-4d87-b74c-932c62720468', 'context': [<snowplow_tracker.self_describing_json.SelfDescribingJson object at 0x759846dbad50>]}
[0m12:21:53.740013 [info ] [MainThread]: Found 4 models, 10 data tests, 1 source, 561 macros
[0m12:21:53.740418 [debug] [MainThread]: Sending event: {'category': 'dbt', 'action': 'runnable_timing', 'label': '63cacf24-16ad-4d87-b74c-932c62720468', 'context': [<snowplow_tracker.self_describing_json.SelfDescribingJson object at 0x75985d1d0210>]}
[0m12:21:53.741701 [info ] [MainThread]: 
[0m12:21:53.741982 [info ] [MainThread]: Concurrency: 4 threads (target='dev')
[0m12:21:53.742153 [info ] [MainThread]: 
[0m12:21:53.742619 [debug] [MainThread]: Acquiring new bigquery connection 'master'
[0m12:21:53.745030 [debug] [ThreadPool]: Acquiring new bigquery connection 'list_ringed-griffin-509403-b4'
[0m12:21:53.745315 [debug] [ThreadPool]: Opening a new connection, currently in state init
[0m12:22:03.001557 [debug] [ThreadPool]: Re-using an available connection from the pool (formerly list_ringed-griffin-509403-b4, now list_ringed-griffin-509403-b4_propery_trans1)
[0m12:22:03.002634 [debug] [ThreadPool]: Opening a new connection, currently in state closed
[0m12:22:03.765580 [debug] [MainThread]: Sending event: {'category': 'dbt', 'action': 'runnable_timing', 'label': '63cacf24-16ad-4d87-b74c-932c62720468', 'context': [<snowplow_tracker.self_describing_json.SelfDescribingJson object at 0x75989712a4e0>]}
[0m12:22:03.766673 [debug] [MainThread]: Opening a new connection, currently in state init
[0m12:22:03.777305 [debug] [Thread-1 (]: Began running node model.property_transaction_warehouse.stg_property_transactions
[0m12:22:03.778140 [info ] [Thread-1 (]: 1 of 4 START sql table model propery_trans1.stg_property_transactions .......... [RUN]
[0m12:22:03.778803 [debug] [Thread-1 (]: Re-using an available connection from the pool (formerly list_ringed-griffin-509403-b4_propery_trans1, now model.property_transaction_warehouse.stg_property_transactions)
[0m12:22:03.779242 [debug] [Thread-1 (]: Began compiling node model.property_transaction_warehouse.stg_property_transactions
[0m12:22:03.887056 [debug] [Thread-1 (]: Writing injected SQL for node "model.property_transaction_warehouse.stg_property_transactions"
[0m12:22:03.890530 [debug] [Thread-1 (]: Began executing node model.property_transaction_warehouse.stg_property_transactions
[0m12:22:03.897581 [debug] [Thread-1 (]: Opening a new connection, currently in state closed
[0m12:22:04.381993 [debug] [Thread-1 (]: Writing runtime sql for node "model.property_transaction_warehouse.stg_property_transactions"
[0m12:22:04.382795 [debug] [Thread-1 (]: On model.property_transaction_warehouse.stg_property_transactions: /* {"app": "dbt", "dbt_version": "1.12.5", "profile_name": "property_transaction_warehouse", "target_name": "dev", "node_id": "model.property_transaction_warehouse.stg_property_transactions"} */

  
    

    create or replace table `ringed-griffin-509403-b4`.`propery_trans1`.`stg_property_transactions`
      
    
    

    
    OPTIONS()
    as (
      WITH cleaned AS (
    SELECT
        NULLIF(REGEXP_REPLACE(UPPER(TRIM(project_name)), r'\s+', ' '), '') AS project_name,
        SAFE_CAST(REGEXP_REPLACE(NULLIF(TRIM(transacted_price), '-'), r'[^0-9.-]', '') AS NUMERIC) AS transacted_price,
        SAFE_CAST(REGEXP_REPLACE(NULLIF(TRIM(area_sqft), '-'), r'[^0-9.-]', '') AS NUMERIC) AS area_sqft,
        SAFE_CAST(REGEXP_REPLACE(NULLIF(TRIM(unit_price_psf), '-'), r'[^0-9.-]', '') AS NUMERIC) AS unit_price_psf,
        SAFE.PARSE_DATE('%d %b %Y', NULLIF(TRIM(sale_date), '')) AS sale_date,
        NULLIF(REGEXP_REPLACE(UPPER(TRIM(address)), r'\s+', ' '), '') AS address,
        NULLIF(UPPER(TRIM(type_of_sale)), '') AS type_of_sale,
        NULLIF(UPPER(TRIM(type_of_area)), '') AS type_of_area,
        SAFE_CAST(REGEXP_REPLACE(NULLIF(TRIM(area_sqm), '-'), r'[^0-9.-]', '') AS NUMERIC) AS area_sqm,
        SAFE_CAST(REGEXP_REPLACE(NULLIF(TRIM(unit_price_psm), '-'), r'[^0-9.-]', '') AS NUMERIC) AS unit_price_psm,
        SAFE_CAST(REGEXP_REPLACE(NULLIF(TRIM(nett_price), '-'), r'[^0-9.-]', '') AS NUMERIC) AS nett_price,
        NULLIF(UPPER(TRIM(property_type)), '') AS property_type,
        SAFE_CAST(NULLIF(TRIM(number_of_units), '-') AS INT64) AS number_of_units,
        NULLIF(UPPER(TRIM(tenure)), '') AS tenure,
        NULLIF(TRIM(completion_date), '') AS completion_date,
        NULLIF(UPPER(TRIM(purchaser_address_indicator)), '') AS purchaser_address_indicator,
        NULLIF(TRIM(postal_code), '') AS postal_code,
        NULLIF(TRIM(postal_district), '') AS postal_district,
        NULLIF(TRIM(postal_sector), '') AS postal_sector,
        NULLIF(UPPER(TRIM(planning_region)), '') AS planning_region,
        NULLIF(UPPER(TRIM(planning_area)), '') AS planning_area
    FROM `ringed-griffin-509403-b4`.`propery_trans1`.`raw_property_trans`
)
SELECT
    *,
    SAFE_CAST(IF(REGEXP_CONTAINS(completion_date, r'^\d{4}$'), completion_date, NULL) AS INT64) AS completion_year,
    CASE
        WHEN UPPER(completion_date) = 'UNCOMPLETED' THEN 'UNCOMPLETED'
        WHEN REGEXP_CONTAINS(completion_date, r'^\d{4}$') THEN 'COMPLETED'
        WHEN completion_date IS NULL THEN NULL
        ELSE 'UNKNOWN'
    END AS completion_status
FROM cleaned
    );
  
[0m12:22:05.133977 [debug] [Thread-1 (]: BigQuery adapter: https://console.cloud.google.com/bigquery?project=ringed-griffin-509403-b4&j=bq:US:32ed0200-d652-4e09-99d0-f2fc9731c15f&page=queryresults
[0m12:22:08.008442 [debug] [Thread-1 (]: SQL status: OK in 2.873 seconds
[0m12:22:08.435926 [debug] [Thread-1 (]: Sending event: {'category': 'dbt', 'action': 'run_model', 'label': '63cacf24-16ad-4d87-b74c-932c62720468', 'context': [<snowplow_tracker.self_describing_json.SelfDescribingJson object at 0x759846ddf110>]}
[0m12:22:08.437049 [info ] [Thread-1 (]: 1 of 4 OK created sql table model propery_trans1.stg_property_transactions ..... [[32mCREATE TABLE (170.2k rows, 33.8 MiB processed)[0m in 4.65s]
[0m12:22:08.437827 [debug] [Thread-1 (]: Finished running node model.property_transaction_warehouse.stg_property_transactions
[0m12:22:08.438802 [debug] [Thread-2 (]: Began running node model.property_transaction_warehouse.dim_location
[0m12:22:08.439144 [info ] [Thread-2 (]: 2 of 4 START sql table model propery_trans1.dim_location ....................... [RUN]
[0m12:22:08.439904 [debug] [Thread-2 (]: Acquiring new bigquery connection 'model.property_transaction_warehouse.dim_location'
[0m12:22:08.440164 [debug] [Thread-2 (]: Began compiling node model.property_transaction_warehouse.dim_location
[0m12:22:08.441446 [debug] [Thread-2 (]: Writing injected SQL for node "model.property_transaction_warehouse.dim_location"
[0m12:22:08.439537 [debug] [Thread-3 (]: Began running node model.property_transaction_warehouse.dim_project
[0m12:22:08.441912 [info ] [Thread-3 (]: 3 of 4 START sql table model propery_trans1.dim_project ........................ [RUN]
[0m12:22:08.442458 [debug] [Thread-3 (]: Acquiring new bigquery connection 'model.property_transaction_warehouse.dim_project'
[0m12:22:08.442655 [debug] [Thread-3 (]: Began compiling node model.property_transaction_warehouse.dim_project
[0m12:22:08.443602 [debug] [Thread-3 (]: Writing injected SQL for node "model.property_transaction_warehouse.dim_project"
[0m12:22:08.444012 [debug] [Thread-2 (]: Began executing node model.property_transaction_warehouse.dim_location
[0m12:22:08.444855 [debug] [Thread-2 (]: Opening a new connection, currently in state init
[0m12:22:08.445841 [debug] [Thread-3 (]: Began executing node model.property_transaction_warehouse.dim_project
[0m12:22:08.446673 [debug] [Thread-3 (]: Opening a new connection, currently in state init
[0m12:22:08.854315 [debug] [Thread-3 (]: Writing runtime sql for node "model.property_transaction_warehouse.dim_project"
[0m12:22:08.856105 [debug] [Thread-3 (]: On model.property_transaction_warehouse.dim_project: /* {"app": "dbt", "dbt_version": "1.12.5", "profile_name": "property_transaction_warehouse", "target_name": "dev", "node_id": "model.property_transaction_warehouse.dim_project"} */

  
    

    create or replace table `ringed-griffin-509403-b4`.`propery_trans1`.`dim_project`
      
    
    

    
    OPTIONS()
    as (
      WITH cleaned_projects AS (
    SELECT DISTINCT
        NULLIF(REGEXP_REPLACE(UPPER(TRIM(project_name)), r'\s+', ' '), '') AS project_name,
        NULLIF(UPPER(TRIM(property_type)), '') AS property_type,
        NULLIF(UPPER(TRIM(tenure)), '') AS tenure,
        completion_year,
        NULLIF(UPPER(TRIM(completion_status)), '') AS completion_status
    FROM `ringed-griffin-509403-b4`.`propery_trans1`.`stg_property_transactions`
),
projects AS (
    SELECT *
    FROM cleaned_projects
    WHERE project_name IS NOT NULL
)
SELECT
    FARM_FINGERPRINT(TO_JSON_STRING(STRUCT(
        project_name,
        property_type,
        tenure,
        completion_year,
        completion_status
    ))) AS project_key,
    project_name,
    property_type,
    tenure,
    completion_year,
    completion_status
FROM projects
    );
  
[0m12:22:08.876846 [debug] [Thread-2 (]: Writing runtime sql for node "model.property_transaction_warehouse.dim_location"
[0m12:22:08.878686 [debug] [Thread-2 (]: On model.property_transaction_warehouse.dim_location: /* {"app": "dbt", "dbt_version": "1.12.5", "profile_name": "property_transaction_warehouse", "target_name": "dev", "node_id": "model.property_transaction_warehouse.dim_location"} */

  
    

    create or replace table `ringed-griffin-509403-b4`.`propery_trans1`.`dim_location`
      
    
    

    
    OPTIONS()
    as (
      WITH cleaned_locations AS (
    SELECT DISTINCT
        NULLIF(REGEXP_REPLACE(UPPER(TRIM(address)), r'\s+', ' '), '') AS address,
        NULLIF(UPPER(TRIM(postal_code)), '') AS postal_code,
        NULLIF(UPPER(TRIM(postal_district)), '') AS postal_district,
        NULLIF(UPPER(TRIM(postal_sector)), '') AS postal_sector,
        NULLIF(UPPER(TRIM(planning_region)), '') AS planning_region,
        NULLIF(UPPER(TRIM(planning_area)), '') AS planning_area
    FROM `ringed-griffin-509403-b4`.`propery_trans1`.`stg_property_transactions`
),
locations AS (
    SELECT *
    FROM cleaned_locations
    WHERE address IS NOT NULL
       OR postal_code IS NOT NULL
       OR postal_district IS NOT NULL
       OR postal_sector IS NOT NULL
       OR planning_region IS NOT NULL
       OR planning_area IS NOT NULL
)
SELECT
    FARM_FINGERPRINT(TO_JSON_STRING(STRUCT(
        address,
        postal_code,
        postal_district,
        postal_sector,
        planning_region,
        planning_area
    ))) AS location_key,
    address,
    postal_code,
    postal_district,
    postal_sector,
    planning_region,
    planning_area
FROM locations
    );
  
[0m12:22:09.500516 [debug] [Thread-3 (]: BigQuery adapter: https://console.cloud.google.com/bigquery?project=ringed-griffin-509403-b4&j=bq:US:1fa474e9-b8e5-413a-991b-f85c6b86ae9a&page=queryresults
[0m12:22:09.528656 [debug] [Thread-2 (]: BigQuery adapter: https://console.cloud.google.com/bigquery?project=ringed-griffin-509403-b4&j=bq:US:f16f4c3c-046c-489f-85b9-353d49e8628c&page=queryresults
[0m12:22:11.247639 [debug] [Thread-3 (]: SQL status: OK in 1.746 seconds
[0m12:22:11.645458 [debug] [Thread-3 (]: Sending event: {'category': 'dbt', 'action': 'run_model', 'label': '63cacf24-16ad-4d87-b74c-932c62720468', 'context': [<snowplow_tracker.self_describing_json.SelfDescribingJson object at 0x759846e63800>]}
[0m12:22:11.647167 [info ] [Thread-3 (]: 3 of 4 OK created sql table model propery_trans1.dim_project ................... [[32mCREATE TABLE (2.9k rows, 10.5 MiB processed)[0m in 3.20s]
[0m12:22:11.648851 [debug] [Thread-3 (]: Finished running node model.property_transaction_warehouse.dim_project
[0m12:22:12.055847 [debug] [Thread-2 (]: SQL status: OK in 2.526 seconds
[0m12:22:12.441111 [debug] [Thread-2 (]: Sending event: {'category': 'dbt', 'action': 'run_model', 'label': '63cacf24-16ad-4d87-b74c-932c62720468', 'context': [<snowplow_tracker.self_describing_json.SelfDescribingJson object at 0x759846c26350>]}
[0m12:22:12.443031 [info ] [Thread-2 (]: 2 of 4 OK created sql table model propery_trans1.dim_location .................. [[32mCREATE TABLE (153.1k rows, 11.2 MiB processed)[0m in 4.00s]
[0m12:22:12.444275 [debug] [Thread-2 (]: Finished running node model.property_transaction_warehouse.dim_location
[0m12:22:12.447169 [debug] [Thread-4 (]: Began running node model.property_transaction_warehouse.fact_transaction
[0m12:22:12.448445 [info ] [Thread-4 (]: 4 of 4 START sql table model propery_trans1.fact_transaction ................... [RUN]
[0m12:22:12.449755 [debug] [Thread-4 (]: Acquiring new bigquery connection 'model.property_transaction_warehouse.fact_transaction'
[0m12:22:12.450395 [debug] [Thread-4 (]: Began compiling node model.property_transaction_warehouse.fact_transaction
[0m12:22:12.456418 [debug] [Thread-4 (]: Writing injected SQL for node "model.property_transaction_warehouse.fact_transaction"
[0m12:22:12.457597 [debug] [Thread-4 (]: Began executing node model.property_transaction_warehouse.fact_transaction
[0m12:22:12.460322 [debug] [Thread-4 (]: Opening a new connection, currently in state init
[0m12:22:12.872900 [debug] [Thread-4 (]: Writing runtime sql for node "model.property_transaction_warehouse.fact_transaction"
[0m12:22:12.874693 [debug] [Thread-4 (]: On model.property_transaction_warehouse.fact_transaction: /* {"app": "dbt", "dbt_version": "1.12.5", "profile_name": "property_transaction_warehouse", "target_name": "dev", "node_id": "model.property_transaction_warehouse.fact_transaction"} */

  
    

    create or replace table `ringed-griffin-509403-b4`.`propery_trans1`.`fact_transaction`
      
    
    

    
    OPTIONS()
    as (
      WITH source_transactions AS (
    SELECT
        *,
        ROW_NUMBER() OVER (
            ORDER BY TO_JSON_STRING(STRUCT(
                project_name,
                transacted_price,
                area_sqft,
                unit_price_psf,
                sale_date,
                address,
                type_of_sale,
                type_of_area,
                area_sqm,
                unit_price_psm,
                nett_price,
                property_type,
                number_of_units,
                tenure,
                completion_date,
                purchaser_address_indicator,
                postal_code,
                postal_district,
                postal_sector,
                planning_region,
                planning_area
            ))
        ) AS transaction_row_number
    FROM `ringed-griffin-509403-b4`.`propery_trans1`.`stg_property_transactions`
),
transactions AS (
    SELECT
        *,
        CASE WHEN transacted_price > 0 THEN transacted_price END AS valid_transacted_price,
        CASE WHEN nett_price > 0 THEN nett_price END AS valid_nett_price,
        CASE WHEN area_sqft > 0 THEN area_sqft END AS valid_area_sqft,
        CASE WHEN area_sqm > 0 THEN area_sqm END AS valid_area_sqm,
        CASE WHEN unit_price_psf > 0 THEN unit_price_psf END AS valid_unit_price_psf,
        CASE WHEN unit_price_psm > 0 THEN unit_price_psm END AS valid_unit_price_psm,
        CASE WHEN number_of_units > 0 THEN number_of_units END AS valid_number_of_units
    FROM source_transactions
)
SELECT
    FARM_FINGERPRINT(CONCAT(
        TO_JSON_STRING(STRUCT(
            t.project_name,
            t.transacted_price,
            t.area_sqft,
            t.unit_price_psf,
            t.sale_date,
            t.address,
            t.type_of_sale,
            t.type_of_area,
            t.area_sqm,
            t.unit_price_psm,
            t.nett_price,
            t.property_type,
            t.number_of_units,
            t.tenure,
            t.completion_date,
            t.purchaser_address_indicator,
            t.postal_code,
            t.postal_district,
            t.postal_sector,
            t.planning_region,
            t.planning_area
        )),
        '#',
        CAST(transaction_row_number AS STRING)
    )) AS transaction_key,
    p.project_key,
    l.location_key,
    t.sale_date,
    t.valid_transacted_price AS transacted_price,
    t.valid_nett_price AS nett_price,
    t.valid_area_sqft AS area_sqft,
    t.valid_area_sqm AS area_sqm,
    t.valid_unit_price_psf AS unit_price_psf,
    CAST(t.valid_area_sqft * t.valid_unit_price_psf AS INT64) AS new_trans_price,
    CAST(((t.valid_area_sqft * t.valid_unit_price_psf) - t.valid_transacted_price) AS INT64)/NULLIF(t.valid_transacted_price, 0) AS percentage_difference,
    t.valid_unit_price_psm AS unit_price_psm,
    t.valid_number_of_units AS number_of_units,
    t.type_of_sale,
    t.type_of_area,
    t.purchaser_address_indicator
FROM transactions AS t
LEFT JOIN `ringed-griffin-509403-b4`.`propery_trans1`.`dim_project` AS p
    ON t.project_name = p.project_name
    AND t.property_type IS NOT DISTINCT FROM p.property_type
    AND t.tenure IS NOT DISTINCT FROM p.tenure
    AND t.completion_year IS NOT DISTINCT FROM p.completion_year
    AND t.completion_status IS NOT DISTINCT FROM p.completion_status
LEFT JOIN `ringed-griffin-509403-b4`.`propery_trans1`.`dim_location` AS l
    ON t.address IS NOT DISTINCT FROM l.address
    AND t.postal_code IS NOT DISTINCT FROM l.postal_code
    AND t.postal_district IS NOT DISTINCT FROM l.postal_district
    AND t.postal_sector IS NOT DISTINCT FROM l.postal_sector
    AND t.planning_region IS NOT DISTINCT FROM l.planning_region
    AND t.planning_area IS NOT DISTINCT FROM l.planning_area
    );
  
[0m12:22:13.494079 [debug] [Thread-4 (]: BigQuery adapter: https://console.cloud.google.com/bigquery?project=ringed-griffin-509403-b4&j=bq:US:ab754df9-9152-4080-ad6b-c47cb354e3ed&page=queryresults
[0m12:22:27.087549 [debug] [Thread-4 (]: SQL status: OK in 13.592 seconds
[0m12:22:27.463587 [debug] [Thread-4 (]: Sending event: {'category': 'dbt', 'action': 'run_model', 'label': '63cacf24-16ad-4d87-b74c-932c62720468', 'context': [<snowplow_tracker.self_describing_json.SelfDescribingJson object at 0x7598443ebcd0>]}
[0m12:22:27.465177 [info ] [Thread-4 (]: 4 of 4 OK created sql table model propery_trans1.fact_transaction .............. [[32mCREATE TABLE (170.2k rows, 54.1 MiB processed)[0m in 15.01s]
[0m12:22:27.466475 [debug] [Thread-4 (]: Finished running node model.property_transaction_warehouse.fact_transaction
[0m12:22:27.470365 [debug] [MainThread]: Opening a new connection, currently in state closed
[0m12:22:27.471553 [debug] [MainThread]: Connection 'master' was properly closed.
[0m12:22:27.472223 [debug] [MainThread]: Connection 'model.property_transaction_warehouse.stg_property_transactions' was properly closed.
[0m12:22:27.472767 [debug] [MainThread]: Connection 'model.property_transaction_warehouse.dim_location' was properly closed.
[0m12:22:27.473499 [debug] [MainThread]: Connection 'model.property_transaction_warehouse.dim_project' was properly closed.
[0m12:22:27.473970 [debug] [MainThread]: Connection 'model.property_transaction_warehouse.fact_transaction' was properly closed.
[0m12:22:27.474572 [info ] [MainThread]: 
[0m12:22:27.475165 [info ] [MainThread]: Finished running 4 table models in 0 hours 0 minutes and 33.73 seconds (33.73s).
[0m12:22:27.476953 [debug] [MainThread]: Command end result
[0m12:22:27.502733 [debug] [MainThread]: Wrote artifact WritableManifest to /home/jenho/Proj 2 - Property Transaction V1/2n3_data_design_ELT_pipeline/target/manifest.json
[0m12:22:27.505226 [debug] [MainThread]: Wrote artifact SemanticManifest to /home/jenho/Proj 2 - Property Transaction V1/2n3_data_design_ELT_pipeline/target/semantic_manifest.json
[0m12:22:27.506515 [debug] [MainThread]: Wrote artifact OsiDocument to /home/jenho/Proj 2 - Property Transaction V1/2n3_data_design_ELT_pipeline/target/osi_document.json
[0m12:22:27.510046 [debug] [MainThread]: Wrote artifact RunExecutionResult to /home/jenho/Proj 2 - Property Transaction V1/2n3_data_design_ELT_pipeline/target/run_results.json
[0m12:22:27.510251 [info ] [MainThread]: 
[0m12:22:27.510472 [info ] [MainThread]: [32mCompleted successfully[0m
[0m12:22:27.510635 [info ] [MainThread]: 
[0m12:22:27.510806 [info ] [MainThread]: Done. PASS=4 WARN=0 ERROR=0 SKIP=0 NO-OP=0 REUSED=0 TOTAL=4
[0m12:22:27.511148 [debug] [MainThread]: Resource report: {"command_name": "run", "command_success": true, "command_wall_clock_time": 35.534557, "process_in_blocks": "571448", "process_kernel_time": 0.387532, "process_mem_max_rss": "274688", "process_out_blocks": "4336", "process_user_time": 3.475153}
[0m12:22:27.511381 [debug] [MainThread]: Command `dbt run` succeeded at 12:22:27.511330 after 35.53 seconds
[0m12:22:27.511580 [debug] [MainThread]: Sending event: {'category': 'dbt', 'action': 'invocation', 'label': 'end', 'context': [<snowplow_tracker.self_describing_json.SelfDescribingJson object at 0x759897120280>, <snowplow_tracker.self_describing_json.SelfDescribingJson object at 0x759897d1f540>, <snowplow_tracker.self_describing_json.SelfDescribingJson object at 0x75985d196f90>]}
[0m12:22:27.511770 [debug] [MainThread]: Flushing usage events
[0m12:22:28.785707 [debug] [MainThread]: An error was encountered while trying to flush usage events
[0m15:32:31.685448 [debug] [MainThread]: Sending event: {'category': 'dbt', 'action': 'invocation', 'label': 'start', 'context': [<snowplow_tracker.self_describing_json.SelfDescribingJson object at 0x73693fc7e7b0>, <snowplow_tracker.self_describing_json.SelfDescribingJson object at 0x736941aacf50>, <snowplow_tracker.self_describing_json.SelfDescribingJson object at 0x73693e4a3890>]}


============================== 15:32:31.688763 | 5835a6c3-51b9-4962-b36a-317a038807a5 ==============================
[0m15:32:31.688763 [info ] [MainThread]: Running with dbt=1.12.5
[0m15:32:31.689587 [debug] [MainThread]: running dbt with arguments {'log_path': '/home/jenho/Group5_Project2/2n3_data_design_ELT_pipeline/logs', 'profiles_dir': '/home/jenho/Group5_Project2/2n3_data_design_ELT_pipeline', 'warn_error_options': 'WarnErrorOptionsV2(error=[], warn=[], silence=[])', 'log_cache_events': 'False', 'invocation_command': 'dbt debug', 'use_experimental_parser': 'False', 'maximum_seed_size_mib': '1', 'static_parser': 'True', 'no_print': 'None', 'cache_selected_only': 'False', 'introspect': 'True', 'fail_fast': 'False', 'log_format': 'default', 'printer_width': '80', 'use_colors': 'True', 'send_anonymous_usage_stats': 'True', 'partial_parse': 'True', 'empty': 'None', 'debug': 'False', 'warn_error': 'None', 'indirect_selection': 'eager', 'target_path': 'None', 'write_json': 'True', 'quiet': 'False', 'version_check': 'True', 'hints_enabled': 'True'}
[0m15:32:31.703295 [info ] [MainThread]: dbt version: 1.12.5
[0m15:32:31.703687 [info ] [MainThread]: python version: 3.14.7
[0m15:32:31.703906 [info ] [MainThread]: python path: /home/jenho/miniconda3/bin/python3
[0m15:32:31.704059 [info ] [MainThread]: os info: Linux-6.18.33.2-microsoft-standard-WSL2-x86_64-with-glibc2.43
[0m15:32:32.327182 [info ] [MainThread]: Using profiles dir at /home/jenho/Group5_Project2/2n3_data_design_ELT_pipeline
[0m15:32:32.327573 [info ] [MainThread]: Using profiles.yml file at /home/jenho/Group5_Project2/2n3_data_design_ELT_pipeline/profiles.yml
[0m15:32:32.327778 [info ] [MainThread]: Using dbt_project.yml file at /home/jenho/Group5_Project2/2n3_data_design_ELT_pipeline/dbt_project.yml
[0m15:32:32.327965 [info ] [MainThread]: adapter type: bigquery
[0m15:32:32.328137 [info ] [MainThread]: adapter version: 1.12.1
[0m15:32:32.395611 [info ] [MainThread]: Configuration:
[0m15:32:32.396091 [info ] [MainThread]:   profiles.yml file [[32mOK found and valid[0m]
[0m15:32:32.396341 [info ] [MainThread]:   dbt_project.yml file [[32mOK found and valid[0m]
[0m15:32:32.396760 [info ] [MainThread]: Required dependencies:
[0m15:32:32.397404 [debug] [MainThread]: Executing "git --help"
[0m15:32:32.399281 [debug] [MainThread]: STDOUT: "b"usage: git [-v | --version] [-h | --help] [-C <path>] [-c <name>=<value>]\n           [--exec-path[=<path>]] [--html-path] [--man-path] [--info-path]\n           [-p | --paginate | -P | --no-pager] [--no-replace-objects] [--no-lazy-fetch]\n           [--no-optional-locks] [--no-advice] [--bare] [--git-dir=<path>]\n           [--work-tree=<path>] [--namespace=<name>] [--config-env=<name>=<envvar>]\n           <command> [<args>]\n\nThese are common Git commands used in various situations:\n\nstart a working area (see also: git help tutorial)\n   clone      Clone a repository into a new directory\n   init       Create an empty Git repository or reinitialize an existing one\n\nwork on the current change (see also: git help everyday)\n   add        Add file contents to the index\n   mv         Move or rename a file, a directory, or a symlink\n   restore    Restore working tree files\n   rm         Remove files from the working tree and from the index\n\nexamine the history and state (see also: git help revisions)\n   bisect     Use binary search to find the commit that introduced a bug\n   diff       Show changes between commits, commit and working tree, etc\n   grep       Print lines matching a pattern\n   log        Show commit logs\n   show       Show various types of objects\n   status     Show the working tree status\n\ngrow, mark and tweak your common history\n   backfill   Download missing objects in a partial clone\n   branch     List, create, or delete branches\n   commit     Record changes to the repository\n   merge      Join two or more development histories together\n   rebase     Reapply commits on top of another base tip\n   reset      Set `HEAD` or the index to a known state\n   switch     Switch branches\n   tag        Create, list, delete or verify tags\n\ncollaborate (see also: git help workflows)\n   fetch      Download objects and refs from another repository\n   pull       Fetch from and integrate with another repository or a local branch\n   push       Update remote refs along with associated objects\n\n'git help -a' and 'git help -g' list available subcommands and some\nconcept guides. See 'git help <command>' or 'git help <concept>'\nto read about a specific subcommand or concept.\nSee 'git help git' for an overview of the system.\n""
[0m15:32:32.399651 [debug] [MainThread]: STDERR: "b''"
[0m15:32:32.399815 [info ] [MainThread]:  - git [[32mOK found[0m]

[0m15:32:32.399966 [info ] [MainThread]: Connection:
[0m15:32:32.400220 [info ] [MainThread]:   method: oauth
[0m15:32:32.400470 [info ] [MainThread]:   database: ringed-griffin-509403-b4
[0m15:32:32.400703 [info ] [MainThread]:   execution_project: ringed-griffin-509403-b4
[0m15:32:32.400878 [info ] [MainThread]:   schema: propery_trans1
[0m15:32:32.401131 [info ] [MainThread]:   location: None
[0m15:32:32.401301 [info ] [MainThread]:   priority: interactive
[0m15:32:32.401551 [info ] [MainThread]:   maximum_bytes_billed: None
[0m15:32:32.401699 [info ] [MainThread]:   reservation: None
[0m15:32:32.401851 [info ] [MainThread]:   impersonate_service_account: None
[0m15:32:32.401991 [info ] [MainThread]:   job_retry_deadline_seconds: None
[0m15:32:32.402159 [info ] [MainThread]:   job_retries: 1
[0m15:32:32.402288 [info ] [MainThread]:   job_creation_timeout_seconds: None
[0m15:32:32.402409 [info ] [MainThread]:   job_execution_timeout_seconds: None
[0m15:32:32.402536 [info ] [MainThread]:   job_link_info_level_log: False
[0m15:32:32.402693 [info ] [MainThread]:   timeout_seconds: None
[0m15:32:32.402851 [info ] [MainThread]:   client_id: None
[0m15:32:32.403009 [info ] [MainThread]:   token_uri: None
[0m15:32:32.403175 [info ] [MainThread]:   compute_region: None
[0m15:32:32.403336 [info ] [MainThread]:   dataproc_cluster_name: None
[0m15:32:32.403495 [info ] [MainThread]:   gcs_bucket: None
[0m15:32:32.403681 [info ] [MainThread]:   dataproc_batch: None
[0m15:32:32.404026 [info ] [MainThread]: Registered adapter: bigquery=1.12.1
[0m15:32:32.458735 [debug] [MainThread]: Acquiring new bigquery connection 'debug'
[0m15:32:32.459073 [debug] [MainThread]: On debug: select 1 as id
[0m15:32:32.459301 [debug] [MainThread]: Opening a new connection, currently in state init
[0m15:32:42.921889 [debug] [MainThread]: BigQuery adapter: https://console.cloud.google.com/bigquery?project=ringed-griffin-509403-b4&j=bq:US:43bd05bb-55a6-485f-906f-33fb7170e1df&page=queryresults
[0m15:32:43.300045 [debug] [MainThread]: SQL status: OK in 0.378 seconds
[0m15:32:43.691371 [info ] [MainThread]:   Connection test: [[32mOK connection ok[0m]

[0m15:32:43.691763 [info ] [MainThread]: [32mAll checks passed![0m
[0m15:32:43.692178 [debug] [MainThread]: Resource report: {"command_name": "debug", "command_success": true, "command_wall_clock_time": 12.055439, "process_in_blocks": "100304", "process_kernel_time": 0.343755, "process_mem_max_rss": "256184", "process_out_blocks": "24", "process_user_time": 2.520315}
[0m15:32:43.692453 [debug] [MainThread]: Command `dbt debug` succeeded at 15:32:43.692396 after 12.06 seconds
[0m15:32:43.692650 [debug] [MainThread]: Connection 'debug' was properly closed.
[0m15:32:43.692859 [debug] [MainThread]: Sending event: {'category': 'dbt', 'action': 'invocation', 'label': 'end', 'context': [<snowplow_tracker.self_describing_json.SelfDescribingJson object at 0x736908c0afd0>, <snowplow_tracker.self_describing_json.SelfDescribingJson object at 0x7369089ff530>, <snowplow_tracker.self_describing_json.SelfDescribingJson object at 0x736908b67ce0>]}
[0m15:32:43.693099 [debug] [MainThread]: Flushing usage events
[0m15:32:44.735108 [debug] [MainThread]: An error was encountered while trying to flush usage events
[0m15:32:50.757473 [debug] [MainThread]: Sending event: {'category': 'dbt', 'action': 'invocation', 'label': 'start', 'context': [<snowplow_tracker.self_describing_json.SelfDescribingJson object at 0x7a954b77e7b0>, <snowplow_tracker.self_describing_json.SelfDescribingJson object at 0x7a954d5a8f50>, <snowplow_tracker.self_describing_json.SelfDescribingJson object at 0x7a954a007890>]}


============================== 15:32:50.759691 | 589dab67-67c3-4f17-9065-5d045f15682e ==============================
[0m15:32:50.759691 [info ] [MainThread]: Running with dbt=1.12.5
[0m15:32:50.760037 [debug] [MainThread]: running dbt with arguments {'introspect': 'True', 'warn_error': 'None', 'use_experimental_parser': 'False', 'log_cache_events': 'False', 'log_format': 'default', 'indirect_selection': 'eager', 'version_check': 'True', 'write_json': 'True', 'send_anonymous_usage_stats': 'True', 'partial_parse': 'True', 'maximum_seed_size_mib': '1', 'use_colors': 'True', 'invocation_command': 'dbt run', 'static_parser': 'True', 'target_path': 'None', 'hints_enabled': 'True', 'debug': 'False', 'printer_width': '80', 'warn_error_options': 'WarnErrorOptionsV2(error=[], warn=[], silence=[])', 'no_print': 'None', 'fail_fast': 'False', 'cache_selected_only': 'False', 'log_path': '/home/jenho/Group5_Project2/2n3_data_design_ELT_pipeline/logs', 'empty': 'False', 'quiet': 'False', 'profiles_dir': '/home/jenho/Group5_Project2/2n3_data_design_ELT_pipeline'}
[0m15:32:51.260370 [debug] [MainThread]: Sending event: {'category': 'dbt', 'action': 'project_id', 'label': '589dab67-67c3-4f17-9065-5d045f15682e', 'context': [<snowplow_tracker.self_describing_json.SelfDescribingJson object at 0x7a951472a3f0>]}
[0m15:32:51.297343 [debug] [MainThread]: Sending event: {'category': 'dbt', 'action': 'adapter_info', 'label': '589dab67-67c3-4f17-9065-5d045f15682e', 'context': [<snowplow_tracker.self_describing_json.SelfDescribingJson object at 0x7a954d7579b0>]}
[0m15:32:51.298256 [info ] [MainThread]: Registered adapter: bigquery=1.12.1
[0m15:32:51.360543 [debug] [MainThread]: checksum: 9742bae524cb133816d56fa13025eeafb4819ed2acf766351b6099479fe392d2, vars: {}, profile: property_transaction_warehouse, target: dev, version: 1.12.5
[0m15:32:51.516403 [debug] [MainThread]: Partial parsing enabled: 0 files deleted, 0 files added, 0 files changed.
[0m15:32:51.516740 [debug] [MainThread]: Nothing changed, skipping partial parsing.
[0m15:32:51.516898 [debug] [MainThread]: Partial parsing enabled, no changes found, skipping parsing
[0m15:32:51.522322 [debug] [MainThread]: Sending event: {'category': 'dbt', 'action': 'load_project', 'label': '589dab67-67c3-4f17-9065-5d045f15682e', 'context': [<snowplow_tracker.self_describing_json.SelfDescribingJson object at 0x7a950ff81650>]}
[0m15:32:51.599880 [debug] [MainThread]: Wrote artifact WritableManifest to /home/jenho/Group5_Project2/2n3_data_design_ELT_pipeline/target/manifest.json
[0m15:32:51.601401 [debug] [MainThread]: Wrote artifact SemanticManifest to /home/jenho/Group5_Project2/2n3_data_design_ELT_pipeline/target/semantic_manifest.json
[0m15:32:51.637992 [debug] [MainThread]: Wrote artifact OsiDocument to /home/jenho/Group5_Project2/2n3_data_design_ELT_pipeline/target/osi_document.json
[0m15:32:51.646210 [debug] [MainThread]: Sending event: {'category': 'dbt', 'action': 'resource_counts', 'label': '589dab67-67c3-4f17-9065-5d045f15682e', 'context': [<snowplow_tracker.self_describing_json.SelfDescribingJson object at 0x7a950fe88410>]}
[0m15:32:51.646556 [info ] [MainThread]: Found 4 models, 10 data tests, 1 source, 561 macros
[0m15:32:51.646747 [debug] [MainThread]: Sending event: {'category': 'dbt', 'action': 'runnable_timing', 'label': '589dab67-67c3-4f17-9065-5d045f15682e', 'context': [<snowplow_tracker.self_describing_json.SelfDescribingJson object at 0x7a950fe9e350>]}
[0m15:32:51.647966 [info ] [MainThread]: 
[0m15:32:51.648196 [info ] [MainThread]: Concurrency: 4 threads (target='dev')
[0m15:32:51.648370 [info ] [MainThread]: 
[0m15:32:51.648714 [debug] [MainThread]: Acquiring new bigquery connection 'master'
[0m15:32:51.651865 [debug] [ThreadPool]: Acquiring new bigquery connection 'list_ringed-griffin-509403-b4'
[0m15:32:51.652244 [debug] [ThreadPool]: Opening a new connection, currently in state init
[0m15:33:01.908730 [debug] [ThreadPool]: Re-using an available connection from the pool (formerly list_ringed-griffin-509403-b4, now list_ringed-griffin-509403-b4_propery_trans1)
[0m15:33:01.909194 [debug] [ThreadPool]: Opening a new connection, currently in state closed
[0m15:33:02.637582 [debug] [MainThread]: Sending event: {'category': 'dbt', 'action': 'runnable_timing', 'label': '589dab67-67c3-4f17-9065-5d045f15682e', 'context': [<snowplow_tracker.self_describing_json.SelfDescribingJson object at 0x7a9549e8e4e0>]}
[0m15:33:02.637976 [debug] [MainThread]: Opening a new connection, currently in state init
[0m15:33:02.664545 [debug] [Thread-1 (]: Began running node model.property_transaction_warehouse.stg_property_transactions
[0m15:33:02.665150 [info ] [Thread-1 (]: 1 of 4 START sql table model propery_trans1.stg_property_transactions .......... [RUN]
[0m15:33:02.665550 [debug] [Thread-1 (]: Re-using an available connection from the pool (formerly list_ringed-griffin-509403-b4_propery_trans1, now model.property_transaction_warehouse.stg_property_transactions)
[0m15:33:02.665853 [debug] [Thread-1 (]: Began compiling node model.property_transaction_warehouse.stg_property_transactions
[0m15:33:02.670380 [debug] [Thread-1 (]: Writing injected SQL for node "model.property_transaction_warehouse.stg_property_transactions"
[0m15:33:02.670895 [debug] [Thread-1 (]: Began executing node model.property_transaction_warehouse.stg_property_transactions
[0m15:33:02.684688 [debug] [Thread-1 (]: Opening a new connection, currently in state closed
[0m15:33:03.104009 [debug] [Thread-1 (]: Writing runtime sql for node "model.property_transaction_warehouse.stg_property_transactions"
[0m15:33:03.104677 [debug] [Thread-1 (]: On model.property_transaction_warehouse.stg_property_transactions: /* {"app": "dbt", "dbt_version": "1.12.5", "profile_name": "property_transaction_warehouse", "target_name": "dev", "node_id": "model.property_transaction_warehouse.stg_property_transactions"} */

  
    

    create or replace table `ringed-griffin-509403-b4`.`propery_trans1`.`stg_property_transactions`
      
    
    

    
    OPTIONS()
    as (
      WITH cleaned AS (
    SELECT
        NULLIF(REGEXP_REPLACE(UPPER(TRIM(project_name)), r'\s+', ' '), '') AS project_name,
        SAFE_CAST(REGEXP_REPLACE(NULLIF(TRIM(transacted_price), '-'), r'[^0-9.-]', '') AS NUMERIC) AS transacted_price,
        SAFE_CAST(REGEXP_REPLACE(NULLIF(TRIM(area_sqft), '-'), r'[^0-9.-]', '') AS NUMERIC) AS area_sqft,
        SAFE_CAST(REGEXP_REPLACE(NULLIF(TRIM(unit_price_psf), '-'), r'[^0-9.-]', '') AS NUMERIC) AS unit_price_psf,
        SAFE.PARSE_DATE('%d %b %Y', NULLIF(TRIM(sale_date), '')) AS sale_date,
        NULLIF(REGEXP_REPLACE(UPPER(TRIM(address)), r'\s+', ' '), '') AS address,
        NULLIF(UPPER(TRIM(type_of_sale)), '') AS type_of_sale,
        NULLIF(UPPER(TRIM(type_of_area)), '') AS type_of_area,
        SAFE_CAST(REGEXP_REPLACE(NULLIF(TRIM(area_sqm), '-'), r'[^0-9.-]', '') AS NUMERIC) AS area_sqm,
        SAFE_CAST(REGEXP_REPLACE(NULLIF(TRIM(unit_price_psm), '-'), r'[^0-9.-]', '') AS NUMERIC) AS unit_price_psm,
        SAFE_CAST(REGEXP_REPLACE(NULLIF(TRIM(nett_price), '-'), r'[^0-9.-]', '') AS NUMERIC) AS nett_price,
        NULLIF(UPPER(TRIM(property_type)), '') AS property_type,
        SAFE_CAST(NULLIF(TRIM(number_of_units), '-') AS INT64) AS number_of_units,
        NULLIF(UPPER(TRIM(tenure)), '') AS tenure,
        NULLIF(TRIM(completion_date), '') AS completion_date,
        NULLIF(UPPER(TRIM(purchaser_address_indicator)), '') AS purchaser_address_indicator,
        NULLIF(TRIM(postal_code), '') AS postal_code,
        NULLIF(TRIM(postal_district), '') AS postal_district,
        NULLIF(TRIM(postal_sector), '') AS postal_sector,
        NULLIF(UPPER(TRIM(planning_region)), '') AS planning_region,
        NULLIF(UPPER(TRIM(planning_area)), '') AS planning_area
    FROM `ringed-griffin-509403-b4`.`propery_trans1`.`raw_property_trans`
)
SELECT
    *,
    SAFE_CAST(IF(REGEXP_CONTAINS(completion_date, r'^\d{4}$'), completion_date, NULL) AS INT64) AS completion_year,
    CASE
        WHEN UPPER(completion_date) = 'UNCOMPLETED' THEN 'UNCOMPLETED'
        WHEN REGEXP_CONTAINS(completion_date, r'^\d{4}$') THEN 'COMPLETED'
        WHEN completion_date IS NULL THEN NULL
        ELSE 'UNKNOWN'
    END AS completion_status
FROM cleaned
    );
  
[0m15:33:03.866790 [debug] [Thread-1 (]: BigQuery adapter: https://console.cloud.google.com/bigquery?project=ringed-griffin-509403-b4&j=bq:US:de4f8a93-52b3-4184-8f9f-32f62caeca3c&page=queryresults
[0m15:33:08.969516 [debug] [Thread-1 (]: SQL status: OK in 5.102 seconds
[0m15:33:09.570385 [debug] [Thread-1 (]: Sending event: {'category': 'dbt', 'action': 'run_model', 'label': '589dab67-67c3-4f17-9065-5d045f15682e', 'context': [<snowplow_tracker.self_describing_json.SelfDescribingJson object at 0x7a950c500f50>]}
[0m15:33:09.570920 [info ] [Thread-1 (]: 1 of 4 OK created sql table model propery_trans1.stg_property_transactions ..... [[32mCREATE TABLE (170.2k rows, 33.8 MiB processed)[0m in 6.90s]
[0m15:33:09.571291 [debug] [Thread-1 (]: Finished running node model.property_transaction_warehouse.stg_property_transactions
[0m15:33:09.572075 [debug] [Thread-2 (]: Began running node model.property_transaction_warehouse.dim_location
[0m15:33:09.572741 [info ] [Thread-2 (]: 2 of 4 START sql table model propery_trans1.dim_location ....................... [RUN]
[0m15:33:09.573102 [debug] [Thread-2 (]: Acquiring new bigquery connection 'model.property_transaction_warehouse.dim_location'
[0m15:33:09.573306 [debug] [Thread-2 (]: Began compiling node model.property_transaction_warehouse.dim_location
[0m15:33:09.574710 [debug] [Thread-2 (]: Writing injected SQL for node "model.property_transaction_warehouse.dim_location"
[0m15:33:09.572421 [debug] [Thread-3 (]: Began running node model.property_transaction_warehouse.dim_project
[0m15:33:09.575128 [info ] [Thread-3 (]: 3 of 4 START sql table model propery_trans1.dim_project ........................ [RUN]
[0m15:33:09.575473 [debug] [Thread-3 (]: Acquiring new bigquery connection 'model.property_transaction_warehouse.dim_project'
[0m15:33:09.575679 [debug] [Thread-3 (]: Began compiling node model.property_transaction_warehouse.dim_project
[0m15:33:09.576667 [debug] [Thread-3 (]: Writing injected SQL for node "model.property_transaction_warehouse.dim_project"
[0m15:33:09.577167 [debug] [Thread-2 (]: Began executing node model.property_transaction_warehouse.dim_location
[0m15:33:09.577932 [debug] [Thread-2 (]: Opening a new connection, currently in state init
[0m15:33:09.579344 [debug] [Thread-3 (]: Began executing node model.property_transaction_warehouse.dim_project
[0m15:33:09.581759 [debug] [Thread-3 (]: Opening a new connection, currently in state init
[0m15:33:09.984854 [debug] [Thread-3 (]: Writing runtime sql for node "model.property_transaction_warehouse.dim_project"
[0m15:33:09.985429 [debug] [Thread-3 (]: On model.property_transaction_warehouse.dim_project: /* {"app": "dbt", "dbt_version": "1.12.5", "profile_name": "property_transaction_warehouse", "target_name": "dev", "node_id": "model.property_transaction_warehouse.dim_project"} */

  
    

    create or replace table `ringed-griffin-509403-b4`.`propery_trans1`.`dim_project`
      
    
    

    
    OPTIONS()
    as (
      WITH cleaned_projects AS (
    SELECT DISTINCT
        NULLIF(REGEXP_REPLACE(UPPER(TRIM(project_name)), r'\s+', ' '), '') AS project_name,
        NULLIF(UPPER(TRIM(property_type)), '') AS property_type,
        NULLIF(UPPER(TRIM(tenure)), '') AS tenure,
        completion_year,
        NULLIF(UPPER(TRIM(completion_status)), '') AS completion_status
    FROM `ringed-griffin-509403-b4`.`propery_trans1`.`stg_property_transactions`
),
projects AS (
    SELECT *
    FROM cleaned_projects
    WHERE project_name IS NOT NULL
)
SELECT
    FARM_FINGERPRINT(TO_JSON_STRING(STRUCT(
        project_name,
        property_type,
        tenure,
        completion_year,
        completion_status
    ))) AS project_key,
    project_name,
    property_type,
    tenure,
    completion_year,
    completion_status
FROM projects
    );
  
[0m15:33:10.036341 [debug] [Thread-2 (]: Writing runtime sql for node "model.property_transaction_warehouse.dim_location"
[0m15:33:10.036998 [debug] [Thread-2 (]: On model.property_transaction_warehouse.dim_location: /* {"app": "dbt", "dbt_version": "1.12.5", "profile_name": "property_transaction_warehouse", "target_name": "dev", "node_id": "model.property_transaction_warehouse.dim_location"} */

  
    

    create or replace table `ringed-griffin-509403-b4`.`propery_trans1`.`dim_location`
      
    
    

    
    OPTIONS()
    as (
      WITH cleaned_locations AS (
    SELECT DISTINCT
        NULLIF(REGEXP_REPLACE(UPPER(TRIM(address)), r'\s+', ' '), '') AS address,
        NULLIF(UPPER(TRIM(postal_code)), '') AS postal_code,
        NULLIF(UPPER(TRIM(postal_district)), '') AS postal_district,
        NULLIF(UPPER(TRIM(postal_sector)), '') AS postal_sector,
        NULLIF(UPPER(TRIM(planning_region)), '') AS planning_region,
        NULLIF(UPPER(TRIM(planning_area)), '') AS planning_area
    FROM `ringed-griffin-509403-b4`.`propery_trans1`.`stg_property_transactions`
),
locations AS (
    SELECT *
    FROM cleaned_locations
    WHERE address IS NOT NULL
       OR postal_code IS NOT NULL
       OR postal_district IS NOT NULL
       OR postal_sector IS NOT NULL
       OR planning_region IS NOT NULL
       OR planning_area IS NOT NULL
)
SELECT
    FARM_FINGERPRINT(TO_JSON_STRING(STRUCT(
        address,
        postal_code,
        postal_district,
        postal_sector,
        planning_region,
        planning_area
    ))) AS location_key,
    address,
    postal_code,
    postal_district,
    postal_sector,
    planning_region,
    planning_area
FROM locations
    );
  
[0m15:33:10.701808 [debug] [Thread-2 (]: BigQuery adapter: https://console.cloud.google.com/bigquery?project=ringed-griffin-509403-b4&j=bq:US:c6dd0243-5da1-41c8-8043-7bb160c27e41&page=queryresults
[0m15:33:10.711020 [debug] [Thread-3 (]: BigQuery adapter: https://console.cloud.google.com/bigquery?project=ringed-griffin-509403-b4&j=bq:US:3c36e791-cb30-4ee2-a43d-f8dc22728787&page=queryresults
[0m15:33:15.409971 [debug] [Thread-2 (]: SQL status: OK in 4.708 seconds
[0m15:33:15.799051 [debug] [Thread-2 (]: Sending event: {'category': 'dbt', 'action': 'run_model', 'label': '589dab67-67c3-4f17-9065-5d045f15682e', 'context': [<snowplow_tracker.self_describing_json.SelfDescribingJson object at 0x7a950c3ae360>]}
[0m15:33:15.799523 [info ] [Thread-2 (]: 2 of 4 OK created sql table model propery_trans1.dim_location .................. [[32mCREATE TABLE (153.1k rows, 11.2 MiB processed)[0m in 6.23s]
[0m15:33:15.799881 [debug] [Thread-2 (]: Finished running node model.property_transaction_warehouse.dim_location
[0m15:33:17.846828 [debug] [Thread-3 (]: SQL status: OK in 7.135 seconds
[0m15:33:19.027405 [debug] [Thread-3 (]: Sending event: {'category': 'dbt', 'action': 'run_model', 'label': '589dab67-67c3-4f17-9065-5d045f15682e', 'context': [<snowplow_tracker.self_describing_json.SelfDescribingJson object at 0x7a950c388910>]}
[0m15:33:19.027904 [info ] [Thread-3 (]: 3 of 4 OK created sql table model propery_trans1.dim_project ................... [[32mCREATE TABLE (2.9k rows, 10.5 MiB processed)[0m in 9.45s]
[0m15:33:19.028231 [debug] [Thread-3 (]: Finished running node model.property_transaction_warehouse.dim_project
[0m15:33:19.028813 [debug] [Thread-4 (]: Began running node model.property_transaction_warehouse.fact_transaction
[0m15:33:19.029184 [info ] [Thread-4 (]: 4 of 4 START sql table model propery_trans1.fact_transaction ................... [RUN]
[0m15:33:19.029531 [debug] [Thread-4 (]: Acquiring new bigquery connection 'model.property_transaction_warehouse.fact_transaction'
[0m15:33:19.029715 [debug] [Thread-4 (]: Began compiling node model.property_transaction_warehouse.fact_transaction
[0m15:33:19.031401 [debug] [Thread-4 (]: Writing injected SQL for node "model.property_transaction_warehouse.fact_transaction"
[0m15:33:19.031802 [debug] [Thread-4 (]: Began executing node model.property_transaction_warehouse.fact_transaction
[0m15:33:19.032514 [debug] [Thread-4 (]: Opening a new connection, currently in state init
[0m15:33:19.455502 [debug] [Thread-4 (]: Writing runtime sql for node "model.property_transaction_warehouse.fact_transaction"
[0m15:33:19.456082 [debug] [Thread-4 (]: On model.property_transaction_warehouse.fact_transaction: /* {"app": "dbt", "dbt_version": "1.12.5", "profile_name": "property_transaction_warehouse", "target_name": "dev", "node_id": "model.property_transaction_warehouse.fact_transaction"} */

  
    

    create or replace table `ringed-griffin-509403-b4`.`propery_trans1`.`fact_transaction`
      
    
    

    
    OPTIONS()
    as (
      WITH source_transactions AS (
    SELECT
        *,
        ROW_NUMBER() OVER (
            ORDER BY TO_JSON_STRING(STRUCT(
                project_name,
                transacted_price,
                area_sqft,
                unit_price_psf,
                sale_date,
                address,
                type_of_sale,
                type_of_area,
                area_sqm,
                unit_price_psm,
                nett_price,
                property_type,
                number_of_units,
                tenure,
                completion_date,
                purchaser_address_indicator,
                postal_code,
                postal_district,
                postal_sector,
                planning_region,
                planning_area
            ))
        ) AS transaction_row_number
    FROM `ringed-griffin-509403-b4`.`propery_trans1`.`stg_property_transactions`
),
transactions AS (
    SELECT
        *,
        CASE WHEN transacted_price > 0 THEN transacted_price END AS valid_transacted_price,
        CASE WHEN nett_price > 0 THEN nett_price END AS valid_nett_price,
        CASE WHEN area_sqft > 0 THEN area_sqft END AS valid_area_sqft,
        CASE WHEN area_sqm > 0 THEN area_sqm END AS valid_area_sqm,
        CASE WHEN unit_price_psf > 0 THEN unit_price_psf END AS valid_unit_price_psf,
        CASE WHEN unit_price_psm > 0 THEN unit_price_psm END AS valid_unit_price_psm,
        CASE WHEN number_of_units > 0 THEN number_of_units END AS valid_number_of_units
    FROM source_transactions
)
SELECT
    FARM_FINGERPRINT(CONCAT(
        TO_JSON_STRING(STRUCT(
            t.project_name,
            t.transacted_price,
            t.area_sqft,
            t.unit_price_psf,
            t.sale_date,
            t.address,
            t.type_of_sale,
            t.type_of_area,
            t.area_sqm,
            t.unit_price_psm,
            t.nett_price,
            t.property_type,
            t.number_of_units,
            t.tenure,
            t.completion_date,
            t.purchaser_address_indicator,
            t.postal_code,
            t.postal_district,
            t.postal_sector,
            t.planning_region,
            t.planning_area
        )),
        '#',
        CAST(transaction_row_number AS STRING)
    )) AS transaction_key,
    p.project_key,
    l.location_key,
    t.sale_date,
    t.valid_transacted_price AS transacted_price,
    t.valid_nett_price AS nett_price,
    t.valid_area_sqft AS area_sqft,
    t.valid_area_sqm AS area_sqm,
    t.valid_unit_price_psf AS unit_price_psf,
    CAST(t.valid_area_sqft * t.valid_unit_price_psf AS INT64) AS new_trans_price,
    CAST(((t.valid_area_sqft * t.valid_unit_price_psf) - t.valid_transacted_price) AS INT64)/NULLIF(t.valid_transacted_price, 0) AS percentage_difference,
    t.valid_unit_price_psm AS unit_price_psm,
    t.valid_number_of_units AS number_of_units,
    t.type_of_sale,
    t.type_of_area,
    t.purchaser_address_indicator
FROM transactions AS t
LEFT JOIN `ringed-griffin-509403-b4`.`propery_trans1`.`dim_project` AS p
    ON t.project_name = p.project_name
    AND t.property_type IS NOT DISTINCT FROM p.property_type
    AND t.tenure IS NOT DISTINCT FROM p.tenure
    AND t.completion_year IS NOT DISTINCT FROM p.completion_year
    AND t.completion_status IS NOT DISTINCT FROM p.completion_status
LEFT JOIN `ringed-griffin-509403-b4`.`propery_trans1`.`dim_location` AS l
    ON t.address IS NOT DISTINCT FROM l.address
    AND t.postal_code IS NOT DISTINCT FROM l.postal_code
    AND t.postal_district IS NOT DISTINCT FROM l.postal_district
    AND t.postal_sector IS NOT DISTINCT FROM l.postal_sector
    AND t.planning_region IS NOT DISTINCT FROM l.planning_region
    AND t.planning_area IS NOT DISTINCT FROM l.planning_area
    );
  
[0m15:33:20.378582 [debug] [Thread-4 (]: BigQuery adapter: https://console.cloud.google.com/bigquery?project=ringed-griffin-509403-b4&j=bq:US:816ddc52-9b80-43a4-ab3e-e9985aa13791&page=queryresults
[0m15:33:32.316735 [debug] [Thread-4 (]: SQL status: OK in 11.938 seconds
[0m15:33:32.699141 [debug] [Thread-4 (]: Sending event: {'category': 'dbt', 'action': 'run_model', 'label': '589dab67-67c3-4f17-9065-5d045f15682e', 'context': [<snowplow_tracker.self_describing_json.SelfDescribingJson object at 0x7a950c4f7450>]}
[0m15:33:32.699693 [info ] [Thread-4 (]: 4 of 4 OK created sql table model propery_trans1.fact_transaction .............. [[32mCREATE TABLE (170.2k rows, 54.1 MiB processed)[0m in 13.67s]
[0m15:33:32.700026 [debug] [Thread-4 (]: Finished running node model.property_transaction_warehouse.fact_transaction
[0m15:33:32.701613 [debug] [MainThread]: Opening a new connection, currently in state closed
[0m15:33:32.702193 [debug] [MainThread]: Connection 'master' was properly closed.
[0m15:33:32.702418 [debug] [MainThread]: Connection 'model.property_transaction_warehouse.stg_property_transactions' was properly closed.
[0m15:33:32.702576 [debug] [MainThread]: Connection 'model.property_transaction_warehouse.dim_location' was properly closed.
[0m15:33:32.702716 [debug] [MainThread]: Connection 'model.property_transaction_warehouse.dim_project' was properly closed.
[0m15:33:32.702854 [debug] [MainThread]: Connection 'model.property_transaction_warehouse.fact_transaction' was properly closed.
[0m15:33:32.703063 [info ] [MainThread]: 
[0m15:33:32.703246 [info ] [MainThread]: Finished running 4 table models in 0 hours 0 minutes and 41.05 seconds (41.05s).
[0m15:33:32.703823 [debug] [MainThread]: Command end result
[0m15:33:32.727257 [debug] [MainThread]: Wrote artifact WritableManifest to /home/jenho/Group5_Project2/2n3_data_design_ELT_pipeline/target/manifest.json
[0m15:33:32.729000 [debug] [MainThread]: Wrote artifact SemanticManifest to /home/jenho/Group5_Project2/2n3_data_design_ELT_pipeline/target/semantic_manifest.json
[0m15:33:32.730312 [debug] [MainThread]: Wrote artifact OsiDocument to /home/jenho/Group5_Project2/2n3_data_design_ELT_pipeline/target/osi_document.json
[0m15:33:32.734276 [debug] [MainThread]: Wrote artifact RunExecutionResult to /home/jenho/Group5_Project2/2n3_data_design_ELT_pipeline/target/run_results.json
[0m15:33:32.734522 [info ] [MainThread]: 
[0m15:33:32.734746 [info ] [MainThread]: [32mCompleted successfully[0m
[0m15:33:32.734902 [info ] [MainThread]: 
[0m15:33:32.735088 [info ] [MainThread]: Done. PASS=4 WARN=0 ERROR=0 SKIP=0 NO-OP=0 REUSED=0 TOTAL=4
[0m15:33:32.735450 [debug] [MainThread]: Resource report: {"command_name": "run", "command_success": true, "command_wall_clock_time": 42.02097, "process_in_blocks": "3344", "process_kernel_time": 0.177663, "process_mem_max_rss": "267428", "process_out_blocks": "3016", "process_user_time": 2.803252}
[0m15:33:32.735698 [debug] [MainThread]: Command `dbt run` succeeded at 15:33:32.735645 after 42.02 seconds
[0m15:33:32.735935 [debug] [MainThread]: Sending event: {'category': 'dbt', 'action': 'invocation', 'label': 'end', 'context': [<snowplow_tracker.self_describing_json.SelfDescribingJson object at 0x7a9549e90600>, <snowplow_tracker.self_describing_json.SelfDescribingJson object at 0x7a954aa4f5b0>, <snowplow_tracker.self_describing_json.SelfDescribingJson object at 0x7a9549fceab0>]}
[0m15:33:32.736134 [debug] [MainThread]: Flushing usage events
[0m15:33:33.953502 [debug] [MainThread]: An error was encountered while trying to flush usage events
