Project Name,Transacted Price ($),Area (SQFT),Unit Price ($ PSF),Sale Date,Address,Type of Sale,Type of Area,Area (SQM),Unit Price ($ PSM),Nett Price($),Property Type,Number of Units,Tenure,Completion Date,Purchaser Address Indicator,Postal Code,Postal District,Postal Sector,Planning Region,Planning Area
KINGSFORD WATERBAY,"645,000",473.62,"1,362",24 Jan 2022,66 UPPER SERANGOON VIEW #13-17,Resale,Strata,44,"14,659",-,Apartment,1,99 yrs from 03/03/2014,2018,HDB,533885,19,53,North East Region,Hougang
EIGHT RIVERSUITES,"1,270,000",839.59,"1,513",24 Jan 2022,10 WHAMPOA EAST #20-27,Resale,Strata,78,"16,282",-,Condominium,1,99 yrs from 11/07/2011,2016,Private,338521,12,33,Central Region,Kallang
ENG KONG GREEN,"1,100,000",839.59,"1,310",24 Jan 2022,37 ENG KONG CRESCENT #04-02,Resale,Strata,78,"14,103",-,Condominium,1,Freehold,1999,Private,599428,21,59,Central Region,Bukit Timah
RIVERBANK @ FERNVALE,"808,000",688.9,"1,173",24 Jan 2022,11 FERNVALE CLOSE #06-03,Resale,Strata,64,"12,625",-,Condominium,1,99 yrs from 10/07/2013,2017,HDB,797475,28,79,North East Region,Sengkang
SELETAR SPRINGS CONDOMINIUM,"890,000","1,011.82",880,24 Jan 2022,106 GERALD DRIVE #02-12,Resale,Strata,94,"9,468",-,Condominium,1,99 yrs from 12/08/1997,2000,Private,798595,28,79,North East Region,Hougang
HILLION RESIDENCES,"1,080,000",710.42,"1,520",24 Jan 2022,12 JELEBU ROAD #14-32,Resale,Strata,66,"16,364",-,Apartment,1,99 yrs from 04/01/2013,2017,HDB,677673,23,67,West Region,Bukit Panjang
D' CASTILIA,"780,000",613.55,"1,271",24 Jan 2022,45 JOO CHIAT LANE #02-01,Resale,Strata,57,"13,684",-,Apartment,1,Freehold,2012,Private,428104,15,42,Central Region,Geylang
THE CRISTALLO,"1,120,000",785.77,"1,425",24 Jan 2022,70 LORONG K TELOK KURAU #02-09,Resale,Strata,73,"15,342",-,Apartment,1,Freehold,2015,HDB,425687,15,42,East Region,Bedok
THE WOODLEIGH RESIDENCES,"2,372,000","1,119.46","2,119",24 Jan 2022,23 BIDADARI PARK DRIVE #05-32,New Sale,Strata,104,"22,808",-,Apartment,1,99 yrs from 18/09/2017,Uncompleted,HDB,367796,13,36,Central Region,Toa Payoh
THE JOVELL,"1,007,300",678.13,"1,485",24 Jan 2022,13 FLORA DRIVE #04-08,New Sale,Strata,63,"15,989",-,Condominium,1,99 yrs from 08/03/2018,Uncompleted,Private,506853,17,50,East Region,Pasir Ris
THE FLORENCE RESIDENCES,"1,182,000",635.08,"1,861",24 Jan 2022,95 HOUGANG AVENUE 2 #14-64,New Sale,Strata,59,"20,034",-,Apartment,1,99 yrs from 24/12/2018,Uncompleted,HDB,533754,19,53,North East Region,Hougang
TREASURE AT TAMPINES,"1,870,000","1,237.86","1,511",24 Jan 2022,51 TAMPINES LANE #10-174,New Sale,Strata,115,"16,261",-,Condominium,1,99 yrs from 29/11/2018,Uncompleted,HDB,528460,18,52,East Region,Tampines
NORMANTON PARK,"1,813,000",968.76,"1,871",24 Jan 2022,51 NORMANTON PARK #20-33,New Sale,Strata,90,"20,144",-,Apartment,1,99 yrs from 22/07/2019,Uncompleted,HDB,117281,05,11,Central Region,Queenstown
NORMANTON PARK,"1,780,000",958,"1,858",24 Jan 2022,55 NORMANTON PARK #16-51,New Sale,Strata,89,"20,000",-,Apartment,1,99 yrs from 22/07/2019,Uncompleted,HDB,117283,05,11,Central Region,Queenstown
NORMANTON PARK,"1,966,000","1,065.64","1,845",24 Jan 2022,59 NORMANTON PARK #21-64,New Sale,Strata,99,"19,859",-,Apartment,1,99 yrs from 22/07/2019,Uncompleted,N.A,117285,05,11,Central Region,Queenstown
RIVIERE,"2,217,000",818.06,"2,710",24 Jan 2022,3 JIAK KIM STREET #14-12,New Sale,Strata,76,"29,171",-,Apartment,1,99 yrs from 07/03/2018,Uncompleted,Private,169424,03,16,Central Region,Singapore River
MIDWOOD,"2,134,000","1,248.62","1,709",24 Jan 2022,10 HILLVIEW RISE #25-17,New Sale,Strata,116,"18,397",-,Condominium,1,99 yrs from 01/10/2018,Uncompleted,N.A,667972,23,66,West Region,Bukit Batok
DAIRY FARM RESIDENCES,"1,227,900",731.95,"1,678",24 Jan 2022,6 DAIRY FARM LANE #01-01,New Sale,Strata,68,"18,057",-,Apartment,1,99 yrs from 05/12/2018,Uncompleted,HDB,677623,23,67,West Region,Bukit Panjang
DAIRY FARM RESIDENCES,"1,430,100",936.47,"1,527",24 Jan 2022,6 DAIRY FARM LANE #02-06,New Sale,Strata,87,"16,438",-,Apartment,1,99 yrs from 05/12/2018,Uncompleted,HDB,677623,23,67,West Region,Bukit Panjang
DAIRY FARM RESIDENCES,"1,200,400",721.19,"1,664",24 Jan 2022,6 DAIRY FARM LANE #01-10,New Sale,Strata,67,"17,916",-,Apartment,1,99 yrs from 05/12/2018,Uncompleted,HDB,677623,23,67,West Region,Bukit Panjang
DAIRY FARM RESIDENCES,"1,310,800",764.24,"1,715",24 Jan 2022,8 DAIRY FARM LANE #10-26,New Sale,Strata,71,"18,462",-,Apartment,1,99 yrs from 05/12/2018,Uncompleted,HDB,677624,23,67,West Region,Bukit Panjang
DAIRY FARM RESIDENCES,"1,296,000",764.24,"1,696",24 Jan 2022,8 DAIRY FARM LANE #07-26,New Sale,Strata,71,"18,254",-,Apartment,1,99 yrs from 05/12/2018,Uncompleted,N.A,677624,23,67,West Region,Bukit Panjang
THE M,"1,444,000",527.44,"2,738",24 Jan 2022,38 MIDDLE ROAD #17-41,New Sale,Strata,49,"29,469",-,Apartment,1,99 yrs from 03/07/2019,Uncompleted,N.A,188947,07,18,Central Region,Downtown Core
LEEDON GREEN,"1,470,000",538.2,"2,731",24 Jan 2022,28 LEEDON HEIGHTS #04-16,New Sale,Strata,50,"29,400",-,Condominium,1,Freehold,Uncompleted,N.A,266222,10,26,Central Region,Bukit Timah
LEEDON GREEN,"2,409,000",818.06,"2,945",24 Jan 2022,30 LEEDON HEIGHTS #11-23,New Sale,Strata,76,"31,697",-,Condominium,1,Freehold,Uncompleted,Private,266223,10,26,Central Region,Bukit Timah
CLAVON,"2,821,000","1,689.95","1,669",24 Jan 2022,8 CLEMENTI AVENUE 1 #25-18,New Sale,Strata,157,"17,968",-,Apartment,1,99 yrs from 07/10/2019,Uncompleted,Private,129964,05,12,West Region,Clementi
BAYWATER,"980,000","1,044.11",939,24 Jan 2022,812 BEDOK RESERVOIR ROAD #05-16,Resale,Strata,97,"10,103",-,Condominium,1,99 yrs from 19/03/2001,2006,Private,479242,16,47,East Region,Bedok
WATERSCAPE AT CAVENAGH,"2,450,000","1,302.44","1,881",24 Jan 2022,65 CAVENAGH ROAD #05-05,Resale,Strata,121,"20,248",-,Apartment,1,Freehold,2014,Private,229619,09,22,Central Region,Newton
JARDIN,"2,050,000","1,280.92","1,600",24 Jan 2022,966 DUNEARN ROAD #01-06,Resale,Strata,119,"17,227",-,Condominium,1,Freehold,2012,HDB,589488,21,58,Central Region,Bukit Timah
EUHABITAT,"690,000",538.2,"1,282",24 Jan 2022,206 JALAN EUNOS #05-58,Resale,Strata,50,"13,800",-,Condominium,1,99 yrs from 06/12/2010,2015,Private,419547,14,41,East Region,Bedok
MARINA ONE RESIDENCES,"4,321,868","1,539.25","2,808",24 Jan 2022,21 MARINA WAY #32-15,Resale,Strata,143,"30,223",-,Apartment,1,99 yrs from 01/07/2011,2017,Private,018978,01,01,Central Region,Downtown Core
NORTH PARK RESIDENCES,"1,390,000",828.83,"1,677",24 Jan 2022,15 YISHUN CENTRAL 1 #11-01,Sub Sale,Strata,77,"18,052",-,Apartment,1,99 yrs from 19/03/2015,2018,HDB,768797,27,76,North Region,Yishun
ROYALGREEN,"2,802,000",990.29,"2,829",24 Jan 2022,6A ANAMALAI AVENUE #01-48,New Sale,Strata,92,"30,457",-,Condominium,1,Freehold,2021,N.A,279995,10,27,Central Region,Bukit Timah
KI RESIDENCES AT BROOKVALE,"2,279,000","1,194.8","1,907",24 Jan 2022,18 BROOKVALE DRIVE #02-39,New Sale,Strata,111,"20,532",-,Condominium,1,999 yrs from 23/03/1885,Uncompleted,Private,599981,21,59,West Region,Clementi
PASIR RIS 8,"2,117,000","1,302.44","1,625",24 Jan 2022,14 PASIR RIS DRIVE 8 #11-35,New Sale,Strata,121,"17,496",-,Apartment,1,99 yrs from 05/07/2021,Uncompleted,HDB,519470,18,51,East Region,Pasir Ris
GUILLEMARD EDGE,"638,000",409.03,"1,560",24 Jan 2022,38 LORONG 30 GEYLANG #06-20,Resale,Strata,38,"16,789",-,Apartment,1,Freehold,2014,Private,398371,14,39,Central Region,Geylang
GOLD COAST CONDOMINIUM,"1,900,000","1,474.67","1,288",24 Jan 2022,360 PASIR PANJANG ROAD #02-03,Resale,Strata,137,"13,869",-,Condominium,1,Freehold,1994,Private,118699,05,11,Central Region,Queenstown
NOVA 88,"2,710,000","2,303.5","1,176",24 Jan 2022,8 BHAMO ROAD #15-06,Resale,Strata,214,"12,664",-,Apartment,1,Freehold,2012,Private,329640,12,32,Central Region,Novena
RIVERFRONT RESIDENCES,"680,000",462.85,"1,469",24 Jan 2022,51 HOUGANG AVENUE 7 #06-57,Sub Sale,Strata,43,"15,814",-,Apartment,1,99 yrs from 31/05/2018,Uncompleted,HDB,533818,19,53,North East Region,Hougang
RIZ HAVEN,"1,040,000","1,054.87",986,24 Jan 2022,193 JALAN LOYANG BESAR #02-05,Resale,Strata,98,"10,612",-,Apartment,1,946 yrs from 01/01/1938,2010,HDB,506928,17,50,East Region,Pasir Ris
PARC OASIS,"1,040,000","1,076.4",966,24 Jan 2022,35 JURONG EAST AVENUE 1 #18-03,Resale,Strata,100,"10,400",-,Condominium,1,99 yrs from 01/12/1991,1994,HDB,609774,22,60,West Region,Jurong East
TIVOLI GRANDE,"1,100,000",850.36,"1,294",24 Jan 2022,128 KOON SENG ROAD #04-11,Resale,Strata,79,"13,924",-,Apartment,1,Freehold,2012,Private,427060,15,42,Central Region,Marine Parade
LOFT 33,"1,025,000",699.66,"1,465",24 Jan 2022,33 LORONG 32 GEYLANG #05-05,Resale,Strata,65,"15,769",-,Apartment,1,Freehold,2016,HDB,398293,14,39,Central Region,Geylang
SIN MING PLAZA,"2,500,000","2,195.86","1,139",24 Jan 2022,6 SIN MING ROAD #04-01,Resale,Strata,204,"12,255",-,Apartment,1,Freehold,1992,HDB,575585,20,57,Central Region,Bishan
COSTA RHU,"2,435,000","1,646.89","1,479",24 Jan 2022,3 RHU CROSS #09-04,Resale,Strata,153,"15,915",-,Condominium,1,99 yrs from 30/05/1994,1997,Private,437433,15,43,Central Region,Kallang
COCO PALMS,"1,180,000",904.18,"1,305",24 Jan 2022,11 PASIR RIS GROVE #04-05,Resale,Strata,84,"14,048",-,Condominium,1,99 yrs from 07/01/2008,2018,HDB,518140,18,51,East Region,Pasir Ris
KALLANG RIVERSIDE,"1,200,000",516.67,"2,323",24 Jan 2022,51 KAMPONG BUGIS #08-06,Resale,Strata,48,"25,000",-,Apartment,1,Freehold,2018,Private,338986,12,33,Central Region,Kallang
RIVERFRONT RESIDENCES,"685,000",462.85,"1,480",24 Jan 2022,45 HOUGANG AVENUE 7 #04-25,Sub Sale,Strata,43,"15,930",-,Apartment,1,99 yrs from 31/05/2018,Uncompleted,Private,533815,19,53,North East Region,Hougang
J GATEWAY,"928,000",495.14,"1,874",24 Jan 2022,6 GATEWAY DRIVE #19-24,Resale,Strata,46,"20,174",-,Condominium,1,99 yrs from 28/08/2012,2016,HDB,608535,22,60,West Region,Jurong East
HILLTOP GROVE,"1,218,888","1,237.86",985,24 Jan 2022,134 HILLVIEW AVENUE #04-02,Resale,Strata,115,"10,599",-,Condominium,1,99 yrs from 12/06/1996,2001,Private,669619,23,66,West Region,Bukit Batok
PAVILION SQUARE,"570,000",398.27,"1,431",24 Jan 2022,345 GEYLANG ROAD #05-01,Resale,Strata,37,"15,405",-,Apartment,1,Freehold,2018,Private,389366,14,38,Central Region,Geylang
GRANDEUR PARK RESIDENCES,"777,000",473.62,"1,641",25 Jan 2022,1 BEDOK SOUTH AVENUE 3 #03-13,Resale,Strata,44,"17,659",-,Condominium,1,99 yrs from 25/05/2016,2020,HDB,465461,16,46,East Region,Bedok
ECO,"1,400,000","1,162.51","1,204",25 Jan 2022,283 BEDOK SOUTH AVENUE 3 #15-45,Resale,Strata,108,"12,963",-,Condominium,1,99 yrs from 14/05/2012,2017,HDB,465460,16,46,East Region,Bedok
WATERTOWN,"2,250,000","1,367.03","1,646",25 Jan 2022,67 PUNGGOL CENTRAL #12-15,Resale,Strata,127,"17,717",-,Apartment,1,99 yrs from 18/05/2011,2017,Private,828843,19,82,North East Region,Punggol
THE GREENWICH,"750,000",602.78,"1,244",25 Jan 2022,7 SELETAR ROAD #05-21,Resale,Strata,56,"13,393",-,Condominium,1,99 yrs from 21/12/2009,2014,Private,807014,28,80,North East Region,Serangoon
SELETARIS,"1,568,000","1,593.07",984,25 Jan 2022,503 SEMBAWANG ROAD #01-16,Resale,Strata,148,"10,595",-,Condominium,1,Freehold,2001,HDB,757707,27,75,North Region,Sembawang
CHANGI RISE CONDOMINIUM,"1,200,000","1,259.39",953,25 Jan 2022,6 SIMEI RISE #07-14,Resale,Strata,117,"10,256",-,Condominium,1,99 yrs from 29/11/2000,2004,Private,528802,18,52,East Region,Tampines
HOLLAND RESIDENCES,"4,080,000","2,346.55","1,739",25 Jan 2022,3 TAMAN WARNA #05-05,Resale,Strata,218,"18,716",-,Condominium,1,Freehold,2012,Private,276340,10,27,Central Region,Bukit Timah
THE TAPESTRY,"2,120,000","1,485.43","1,427",25 Jan 2022,55 TAMPINES STREET 86 #06-24,Resale,Strata,138,"15,362",-,Condominium,1,99 yrs from 31/07/2017,2021,Private,528541,18,52,East Region,Tampines
CLEMENTIWOODS CONDOMINIUM,"1,950,000","1,679.18","1,161",25 Jan 2022,86 WEST COAST ROAD #04-31,Resale,Strata,156,"12,500",-,Condominium,1,99 yrs from 07/02/2006,2010,Private,126818,05,12,West Region,Clementi
PARC BOTANNIA,"2,080,000","1,280.92","1,624",25 Jan 2022,16 FERNVALE STREET #21-21,Sub Sale,Strata,119,"17,479",-,Condominium,1,99 yrs from 28/12/2016,Uncompleted,Private,797393,28,79,North East Region,Sengkang
KOVAN RESIDENCES,"1,205,000",882.65,"1,365",25 Jan 2022,3A KOVAN ROAD #06-16,Resale,Strata,82,"14,695",-,Condominium,1,99 yrs from 31/12/2007,2011,Private,544918,19,54,North East Region,Hougang
ROYCE RESIDENCES,"535,000",409.03,"1,308",25 Jan 2022,8 LORONG 6 GEYLANG #06-06,Resale,Strata,38,"14,079",-,Apartment,1,Freehold,2013,Private,399242,14,39,Central Region,Geylang
JADESCAPE,"3,023,000","1,646.89","1,836",25 Jan 2022,12 SHUNFU ROAD #22-43,New Sale,Strata,153,"19,758",-,Condominium,1,99 yrs from 19/06/2018,Uncompleted,N.A,575747,20,57,Central Region,Bishan
AMBER PARK,"3,649,000","1,571.54","2,322",25 Jan 2022,18 AMBER GARDENS #14-17,New Sale,Strata,146,"24,993",-,Condominium,1,Freehold,Uncompleted,Private,439980,15,43,Central Region,Marine Parade
LATTICE ONE,"1,598,850",839.59,"1,904",25 Jan 2022,3 SERAYA CRESCENT #03-04,New Sale,Strata,78,"20,498",-,Apartment,1,Freehold,Uncompleted,N.A,575872,20,57,North East Region,Ang Mo Kio
THE FLORENCE RESIDENCES,"1,300,000",796.54,"1,632",25 Jan 2022,87 HOUGANG AVENUE 2 #18-28,New Sale,Strata,74,"17,568",-,Apartment,1,99 yrs from 24/12/2018,Uncompleted,HDB,538862,19,53,North East Region,Hougang
ONE PEARL BANK,"1,858,000",699.66,"2,656",25 Jan 2022,1 PEARL BANK #29-04,New Sale,Strata,65,"28,585",-,Apartment,1,99 yrs from 01/03/2019,Uncompleted,Private,169016,03,16,Central Region,Outram
NORMANTON PARK,"2,429,000","1,334.74","1,820",25 Jan 2022,53 NORMANTON PARK #07-42,New Sale,Strata,124,"19,589",-,Apartment,1,99 yrs from 22/07/2019,Uncompleted,HDB,117282,05,11,Central Region,Queenstown
RIVIERE,"2,750,000","1,173.28","2,344",25 Jan 2022,1 JIAK KIM STREET #02-05,New Sale,Strata,109,"25,229",-,Apartment,1,99 yrs from 07/03/2018,Uncompleted,Private,169423,03,16,Central Region,Singapore River
VERDALE,"1,050,600",570.49,"1,842",25 Jan 2022,8 DE SOUZA AVENUE #01-20,New Sale,Strata,53,"19,823",-,Apartment,1,99 yrs from 05/12/2018,Uncompleted,N.A,599461,21,59,Central Region,Bukit Timah
CANNINGHILL PIERS,"2,238,000",828.83,"2,700",25 Jan 2022,1 CLARKE QUAY #06-05,New Sale,Strata,77,"29,065",-,Apartment,1,99 yrs from 17/09/2021,Uncompleted,N.A,179882,06,17,Central Region,Singapore River
BEDOK RESIDENCES,"1,858,000","1,216.33","1,528",25 Jan 2022,24 BEDOK NORTH DRIVE #10-28,Resale,Strata,113,"16,442",-,Apartment,1,99 yrs from 21/11/2011,2015,Private,465498,16,46,East Region,Bedok
THE GLADES,"845,888",667.37,"1,267",25 Jan 2022,12 BEDOK RISE #12-47,Resale,Strata,62,"13,643",-,Condominium,1,99 yrs from 21/01/2013,2016,HDB,465407,16,46,East Region,Bedok
CASAFINA,"1,910,000","1,980.58",964,25 Jan 2022,215 BEDOK SOUTH AVENUE 1 #04-17,Resale,Strata,184,"10,380",-,Condominium,1,99 yrs from 12/06/1996,1999,Private,469338,16,46,East Region,Bedok
DOMAIN 21,"2,070,000","1,280.92","1,616",25 Jan 2022,23 DELTA ROAD #08-05,Resale,Strata,119,"17,395",-,Condominium,1,99 yrs from 02/07/2004,2007,Private,169814,03,16,Central Region,Bukit Merah
THE ARC AT DRAYCOTT,"2,880,000","1,130.22","2,548",25 Jan 2022,5 DRAYCOTT DRIVE #05-02,Resale,Strata,105,"27,429",-,Apartment,1,Freehold,2008,Private,259420,10,25,Central Region,Newton
DUO RESIDENCES,"3,180,000","1,528.49","2,080",25 Jan 2022,1 FRASER STREET #30-20,Resale,Strata,142,"22,394",-,Apartment,1,99 yrs from 01/07/2011,2017,Private,189350,07,18,Central Region,Downtown Core
PALM GARDENS,"1,030,000","1,216.33",847,25 Jan 2022,2D HONG SAN WALK #06-04,Resale,Strata,113,"9,115",-,Condominium,1,99 yrs from 12/08/1996,2000,HDB,689050,23,68,West Region,Choa Chu Kang
GRANDVIEW SUITES,"765,000",635.08,"1,205",25 Jan 2022,1 LORONG 22 GEYLANG #03-01,Resale,Strata,59,"12,966",-,Apartment,1,Freehold,2016,HDB,398664,14,39,Central Region,Geylang
MARINA ONE RESIDENCES,"1,676,072",710.42,"2,359",25 Jan 2022,23 MARINA WAY #29-22,Resale,Strata,66,"25,395",-,Apartment,1,99 yrs from 01/07/2011,2017,Private,018979,01,01,Central Region,Downtown Core
MARINA ONE RESIDENCES,"1,677,168",742.72,"2,258",25 Jan 2022,23 MARINA WAY #29-31,Resale,Strata,69,"24,307",-,Apartment,1,99 yrs from 01/07/2011,2017,Private,018979,01,01,Central Region,Downtown Core
FORESQUE RESIDENCES,"1,575,000","1,237.86","1,272",25 Jan 2022,107 PETIR ROAD #17-17,Resale,Strata,115,"13,696",-,Condominium,1,99 yrs from 10/01/2011,2014,Private,678275,23,67,West Region,Bukit Panjang
TERRASSE,"960,000",807.3,"1,189",25 Jan 2022,25 TERRASSE LANE #03-24,Resale,Strata,75,"12,800",-,Condominium,1,99 yrs from 23/08/2010,2014,Private,544776,19,54,North East Region,Hougang
BREEZE BY THE EAST,"2,900,000","2,077.45","1,396",25 Jan 2022,322 UPPER EAST COAST ROAD #04-12,Resale,Strata,193,"15,026",-,Condominium,1,Freehold,2011,Private,465884,16,46,East Region,Bedok
EIGHT RIVERSUITES,"1,330,000",936.47,"1,420",25 Jan 2022,2 WHAMPOA EAST #06-07,Resale,Strata,87,"15,287",-,Condominium,1,99 yrs from 11/07/2011,2016,HDB,338517,12,33,Central Region,Kallang
KI RESIDENCES AT BROOKVALE,"1,839,000",979.52,"1,877",25 Jan 2022,18 BROOKVALE DRIVE #04-43,New Sale,Strata,91,"20,209",-,Condominium,1,999 yrs from 23/03/1885,Uncompleted,N.A,599981,21,59,West Region,Clementi
DUO RESIDENCES,"2,130,000","1,108.69","1,921",25 Jan 2022,1 FRASER STREET #22-15,Resale,Strata,103,"20,680",-,Apartment,1,99 yrs from 01/07/2011,2017,Private,189350,07,18,Central Region,Downtown Core
ATRIUM RESIDENCES,"1,228,000","1,044.11","1,176",25 Jan 2022,15 LORONG 28 GEYLANG #06-21,Resale,Strata,97,"12,660",-,Apartment,1,Freehold,2008,Private,398419,14,39,Central Region,Geylang
PARC ROSEWOOD,"618,000",516.67,"1,196",25 Jan 2022,95 ROSEWOOD DRIVE #01-121,Resale,Strata,48,"12,875",-,Condominium,1,99 yrs from 07/09/2011,2014,Private,737795,25,73,North Region,Woodlands
WATERVIEW,"1,170,000","1,130.22","1,035",25 Jan 2022,89 TAMPINES AVENUE 1 #02-35,Resale,Strata,105,"11,143",-,Condominium,1,99 yrs from 16/06/2010,2014,HDB,528689,18,52,East Region,Tampines
NORTH PARK RESIDENCES,"1,215,000",699.66,"1,737",25 Jan 2022,35 YISHUN CENTRAL 1 #07-83,Sub Sale,Strata,65,"18,692",-,Apartment,1,99 yrs from 19/03/2015,2018,HDB,768807,27,76,North Region,Yishun
HILLVIEW REGENCY,"815,000",904.18,901,25 Jan 2022,28 BUKIT BATOK EAST AVENUE 2 #04-18,Resale,Strata,84,"9,702",-,Condominium,1,99 yrs from 20/06/2000,2005,HDB,659921,23,65,West Region,Bukit Batok
CASPIAN,"658,888",462.85,"1,424",25 Jan 2022,56 LAKESIDE DRIVE #04-28,Resale,Strata,43,"15,323",-,Condominium,1,99 yrs from 17/03/2008,2012,HDB,648318,22,64,West Region,Jurong West
KENTISH GREEN,"1,350,000","1,323.97","1,020",25 Jan 2022,20 OXFORD ROAD #03-20,Resale,Strata,123,"10,976",-,Apartment,1,99 yrs from 01/03/1995,1999,Private,218815,08,21,Central Region,Kallang
ECO,"850,000",635.08,"1,338",25 Jan 2022,275 BEDOK SOUTH AVENUE 3 #09-19,Resale,Strata,59,"14,407",-,Condominium,1,99 yrs from 14/05/2012,2017,Private,465491,16,46,East Region,Bedok
FLORIDIAN,"4,650,000","2,357.32","1,973",25 Jan 2022,977 BUKIT TIMAH ROAD #03-35,Resale,Strata,219,"21,233",-,Condominium,1,Freehold,2012,Private,589626,21,58,Central Region,Bukit Timah
EIGHT COURTYARDS,"1,170,000","1,087.16","1,076",25 Jan 2022,18A CANBERRA DRIVE #03-43,Resale,Strata,101,"11,584",-,Condominium,1,99 yrs from 20/09/2010,2014,HDB,768099,27,76,North Region,Yishun
NV RESIDENCES,"1,245,000","1,184.04","1,051",25 Jan 2022,95 PASIR RIS GROVE #14-42,Resale,Strata,110,"11,318",-,Condominium,1,99 yrs from 07/01/2008,2013,HDB,518192,18,51,East Region,Pasir Ris
HILLINGTON GREEN,"1,960,000","1,528.49","1,282",25 Jan 2022,47 HILLVIEW AVENUE #07-06,Resale,Strata,142,"13,803",-,Condominium,1,999 yrs from 19/05/1883,2002,Private,669614,23,66,West Region,Bukit Batok
BARTLEY RESIDENCES,"1,160,000",796.54,"1,456",25 Jan 2022,7 LORONG HOW SUN #11-37,Resale,Strata,74,"15,676",-,Apartment,1,99 yrs from 29/06/2011,2015,Private,536564,19,53,North East Region,Serangoon
CENTRO RESIDENCES,"1,666,888","1,001.05","1,665",25 Jan 2022,59 ANG MO KIO AVENUE 8 #34-02,Resale,Strata,93,"17,924",-,Condominium,1,99 yrs from 11/12/2007,2014,HDB,567752,20,56,North East Region,Ang Mo Kio
GEM RESIDENCES,"865,000",484.38,"1,786",25 Jan 2022,3 LORONG 5 TOA PAYOH #35-09,Sub Sale,Strata,45,"19,222",-,Condominium,1,99 yrs from 21/09/2015,2019,HDB,319459,12,31,Central Region,Toa Payoh
THE WOODLEIGH RESIDENCES,"2,384,000","1,076.4","2,215",26 Jan 2022,29 BIDADARI PARK DRIVE #09-53,New Sale,Strata,100,"23,840",-,Apartment,1,99 yrs from 18/09/2017,Uncompleted,N.A,367799,13,36,Central Region,Toa Payoh
THE WOODLEIGH RESIDENCES,"2,115,000",958,"2,208",26 Jan 2022,31 BIDADARI PARK DRIVE #07-56,New Sale,Strata,89,"23,764",-,Apartment,1,99 yrs from 18/09/2017,Uncompleted,Private,367800,13,36,Central Region,Toa Payoh
JUNIPER HILL,"2,717,000",958,"2,836",26 Jan 2022,39 EWE BOON ROAD #06-05,New Sale,Strata,89,"30,528",-,Apartment,1,Freehold,Uncompleted,N.A,259334,10,25,Central Region,Tanglin
THE FLORENCE RESIDENCES,"1,007,000",527.44,"1,909",26 Jan 2022,83 HOUGANG AVENUE 2 #14-17,New Sale,Strata,49,"20,551",-,Apartment,1,99 yrs from 24/12/2018,Uncompleted,N.A,538860,19,53,North East Region,Hougang
LA MARIPOSA,"2,374,020","1,345.5","1,764",26 Jan 2022,35 MANGIS ROAD #02-02,New Sale,Strata,125,"18,992",-,Apartment,1,Freehold,Uncompleted,Private,424970,15,42,Central Region,Geylang
ONE PEARL BANK,"2,005,000",893.41,"2,244",26 Jan 2022,1 PEARL BANK #21-22,New Sale,Strata,83,"24,157",-,Apartment,1,99 yrs from 01/03/2019,Uncompleted,Private,169016,03,16,Central Region,Outram
NORMANTON PARK,"1,024,140",527.44,"1,942",26 Jan 2022,51 NORMANTON PARK #18-34,New Sale,Strata,49,"20,901",-,Apartment,1,99 yrs from 22/07/2019,Uncompleted,Private,117281,05,11,Central Region,Queenstown
NORMANTON PARK,"1,953,000","1,065.64","1,833",26 Jan 2022,59 NORMANTON PARK #17-64,New Sale,Strata,99,"19,727",-,Apartment,1,99 yrs from 22/07/2019,Uncompleted,N.A,117285,05,11,Central Region,Queenstown
URBAN TREASURES,"1,069,390",516.67,"2,070",26 Jan 2022,207 JALAN EUNOS #08-18,New Sale,Strata,48,"22,279",-,Condominium,1,Freehold,Uncompleted,Private,415799,14,41,East Region,Bedok
THE AVENIR,"4,949,000","1,571.54","3,149",26 Jan 2022,10 RIVER VALLEY CLOSE #16-08,New Sale,Strata,146,"33,897",-,Condominium,1,Freehold,Uncompleted,Private,238438,09,23,Central Region,River Valley
CANNINGHILL PIERS,"5,669,000","1,948.28","2,910",26 Jan 2022,1 CLARKE QUAY #17-01,New Sale,Strata,181,"31,320",-,Apartment,1,99 yrs from 17/09/2021,Uncompleted,N.A,179882,06,17,Central Region,Singapore River
MORI,"1,036,000",495.14,"2,092",26 Jan 2022,223 GUILLEMARD ROAD #08-06,New Sale,Strata,46,"22,522",-,Apartment,1,Freehold,Uncompleted,Private,399738,14,39,Central Region,Geylang
MORI,"1,026,000",495.14,"2,072",26 Jan 2022,223 GUILLEMARD ROAD #07-06,New Sale,Strata,46,"22,304",-,Apartment,1,Freehold,Uncompleted,Private,399738,14,39,Central Region,Geylang
ECHELON,"1,675,000",861.12,"1,945",26 Jan 2022,7 ALEXANDRA VIEW #10-01,Resale,Strata,80,"20,938",-,Condominium,1,99 yrs from 06/03/2012,2016,Private,158741,03,15,Central Region,Bukit Merah
CONCOURSE SKYLINE,"1,950,000","1,173.28","1,662",26 Jan 2022,296 BEACH ROAD #14-07,Resale,Strata,109,"17,890",-,Apartment,1,99 yrs from 13/03/2008,2014,HDB,199599,07,19,Central Region,Downtown Core
HAIG 162,"601,000",355.21,"1,692",26 Jan 2022,162 HAIG ROAD #10-02,Resale,Strata,33,"18,212",-,Apartment,1,Freehold,2013,HDB,438773,15,43,Central Region,Marine Parade
HILLVIEW APARTMENTS,"1,430,000","1,205.57","1,186",26 Jan 2022,71 HILLVIEW AVENUE #07-03,Resale,Strata,112,"12,768",-,Apartment,1,Freehold,1997,Private,669570,23,66,West Region,Bukit Batok
EUHABITAT,"1,180,000",947.23,"1,246",26 Jan 2022,228 JALAN EUNOS #01-132,Resale,Strata,88,"13,409",-,Condominium,1,99 yrs from 06/12/2010,2015,Private,415868,14,41,East Region,Bedok
THE TRILINQ,"855,000",538.2,"1,589",26 Jan 2022,28B JALAN LEMPENG #18-24,Resale,Strata,50,"17,100",-,Condominium,1,99 yrs from 16/04/2012,2017,HDB,128809,05,12,West Region,Clementi
THE MONTANA,"1,910,000",947.23,"2,016",26 Jan 2022,8 JALAN MUTIARA #06-05,Resale,Strata,88,"21,705",-,Apartment,1,Freehold,2002,Private,249188,10,24,Central Region,Tanglin
TIVOLI GRANDE,"970,000",699.66,"1,386",26 Jan 2022,126 KOON SENG ROAD #03-10,Resale,Strata,65,"14,923",-,Apartment,1,Freehold,2012,HDB,427059,15,42,Central Region,Marine Parade
THE MEDLEY,"1,708,000","1,388.56","1,230",26 Jan 2022,68 LORONG G TELOK KURAU #02-06,Resale,Strata,129,"13,240",-,Apartment,1,Freehold,2009,Private,426258,15,42,East Region,Bedok
THOMSON IMPRESSIONS,"780,000",462.85,"1,685",26 Jan 2022,3 LORONG PUNTONG #09-10,Resale,Strata,43,"18,140",-,Apartment,1,99 yrs from 12/01/2015,2018,HDB,576444,20,57,Central Region,Bishan
THOMSON IMPRESSIONS,"1,960,000","1,054.87","1,858",26 Jan 2022,3 LORONG PUNTONG #17-12,Resale,Strata,98,"20,000",-,Apartment,1,99 yrs from 12/01/2015,2018,Private,576444,20,57,Central Region,Bishan
ONE-NORTH RESIDENCES,"1,490,000",979.52,"1,521",26 Jan 2022,7 ONE-NORTH GATEWAY #08-29,Resale,Strata,91,"16,374",-,Apartment,1,99 yrs from 15/09/2005,2009,Private,138642,05,13,Central Region,Queenstown
MAYSPRINGS,"1,220,000","1,291.68",945,26 Jan 2022,2 PETIR ROAD #18-06,Resale,Strata,120,"10,167",-,Apartment,1,99 yrs from 01/12/1994,1998,Private,678265,23,67,West Region,Bukit Panjang
A TREASURE TROVE,"1,330,000","1,044.11","1,274",26 Jan 2022,60 PUNGGOL WALK #04-21,Resale,Strata,97,"13,711",-,Condominium,1,99 yrs from 09/03/2011,2015,Private,828780,19,82,North East Region,Punggol
PARC ROSEWOOD,"1,260,088","1,786.82",705,26 Jan 2022,73 ROSEWOOD DRIVE #05-14,Resale,Strata,166,"7,591",-,Condominium,1,99 yrs from 07/09/2011,2014,Private,737784,25,73,North Region,Woodlands
SCOTTS SQUARE,"4,700,888","1,227.1","3,831",26 Jan 2022,8 SCOTTS ROAD #27-03,Resale,Strata,114,"41,236",-,Apartment,1,Freehold,2011,Private,228238,09,22,Central Region,Orchard
SHELFORD SUITES,"2,300,000","1,291.68","1,781",26 Jan 2022,16 SHELFORD ROAD #02-05,Resale,Strata,120,"19,167",-,Condominium,1,Freehold,2011,Private,288383,11,28,Central Region,Bukit Timah
MANDARIN GARDENS,"1,900,000","1,528.49","1,243",26 Jan 2022,5 SIGLAP ROAD #16-33,Resale,Strata,142,"13,380",-,Condominium,1,99 yrs from 08/03/1982,1986,HDB,448908,15,44,East Region,Bedok
THE SIXTH AVENUE RESIDENCES,"2,800,000","1,819.12","1,539",26 Jan 2022,164 SIXTH AVENUE #01-09,Resale,Strata,169,"16,568",-,Condominium,1,Freehold,2009,Private,276541,10,27,Central Region,Bukit Timah
EAST MEADOWS,"1,220,000","1,216.33","1,003",26 Jan 2022,30 TANAH MERAH KECHIL ROAD #08-04,Resale,Strata,113,"10,796",-,Condominium,1,99 yrs from 02/03/1998,2001,HDB,465558,16,46,East Region,Bedok
VIBES @ EAST COAST,"605,000",387.5,"1,561",26 Jan 2022,308 TELOK KURAU ROAD #02-06,Resale,Strata,36,"16,806",-,Apartment,1,Freehold,2014,HDB,423858,15,42,East Region,Bedok
VIBES@UPPER SERANGOON,"625,000",441.32,"1,416",26 Jan 2022,488 UPPER SERANGOON ROAD #02-06,Resale,Strata,41,"15,244",-,Apartment,1,Freehold,2016,Private,534519,19,53,North East Region,Serangoon
PARC RIVIERA,"960,000",645.84,"1,486",26 Jan 2022,103 WEST COAST VALE #31-13,Resale,Strata,60,"16,000",-,Condominium,1,99 yrs from 11/11/2015,2019,HDB,126754,05,12,West Region,Clementi
KINGSFORD . HILLVIEW PEAK,"716,000",516.67,"1,386",26 Jan 2022,103 HILLVIEW RISE #06-13,Resale,Strata,48,"14,917",-,Condominium,1,99 yrs from 04/06/2012,2017,HDB,667982,23,66,West Region,Bukit Batok
THE CLEMENT CANOPY,"1,838,000","1,108.69","1,658",26 Jan 2022,18 CLEMENTI AVENUE 1 #32-11,Resale,Strata,103,"17,845",-,Apartment,1,99 yrs from 09/03/2016,2019,HDB,129961,05,12,West Region,Clementi
THE INFLORA,"1,370,000","1,334.74","1,026",26 Jan 2022,55 FLORA DRIVE #01-18,Resale,Strata,124,"11,048",-,Condominium,1,99 yrs from 25/05/2012,2016,Private,506864,17,50,East Region,Pasir Ris
LAKEHOLMZ,"1,250,000","1,571.54",795,26 Jan 2022,84 CORPORATION ROAD #10-10,Resale,Strata,146,"8,562",-,Condominium,1,99 yrs from 29/10/2001,2005,HDB,649821,22,64,West Region,Jurong West
SKYSUITES@ANSON,"1,488,800",667.37,"2,231",26 Jan 2022,8 ENGGOR STREET #55-07,Resale,Strata,62,"24,013",-,Apartment,1,99 yrs from 18/02/2008,2014,Private,079718,02,07,Central Region,Downtown Core
RIVERTREES RESIDENCES,"868,000",699.66,"1,241",26 Jan 2022,29 FERNVALE CLOSE #16-24,Resale,Strata,65,"13,354",-,Apartment,1,99 yrs from 28/08/2013,2017,HDB,797464,28,79,North East Region,Sengkang
EUPHONY GARDENS,"688,000",764.24,900,26 Jan 2022,1 JALAN MATA AYER #02-06,Resale,Strata,71,"9,690",-,Condominium,1,99 yrs from 25/02/1998,2001,Private,759075,27,75,North Region,Mandai
CENTRAL IMPERIAL,"800,000",785.77,"1,018",26 Jan 2022,3 LORONG 14 GEYLANG #06-02,Resale,Strata,73,"10,959",-,Apartment,1,Freehold,2014,HDB,398915,14,39,Central Region,Geylang
THE POIZ RESIDENCES,"1,500,000",839.59,"1,787",26 Jan 2022,10 MEYAPPA CHETTIAR ROAD #09-28,Resale,Strata,78,"19,231",-,Apartment,1,99 yrs from 17/11/2014,2018,Private,358473,13,35,Central Region,Toa Payoh
LE CRESCENDO,"1,990,000","1,453.14","1,369",26 Jan 2022,233 PAYA LEBAR ROAD #14-02,Resale,Strata,135,"14,741",-,Condominium,1,Freehold,2006,Private,409044,14,40,Central Region,Geylang
WATERVIEW,"1,330,000","1,130.22","1,177",26 Jan 2022,95 TAMPINES AVENUE 1 #11-46,Resale,Strata,105,"12,667",-,Condominium,1,99 yrs from 16/06/2010,2014,HDB,528692,18,52,East Region,Tampines
JERVOIS MANSION,"2,556,070","1,001.05","2,553",26 Jan 2022,6 JERVOIS CLOSE #01-04,New Sale,Strata,93,"27,485",-,Apartment,1,Freehold,Uncompleted,Private,249102,10,24,Central Region,Tanglin
AMBER SKYE,"4,250,000","2,658.71","1,599",26 Jan 2022,8 AMBER ROAD #03-07,Resale,Strata,247,"17,206",-,Apartment,1,Freehold,2017,Private,439853,15,43,Central Region,Marine Parade
D' FRESCO,"980,000",796.54,"1,230",26 Jan 2022,58 JOO CHIAT LANE #04-02,Resale,Strata,74,"13,243",-,Apartment,1,Freehold,2010,Private,428109,15,42,Central Region,Geylang
PARC OLYMPIA,"840,000",796.54,"1,055",26 Jan 2022,66 FLORA DRIVE #04-61,Resale,Strata,74,"11,351",-,Condominium,1,99 yrs from 25/01/2012,2015,HDB,506861,17,50,East Region,Pasir Ris
VERTIS,"1,280,000",871.88,"1,468",26 Jan 2022,20 AMBER GARDENS #10-04,Resale,Strata,81,"15,802",-,Apartment,1,Freehold,2009,Private,439979,15,43,Central Region,Marine Parade
THE BAYSHORE,"1,138,000","1,011.82","1,125",26 Jan 2022,34 BAYSHORE ROAD #25-08,Resale,Strata,94,"12,106",-,Condominium,1,99 yrs from 31/05/1993,1997,Private,469976,16,46,East Region,Bedok
SOMMERVILLE PARK,"4,030,000","2,335.79","1,725",26 Jan 2022,95 FARRER DRIVE #01-02,Resale,Strata,217,"18,571",-,Condominium,1,Freehold,1985,Private,259291,10,25,Central Region,Tanglin
THE MEZZO,"1,300,000",839.59,"1,548",26 Jan 2022,205 BALESTIER ROAD #18-06,Resale,Strata,78,"16,667",-,Apartment,1,Freehold,2012,Private,329682,12,32,Central Region,Novena
SELETAR SPRINGS CONDOMINIUM,"1,200,000","1,334.74",899,26 Jan 2022,104 GERALD DRIVE #02-65,Resale,Strata,124,"9,677",-,Condominium,1,99 yrs from 12/08/1997,2000,Private,798594,28,79,North East Region,Hougang
GEM RESIDENCES,"2,260,000","1,313.21","1,721",26 Jan 2022,1 LORONG 5 TOA PAYOH #17-08,Sub Sale,Strata,122,"18,525",-,Condominium,1,99 yrs from 21/09/2015,2019,HDB,319458,12,31,Central Region,Toa Payoh
EDELWEISS PARK CONDOMINIUM,"650,000",710.42,915,26 Jan 2022,92 FLORA ROAD #02-40,Resale,Strata,66,"9,848",-,Condominium,1,Freehold,2006,HDB,507005,17,50,East Region,Pasir Ris
THE WOODLEIGH RESIDENCES,"2,452,000","1,119.46","2,190",27 Jan 2022,23 BIDADARI PARK DRIVE #10-32,New Sale,Strata,104,"23,577",-,Apartment,1,99 yrs from 18/09/2017,Uncompleted,N.A,367796,13,36,Central Region,Toa Payoh
THE WOODLEIGH RESIDENCES,"1,966,000",958,"2,052",27 Jan 2022,27 BIDADARI PARK DRIVE #09-48,New Sale,Strata,89,"22,090",-,Apartment,1,99 yrs from 18/09/2017,Uncompleted,N.A,367798,13,36,Central Region,Toa Payoh
THE WOODLEIGH RESIDENCES,"1,946,000",958,"2,031",27 Jan 2022,27 BIDADARI PARK DRIVE #07-48,New Sale,Strata,89,"21,865",-,Apartment,1,99 yrs from 18/09/2017,Uncompleted,HDB,367798,13,36,Central Region,Toa Payoh
NORMANTON PARK,"1,742,000",958,"1,818",27 Jan 2022,55 NORMANTON PARK #03-51,New Sale,Strata,89,"19,573",-,Apartment,1,99 yrs from 22/07/2019,Uncompleted,Private,117283,05,11,Central Region,Queenstown
NORMANTON PARK,"1,986,000","1,065.64","1,864",27 Jan 2022,57 NORMANTON PARK #18-55,New Sale,Strata,99,"20,061",-,Apartment,1,99 yrs from 22/07/2019,Uncompleted,N.A,117284,05,11,Central Region,Queenstown
NORMANTON PARK,"1,944,000","1,065.64","1,824",27 Jan 2022,59 NORMANTON PARK #14-64,New Sale,Strata,99,"19,636",-,Apartment,1,99 yrs from 22/07/2019,Uncompleted,Private,117285,05,11,Central Region,Queenstown
VERDALE,"2,520,700","1,410.08","1,788",27 Jan 2022,16 DE SOUZA AVENUE #02-48,New Sale,Strata,131,"19,242",-,Apartment,1,99 yrs from 05/12/2018,Uncompleted,N.A,599464,21,59,Central Region,Bukit Timah
MEYER MANSION,"2,828,000","1,108.69","2,551",27 Jan 2022,79 MEYER ROAD #09-06,New Sale,Strata,103,"27,456",-,Apartment,1,Freehold,Uncompleted,Private,437906,15,43,Central Region,Marine Parade
MIDWOOD,"1,171,000",635.08,"1,844",27 Jan 2022,10 HILLVIEW RISE #28-20,New Sale,Strata,59,"19,847",-,Condominium,1,99 yrs from 01/10/2018,Uncompleted,Private,667972,23,66,West Region,Bukit Batok
MYRA,"1,888,800",871.88,"2,166",27 Jan 2022,9 MEYAPPA CHETTIAR ROAD #09-05,New Sale,Strata,81,"23,319",-,Apartment,1,Freehold,Uncompleted,Private,358456,13,35,Central Region,Toa Payoh
DAIRY FARM RESIDENCES,"1,628,400","1,001.05","1,627",27 Jan 2022,10 DAIRY FARM LANE #03-29,New Sale,Strata,93,"17,510",-,Apartment,1,99 yrs from 05/12/2018,Uncompleted,N.A,677625,23,67,West Region,Bukit Panjang
DAIRY FARM RESIDENCES,"1,712,500","1,011.82","1,693",27 Jan 2022,8 DAIRY FARM LANE #10-16,New Sale,Strata,94,"18,218",-,Apartment,1,99 yrs from 05/12/2018,Uncompleted,Private,677624,23,67,West Region,Bukit Panjang
PULLMAN RESIDENCES NEWTON,"1,380,864",462.85,"2,983",27 Jan 2022,18 DUNEARN ROAD #12-11,New Sale,Strata,43,"32,113",-,Apartment,1,Freehold,Uncompleted,Private,309421,11,30,Central Region,Novena
THE AVENIR,"2,836,000",828.83,"3,422",27 Jan 2022,8 RIVER VALLEY CLOSE #34-01,New Sale,Strata,77,"36,831",-,Condominium,1,Freehold,Uncompleted,Private,238432,09,23,Central Region,River Valley
THE AVENIR,"2,541,000",807.3,"3,148",27 Jan 2022,8 RIVER VALLEY CLOSE #20-04,New Sale,Strata,75,"33,880",-,Condominium,1,Freehold,Uncompleted,Private,238432,09,23,Central Region,River Valley
CLAVON,"2,246,000","1,280.92","1,753",27 Jan 2022,8 CLEMENTI AVENUE 1 #29-14,New Sale,Strata,119,"18,874",-,Apartment,1,99 yrs from 07/10/2019,Uncompleted,N.A,129964,05,12,West Region,Clementi
THE REEF AT KING'S DOCK,"3,788,000","1,571.54","2,410",27 Jan 2022,8 HARBOURFRONT AVENUE #02-12,New Sale,Strata,146,"25,945",-,Condominium,1,99 yrs from 12/01/2021,Uncompleted,Private,097994,04,09,Central Region,Bukit Merah
CANNINGHILL PIERS,"5,585,000","1,948.28","2,867",27 Jan 2022,1 CLARKE QUAY #10-01,New Sale,Strata,181,"30,856",-,Apartment,1,99 yrs from 17/09/2021,Uncompleted,Private,179882,06,17,Central Region,Singapore River
WATERFRONT ISLE,"810,000",635.08,"1,275",27 Jan 2022,736 BEDOK RESERVOIR ROAD #15-19,Resale,Strata,59,"13,729",-,Condominium,1,99 yrs from 26/11/2009,2015,Private,479264,16,47,East Region,Bedok
WATERFRONT WAVES,"1,600,000","1,270.15","1,260",27 Jan 2022,766 BEDOK RESERVOIR ROAD #07-19,Resale,Strata,118,"13,559",-,Condominium,1,99 yrs from 31/10/2007,2011,Private,479248,16,47,East Region,Bedok
THOMSON THREE,"835,000",495.14,"1,686",27 Jan 2022,43 BRIGHT HILL DRIVE #17-09,Resale,Strata,46,"18,152",-,Apartment,1,99 yrs from 07/11/2012,2016,Private,573894,20,57,Central Region,Bishan
THE LEGEND,"4,000,000","2,163.56","1,849",27 Jan 2022,361 BUKIT TIMAH ROAD #12-01,Resale,Strata,201,"19,900",-,Condominium,1,Freehold,1996,Private,259725,10,25,Central Region,Tanglin
THE CASCADIA,"2,880,000","1,506.96","1,911",27 Jan 2022,941 BUKIT TIMAH ROAD #07-45,Resale,Strata,140,"20,571",-,Condominium,1,Freehold,2010,Private,589658,21,58,Central Region,Bukit Timah
CAVAN SUITES,"630,000",409.03,"1,540",27 Jan 2022,11 CAVAN ROAD #04-10,Resale,Strata,38,"16,579",-,Apartment,1,Freehold,2012,HDB,209848,08,20,Central Region,Kallang
COMMONWEALTH TOWERS,"1,766,000",904.18,"1,953",27 Jan 2022,232 COMMONWEALTH AVENUE #27-21,Resale,Strata,84,"21,024",-,Condominium,1,99 yrs from 07/05/2013,2017,HDB,149740,03,14,Central Region,Queenstown
THE LUXURIE,"1,250,000","1,054.87","1,185",27 Jan 2022,19 COMPASSVALE ROAD #11-18,Resale,Strata,98,"12,755",-,Condominium,1,99 yrs from 15/06/2011,2015,HDB,544753,19,54,North East Region,Sengkang
THE LUXURIE,"980,000",775.01,"1,265",27 Jan 2022,23 COMPASSVALE ROAD #12-23,Resale,Strata,72,"13,611",-,Condominium,1,99 yrs from 15/06/2011,2015,HDB,544755,19,54,North East Region,Sengkang
PALM ISLES,"610,000",516.67,"1,181",27 Jan 2022,38 FLORA DRIVE #04-48,Resale,Strata,48,"12,708",-,Condominium,1,99 yrs from 14/09/2011,2015,Private,506895,17,50,East Region,Pasir Ris
PARC OLYMPIA,"938,000",990.29,947,27 Jan 2022,50 FLORA DRIVE #07-06,Resale,Strata,92,"10,196",-,Condominium,1,99 yrs from 25/01/2012,2015,Private,506868,17,50,East Region,Pasir Ris
ICON,"1,035,000",559.73,"1,849",27 Jan 2022,10 GOPENG STREET #18-04,Resale,Strata,52,"19,904",-,Apartment,1,99 yrs from 29/01/2002,2007,HDB,078878,02,07,Central Region,Downtown Core
MONTROSA,"965,000",861.12,"1,121",27 Jan 2022,132A HILLVIEW AVENUE #03-03,Resale,Strata,80,"12,063",-,Condominium,1,999 yrs from 12/10/1885,1999,Private,669604,23,66,West Region,Bukit Batok
HILLVIEW PARK,"1,580,000","1,227.1","1,288",27 Jan 2022,19A HILLVIEW AVENUE #03-04,Resale,Strata,114,"13,860",-,Condominium,1,Freehold,1995,Private,669554,23,66,West Region,Bukit Batok
ROCHELLE AT NEWTON,"1,802,000","1,011.82","1,781",27 Jan 2022,188 KENG LEE ROAD #15-04,Resale,Strata,94,"19,170",-,Condominium,1,99 yrs from 10/03/2008,2012,HDB,308414,11,30,Central Region,Novena
KENSINGTON PARK CONDOMINIUM,"2,400,000","1,657.66","1,448",27 Jan 2022,10 KENSINGTON PARK DRIVE #09-01,Resale,Strata,154,"15,584",-,Condominium,1,999 yrs from 01/04/1878,1990,HDB,557324,19,55,North East Region,Serangoon
CORALS AT KEPPEL BAY,"7,000,000","2,734.06","2,560",27 Jan 2022,3 KEPPEL BAY DRIVE #06-06,Resale,Strata,254,"27,559",-,Condominium,1,99 yrs from 26/02/2007,2016,Private,098013,04,09,Central Region,Bukit Merah
REFLECTIONS AT KEPPEL BAY,"1,880,000","1,151.75","1,632",27 Jan 2022,19 KEPPEL BAY VIEW #01-59,Resale,Strata,107,"17,570",-,Condominium,1,99 yrs from 15/03/2006,2011,Private,098412,04,09,Central Region,Bukit Merah
REFLECTIONS AT KEPPEL BAY,"1,670,000","1,011.82","1,650",27 Jan 2022,23 KEPPEL BAY VIEW #07-74,Resale,Strata,94,"17,766",-,Condominium,1,99 yrs from 15/03/2006,2011,Private,098414,04,09,Central Region,Bukit Merah
REFLECTIONS AT KEPPEL BAY,"11,000,000","5,801.8","1,896",27 Jan 2022,29 KEPPEL BAY VIEW #37-87,Resale,Strata,539,"20,408",-,Condominium,1,99 yrs from 15/03/2006,2011,Private,098417,04,09,Central Region,Bukit Merah
THE LAKEFRONT RESIDENCES,"1,170,000",721.19,"1,622",27 Jan 2022,46 LAKESIDE DRIVE #11-18,Resale,Strata,67,"17,463",-,Condominium,1,99 yrs from 03/08/2010,2014,HDB,648324,22,64,West Region,Jurong West
INTERO,"1,580,000","1,011.82","1,562",27 Jan 2022,8 LEICESTER ROAD #13-02,Resale,Strata,94,"16,809",-,Apartment,1,Freehold,2008,Private,358841,13,35,Central Region,Toa Payoh
BULLION PARK,"1,640,000","1,237.86","1,325",27 Jan 2022,170 LENTOR LOOP #13-03,Resale,Strata,115,"14,261",-,Condominium,1,Freehold,1993,Private,789099,26,78,North East Region,Ang Mo Kio
LEONIE PARC VIEW,"8,000,000","3,003.16","2,664",27 Jan 2022,22 LEONIE HILL ROAD #27-01,Resale,Strata,279,"28,674",-,Apartment,1,Freehold,2009,Private,239195,09,23,Central Region,River Valley
LE CONNEY PARK,"1,318,888","1,194.8","1,104",27 Jan 2022,89 LORONG L TELOK KURAU #04-01,Resale,Strata,111,"11,882",-,Apartment,1,Freehold,1991,Private,425527,15,42,East Region,Bedok
THE SAIL @ MARINA BAY,"2,360,000","1,313.21","1,797",27 Jan 2022,6 MARINA BOULEVARD #61-22,Resale,Strata,122,"19,344",-,Apartment,1,99 yrs from 12/08/2002,2008,Private,018985,01,01,Central Region,Downtown Core
AALTO,"3,300,000","1,528.49","2,159",27 Jan 2022,191 MEYER ROAD #19-02,Resale,Strata,142,"23,239",-,Condominium,1,Freehold,2010,Private,437980,15,43,Central Region,Marine Parade
SKIES MILTONIA,"1,090,000",968.76,"1,125",27 Jan 2022,27 MILTONIA CLOSE #10-15,Resale,Strata,90,"12,111",-,Condominium,1,99 yrs from 20/02/2012,2016,HDB,768061,27,76,North Region,Yishun
THE MAYLEA,"1,480,000","1,022.58","1,447",27 Jan 2022,242K PASIR PANJANG ROAD #01-17,Resale,Strata,95,"15,579",-,Condominium,1,Freehold,2008,Private,117489,05,11,Central Region,Queenstown
RIPPLE BAY,"1,390,000","1,162.51","1,196",27 Jan 2022,8 PASIR RIS LINK #11-31,Resale,Strata,108,"12,870",-,Condominium,1,99 yrs from 10/08/2011,2015,Private,518162,18,51,East Region,Pasir Ris
FLO RESIDENCE,"976,000",925.7,"1,054",27 Jan 2022,11 PUNGGOL FIELD WALK #10-24,Resale,Strata,86,"11,349",-,Condominium,1,99 yrs from 05/12/2011,2016,HDB,828744,19,82,North East Region,Punggol
COSTA RHU,"2,470,000","1,646.89","1,500",27 Jan 2022,3 RHU CROSS #09-08,Resale,Strata,153,"16,144",-,Condominium,1,99 yrs from 30/05/1994,1997,Private,437433,15,43,Central Region,Kallang
ASPEN HEIGHTS,"2,800,000","1,323.97","2,115",27 Jan 2022,261 RIVER VALLEY ROAD #04-03,Resale,Strata,123,"22,764",-,Condominium,1,999 yrs from 01/07/1841,1998,HDB,238307,09,23,Central Region,River Valley
RIVERVALE CREST,"946,000","1,205.57",785,27 Jan 2022,9 RIVERVALE CRESCENT #07-24,Resale,Strata,112,"8,446",-,Apartment,1,99 yrs from 06/12/1997,2002,HDB,545086,19,54,North East Region,Sengkang
PARC ROSEWOOD,"680,000",581.26,"1,170",27 Jan 2022,85 ROSEWOOD DRIVE #03-77,Resale,Strata,54,"12,593",-,Condominium,1,99 yrs from 07/09/2011,2014,Private,737790,25,73,North Region,Woodlands
SELETAR PARK RESIDENCE,"1,188,500",871.88,"1,363",27 Jan 2022,19 SELETAR ROAD #04-39,Resale,Strata,81,"14,673",-,Condominium,1,99 yrs from 15/03/2011,2015,Private,807020,28,80,North East Region,Serangoon
LA FIESTA,"995,000",753.48,"1,321",27 Jan 2022,56 SENGKANG SQUARE #15-15,Resale,Strata,70,"14,214",-,Condominium,1,99 yrs from 03/09/2012,2016,Private,544833,19,54,North East Region,Sengkang
SUNGLADE,"1,080,000",861.12,"1,254",27 Jan 2022,11 SERANGOON AVENUE 2 #05-36,Resale,Strata,80,"13,500",-,Condominium,1,99 yrs from 09/10/2000,2003,Private,556135,19,55,North East Region,Serangoon
ONE SHENTON,"1,090,000",538.2,"2,025",27 Jan 2022,1 SHENTON WAY #35-10,Resale,Strata,50,"21,800",-,Apartment,1,99 yrs from 14/10/2005,2011,Private,068803,01,06,Central Region,Downtown Core
SEASIDE RESIDENCES,"938,000",505.91,"1,854",27 Jan 2022,18 SIGLAP LINK #07-33,Sub Sale,Strata,47,"19,957",-,Apartment,1,99 yrs from 18/04/2016,2021,HDB,448873,15,44,East Region,Bedok
SIMS URBAN OASIS,"1,150,000",710.42,"1,619",27 Jan 2022,12 SIMS DRIVE #05-47,Resale,Strata,66,"17,424",-,Condominium,1,99 yrs from 29/07/2014,2017,Private,387391,14,38,Central Region,Geylang
STEVENS LOFT,"2,230,000","1,184.04","1,883",27 Jan 2022,6 STEVENS DRIVE #03-01,Resale,Strata,110,"20,273",-,Apartment,1,Freehold,2003,HDB,257902,10,25,Central Region,Tanglin
STIRLING RESIDENCES,"1,300,000",764.24,"1,701",27 Jan 2022,25 STIRLING ROAD #02-26,Sub Sale,Strata,71,"18,310",-,Apartment,1,99 yrs from 18/08/2017,Uncompleted,HDB,148962,03,14,Central Region,Queenstown
STIRLING RESIDENCES,"2,130,000","1,054.87","2,019",27 Jan 2022,25 STIRLING ROAD #21-25,Sub Sale,Strata,98,"21,735",-,Apartment,1,99 yrs from 18/08/2017,Uncompleted,Private,148962,03,14,Central Region,Queenstown
Q BAY RESIDENCES,"1,630,000","1,377.79","1,183",27 Jan 2022,17 TAMPINES STREET 86 #12-39,Resale,Strata,128,"12,734",-,Condominium,1,99 yrs from 21/08/2012,2016,Private,528591,18,52,East Region,Tampines
EAST MEADOWS,"1,160,000","1,216.33",954,27 Jan 2022,32 TANAH MERAH KECHIL ROAD #02-20,Resale,Strata,113,"10,265",-,Condominium,1,99 yrs from 02/03/1998,2002,Private,465559,16,46,East Region,Bedok
PEBBLE BAY,"2,065,000","1,377.79","1,499",27 Jan 2022,134 TANJONG RHU ROAD #02-02,Resale,Strata,128,"16,133",-,Condominium,1,99 yrs from 09/03/1994,1997,Private,436920,15,43,Central Region,Kallang
WATER PLACE,"1,816,000","1,227.1","1,480",27 Jan 2022,177 TANJONG RHU ROAD #13-20,Resale,Strata,114,"15,930",-,Condominium,1,99 yrs from 02/03/1998,2004,Private,436607,15,43,Central Region,Kallang
SUITES @ EASTCOAST,"938,000",731.95,"1,282",27 Jan 2022,171 UPPER EAST COAST ROAD #01-07,Resale,Strata,68,"13,794",-,Condominium,1,Freehold,2012,HDB,455273,15,45,East Region,Bedok
THE INFINITI,"1,680,000","1,248.62","1,345",27 Jan 2022,39B WEST COAST PARK #09-05,Resale,Strata,116,"14,483",-,Condominium,1,Freehold,2008,HDB,127713,05,12,West Region,Clementi
WEST BAY CONDOMINIUM,"1,275,000","1,280.92",995,27 Jan 2022,50 WEST COAST CRESCENT #05-08,Resale,Strata,119,"10,714",-,Condominium,1,99 yrs from 01/03/1991,1993,HDB,128035,05,12,West Region,Clementi
EIGHT RIVERSUITES,"1,920,000","1,356.26","1,416",27 Jan 2022,10 WHAMPOA EAST #15-26,Resale,Strata,126,"15,238",-,Condominium,1,99 yrs from 11/07/2011,2016,HDB,338521,12,33,Central Region,Kallang
STADIA,"770,000",559.73,"1,376",27 Jan 2022,27 YIO CHU KANG ROAD #04-09,Resale,Strata,52,"14,808",-,Apartment,1,Freehold,2010,Private,545542,19,54,North East Region,Serangoon
THE SAIL @ MARINA BAY,"1,620,000",893.41,"1,813",27 Jan 2022,2 MARINA BOULEVARD #52-09,Resale,Strata,83,"19,518",-,Apartment,1,99 yrs from 12/08/2002,2008,Private,018987,01,01,Central Region,Downtown Core
PARC EMILY,"1,068,000",548.96,"1,945",27 Jan 2022,5 MOUNT EMILY ROAD #07-02,Resale,Strata,51,"20,941",-,Condominium,1,Freehold,2008,HDB,228490,09,22,Central Region,Rochor
THE PALETTE,"1,030,000",893.41,"1,153",27 Jan 2022,113 PASIR RIS GROVE #05-33,Resale,Strata,83,"12,410",-,Condominium,1,99 yrs from 20/10/2010,2015,HDB,518171,18,51,East Region,Pasir Ris
FREESIA WOODS,"2,310,000","1,431.61","1,614",27 Jan 2022,63 SUNSET WAY #03-12,Resale,Strata,133,"17,368",-,Condominium,1,Freehold,2003,HDB,597088,21,59,West Region,Clementi
YISHUN EMERALD,"888,000","1,022.58",868,27 Jan 2022,24 CANBERRA DRIVE #07-12,Resale,Strata,95,"9,347",-,Condominium,1,99 yrs from 16/02/1998,2002,HDB,768427,27,76,North Region,Yishun
RIVER ISLES,"1,290,000","1,334.74",966,27 Jan 2022,60 EDGEDALE PLAINS #01-20,Resale,Strata,124,"10,403",-,Condominium,1,99 yrs from 06/02/2012,2015,HDB,828729,19,82,North East Region,Punggol
HEDGES PARK CONDOMINIUM,"818,888",796.54,"1,028",27 Jan 2022,81 FLORA DRIVE #05-32,Resale,Strata,74,"11,066",-,Condominium,1,99 yrs from 28/07/2010,2015,HDB,506886,17,50,East Region,Pasir Ris
MON JERVOIS,"1,720,000",893.41,"1,925",27 Jan 2022,45 JERVOIS ROAD #03-19,Resale,Strata,83,"20,723",-,Condominium,1,99 yrs from 07/05/2012,2016,HDB,249096,10,24,Central Region,Tanglin
ASTON MANSIONS,"992,000","1,011.82",980,27 Jan 2022,3 LORONG 42 GEYLANG #05-01,Resale,Strata,94,"10,553",-,Apartment,1,99 yrs from 13/02/1995,1998,HDB,398026,14,39,Central Region,Geylang
THE CLIFT,"1,425,000",775.01,"1,839",27 Jan 2022,21 MCCALLUM STREET #25-11,Resale,Strata,72,"19,792",-,Apartment,1,99 yrs from 28/04/2004,2011,Private,069047,01,06,Central Region,Downtown Core
AALTO,"3,100,000","1,528.49","2,028",27 Jan 2022,191 MEYER ROAD #11-03,Resale,Strata,142,"21,831",-,Condominium,1,Freehold,2010,Private,437980,15,43,Central Region,Marine Parade
THE SEAFRONT ON MEYER,"9,000,000","4,273.31","2,106",27 Jan 2022,57 MEYER ROAD #24-09,Resale,Strata,397,"22,670",-,Condominium,1,Freehold,2010,Private,437878,15,43,Central Region,Marine Parade
LIVIA,"1,380,000","1,410.08",979,27 Jan 2022,79 PASIR RIS GROVE #09-39,Resale,Strata,131,"10,534",-,Condominium,1,99 yrs from 07/01/2008,2011,Private,518209,18,51,East Region,Pasir Ris
WATERVIEW,"1,310,000","1,130.22","1,159",27 Jan 2022,93 TAMPINES AVENUE 1 #08-42,Resale,Strata,105,"12,476",-,Condominium,1,99 yrs from 16/06/2010,2014,HDB,528691,18,52,East Region,Tampines
KINGSFORD . HILLVIEW PEAK,"738,888",548.96,"1,346",27 Jan 2022,101 HILLVIEW RISE #21-05,Resale,Strata,51,"14,488",-,Condominium,1,99 yrs from 04/06/2012,2017,HDB,667981,23,66,West Region,Bukit Batok
PARC SOMME,"620,000",355.21,"1,745",27 Jan 2022,62 SOMME ROAD #02-02,Resale,Strata,33,"18,788",-,Apartment,1,99 yrs from 06/05/2008,2012,Private,207877,08,20,Central Region,Kallang
MAYSPRINGS,"1,140,000","1,313.21",868,27 Jan 2022,2 PETIR ROAD #06-09,Resale,Strata,122,"9,344",-,Apartment,1,99 yrs from 01/12/1994,1998,Private,678265,23,67,West Region,Bukit Panjang
SKY VUE,"1,450,000",796.54,"1,820",27 Jan 2022,3 BISHAN STREET 15 #26-19,Resale,Strata,74,"19,595",-,Condominium,1,99 yrs from 04/03/2013,2016,Private,573911,20,57,Central Region,Bishan
THE MINTON,"1,330,000","1,108.69","1,200",27 Jan 2022,6A HOUGANG STREET 11 #07-15,Resale,Strata,103,"12,913",-,Condominium,1,99 yrs from 27/07/2007,2013,Private,538756,19,53,North East Region,Hougang
APOLLO GARDENS,"2,100,000","2,120.51",990,27 Jan 2022,599 UPPER CHANGI ROAD,Resale,Strata,197,"10,660",-,Apartment,1,Freehold,1984,Private,487010,16,48,East Region,Tampines
RIVERSAILS,"1,360,000","1,065.64","1,276",27 Jan 2022,14 UPPER SERANGOON CRESCENT #13-36,Resale,Strata,99,"13,737",-,Condominium,1,99 yrs from 07/12/2011,2016,Private,534029,19,53,North East Region,Hougang
VACANZA @ EAST,"1,610,000","1,259.39","1,278",27 Jan 2022,42 LENGKONG TUJOH #07-19,Resale,Strata,117,"13,761",-,Condominium,1,Freehold,2014,Private,417394,14,41,East Region,Bedok
GOLD LEAF MANSIONS,"1,825,000","1,496.2","1,220",27 Jan 2022,100 LORONG M TELOK KURAU #04-02,Resale,Strata,139,"13,129",-,Apartment,1,Freehold,1993,Private,425403,15,42,East Region,Bedok
SIMS URBAN OASIS,"1,060,000",667.37,"1,588",27 Jan 2022,2 SIMS DRIVE #08-17,Resale,Strata,62,"17,097",-,Condominium,1,99 yrs from 29/07/2014,2017,Private,387386,14,38,Central Region,Geylang
PARC OASIS,"1,530,000","1,506.96","1,015",27 Jan 2022,53 JURONG EAST AVENUE 1 #09-06,Resale,Strata,140,"10,929",-,Condominium,1,99 yrs from 01/12/1991,1994,Private,609783,22,60,West Region,Jurong East
THE INTERLACE,"1,860,000","1,259.39","1,477",27 Jan 2022,206 DEPOT ROAD #07-53,Resale,Strata,117,"15,897",-,Condominium,1,99 yrs from 11/02/2009,2013,Private,109697,04,10,Central Region,Bukit Merah
PALM LOFT,"870,000",688.9,"1,263",27 Jan 2022,136 JOO CHIAT TERRACE #03-03,Resale,Strata,64,"13,594",-,Apartment,1,Freehold,2008,HDB,427282,15,42,Central Region,Geylang
MELROSE VILLE,"700,000",516.67,"1,355",27 Jan 2022,10 ROSE LANE #05-05,Resale,Strata,48,"14,583",-,Apartment,1,Freehold,2011,Private,437370,15,43,Central Region,Geylang
STARLIGHT SUITES,"3,750,000","2,486.48","1,508",27 Jan 2022,11 RIVER VALLEY CLOSE #32-02,Resale,Strata,231,"16,234",-,Apartment,1,Freehold,2014,Private,238437,09,23,Central Region,River Valley
VISTA RESIDENCES,"1,450,000",904.18,"1,604",27 Jan 2022,26 JALAN DATOH #17-03,Resale,Strata,84,"17,262",-,Condominium,1,Freehold,2013,Private,329425,12,32,Central Region,Novena
EASTPOINT GREEN,"1,098,000","1,173.28",936,27 Jan 2022,1 SIMEI STREET 3 #08-07,Resale,Strata,109,"10,073",-,Condominium,1,99 yrs from 24/04/1996,1999,HDB,529890,18,52,East Region,Tampines
MAYSPRINGS,"780,000",807.3,966,27 Jan 2022,2 PETIR ROAD #04-01,Resale,Strata,75,"10,400",-,Apartment,1,99 yrs from 01/12/1994,1998,Private,678265,23,67,West Region,Bukit Panjang
EASTPOINT GREEN,"883,000",968.76,911,27 Jan 2022,5 SIMEI STREET 3 #03-13,Resale,Strata,90,"9,811",-,Condominium,1,99 yrs from 24/04/1996,1999,HDB,529892,18,52,East Region,Tampines
THE BAYSHORE,"1,245,000","1,184.04","1,051",27 Jan 2022,22 BAYSHORE ROAD #11-07,Resale,Strata,110,"11,318",-,Condominium,1,99 yrs from 31/05/1993,1996,Private,469970,16,46,East Region,Bedok
STIRLING RESIDENCES,"1,538,888",678.13,"2,269",27 Jan 2022,21 STIRLING ROAD #27-11,Sub Sale,Strata,63,"24,427",-,Apartment,1,99 yrs from 18/08/2017,Uncompleted,Private,148960,03,14,Central Region,Queenstown
LE HILL CONDOMINIUM,"1,550,000","1,173.28","1,321",27 Jan 2022,46 PASIR PANJANG HILL #01-05,Resale,Strata,109,"14,220",-,Condominium,1,Freehold,1999,Private,118896,05,11,Central Region,Queenstown
THE WOODLEIGH RESIDENCES,"2,374,000","1,076.4","2,205",28 Jan 2022,29 BIDADARI PARK DRIVE #07-53,New Sale,Strata,100,"23,740",-,Apartment,1,99 yrs from 18/09/2017,Uncompleted,Private,367799,13,36,Central Region,Toa Payoh
PARKWOOD RESIDENCES,"2,777,000","1,905.23","1,458",28 Jan 2022,208 YIO CHU KANG ROAD #05-01,New Sale,Strata,177,"15,689",-,Apartment,1,99 yrs from 26/04/2018,Uncompleted,N.A,545653,19,54,North East Region,Hougang
AMBER PARK,"3,082,000","1,302.44","2,366",28 Jan 2022,18 AMBER GARDENS #05-16,New Sale,Strata,121,"25,471",-,Condominium,1,Freehold,Uncompleted,Private,439980,15,43,Central Region,Marine Parade
KENT RIDGE HILL RESIDENCES,"2,000,000","1,076.4","1,858",28 Jan 2022,62 SOUTH BUONA VISTA ROAD #01-31,New Sale,Strata,100,"20,000",-,Apartment,1,99 yrs from 10/11/2018,Uncompleted,HDB,118173,05,11,Central Region,Queenstown
35 GILSTEAD,"1,450,000",548.96,"2,641",28 Jan 2022,35 GILSTEAD ROAD #04-10,New Sale,Strata,51,"28,431",-,Apartment,1,Freehold,Uncompleted,N.A,309079,11,30,Central Region,Novena
ONE PEARL BANK,"3,008,000","1,280.92","2,348",28 Jan 2022,1 PEARL BANK #21-08,New Sale,Strata,119,"25,277",-,Apartment,1,99 yrs from 01/03/2019,Uncompleted,N.A,169016,03,16,Central Region,Outram
ONE PEARL BANK,"2,837,000","1,194.8","2,374",28 Jan 2022,1 PEARL BANK #11-08,New Sale,Strata,111,"25,559",-,Apartment,1,99 yrs from 01/03/2019,Uncompleted,Private,169016,03,16,Central Region,Outram
ONE PEARL BANK,"3,712,000","1,431.61","2,593",28 Jan 2022,1 PEARL BANK #35-18,New Sale,Strata,133,"27,910",-,Apartment,1,99 yrs from 01/03/2019,Uncompleted,N.A,169016,03,16,Central Region,Outram
NORMANTON PARK,"1,755,000",968.76,"1,812",28 Jan 2022,49 NORMANTON PARK #11-24,New Sale,Strata,90,"19,500",-,Apartment,1,99 yrs from 22/07/2019,Uncompleted,N.A,117280,05,11,Central Region,Queenstown
NORMANTON PARK,"1,003,940",527.44,"1,903",28 Jan 2022,49 NORMANTON PARK #21-25,New Sale,Strata,49,"20,489",-,Apartment,1,99 yrs from 22/07/2019,Uncompleted,N.A,117280,05,11,Central Region,Queenstown
NORMANTON PARK,"1,000,910",527.44,"1,898",28 Jan 2022,49 NORMANTON PARK #19-25,New Sale,Strata,49,"20,427",-,Apartment,1,99 yrs from 22/07/2019,Uncompleted,HDB,117280,05,11,Central Region,Queenstown
NORMANTON PARK,"2,018,000","1,087.16","1,856",28 Jan 2022,55 NORMANTON PARK #14-46,New Sale,Strata,101,"19,980",-,Apartment,1,99 yrs from 22/07/2019,Uncompleted,Private,117283,05,11,Central Region,Queenstown
RIVIERE,"1,633,112",559.73,"2,918",28 Jan 2022,3 JIAK KIM STREET #20-09,New Sale,Strata,52,"31,406",-,Apartment,1,99 yrs from 07/03/2018,Uncompleted,Private,169424,03,16,Central Region,Singapore River
AVENUE SOUTH RESIDENCE,"1,278,000",527.44,"2,423",28 Jan 2022,13 SILAT AVENUE #38-39,New Sale,Strata,49,"26,082",-,Apartment,1,99 yrs from 14/08/2018,Uncompleted,Private,168878,03,16,Central Region,Bukit Merah
DAIRY FARM RESIDENCES,"1,684,400","1,011.82","1,665",28 Jan 2022,6 DAIRY FARM LANE #14-08,New Sale,Strata,94,"17,919",-,Apartment,1,99 yrs from 05/12/2018,Uncompleted,Private,677623,23,67,West Region,Bukit Panjang
FORETT AT BUKIT TIMAH,"2,749,000","1,302.44","2,111",28 Jan 2022,38 TOH TUCK ROAD #04-78,New Sale,Strata,121,"22,719",-,Apartment,1,Freehold,Uncompleted,Private,596716,21,59,Central Region,Bukit Timah
LEEDON GREEN,"1,484,000",538.2,"2,757",28 Jan 2022,28 LEEDON HEIGHTS #06-16,New Sale,Strata,50,"29,680",-,Condominium,1,Freehold,Uncompleted,HDB,266222,10,26,Central Region,Bukit Timah
ONE BERNAM,"1,295,000",452.09,"2,864",28 Jan 2022,1 BERNAM STREET #23-04,New Sale,Strata,42,"30,833",-,Apartment,1,99 yrs from 10/12/2019,Uncompleted,Private,078852,02,07,Central Region,Downtown Core
THE COMMODORE,"1,578,000","1,151.75","1,370",28 Jan 2022,65 CANBERRA DRIVE #05-23,New Sale,Strata,107,"14,748",-,Condominium,1,99 yrs from 08/06/2020,Uncompleted,N.A,769307,27,76,North Region,Sembawang
WATERFRONT ISLE,"800,000",667.37,"1,199",28 Jan 2022,736 BEDOK RESERVOIR ROAD #01-19,Resale,Strata,62,"12,903",-,Condominium,1,99 yrs from 26/11/2009,2015,Private,479264,16,47,East Region,Bedok
WATERFRONT GOLD,"1,320,000","1,011.82","1,305",28 Jan 2022,754 BEDOK RESERVOIR ROAD #12-11,Resale,Strata,94,"14,043",-,Condominium,1,99 yrs from 26/11/2009,2014,Private,479258,16,47,East Region,Bedok
SKY VUE,"1,243,000",678.13,"1,833",28 Jan 2022,1 BISHAN STREET 15 #15-09,Resale,Strata,63,"19,730",-,Condominium,1,99 yrs from 04/03/2013,2016,HDB,573910,20,57,Central Region,Bishan
RAFFLESIA CONDOMINIUM,"1,070,000",914.94,"1,169",28 Jan 2022,31 BISHAN STREET 21 #04-01,Resale,Strata,85,"12,588",-,Condominium,1,99 yrs from 18/07/1997,2003,Private,579800,20,57,Central Region,Bishan
HILLVIEW REGENCY,"1,200,000","1,130.22","1,062",28 Jan 2022,28 BUKIT BATOK EAST AVENUE 2 #18-24,Resale,Strata,105,"11,429",-,Condominium,1,99 yrs from 20/06/2000,2006,HDB,659921,23,65,West Region,Bukit Batok
PARKVIEW APARTMENTS,"800,000","1,119.46",715,28 Jan 2022,3 BUKIT BATOK STREET 25 #03-04,Resale,Strata,104,"7,692",-,Apartment,1,99 yrs from 01/05/1994,1998,Private,658881,23,65,West Region,Bukit Batok
CAIRNHILL CREST,"3,900,000","1,733","2,250",28 Jan 2022,2 CAIRNHILL CIRCLE #15-03,Resale,Strata,161,"24,224",-,Condominium,1,Freehold,2004,Private,229811,09,22,Central Region,Newton
CAIRNHILL CREST,"4,700,000","1,980.58","2,373",28 Jan 2022,6 CAIRNHILL CIRCLE #12-07,Resale,Strata,184,"25,543",-,Condominium,1,Freehold,2004,Private,229813,09,22,Central Region,Newton
QUEENS PEAK,"1,400,000",775.01,"1,806",28 Jan 2022,3 DUNDEE ROAD #15-14,Resale,Strata,72,"19,444",-,Condominium,1,99 yrs from 28/09/2015,2020,Private,149457,03,14,Central Region,Queenstown
FABER CREST,"1,000,000","1,011.82",988,28 Jan 2022,50A FABER HEIGHTS #02-04,Resale,Strata,94,"10,638",-,Condominium,1,99 yrs from 12/06/1996,2001,Private,129195,05,12,West Region,Clementi
POLLEN & BLEU,"1,550,000",871.88,"1,778",28 Jan 2022,17 FARRER DRIVE #07-11,Resale,Strata,81,"19,136",-,Condominium,1,99 yrs from 24/09/2012,2016,Private,259297,10,25,Central Region,Tanglin
J GATEWAY,"910,000",495.14,"1,838",28 Jan 2022,6 GATEWAY DRIVE #15-25,Resale,Strata,46,"19,783",-,Condominium,1,99 yrs from 28/08/2012,2016,Private,608535,22,60,West Region,Jurong East
SIMS EDGE,"1,160,000",871.88,"1,330",28 Jan 2022,1 GEYLANG EAST AVENUE 2 #15-05,Resale,Strata,81,"14,321",-,Apartment,1,Freehold,2014,Private,389760,14,38,Central Region,Geylang
PARVIS,"4,380,000","1,991.34","2,200",28 Jan 2022,18 HOLLAND HILL #04-16,Resale,Strata,185,"23,676",-,Condominium,1,Freehold,2012,Private,278746,10,27,Central Region,Bukit Timah
KEMBANGAN SUITES,"878,888",635.08,"1,384",28 Jan 2022,16 JALAN MASJID #05-07,Resale,Strata,59,"14,896",-,Apartment,1,Freehold,2011,HDB,418941,14,41,East Region,Bedok
ENVIO,"2,060,000","2,055.92","1,002",28 Jan 2022,281 JOO CHIAT PLACE #05-06,Resale,Strata,191,"10,785",-,Apartment,1,Freehold,2010,Private,427962,15,42,East Region,Bedok
SIGNATURE AT LEWIS,"1,680,000",979.52,"1,715",28 Jan 2022,1 LEWIS ROAD #02-02,Resale,Strata,91,"18,462",-,Apartment,1,Freehold,2011,Private,258617,10,25,Central Region,Tanglin
THE VERTE,"2,350,000","1,657.66","1,418",28 Jan 2022,118 LORONG H TELOK KURAU #03-07,Resale,Strata,154,"15,260",-,Apartment,1,Freehold,2012,HDB,426146,15,42,East Region,Bedok
BARTLEY RESIDENCES,"1,620,000","1,097.93","1,476",28 Jan 2022,3 LORONG HOW SUN #11-13,Resale,Strata,102,"15,882",-,Apartment,1,99 yrs from 29/06/2011,2015,HDB,536560,19,53,North East Region,Serangoon
GARDEN PARK RESIDENCES,"1,155,000",861.12,"1,341",28 Jan 2022,25 LORONG M TELOK KURAU #01-02,Resale,Strata,80,"14,438",-,Apartment,1,Freehold,2016,Private,425310,15,42,East Region,Bedok
THE MILTONIA RESIDENCES,"1,470,000","1,528.49",962,28 Jan 2022,546 MILTONIA CLOSE #05-53,Resale,Strata,142,"10,352",-,Condominium,1,99 yrs from 30/11/2010,2014,HDB,768117,27,76,North Region,Yishun
HIGH STREET CENTRE,"950,000",527.44,"1,801",28 Jan 2022,1 NORTH BRIDGE ROAD #25-05,Resale,Strata,49,"19,388",-,Apartment,1,99 yrs from 02/06/1969,2005,HDB,179094,06,17,Central Region,Downtown Core
THREE THREE ROBIN,"3,600,000","1,582.31","2,275",28 Jan 2022,33 ROBIN ROAD #07-01,Resale,Strata,147,"24,490",-,Apartment,1,Freehold,2005,Private,258208,10,25,Central Region,Tanglin
THREE THREE ROBIN,"2,810,000","1,367.03","2,056",28 Jan 2022,33 ROBIN ROAD #09-04,Resale,Strata,127,"22,126",-,Apartment,1,Freehold,2005,Private,258208,10,25,Central Region,Tanglin
LA FIESTA,"910,000",731.95,"1,243",28 Jan 2022,60 SENGKANG SQUARE #03-21,Resale,Strata,68,"13,382",-,Condominium,1,99 yrs from 03/09/2012,2016,Private,544700,19,54,North East Region,Sengkang
WATERVIEW,"1,398,000","1,194.8","1,170",28 Jan 2022,81 TAMPINES AVENUE 1 #10-20,Resale,Strata,111,"12,595",-,Condominium,1,99 yrs from 16/06/2010,2014,HDB,528685,18,52,East Region,Tampines
HIGH OAK CONDOMINIUM,"1,770,000","1,668.42","1,061",28 Jan 2022,11 TOH TUCK ROAD #01-24,Resale,Strata,155,"11,419",-,Condominium,1,99 yrs from 24/04/1996,1999,Private,596290,21,59,Central Region,Bukit Timah
RIVERSAILS,"1,018,000",914.94,"1,113",28 Jan 2022,20 UPPER SERANGOON CRESCENT #02-49,Resale,Strata,85,"11,976",-,Condominium,1,99 yrs from 07/12/2011,2016,HDB,534026,19,53,North East Region,Hougang
KINGSFORD WATERBAY,"865,000",678.13,"1,276",28 Jan 2022,78 UPPER SERANGOON VIEW #08-67,Resale,Strata,63,"13,730",-,Apartment,1,99 yrs from 03/03/2014,2018,Private,533879,19,53,North East Region,Hougang
WHISTLER GRAND,"950,000",613.55,"1,548",28 Jan 2022,107 WEST COAST VALE #06-06,Sub Sale,Strata,57,"16,667",-,Apartment,1,99 yrs from 07/05/2018,Uncompleted,HDB,126751,05,12,West Region,Clementi
THE TESSARINA,"3,110,000","1,614.6","1,926",28 Jan 2022,22 WILBY ROAD #04-20,Resale,Strata,150,"20,733",-,Condominium,1,Freehold,2003,Private,276306,10,27,Central Region,Bukit Timah
WOODHAVEN,"1,025,000","1,033.34",992,28 Jan 2022,77 WOODGROVE AVENUE #01-45,Resale,Strata,96,"10,677",-,Condominium,1,99 yrs from 07/02/2011,2015,Private,737811,25,73,North Region,Woodlands
MODA,"1,350,000",764.24,"1,766",28 Jan 2022,42 EAST COAST ROAD #08-04,Resale,Strata,71,"19,014",-,Apartment,1,Freehold,2014,Private,428762,15,42,Central Region,Marine Parade
HAIG 162,"1,180,000",861.12,"1,370",28 Jan 2022,162 HAIG ROAD #15-09,Resale,Strata,80,"14,750",-,Apartment,1,Freehold,2013,Private,438773,15,43,Central Region,Marine Parade
CYAN,"2,350,000","1,022.58","2,298",28 Jan 2022,8 KENG CHIN ROAD #15-10,Resale,Strata,95,"24,737",-,Condominium,1,Freehold,2014,Private,258710,10,25,Central Region,Tanglin
LIVIA,"888,000",914.94,971,28 Jan 2022,73 PASIR RIS GROVE #06-24,Resale,Strata,85,"10,447",-,Condominium,1,99 yrs from 07/01/2008,2011,Private,518206,18,51,East Region,Pasir Ris
THE ROCHESTER RESIDENCES,"2,700,000","1,862.17","1,450",28 Jan 2022,33 ROCHESTER DRIVE #27-03,Resale,Strata,173,"15,607",-,Apartment,1,99 yrs from 02/02/2005,2011,HDB,138638,05,13,Central Region,Queenstown
8 FARRER SUITES,"1,430,000","1,044.11","1,370",28 Jan 2022,8 SING JOO WALK #04-07,Resale,Strata,97,"14,742",-,Apartment,1,Freehold,2015,Private,217820,08,21,Central Region,Kallang
WILSHIRE RESIDENCES,"3,450,000","1,270.15","2,716",28 Jan 2022,30 FARRER ROAD #09-01,New Sale,Strata,118,"29,237",-,Apartment,1,Freehold,Uncompleted,HDB,268832,10,26,Central Region,Tanglin
KI RESIDENCES AT BROOKVALE,"1,817,000",936.47,"1,940",28 Jan 2022,2 BROOKVALE DRIVE #04-01,New Sale,Strata,87,"20,885",-,Condominium,1,999 yrs from 23/03/1885,Uncompleted,Private,599973,21,59,West Region,Clementi
KI RESIDENCES AT BROOKVALE,"1,739,000",861.12,"2,019",28 Jan 2022,2 BROOKVALE DRIVE #09-02,New Sale,Strata,80,"21,738",-,Condominium,1,999 yrs from 23/03/1885,Uncompleted,Private,599973,21,59,West Region,Clementi
KI RESIDENCES AT BROOKVALE,"1,918,000",979.52,"1,958",28 Jan 2022,20 BROOKVALE DRIVE #06-47,New Sale,Strata,91,"21,077",-,Condominium,1,999 yrs from 23/03/1885,Uncompleted,N.A,599982,21,59,West Region,Clementi
SKYLINE 360 @ SAINT THOMAS WALK,"3,950,000","1,733","2,279",28 Jan 2022,68 ST. THOMAS WALK #10-02,Resale,Strata,161,"24,534",-,Condominium,1,Freehold,2012,Private,238142,09,23,Central Region,River Valley
CHELSEA GARDENS,"3,700,000","1,959.05","1,889",28 Jan 2022,8 WALSHE ROAD #08-02,Resale,Strata,182,"20,330",-,Condominium,1,Freehold,2000,HDB,257652,10,25,Central Region,Tanglin
PARC RIVIERA,"968,000",645.84,"1,499",28 Jan 2022,101 WEST COAST VALE #26-02,Resale,Strata,60,"16,133",-,Condominium,1,99 yrs from 11/11/2015,2019,HDB,126753,05,12,West Region,Clementi
WATERFRONT KEY,"1,455,000","1,227.1","1,186",28 Jan 2022,772 BEDOK RESERVOIR ROAD #07-11,Resale,Strata,114,"12,763",-,Condominium,1,99 yrs from 31/10/2007,2012,HDB,479251,16,47,East Region,Bedok
DAKOTA RESIDENCES,"2,190,000","1,291.68","1,695",28 Jan 2022,40 DAKOTA CRESCENT #11-16,Resale,Strata,120,"18,250",-,Condominium,1,99 yrs from 11/09/2007,2010,Private,399939,14,39,Central Region,Geylang
WATERBANK AT DAKOTA,"2,028,000","1,140.98","1,777",28 Jan 2022,78 DAKOTA CRESCENT #10-15,Resale,Strata,106,"19,132",-,Condominium,1,99 yrs from 07/12/2009,2013,HDB,399945,14,39,Central Region,Geylang
J GATEWAY,"1,680,000",893.41,"1,880",28 Jan 2022,2 GATEWAY DRIVE #36-01,Resale,Strata,83,"20,241",-,Condominium,1,99 yrs from 28/08/2012,2016,Private,608533,22,60,West Region,Jurong East
D'LEEDON,"2,100,000","1,216.33","1,727",28 Jan 2022,9 LEEDON HEIGHTS #31-21,Resale,Strata,113,"18,584",-,Condominium,1,99 yrs from 08/04/2010,2014,Private,267954,10,26,Central Region,Bukit Timah
COTE D'AZUR,"2,180,000","1,367.03","1,595",28 Jan 2022,60 MARINE PARADE ROAD #14-02,Resale,Strata,127,"17,165",-,Condominium,1,99 yrs from 25/07/2001,2004,Private,449297,15,44,Central Region,Marine Parade
MARTIA 8,"1,850,000","1,377.79","1,343",28 Jan 2022,8 MARTIA ROAD #01-02,Resale,Strata,128,"14,453",-,Apartment,1,Freehold,2002,Private,424795,15,42,East Region,Bedok
THE PIER AT ROBERTSON,"2,550,000","1,097.93","2,323",28 Jan 2022,80 MOHAMED SULTAN ROAD #06-08,Resale,Strata,102,"25,000",-,Apartment,1,Freehold,2006,Private,239013,09,23,Central Region,Singapore River
BEAVERTON COURT,"5,330,000","3,229.2","1,651",28 Jan 2022,45 MOUNT SINAI RISE #05-01,Resale,Strata,300,"17,767",-,Condominium,1,Freehold,1984,Private,276958,10,27,Central Region,Bukit Timah
TANAMERA CREST,"1,220,000","1,194.8","1,021",28 Jan 2022,6 PARI DEDAP WALK #06-04,Resale,Strata,111,"10,991",-,Condominium,1,99 yrs from 20/06/2000,2004,Private,486060,16,48,East Region,Bedok
BLISS@KOVAN,"1,780,000","1,248.62","1,426",28 Jan 2022,6B SIMON LANE #03-27,Resale,Strata,116,"15,345",-,Condominium,1,Freehold,2015,Private,546057,19,54,North East Region,Hougang
SPOTTISWOODE 18,"1,310,000",656.6,"1,995",28 Jan 2022,18 SPOTTISWOODE PARK ROAD #30-04,Resale,Strata,61,"21,475",-,Apartment,1,Freehold,2014,HDB,088642,02,08,Central Region,Bukit Merah
FAIRMOUNT CONDOMINIUM,"1,721,888","1,980.58",869,28 Jan 2022,30 EASTWOOD ROAD #04-01,Resale,Strata,184,"9,358",-,Condominium,1,99 yrs from 06/09/1996,2000,Private,486365,16,48,East Region,Bedok
VUE 8 RESIDENCE,"950,000",796.54,"1,193",28 Jan 2022,93 PASIR RIS HEIGHTS #16-23,Resale,Strata,74,"12,838",-,Condominium,1,99 yrs from 10/09/2012,2017,Private,519288,18,51,East Region,Pasir Ris
THE CREEK @ BUKIT,"1,538,000",818.06,"1,880",28 Jan 2022,15 TOH TUCK ROAD #01-29,Resale,Strata,76,"20,237",-,Condominium,1,Freehold,2017,Private,596198,21,59,Central Region,Bukit Timah
NORTH PARK RESIDENCES,"960,000",548.96,"1,749",28 Jan 2022,17 YISHUN CENTRAL 1 #08-23,Sub Sale,Strata,51,"18,824",-,Apartment,1,99 yrs from 19/03/2015,2018,Private,768798,27,76,North Region,Yishun
ROSEWOOD,"930,000","1,173.28",793,28 Jan 2022,7 ROSEWOOD DRIVE #03-16,Resale,Strata,109,"8,532",-,Condominium,1,99 yrs from 20/06/2000,2003,HDB,737937,25,73,North Region,Woodlands
THE SANTORINI,"880,000",742.72,"1,185",28 Jan 2022,33 TAMPINES STREET 86 #05-36,Resale,Strata,69,"12,754",-,Condominium,1,99 yrs from 16/10/2013,2017,HDB,528573,18,52,East Region,Tampines
THE TRILINQ,"2,250,000","1,517.72","1,482",28 Jan 2022,28A JALAN LEMPENG #24-10,Resale,Strata,141,"15,957",-,Condominium,1,99 yrs from 16/04/2012,2017,Private,128808,05,12,West Region,Clementi
CASA FORTUNA,"1,380,000",925.7,"1,491",28 Jan 2022,38 AH HOOD ROAD #05-06,Resale,Strata,86,"16,047",-,Apartment,1,Freehold,2011,Private,329981,12,32,Central Region,Novena
CENTRO RESIDENCES,"1,280,000",904.18,"1,416",28 Jan 2022,59 ANG MO KIO AVENUE 8 #12-08,Resale,Strata,84,"15,238",-,Condominium,1,99 yrs from 11/12/2007,2014,HDB,567752,20,56,North East Region,Ang Mo Kio
CONCOURSE SKYLINE,"1,348,000",861.12,"1,565",28 Jan 2022,298 BEACH ROAD #08-16,Resale,Strata,80,"16,850",-,Apartment,1,99 yrs from 13/03/2008,2014,Private,199554,07,19,Central Region,Downtown Core
PALM ISLES,"1,158,888","1,119.46","1,035",28 Jan 2022,34 FLORA DRIVE #07-28,Resale,Strata,104,"11,143",-,Condominium,1,99 yrs from 14/09/2011,2015,HDB,506893,17,50,East Region,Pasir Ris
THE INFLORA,"573,000",462.85,"1,238",28 Jan 2022,51 FLORA DRIVE #07-06,Resale,Strata,43,"13,326",-,Condominium,1,99 yrs from 25/05/2012,2016,HDB,506862,17,50,East Region,Pasir Ris
HEDGES PARK CONDOMINIUM,"928,888",871.88,"1,065",28 Jan 2022,85 FLORA DRIVE #05-48,Resale,Strata,81,"11,468",-,Condominium,1,99 yrs from 28/07/2010,2015,HDB,506888,17,50,East Region,Pasir Ris
PALM GARDENS,"1,100,000","1,205.57",912,28 Jan 2022,2C HONG SAN WALK #10-12,Resale,Strata,112,"9,821",-,Condominium,1,99 yrs from 12/08/1996,2000,HDB,689049,23,68,West Region,Choa Chu Kang
RIVERFRONT RESIDENCES,"815,000",516.67,"1,577",28 Jan 2022,41 HOUGANG AVENUE 7 #14-07,Sub Sale,Strata,48,"16,979",-,Apartment,1,99 yrs from 31/05/2018,Uncompleted,HDB,533813,19,53,North East Region,Hougang
RIO VISTA,"1,070,000","1,248.62",857,28 Jan 2022,26 UPPER SERANGOON VIEW #02-32,Resale,Strata,116,"9,224",-,Condominium,1,99 yrs from 02/01/2001,2004,HDB,534206,19,53,North East Region,Hougang
PARC ROSEWOOD,"1,280,000","1,765.3",725,28 Jan 2022,77 ROSEWOOD DRIVE #05-34,Resale,Strata,164,"7,805",-,Condominium,1,99 yrs from 07/09/2011,2014,HDB,737786,25,73,North Region,Woodlands
THE TENNERY,"725,000",613.55,"1,182",28 Jan 2022,3 WOODLANDS ROAD #07-13,Resale,Strata,57,"12,719",-,Apartment,1,99 yrs from 24/05/2010,2014,HDB,677901,23,67,West Region,Choa Chu Kang
CASTLE GREEN,"940,000",947.23,992,28 Jan 2022,487 YIO CHU KANG ROAD #02-04,Resale,Strata,88,"10,682",-,Condominium,1,99 yrs from 01/12/1993,1997,Private,787059,26,78,North East Region,Ang Mo Kio
ORCHID PARK CONDOMINIUM,"760,000",958,793,28 Jan 2022,81 YISHUN STREET 81 #07-02,Resale,Strata,89,"8,539",-,Condominium,1,99 yrs from 01/09/1991,1994,Private,768445,27,76,North Region,Yishun
HEDGES PARK CONDOMINIUM,"820,000",796.54,"1,029",28 Jan 2022,89 FLORA DRIVE #03-67,Resale,Strata,74,"11,081",-,Condominium,1,99 yrs from 28/07/2010,2015,HDB,506890,17,50,East Region,Pasir Ris
GEM RESIDENCES,"1,850,000","1,054.87","1,754",28 Jan 2022,1 LORONG 5 TOA PAYOH #27-03,Sub Sale,Strata,98,"18,878",-,Condominium,1,99 yrs from 21/09/2015,2019,Private,319458,12,31,Central Region,Toa Payoh
HAIG 162,"628,000",365.98,"1,716",28 Jan 2022,162 HAIG ROAD #07-06,Resale,Strata,34,"18,471",-,Apartment,1,Freehold,2013,HDB,438773,15,43,Central Region,Marine Parade
VACANZA @ EAST,"635,000",484.38,"1,311",28 Jan 2022,50 LENGKONG TUJOH #03-37,Resale,Strata,45,"14,111",-,Condominium,1,Freehold,2014,Private,417398,14,41,East Region,Bedok
LAGOON VIEW,"1,800,000","1,646.89","1,093",28 Jan 2022,5000N MARINE PARADE ROAD #02-57,Resale,Strata,153,"11,765",-,Apartment,1,99 yrs from 15/11/1977,-,HDB,449295,15,44,East Region,Bedok
ALEX RESIDENCES,"1,550,000",925.7,"1,674",28 Jan 2022,28 ALEXANDRA VIEW #03-01,Resale,Strata,86,"18,023",-,Apartment,1,99 yrs from 18/03/2013,2017,Private,158744,03,15,Central Region,Bukit Merah
UBER 388,"1,383,000",904.18,"1,530",28 Jan 2022,388 UPPER EAST COAST ROAD #01-13,Resale,Strata,84,"16,464",-,Condominium,1,Freehold,2014,HDB,466477,16,46,East Region,Bedok
THE HILLSIDE,"2,150,000","1,646.89","1,305",28 Jan 2022,345 UPPER BUKIT TIMAH ROAD #01-05,Resale,Strata,153,"14,052",-,Condominium,1,Freehold,2001,Private,588197,21,58,West Region,Bukit Batok
CANBERRA RESIDENCES,"1,720,000","2,066.69",832,28 Jan 2022,505 CANBERRA DRIVE #05-12,Resale,Strata,192,"8,958",-,Condominium,1,99 yrs from 08/09/2010,2013,Private,768126,27,76,North Region,Sembawang
LIVIA,"1,245,000","1,259.39",989,28 Jan 2022,61 PASIR RIS GROVE #15-03,Resale,Strata,117,"10,641",-,Condominium,1,99 yrs from 07/01/2008,2011,Private,518215,18,51,East Region,Pasir Ris
THE TENNERY,"745,000",613.55,"1,214",28 Jan 2022,3 WOODLANDS ROAD #13-13,Resale,Strata,57,"13,070",-,Apartment,1,99 yrs from 24/05/2010,2014,HDB,677901,23,67,West Region,Choa Chu Kang
SIMS GREEN,"1,175,000","1,237.86",949,28 Jan 2022,9 LORONG 27A GEYLANG #03-10,Resale,Strata,115,"10,217",-,Apartment,1,99 yrs from 06/02/2001,2003,Private,388134,14,38,Central Region,Geylang
OLEANDER TOWERS,"1,470,000","1,151.75","1,276",28 Jan 2022,911 LORONG 1 TOA PAYOH #21-03,Resale,Strata,107,"13,738",-,Apartment,1,99 yrs from 01/03/1995,1997,HDB,319771,12,31,Central Region,Toa Payoh
THE PALETTE,"1,430,000","1,162.51","1,230",28 Jan 2022,111 PASIR RIS GROVE #09-29,Resale,Strata,108,"13,241",-,Condominium,1,99 yrs from 20/10/2010,2015,Private,518170,18,51,East Region,Pasir Ris
MANDARIN GARDENS,"2,270,000","2,023.63","1,122",28 Jan 2022,1 SIGLAP ROAD #04-10,Resale,Strata,188,"12,074",-,Condominium,1,99 yrs from 08/03/1982,1986,Private,448906,15,44,East Region,Bedok
DUO RESIDENCES,"1,878,888",839.59,"2,238",28 Jan 2022,1 FRASER STREET #17-18,Resale,Strata,78,"24,088",-,Apartment,1,99 yrs from 01/07/2011,2017,Private,189350,07,18,Central Region,Downtown Core
SUNSHINE LODGE,"748,000",721.19,"1,037",28 Jan 2022,510 UPPER SERANGOON ROAD #04-04,Resale,Strata,67,"11,164",-,Apartment,1,Freehold,1998,HDB,534530,19,53,North East Region,Serangoon
REFLECTIONS AT KEPPEL BAY,"1,638,888","1,054.87","1,554",28 Jan 2022,7 KEPPEL BAY VIEW #05-26,Resale,Strata,98,"16,723",-,Condominium,1,99 yrs from 15/03/2006,2011,Private,098405,04,09,Central Region,Bukit Merah
V ON SHENTON,"4,080,000","1,754.53","2,325",28 Jan 2022,5A SHENTON WAY #51-15,Resale,Strata,163,"25,031",-,Apartment,1,99 yrs from 29/11/2011,2017,Private,068814,01,06,Central Region,Downtown Core
ST PATRICK'S RESIDENCES,"3,360,000","3,175.38","1,058",28 Jan 2022,56 ST. PATRICK'S ROAD #B1-12,Resale,Strata,295,"11,390",-,Apartment,1,Freehold,2013,HDB,424171,15,42,East Region,Bedok
CASSIA VIEW,"1,395,000","1,151.75","1,211",28 Jan 2022,320 GUILLEMARD ROAD #08-01,Resale,Strata,107,"13,037",-,Apartment,1,Freehold,1998,HDB,399746,14,39,Central Region,Geylang
THE SANTORINI,"650,000",527.44,"1,232",28 Jan 2022,21 TAMPINES STREET 86 #06-04,Resale,Strata,49,"13,265",-,Condominium,1,99 yrs from 16/10/2013,2017,HDB,528592,18,52,East Region,Tampines
CASAFINA,"1,350,000","1,377.79",980,28 Jan 2022,213 BEDOK SOUTH AVENUE 1 #01-01,Resale,Strata,128,"10,547",-,Condominium,1,99 yrs from 12/06/1996,1999,Private,469337,16,46,East Region,Bedok
TREASURE AT TAMPINES,"1,080,000",678.13,"1,593",28 Jan 2022,13 TAMPINES LANE #08-54,Sub Sale,Strata,63,"17,143",-,Condominium,1,99 yrs from 29/11/2018,Uncompleted,HDB,528479,18,52,East Region,Tampines
SKIES MILTONIA,"1,420,000","1,485.43",956,28 Jan 2022,31 MILTONIA CLOSE #01-22,Resale,Strata,138,"10,290",-,Condominium,1,99 yrs from 20/02/2012,2016,HDB,768063,27,76,North Region,Yishun
HILLINGTON GREEN,"2,588,000","2,346.55","1,103",28 Jan 2022,47 HILLVIEW AVENUE #10-01,Resale,Strata,218,"11,872",-,Condominium,1,999 yrs from 19/05/1883,2002,Private,669614,23,66,West Region,Bukit Batok
THE WOODLEIGH RESIDENCES,"2,608,000","1,259.39","2,071",29 Jan 2022,13 BIDADARI PARK DRIVE #03-03,New Sale,Strata,117,"22,291",-,Apartment,1,99 yrs from 18/09/2017,Uncompleted,HDB,367804,13,36,Central Region,Toa Payoh
THE WOODLEIGH RESIDENCES,"2,751,000","1,270.15","2,166",29 Jan 2022,33 BIDADARI PARK DRIVE #05-60,New Sale,Strata,118,"23,314",-,Apartment,1,99 yrs from 18/09/2017,Uncompleted,N.A,367801,13,36,Central Region,Toa Payoh
AMBER PARK,"2,205,000",882.65,"2,498",29 Jan 2022,18 AMBER GARDENS #01-20,New Sale,Strata,82,"26,890",-,Condominium,1,Freehold,Uncompleted,Private,439980,15,43,Central Region,Marine Parade
KENT RIDGE HILL RESIDENCES,"1,778,000",882.65,"2,014",29 Jan 2022,52 SOUTH BUONA VISTA ROAD #01-26,New Sale,Strata,82,"21,683",-,Apartment,1,99 yrs from 10/11/2018,Uncompleted,Private,118168,05,11,Central Region,Queenstown
FOURTH AVENUE RESIDENCES,"2,770,000","1,108.69","2,498",29 Jan 2022,6 FOURTH AVENUE #09-20,New Sale,Strata,103,"26,893",-,Apartment,1,99 yrs from 07/03/2018,Uncompleted,HDB,268673,10,26,Central Region,Bukit Timah
ONE PEARL BANK,"3,429,000","1,431.61","2,395",29 Jan 2022,1 PEARL BANK #21-18,New Sale,Strata,133,"25,782",-,Apartment,1,99 yrs from 01/03/2019,Uncompleted,Private,169016,03,16,Central Region,Outram
ONE PEARL BANK,"1,395,000",527.44,"2,645",29 Jan 2022,1 PEARL BANK #37-21,New Sale,Strata,49,"28,469",-,Apartment,1,99 yrs from 01/03/2019,Uncompleted,Private,169016,03,16,Central Region,Outram
NORMANTON PARK,"1,722,000",968.76,"1,778",29 Jan 2022,47 NORMANTON PARK #08-15,New Sale,Strata,90,"19,133",-,Apartment,1,99 yrs from 22/07/2019,Uncompleted,HDB,119028,05,11,Central Region,Queenstown
NORMANTON PARK,"1,006,970",527.44,"1,909",29 Jan 2022,49 NORMANTON PARK #23-25,New Sale,Strata,49,"20,550",-,Apartment,1,99 yrs from 22/07/2019,Uncompleted,N.A,117280,05,11,Central Region,Queenstown
NORMANTON PARK,"1,022,120",527.44,"1,938",29 Jan 2022,51 NORMANTON PARK #17-34,New Sale,Strata,49,"20,860",-,Apartment,1,99 yrs from 22/07/2019,Uncompleted,HDB,117281,05,11,Central Region,Queenstown
NORMANTON PARK,"1,026,160",527.44,"1,946",29 Jan 2022,51 NORMANTON PARK #19-34,New Sale,Strata,49,"20,942",-,Apartment,1,99 yrs from 22/07/2019,Uncompleted,HDB,117281,05,11,Central Region,Queenstown
NORMANTON PARK,"2,394,000","1,313.21","1,823",29 Jan 2022,55 NORMANTON PARK #05-50,New Sale,Strata,122,"19,623",-,Apartment,1,99 yrs from 22/07/2019,Uncompleted,N.A,117283,05,11,Central Region,Queenstown
URBAN TREASURES,"1,240,820",635.08,"1,954",29 Jan 2022,205 JALAN EUNOS #07-03,New Sale,Strata,59,"21,031",-,Condominium,1,Freehold,Uncompleted,HDB,419535,14,41,East Region,Bedok
AVENUE SOUTH RESIDENCE,"2,171,000",947.23,"2,292",29 Jan 2022,11 SILAT AVENUE #46-36,New Sale,Strata,88,"24,670",-,Apartment,1,99 yrs from 14/08/2018,Uncompleted,N.A,168877,03,16,Central Region,Bukit Merah
AVENUE SOUTH RESIDENCE,"3,075,000","1,496.2","2,055",29 Jan 2022,13 SILAT AVENUE #22-37,New Sale,Strata,139,"22,122",-,Apartment,1,99 yrs from 14/08/2018,Uncompleted,N.A,168878,03,16,Central Region,Bukit Merah
AVENUE SOUTH RESIDENCE,"3,372,000","1,496.2","2,254",29 Jan 2022,13 SILAT AVENUE #51-37,New Sale,Strata,139,"24,259",-,Apartment,1,99 yrs from 14/08/2018,Uncompleted,Private,168878,03,16,Central Region,Bukit Merah
DAIRY FARM RESIDENCES,"1,291,100",721.19,"1,790",29 Jan 2022,8 DAIRY FARM LANE #15-23,New Sale,Strata,67,"19,270",-,Apartment,1,99 yrs from 05/12/2018,Uncompleted,HDB,677624,23,67,West Region,Bukit Panjang
THE AVENIR,"2,553,000",807.3,"3,162",29 Jan 2022,8 RIVER VALLEY CLOSE #21-04,New Sale,Strata,75,"34,040",-,Condominium,1,Freehold,Uncompleted,Private,238432,09,23,Central Region,River Valley
THE TRILLIUM,"5,800,000","2,217.38","2,616",29 Jan 2022,116 KIM SENG ROAD #19-05,Resale,Strata,206,"28,155",-,Condominium,1,Freehold,2010,Private,239434,09,23,Central Region,Singapore River
77 @ EAST COAST,"1,056,000",624.31,"1,691",29 Jan 2022,77 UPPER EAST COAST ROAD #04-10,New Sale,Strata,58,"18,207",-,Apartment,1,Freehold,Uncompleted,HDB,455218,15,45,East Region,Bedok
ZYANYA,"2,169,132","1,302.44","1,659",29 Jan 2022,8 LORONG 25A GEYLANG #08-02,New Sale,Strata,121,"17,853","2,160,244",Apartment,1,Freehold,Uncompleted,N.A,388222,14,38,Central Region,Geylang
JADESCAPE,"2,765,000","1,646.89","1,679",30 Jan 2022,10 SHUNFU ROAD #20-37,New Sale,Strata,153,"18,072",-,Condominium,1,99 yrs from 19/06/2018,Uncompleted,N.A,575746,20,57,Central Region,Bishan
THE WOODLEIGH RESIDENCES,"1,810,000",850.36,"2,129",30 Jan 2022,17 BIDADARI PARK DRIVE #11-09,New Sale,Strata,79,"22,911",-,Apartment,1,99 yrs from 18/09/2017,Uncompleted,HDB,367806,13,36,Central Region,Toa Payoh
THE WOODLEIGH RESIDENCES,"2,552,000","1,119.46","2,280",30 Jan 2022,21 BIDADARI PARK DRIVE #08-24,New Sale,Strata,104,"24,538",-,Apartment,1,99 yrs from 18/09/2017,Uncompleted,N.A,367795,13,36,Central Region,Toa Payoh
THE WOODLEIGH RESIDENCES,"1,761,000",742.72,"2,371",30 Jan 2022,21 BIDADARI PARK DRIVE #12-26,New Sale,Strata,69,"25,522",-,Apartment,1,99 yrs from 18/09/2017,Uncompleted,Private,367795,13,36,Central Region,Toa Payoh
THE WOODLEIGH RESIDENCES,"1,941,000",958,"2,026",30 Jan 2022,27 BIDADARI PARK DRIVE #04-48,New Sale,Strata,89,"21,809",-,Apartment,1,99 yrs from 18/09/2017,Uncompleted,HDB,367798,13,36,Central Region,Toa Payoh
AMBER PARK,"3,784,000","1,571.54","2,408",30 Jan 2022,16 AMBER GARDENS #07-07,New Sale,Strata,146,"25,918",-,Condominium,1,Freehold,Uncompleted,Private,439961,15,43,Central Region,Marine Parade
AMBER PARK,"3,227,000","1,302.44","2,478",30 Jan 2022,18 AMBER GARDENS #15-16,New Sale,Strata,121,"26,669",-,Condominium,1,Freehold,Uncompleted,Private,439980,15,43,Central Region,Marine Parade
KENT RIDGE HILL RESIDENCES,"1,962,163","1,076.4","1,823",30 Jan 2022,66 SOUTH BUONA VISTA ROAD #02-66,New Sale,Strata,100,"19,622",-,Apartment,1,99 yrs from 10/11/2018,Uncompleted,HDB,118175,05,11,Central Region,Queenstown
HAUS ON HANDY,"1,359,000",516.67,"2,630",30 Jan 2022,28 HANDY ROAD #05-07,New Sale,Strata,48,"28,313",-,Condominium,1,99 yrs from 07/05/2018,Uncompleted,Private,229240,09,22,Central Region,Museum
THE FLORENCE RESIDENCES,"1,135,000",635.08,"1,787",30 Jan 2022,81 HOUGANG AVENUE 2 #14-05,New Sale,Strata,59,"19,237",-,Apartment,1,99 yrs from 24/12/2018,Uncompleted,HDB,538859,19,53,North East Region,Hougang
THE FLORENCE RESIDENCES,"1,930,000","1,280.92","1,507",30 Jan 2022,91 HOUGANG AVENUE 2 #18-46,New Sale,Strata,119,"16,218",-,Apartment,1,99 yrs from 24/12/2018,Uncompleted,Private,538864,19,53,North East Region,Hougang
NORMANTON PARK,"1,005,960",527.44,"1,907",30 Jan 2022,49 NORMANTON PARK #22-25,New Sale,Strata,49,"20,530",-,Apartment,1,99 yrs from 22/07/2019,Uncompleted,HDB,117280,05,11,Central Region,Queenstown
NORMANTON PARK,"2,382,000","1,313.21","1,814",30 Jan 2022,53 NORMANTON PARK #02-41,New Sale,Strata,122,"19,525",-,Apartment,1,99 yrs from 22/07/2019,Uncompleted,Private,117282,05,11,Central Region,Queenstown
NORMANTON PARK,"2,486,000","1,334.74","1,863",30 Jan 2022,53 NORMANTON PARK #21-42,New Sale,Strata,124,"20,048",-,Apartment,1,99 yrs from 22/07/2019,Uncompleted,N.A,117282,05,11,Central Region,Queenstown
NORMANTON PARK,"2,401,000","1,313.21","1,828",30 Jan 2022,55 NORMANTON PARK #07-50,New Sale,Strata,122,"19,680",-,Apartment,1,99 yrs from 22/07/2019,Uncompleted,Private,117283,05,11,Central Region,Queenstown
NORMANTON PARK,"1,756,000",958,"1,833",30 Jan 2022,55 NORMANTON PARK #08-51,New Sale,Strata,89,"19,730",-,Apartment,1,99 yrs from 22/07/2019,Uncompleted,N.A,117283,05,11,Central Region,Queenstown
NORMANTON PARK,"1,945,000","1,065.64","1,825",30 Jan 2022,57 NORMANTON PARK #05-55,New Sale,Strata,99,"19,646",-,Apartment,1,99 yrs from 22/07/2019,Uncompleted,Private,117284,05,11,Central Region,Queenstown
SKY EVERTON,"5,688,000","1,819.12","3,127",30 Jan 2022,50 EVERTON ROAD #36-01,New Sale,Strata,169,"33,657",-,Apartment,1,Freehold,Uncompleted,HDB,089396,02,08,Central Region,Bukit Merah
MIDWOOD,"1,753,000",990.29,"1,770",30 Jan 2022,10 HILLVIEW RISE #29-18,New Sale,Strata,92,"19,054",-,Condominium,1,99 yrs from 01/10/2018,Uncompleted,N.A,667972,23,66,West Region,Bukit Batok
PERFECT TEN,"2,323,762",753.48,"3,084",30 Jan 2022,321 BUKIT TIMAH ROAD #03-01,New Sale,Strata,70,"33,197",-,Apartment,1,Freehold,Uncompleted,Private,259781,10,25,Central Region,Tanglin
VERTICUS,"1,839,000",936.47,"1,964",30 Jan 2022,3 JALAN KEMAMAN #13-05,New Sale,Strata,87,"21,138",-,Apartment,1,Freehold,Uncompleted,Private,329343,12,32,Central Region,Novena
KENT RIDGE HILL RESIDENCES,"1,884,150",958,"1,967",31 Jan 2022,66 SOUTH BUONA VISTA ROAD #01-71,New Sale,Strata,89,"21,170",-,Apartment,1,99 yrs from 10/11/2018,Uncompleted,HDB,118175,05,11,Central Region,Queenstown
FOURTH AVENUE RESIDENCES,"1,588,000",645.84,"2,459",31 Jan 2022,10 FOURTH AVENUE #01-33,New Sale,Strata,60,"26,467",-,Apartment,1,99 yrs from 07/03/2018,Uncompleted,HDB,268675,10,26,Central Region,Bukit Timah
FOURTH AVENUE RESIDENCES,"2,828,000","1,119.46","2,526",31 Jan 2022,12 FOURTH AVENUE #09-37,New Sale,Strata,104,"27,192",-,Apartment,1,99 yrs from 07/03/2018,Uncompleted,N.A,268676,10,26,Central Region,Bukit Timah
FOURTH AVENUE RESIDENCES,"3,713,000","1,485.43","2,500",31 Jan 2022,4 FOURTH AVENUE #02-08,New Sale,Strata,138,"26,906",-,Apartment,1,99 yrs from 07/03/2018,Uncompleted,Private,268672,10,26,Central Region,Bukit Timah
FOURTH AVENUE RESIDENCES,"1,773,780",710.42,"2,497",31 Jan 2022,4 FOURTH AVENUE #05-09,New Sale,Strata,66,"26,875",-,Apartment,1,99 yrs from 07/03/2018,Uncompleted,N.A,268672,10,26,Central Region,Bukit Timah
FOURTH AVENUE RESIDENCES,"1,732,000",710.42,"2,438",31 Jan 2022,6 FOURTH AVENUE #02-19,New Sale,Strata,66,"26,242",-,Apartment,1,99 yrs from 07/03/2018,Uncompleted,Private,268673,10,26,Central Region,Bukit Timah
MAYFAIR MODERN,"1,186,020",516.67,"2,295",31 Jan 2022,2 RIFLE RANGE ROAD #07-10,New Sale,Strata,48,"24,709",-,Condominium,1,99 yrs from 18/09/2018,Uncompleted,Private,588373,21,58,Central Region,Bukit Timah
NYON,"1,950,000",914.94,"2,131",31 Jan 2022,12 AMBER ROAD #07-06,New Sale,Strata,85,"22,941",-,Apartment,1,Freehold,Uncompleted,Private,439858,15,43,Central Region,Marine Parade
THE GAZANIA,"978,000",441.32,"2,216",31 Jan 2022,17 HOW SUN DRIVE #04-35,New Sale,Strata,41,"23,854",-,Condominium,1,Freehold,Uncompleted,Private,538550,19,53,North East Region,Serangoon
THE GAZANIA,"958,000",462.85,"2,070",31 Jan 2022,17 HOW SUN DRIVE #03-39,New Sale,Strata,43,"22,279",-,Condominium,1,Freehold,Uncompleted,N.A,538550,19,53,North East Region,Serangoon
THE FLORENCE RESIDENCES,"1,808,000","1,022.58","1,768",31 Jan 2022,93 HOUGANG AVENUE 2 #15-55,New Sale,Strata,95,"19,032",-,Apartment,1,99 yrs from 24/12/2018,Uncompleted,Private,538865,19,53,North East Region,Hougang
ROYALGREEN,"2,983,000","1,065.64","2,799",31 Jan 2022,2C ANAMALAI AVENUE #02-25,New Sale,Strata,99,"30,131",-,Condominium,1,Freehold,2021,Private,279991,10,27,Central Region,Bukit Timah
ONE PEARL BANK,"1,176,000",430.56,"2,731",31 Jan 2022,1 PEARL BANK #31-14,New Sale,Strata,40,"29,400",-,Apartment,1,99 yrs from 01/03/2019,Uncompleted,HDB,169016,03,16,Central Region,Outram
THE IVERIA,"2,306,000",904.18,"2,550",31 Jan 2022,2 KIM YAM ROAD #12-02,New Sale,Strata,84,"27,452",-,Apartment,1,Freehold,Uncompleted,Private,239320,09,23,Central Region,River Valley
NORMANTON PARK,"1,696,530",968.76,"1,751",31 Jan 2022,47 NORMANTON PARK #17-15,New Sale,Strata,90,"18,850",-,Apartment,1,99 yrs from 22/07/2019,Uncompleted,N.A,119028,05,11,Central Region,Queenstown
NORMANTON PARK,"1,750,000",958,"1,827",31 Jan 2022,55 NORMANTON PARK #06-51,New Sale,Strata,89,"19,663",-,Apartment,1,99 yrs from 22/07/2019,Uncompleted,Private,117283,05,11,Central Region,Queenstown
15 HOLLAND HILL,"6,950,000","2,303.5","3,017",31 Jan 2022,15 HOLLAND HILL #04-03,New Sale,Strata,214,"32,477",-,Apartment,1,Freehold,Uncompleted,Private,278735,10,27,Central Region,Bukit Timah
PARC KOMO,"2,103,430","1,420.85","1,480",31 Jan 2022,965 UPPER CHANGI ROAD NORTH #02-30,New Sale,Strata,132,"15,935",-,Apartment,1,Freehold,Uncompleted,HDB,507665,17,50,East Region,Pasir Ris
PARC CLEMATIS,"2,539,000","1,496.2","1,697",31 Jan 2022,6 JALAN LEMPENG #10-04,New Sale,Strata,139,"18,266",-,Apartment,1,99 yrs from 08/08/2019,Uncompleted,HDB,128795,05,12,West Region,Clementi
PARC CLEMATIS,"2,495,000","1,496.2","1,668",31 Jan 2022,6 JALAN LEMPENG #02-04,New Sale,Strata,139,"17,950",-,Apartment,1,99 yrs from 08/08/2019,Uncompleted,HDB,128795,05,12,West Region,Clementi
AVENUE SOUTH RESIDENCE,"1,490,000",656.6,"2,269",31 Jan 2022,11 SILAT AVENUE #43-33,New Sale,Strata,61,"24,426",-,Apartment,1,99 yrs from 14/08/2018,Uncompleted,N.A,168877,03,16,Central Region,Bukit Merah
MEYER MANSION,"4,527,800","1,765.3","2,565",31 Jan 2022,79 MEYER ROAD #06-07,New Sale,Strata,164,"27,609",-,Apartment,1,Freehold,Uncompleted,Private,437906,15,43,Central Region,Marine Parade
THE M,"1,740,000",613.55,"2,836",31 Jan 2022,38 MIDDLE ROAD #18-38,New Sale,Strata,57,"30,526",-,Apartment,1,99 yrs from 03/07/2019,Uncompleted,N.A,188947,07,18,Central Region,Downtown Core
PENROSE,"2,052,000","1,173.28","1,749",31 Jan 2022,28 SIMS DRIVE #15-24,New Sale,Strata,109,"18,826",-,Apartment,1,99 yrs from 03/07/2019,Uncompleted,HDB,387399,14,38,Central Region,Geylang
CANNINGHILL PIERS,"2,290,000",818.06,"2,799",31 Jan 2022,1 CLARKE QUAY #14-02,New Sale,Strata,76,"30,132",-,Apartment,1,99 yrs from 17/09/2021,Uncompleted,N.A,179882,06,17,Central Region,Singapore River
DAIRY FARM RESIDENCES,"1,636,700","1,022.58","1,601",31 Jan 2022,12 DAIRY FARM LANE #05-41,New Sale,Strata,95,"17,228",-,Apartment,1,99 yrs from 05/12/2018,Uncompleted,HDB,677615,23,67,West Region,Bukit Panjang
NORMANTON PARK,"1,008,990",527.44,"1,913",01 Feb 2022,51 NORMANTON PARK #09-35,New Sale,Strata,49,"20,592",-,Apartment,1,99 yrs from 22/07/2019,Uncompleted,HDB,117281,05,11,Central Region,Queenstown
AVENUE SOUTH RESIDENCE,"2,649,000","1,108.69","2,389",01 Feb 2022,13 SILAT AVENUE #51-41,New Sale,Strata,103,"25,718",-,Apartment,1,99 yrs from 14/08/2018,Uncompleted,N.A,168878,03,16,Central Region,Bukit Merah
PARK NOVA,"10,388,000","2,206.62","4,708",01 Feb 2022,18 TOMLINSON ROAD #07-03,New Sale,Strata,205,"50,673",-,Apartment,1,Freehold,Uncompleted,N.A,247858,10,24,Central Region,Orchard
CLAVON,"2,649,000","1,689.95","1,568",01 Feb 2022,8 CLEMENTI AVENUE 1 #07-18,New Sale,Strata,157,"16,873",-,Apartment,1,99 yrs from 07/10/2019,Uncompleted,HDB,129964,05,12,West Region,Clementi
DAIRY FARM RESIDENCES,"1,287,700",764.24,"1,685",01 Feb 2022,6 DAIRY FARM LANE #04-11,New Sale,Strata,71,"18,137",-,Apartment,1,99 yrs from 05/12/2018,Uncompleted,N.A,677623,23,67,West Region,Bukit Panjang
THE WOODLEIGH RESIDENCES,"2,420,000","1,076.4","2,248",02 Feb 2022,29 BIDADARI PARK DRIVE #13-53,New Sale,Strata,100,"24,200",-,Apartment,1,99 yrs from 18/09/2017,Uncompleted,Private,367799,13,36,Central Region,Toa Payoh
NORMANTON PARK,"1,744,000",968.76,"1,800",02 Feb 2022,49 NORMANTON PARK #07-24,New Sale,Strata,90,"19,378",-,Apartment,1,99 yrs from 22/07/2019,Uncompleted,Private,117280,05,11,Central Region,Queenstown
NORMANTON PARK,"1,629,000",904.18,"1,802",02 Feb 2022,59 NORMANTON PARK #09-68,New Sale,Strata,84,"19,393",-,Apartment,1,99 yrs from 22/07/2019,Uncompleted,Private,117285,05,11,Central Region,Queenstown
AVENUE SOUTH RESIDENCE,"1,377,000",527.44,"2,611",02 Feb 2022,11 SILAT AVENUE #55-29,New Sale,Strata,49,"28,102",-,Apartment,1,99 yrs from 14/08/2018,Uncompleted,N.A,168877,03,16,Central Region,Bukit Merah
CLAVON,"2,678,000","1,689.95","1,585",02 Feb 2022,8 CLEMENTI AVENUE 1 #11-18,New Sale,Strata,157,"17,057",-,Apartment,1,99 yrs from 07/10/2019,Uncompleted,Private,129964,05,12,West Region,Clementi
THE WOODLEIGH RESIDENCES,"1,696,000",742.72,"2,284",03 Feb 2022,21 BIDADARI PARK DRIVE #10-26,New Sale,Strata,69,"24,580",-,Apartment,1,99 yrs from 18/09/2017,Uncompleted,Private,367795,13,36,Central Region,Toa Payoh
NORMANTON PARK,"1,768,000",968.76,"1,825",03 Feb 2022,49 NORMANTON PARK #15-24,New Sale,Strata,90,"19,644",-,Apartment,1,99 yrs from 22/07/2019,Uncompleted,N.A,117280,05,11,Central Region,Queenstown
NORMANTON PARK,"1,105,950",656.6,"1,684",03 Feb 2022,57 NORMANTON PARK #24-54,New Sale,Strata,61,"18,130",-,Apartment,1,99 yrs from 22/07/2019,Uncompleted,N.A,117284,05,11,Central Region,Queenstown
NORMANTON PARK,"1,605,000",850.36,"1,887",03 Feb 2022,57 NORMANTON PARK #05-60,New Sale,Strata,79,"20,316",-,Apartment,1,99 yrs from 22/07/2019,Uncompleted,HDB,117284,05,11,Central Region,Queenstown
NORMANTON PARK,"1,002,930",527.44,"1,902",03 Feb 2022,57 NORMANTON PARK #07-62,New Sale,Strata,49,"20,468",-,Apartment,1,99 yrs from 22/07/2019,Uncompleted,HDB,117284,05,11,Central Region,Queenstown
15 HOLLAND HILL,"7,682,659","2,497.25","3,076",03 Feb 2022,15 HOLLAND HILL #10-06,New Sale,Strata,232,"33,115",-,Apartment,1,Freehold,Uncompleted,Private,278735,10,27,Central Region,Bukit Timah
URBAN TREASURES,"1,287,760",635.08,"2,028",03 Feb 2022,207 JALAN EUNOS #08-13,New Sale,Strata,59,"21,826",-,Condominium,1,Freehold,Uncompleted,HDB,415799,14,41,East Region,Bedok
LEEDON GREEN,"4,005,000","1,356.26","2,953",03 Feb 2022,36 LEEDON HEIGHTS #09-44,New Sale,Strata,126,"31,786",-,Condominium,1,Freehold,Uncompleted,Private,266077,10,26,Central Region,Bukit Timah
LEEDON GREEN,"3,985,000","1,356.26","2,938",03 Feb 2022,36 LEEDON HEIGHTS #07-44,New Sale,Strata,126,"31,627",-,Condominium,1,Freehold,Uncompleted,N.A,266077,10,26,Central Region,Bukit Timah
KI RESIDENCES AT BROOKVALE,"2,258,000","1,173.28","1,925",03 Feb 2022,8 BROOKVALE DRIVE #04-13,New Sale,Strata,109,"20,716",-,Condominium,1,999 yrs from 23/03/1885,Uncompleted,Private,599976,21,59,West Region,Clementi
KERRISDALE,"1,525,000","1,280.92","1,191",03 Feb 2022,32 STURDEE ROAD #13-09,Resale,Strata,119,"12,815",-,Condominium,1,99 yrs from 02/04/1998,2005,HDB,207853,08,20,Central Region,Kallang
TOH TUCK LODGE,"2,160,000","2,454.19",880,03 Feb 2022,26F TOH TUCK ROAD #05-02,Resale,Strata,228,"9,474",-,Apartment,1,Freehold,2003,HDB,596221,21,59,Central Region,Bukit Timah
RIVERSAILS,"613,000",505.91,"1,212",03 Feb 2022,2 UPPER SERANGOON CRESCENT #07-04,Resale,Strata,47,"13,043",-,Condominium,1,99 yrs from 07/12/2011,2016,Private,534035,19,53,North East Region,Hougang
THE SHORE RESIDENCES,"1,002,500",592.02,"1,693",03 Feb 2022,81 AMBER ROAD #09-06,Resale,Strata,55,"18,227",-,Condominium,1,103 yrs from 18/08/2009,2014,Private,439893,15,43,Central Region,Marine Parade
CONCOURSE SKYLINE,"2,750,000","1,410.08","1,950",03 Feb 2022,298 BEACH ROAD #11-14,Resale,Strata,131,"20,992",-,Apartment,1,99 yrs from 13/03/2008,2014,Private,199554,07,19,Central Region,Downtown Core
ECO,"860,000",624.31,"1,378",03 Feb 2022,273 BEDOK SOUTH AVENUE 3 #06-12,Resale,Strata,58,"14,828",-,Condominium,1,99 yrs from 14/05/2012,2017,HDB,465490,16,46,East Region,Bedok
GRANDEUR PARK RESIDENCES,"1,150,000",667.37,"1,723",03 Feb 2022,3 BEDOK SOUTH AVENUE 3 #07-19,Resale,Strata,62,"18,548",-,Condominium,1,99 yrs from 25/05/2016,2020,HDB,465462,16,46,East Region,Bedok
YISHUN SAPPHIRE,"1,190,000","1,399.32",850,03 Feb 2022,40 CANBERRA DRIVE #06-01,Resale,Strata,130,"9,154",-,Condominium,1,99 yrs from 16/02/1998,2001,Private,768433,27,76,North Region,Yishun
THE INTERLACE,"6,100,000","5,877.14","1,038",03 Feb 2022,222 DEPOT ROAD #24-79,Resale,Strata,546,"11,172",-,Condominium,1,99 yrs from 11/02/2009,2013,Private,109705,04,10,Central Region,Bukit Merah
THE CITRINE,"1,378,000",958,"1,438",03 Feb 2022,18 JALAN DATOH #18-01,Resale,Strata,89,"15,483",-,Apartment,1,Freehold,2008,HDB,329415,12,32,Central Region,Novena
KOVAN MELODY,"1,138,000",904.18,"1,259",03 Feb 2022,27 KOVAN ROAD #09-26,Resale,Strata,84,"13,548",-,Condominium,1,99 yrs from 20/01/2004,2006,HDB,545023,19,54,North East Region,Hougang
THE PALETTE,"1,280,000","1,065.64","1,201",03 Feb 2022,109 PASIR RIS GROVE #05-23,Resale,Strata,99,"12,929",-,Condominium,1,99 yrs from 20/10/2010,2015,HDB,518199,18,51,East Region,Pasir Ris
LIVIA,"1,160,000","1,151.75","1,007",03 Feb 2022,79 PASIR RIS GROVE #01-41,Resale,Strata,107,"10,841",-,Condominium,1,99 yrs from 07/01/2008,2011,HDB,518209,18,51,East Region,Pasir Ris
SEASTRAND,"870,000",882.65,986,03 Feb 2022,9 PASIR RIS LINK #05-21,Resale,Strata,82,"10,610",-,Condominium,1,99 yrs from 03/01/2011,2014,Private,518189,18,51,East Region,Pasir Ris
THE GREENWICH,"1,600,000","1,227.1","1,304",03 Feb 2022,11 SELETAR ROAD #05-54,Resale,Strata,114,"14,035",-,Condominium,1,99 yrs from 21/12/2009,2014,Private,807016,28,80,North East Region,Serangoon
THE LIGHT @ CAIRNHILL,"5,480,000","2,443.43","2,243",03 Feb 2022,19 CAIRNHILL CIRCLE #02-05,Resale,Strata,227,"24,141",-,Condominium,1,Freehold,2004,Private,229768,09,22,Central Region,Newton
RESIDENCES @ KILLINEY,"2,430,000","1,076.4","2,258",03 Feb 2022,147 KILLINEY ROAD #04-05,Resale,Strata,100,"24,300",-,Apartment,1,Freehold,2012,Private,239566,09,23,Central Region,River Valley
HILLSTA,"652,000",538.2,"1,211",03 Feb 2022,68 PHOENIX ROAD #06-14,Resale,Strata,50,"13,040",-,Condominium,1,99 yrs from 03/10/2011,2016,HDB,668202,23,66,West Region,Bukit Batok
ESTELLA GARDENS,"1,620,000","1,593.07","1,017",03 Feb 2022,27 FLORA ROAD #01-04,Resale,Strata,148,"10,946",-,Condominium,1,Freehold,1999,Private,509741,17,50,East Region,Pasir Ris
PEAK RESIDENCE,"1,260,000",538.2,"2,341",03 Feb 2022,337 THOMSON ROAD #02-16,New Sale,Strata,50,"25,200",-,Condominium,1,Freehold,Uncompleted,N.A,307676,11,30,Central Region,Novena
PEAK RESIDENCE,"1,347,500",527.44,"2,555",03 Feb 2022,337 THOMSON ROAD #05-18,New Sale,Strata,49,"27,500",-,Condominium,1,Freehold,Uncompleted,N.A,307676,11,30,Central Region,Novena
THE CITRINE,"1,600,000","1,140.98","1,402",03 Feb 2022,18 JALAN DATOH #08-02,Resale,Strata,106,"15,094",-,Apartment,1,Freehold,2008,Private,329415,12,32,Central Region,Novena
TREE HOUSE,"1,000,000",796.54,"1,255",03 Feb 2022,60 CHESTNUT AVENUE #14-06,Resale,Strata,74,"13,514",-,Condominium,1,99 yrs from 23/11/2009,2013,Private,679517,23,67,West Region,Bukit Panjang
MELOSA,"602,000",430.56,"1,398",03 Feb 2022,28 LORONG 28 GEYLANG #05-05,Resale,Strata,40,"15,050",-,Apartment,1,Freehold,2013,HDB,398432,14,39,Central Region,Geylang
RIVERSAILS,"1,080,000",947.23,"1,140",03 Feb 2022,22 UPPER SERANGOON CRESCENT #15-52,Resale,Strata,88,"12,273",-,Condominium,1,99 yrs from 07/12/2011,2016,HDB,534025,19,53,North East Region,Hougang
COTE D'AZUR,"2,460,000","1,539.25","1,598",03 Feb 2022,68 MARINE PARADE ROAD #06-23,Resale,Strata,143,"17,203",-,Condominium,1,99 yrs from 25/07/2001,2004,Private,449301,15,44,Central Region,Marine Parade
TWIN VEW,"1,150,000",731.95,"1,571",03 Feb 2022,93 WEST COAST VALE #14-07,Sub Sale,Strata,68,"16,912",-,Apartment,1,99 yrs from 15/05/2017,2021,Private,126756,05,12,West Region,Clementi
3 CUSCADEN,"2,752,028",656.6,"4,191",04 Feb 2022,3 CUSCADEN WALK #18-01,New Sale,Strata,61,"45,115",-,Apartment,1,Freehold,Uncompleted,N.A,249690,10,24,Central Region,River Valley
3 CUSCADEN,"2,909,388",731.95,"3,975",04 Feb 2022,3 CUSCADEN WALK #15-01,New Sale,Strata,68,"42,785",-,Apartment,1,Freehold,Uncompleted,N.A,249690,10,24,Central Region,River Valley
3 CUSCADEN,"2,784,488",656.6,"4,241",04 Feb 2022,3 CUSCADEN WALK #19-01,New Sale,Strata,61,"45,647",-,Apartment,1,Freehold,Uncompleted,N.A,249690,10,24,Central Region,River Valley
THE WOODLEIGH RESIDENCES,"2,100,000",958,"2,192",04 Feb 2022,15 BIDADARI PARK DRIVE #06-06,New Sale,Strata,89,"23,596",-,Apartment,1,99 yrs from 18/09/2017,Uncompleted,Private,367805,13,36,Central Region,Toa Payoh
FOURTH AVENUE RESIDENCES,"1,225,000",505.91,"2,421",04 Feb 2022,12 FOURTH AVENUE #03-40,New Sale,Strata,47,"26,064",-,Apartment,1,99 yrs from 07/03/2018,Uncompleted,N.A,268676,10,26,Central Region,Bukit Timah
THE GAZANIA,"1,795,000",850.36,"2,111",04 Feb 2022,17 HOW SUN DRIVE #05-37,New Sale,Strata,79,"22,722",-,Condominium,1,Freehold,Uncompleted,Private,538550,19,53,North East Region,Serangoon
NORMANTON PARK,"2,400,000","1,313.21","1,828",04 Feb 2022,45 NORMANTON PARK #20-03,New Sale,Strata,122,"19,672",-,Apartment,1,99 yrs from 22/07/2019,Uncompleted,Private,119027,05,11,Central Region,Queenstown
NORMANTON PARK,"1,747,000",968.76,"1,803",04 Feb 2022,47 NORMANTON PARK #16-15,New Sale,Strata,90,"19,411",-,Apartment,1,99 yrs from 22/07/2019,Uncompleted,N.A,119028,05,11,Central Region,Queenstown
NORMANTON PARK,"1,711,000",968.76,"1,766",04 Feb 2022,47 NORMANTON PARK #04-15,New Sale,Strata,90,"19,011",-,Apartment,1,99 yrs from 22/07/2019,Uncompleted,HDB,119028,05,11,Central Region,Queenstown
NORMANTON PARK,"1,732,000",968.76,"1,788",04 Feb 2022,49 NORMANTON PARK #03-24,New Sale,Strata,90,"19,244",-,Apartment,1,99 yrs from 22/07/2019,Uncompleted,Private,117280,05,11,Central Region,Queenstown
NORMANTON PARK,"1,752,000",968.76,"1,808",04 Feb 2022,49 NORMANTON PARK #10-24,New Sale,Strata,90,"19,467",-,Apartment,1,99 yrs from 22/07/2019,Uncompleted,HDB,117280,05,11,Central Region,Queenstown
NORMANTON PARK,"1,749,000",968.76,"1,805",04 Feb 2022,49 NORMANTON PARK #09-24,New Sale,Strata,90,"19,433",-,Apartment,1,99 yrs from 22/07/2019,Uncompleted,HDB,117280,05,11,Central Region,Queenstown
NORMANTON PARK,"1,782,000",968.76,"1,839",04 Feb 2022,49 NORMANTON PARK #20-24,New Sale,Strata,90,"19,800",-,Apartment,1,99 yrs from 22/07/2019,Uncompleted,Private,117280,05,11,Central Region,Queenstown
NORMANTON PARK,"1,019,090",527.44,"1,932",04 Feb 2022,51 NORMANTON PARK #15-34,New Sale,Strata,49,"20,798",-,Apartment,1,99 yrs from 22/07/2019,Uncompleted,N.A,117281,05,11,Central Region,Queenstown
NORMANTON PARK,"1,008,990",527.44,"1,913",04 Feb 2022,51 NORMANTON PARK #09-34,New Sale,Strata,49,"20,592",-,Apartment,1,99 yrs from 22/07/2019,Uncompleted,N.A,117281,05,11,Central Region,Queenstown
NORMANTON PARK,"2,470,000","1,334.74","1,851",04 Feb 2022,53 NORMANTON PARK #17-42,New Sale,Strata,124,"19,919",-,Apartment,1,99 yrs from 22/07/2019,Uncompleted,N.A,117282,05,11,Central Region,Queenstown
NORMANTON PARK,"1,769,000",958,"1,847",04 Feb 2022,55 NORMANTON PARK #12-51,New Sale,Strata,89,"19,876",-,Apartment,1,99 yrs from 22/07/2019,Uncompleted,HDB,117283,05,11,Central Region,Queenstown
NORMANTON PARK,"973,640",516.67,"1,884",04 Feb 2022,57 NORMANTON PARK #02-54,New Sale,Strata,48,"20,284",-,Apartment,1,99 yrs from 22/07/2019,Uncompleted,Private,117284,05,11,Central Region,Queenstown
NORMANTON PARK,"2,181,000","1,194.8","1,825",04 Feb 2022,57 NORMANTON PARK #12-56,New Sale,Strata,111,"19,649",-,Apartment,1,99 yrs from 22/07/2019,Uncompleted,Private,117284,05,11,Central Region,Queenstown
NORMANTON PARK,"1,662,695",936.47,"1,775",04 Feb 2022,57 NORMANTON PARK #22-59,New Sale,Strata,87,"19,111",-,Apartment,1,99 yrs from 22/07/2019,Uncompleted,N.A,117284,05,11,Central Region,Queenstown
WILSHIRE RESIDENCES,"1,670,000",645.84,"2,586",04 Feb 2022,30 FARRER ROAD #05-07,New Sale,Strata,60,"27,833",-,Apartment,1,Freehold,Uncompleted,Private,268832,10,26,Central Region,Tanglin
PARC CLEMATIS,"2,685,000","1,496.2","1,795",04 Feb 2022,6 JALAN LEMPENG #09-03,New Sale,Strata,139,"19,317",-,Apartment,1,99 yrs from 08/08/2019,Uncompleted,N.A,128795,05,12,West Region,Clementi
AVENUE SOUTH RESIDENCE,"3,355,000","1,496.2","2,242",04 Feb 2022,13 SILAT AVENUE #49-37,New Sale,Strata,139,"24,137",-,Apartment,1,99 yrs from 14/08/2018,Uncompleted,Private,168878,03,16,Central Region,Bukit Merah
FORETT AT BUKIT TIMAH,"1,500,000",742.72,"2,020",04 Feb 2022,32 TOH TUCK ROAD #04-05,New Sale,Strata,69,"21,739",-,Apartment,1,Freehold,Uncompleted,Private,596710,21,59,Central Region,Bukit Timah
KOPAR AT NEWTON,"2,649,240","1,054.87","2,511",04 Feb 2022,6 MAKEWAY AVENUE #15-02,New Sale,Strata,98,"27,033",-,Apartment,1,99 yrs from 22/04/2019,Uncompleted,HDB,228606,09,22,Central Region,Novena
KOPAR AT NEWTON,"2,718,540","1,097.93","2,476",04 Feb 2022,8 MAKEWAY AVENUE #18-11,New Sale,Strata,102,"26,652",-,Apartment,1,99 yrs from 22/04/2019,Uncompleted,N.A,228607,09,22,Central Region,Novena
CANNINGHILL PIERS,"2,425,000",807.3,"3,004",04 Feb 2022,5 CLARKE QUAY #04-25,New Sale,Strata,75,"32,333",-,Apartment,1,99 yrs from 17/09/2021,Uncompleted,Private,179884,06,17,Central Region,Singapore River
TIERRA VUE,"2,380,000","1,259.39","1,890",04 Feb 2022,38 ST. PATRICK'S ROAD #03-07,Resale,Strata,117,"20,342",-,Condominium,1,Freehold,2009,HDB,424162,15,42,East Region,Bedok
WATERVIEW,"870,000",785.77,"1,107",04 Feb 2022,91 TAMPINES AVENUE 1 #08-38,Resale,Strata,73,"11,918",-,Condominium,1,99 yrs from 16/06/2010,2014,Private,528690,18,52,East Region,Tampines
TREASURE AT TAMPINES,"1,015,000",678.13,"1,497",04 Feb 2022,47 TAMPINES LANE #08-161,Sub Sale,Strata,63,"16,111",-,Condominium,1,99 yrs from 29/11/2018,Uncompleted,HDB,528462,18,52,East Region,Tampines
THE SANTORINI,"905,000",742.72,"1,219",04 Feb 2022,33 TAMPINES STREET 86 #11-36,Resale,Strata,69,"13,116",-,Condominium,1,99 yrs from 16/10/2013,2017,HDB,528573,18,52,East Region,Tampines
SANCTUARY GREEN,"1,700,000","1,227.1","1,385",04 Feb 2022,183 TANJONG RHU ROAD #08-03,Resale,Strata,114,"14,912",-,Condominium,1,99 yrs from 17/03/1997,2004,Private,436923,15,43,Central Region,Kallang
STARS OF KOVAN,"1,280,000",753.48,"1,699",04 Feb 2022,980 UPPER SERANGOON ROAD #10-02,Resale,Strata,70,"18,286",-,Apartment,1,99 yrs from 25/02/2015,2019,Private,533856,19,53,North East Region,Hougang
PARC RIVIERA,"1,500,000","1,334.74","1,124",04 Feb 2022,101 WEST COAST VALE #36-05,Resale,Strata,124,"12,097",-,Condominium,1,99 yrs from 11/11/2015,2019,HDB,126753,05,12,West Region,Clementi
GRACE COURT,"1,850,000","1,485.43","1,245",04 Feb 2022,7D WOO MON CHEW ROAD,Resale,Strata,138,"13,406",-,Apartment,1,Freehold,1974,Private,455059,15,45,East Region,Bedok
NORTH PARK RESIDENCES,"665,000",452.09,"1,471",04 Feb 2022,15 YISHUN CENTRAL 1 #04-12,Sub Sale,Strata,42,"15,833",-,Apartment,1,99 yrs from 19/03/2015,2018,Private,768797,27,76,North Region,Yishun
HILLCREST ARCADIA,"2,280,000","1,969.81","1,157",04 Feb 2022,257 ARCADIA ROAD #06-01,Resale,Strata,183,"12,459",-,Condominium,1,99 yrs from 01/12/1975,1980,HDB,289851,11,28,Central Region,Bukit Timah
WATERFRONT GOLD,"1,680,000","1,194.8","1,406",04 Feb 2022,752 BEDOK RESERVOIR ROAD #14-07,Resale,Strata,111,"15,135",-,Condominium,1,99 yrs from 26/11/2009,2014,HDB,479257,16,47,East Region,Bedok
WATERFRONT WAVES,"1,580,000","1,280.92","1,233",04 Feb 2022,768 BEDOK RESERVOIR ROAD #08-29,Resale,Strata,119,"13,277",-,Condominium,1,99 yrs from 31/10/2007,2011,Private,479249,16,47,East Region,Bedok
CLOVER BY THE PARK,"2,048,000","1,280.92","1,599",04 Feb 2022,6 BISHAN STREET 25 #19-14,Resale,Strata,119,"17,210",-,Condominium,1,99 yrs from 10/09/2007,2011,HDB,573975,20,57,Central Region,Bishan
HILLVIEW REGENCY,"841,408",904.18,931,04 Feb 2022,26 BUKIT BATOK EAST AVENUE 2 #04-08,Resale,Strata,84,"10,017",-,Condominium,1,99 yrs from 20/06/2000,2005,HDB,659920,23,65,West Region,Bukit Batok
JAYA TOWER,"4,500,000","2,142.04","2,101",04 Feb 2022,431 BUKIT TIMAH ROAD #15-431,Resale,Strata,199,"22,613",-,Apartment,1,Freehold,1979,Private,259738,10,25,Central Region,Tanglin
YEWTEE RESIDENCES,"1,160,000","1,162.51",998,04 Feb 2022,25 CHOA CHU KANG NORTH 6 #11-15,Resale,Strata,108,"10,741",-,Apartment,1,99 yrs from 03/01/2006,2008,Private,689580,23,68,West Region,Choa Chu Kang
HIGH PARK RESIDENCES,"1,285,000",947.23,"1,357",04 Feb 2022,27 FERNVALE ROAD #24-27,Resale,Strata,88,"14,602",-,Apartment,1,99 yrs from 05/11/2014,2019,HDB,797415,28,79,North East Region,Sengkang
MONTROSA,"1,408,000","1,184.04","1,189",04 Feb 2022,132A HILLVIEW AVENUE #09-02,Resale,Strata,110,"12,800",-,Condominium,1,999 yrs from 12/10/1885,1999,Private,669604,23,66,West Region,Bukit Batok
PALM GARDENS,"988,000","1,216.33",812,04 Feb 2022,2D HONG SAN WALK #12-08,Resale,Strata,113,"8,743",-,Condominium,1,99 yrs from 12/08/1996,2000,HDB,689050,23,68,West Region,Choa Chu Kang
THE MAYFAIR,"1,119,000","1,162.51",963,04 Feb 2022,1 JURONG EAST STREET 32 #06-04,Resale,Strata,108,"10,361",-,Condominium,1,99 yrs from 04/12/1996,2000,Private,609477,22,60,West Region,Jurong East
CASA SARINA,"1,500,000","1,323.97","1,133",04 Feb 2022,101 LORONG SARINA #02-11,Resale,Strata,123,"12,195",-,Condominium,1,Freehold,1998,Private,416729,14,41,East Region,Bedok
ONE-NORTH RESIDENCES,"1,450,000","1,108.69","1,308",04 Feb 2022,9 ONE-NORTH GATEWAY #08-52,Resale,Strata,103,"14,078",-,Apartment,1,99 yrs from 15/09/2005,2009,Private,138643,05,13,Central Region,Queenstown
TANGLIN VIEW,"1,485,000","1,194.8","1,243",04 Feb 2022,156 PRINCE CHARLES CRESCENT #01-21,Resale,Strata,111,"13,378",-,Condominium,1,99 yrs from 17/05/1997,2001,HDB,159015,03,15,Central Region,Bukit Merah
SELETAR PARK RESIDENCE,"670,000",527.44,"1,270",04 Feb 2022,17 SELETAR ROAD #02-10,Resale,Strata,49,"13,673",-,Condominium,1,99 yrs from 15/03/2011,2015,HDB,807019,28,80,North East Region,Serangoon
THE GARDENS AT BISHAN,"2,320,000","1,700.71","1,364",04 Feb 2022,7 SIN MING WALK #20-15,Resale,Strata,158,"14,684",-,Condominium,1,99 yrs from 22/03/1997,2004,HDB,575577,20,57,Central Region,Bishan
D' ALMIRA,"1,450,000","1,173.28","1,236",04 Feb 2022,35 SOMMERVILLE ROAD #02-06,Resale,Strata,109,"13,303",-,Apartment,1,Freehold,2011,HDB,358265,13,35,North East Region,Serangoon
EMERALD HILL CONSERVATION AREA,"2,190,000","1,173.28","1,867",04 Feb 2022,154A EMERALD HILL ROAD,Resale,Strata,109,"20,092",-,Apartment,1,Freehold,-,HDB,229422,09,22,Central Region,Newton
DRAYCOTT EIGHT,"2,470,000","1,173.28","2,105",04 Feb 2022,6 DRAYCOTT PARK #05-03,Resale,Strata,109,"22,661",-,Condominium,1,99 yrs from 24/10/1997,2005,Private,259403,10,25,Central Region,Newton
VILLA MARINA,"1,930,000","2,012.87",959,04 Feb 2022,29 JALAN SEMPADAN #04-02,Resale,Strata,187,"10,321",-,Condominium,1,99 yrs from 13/02/1995,1999,Private,457402,15,45,East Region,Bedok
LIVIA,"1,370,000","1,323.97","1,035",04 Feb 2022,79 PASIR RIS GROVE #06-38,Resale,Strata,123,"11,138",-,Condominium,1,99 yrs from 07/01/2008,2011,HDB,518209,18,51,East Region,Pasir Ris
VIBES @ EAST COAST,"650,000",387.5,"1,677",04 Feb 2022,308 TELOK KURAU ROAD #03-03,Resale,Strata,36,"18,056",-,Apartment,1,Freehold,2014,HDB,423858,15,42,East Region,Bedok
BREEZE BY THE EAST,"3,500,000","2,949.34","1,187",04 Feb 2022,326 UPPER EAST COAST ROAD #05-16,Resale,Strata,274,"12,774",-,Condominium,1,Freehold,2011,Private,465523,16,46,East Region,Bedok
THE SUNNYDALE,"1,550,000","1,377.79","1,125",04 Feb 2022,21 SERANGOON AVENUE 3 #03-12,Resale,Strata,128,"12,109",-,Condominium,1,99 yrs from 06/12/1997,2001,Private,556124,19,55,North East Region,Serangoon
SOLEIL @ SINARAN,"1,738,000",958,"1,814",04 Feb 2022,6 SINARAN DRIVE #07-14,Resale,Strata,89,"19,528",-,Condominium,1,99 yrs from 23/10/2006,2011,Private,307468,11,30,Central Region,Novena
THE SANTORINI,"1,080,000",914.94,"1,180",04 Feb 2022,31 TAMPINES STREET 86 #08-32,Resale,Strata,85,"12,706",-,Condominium,1,99 yrs from 16/10/2013,2017,HDB,528572,18,52,East Region,Tampines
FERRARIA PARK CONDOMINIUM,"935,000",936.47,998,04 Feb 2022,28 FLORA DRIVE #03-52,Resale,Strata,87,"10,747",-,Condominium,1,Freehold,2009,Private,506951,17,50,East Region,Pasir Ris
PARC VERA,"1,288,888","1,140.98","1,130",04 Feb 2022,2 HOUGANG STREET 32 #05-05,Resale,Strata,106,"12,159",-,Condominium,1,99 yrs from 20/12/2010,2014,Private,534041,19,53,North East Region,Hougang
RAFFLESIA CONDOMINIUM,"1,350,000","1,194.8","1,130",04 Feb 2022,33 BISHAN STREET 21 #02-11,Resale,Strata,111,"12,162",-,Condominium,1,99 yrs from 18/07/1997,2003,Private,579801,20,57,Central Region,Bishan
FERRARIA PARK CONDOMINIUM,"1,090,000","1,022.58","1,066",04 Feb 2022,22 FLORA DRIVE #08-41,Resale,Strata,95,"11,474",-,Condominium,1,Freehold,2009,Private,506948,17,50,East Region,Pasir Ris
PALM GARDENS,"950,000","1,205.57",788,04 Feb 2022,2E HONG SAN WALK #04-07,Resale,Strata,112,"8,482",-,Condominium,1,99 yrs from 12/08/1996,2000,HDB,689051,23,68,West Region,Choa Chu Kang
VACANZA @ EAST,"2,190,000","1,915.99","1,143",04 Feb 2022,40 LENGKONG TUJOH #12-16,Resale,Strata,178,"12,303",-,Condominium,1,Freehold,2014,HDB,417393,14,41,East Region,Bedok
SEA ESTA,"1,160,000","1,119.46","1,036",04 Feb 2022,18 PASIR RIS LINK #01-03,Resale,Strata,104,"11,154",-,Condominium,1,99 yrs from 09/01/2012,2015,HDB,518156,18,51,East Region,Pasir Ris
SEA ESTA,"1,248,000","1,119.46","1,115",04 Feb 2022,28 PASIR RIS LINK #04-24,Resale,Strata,104,"12,000",-,Condominium,1,99 yrs from 09/01/2012,2015,HDB,518146,18,51,East Region,Pasir Ris
SPOTTISWOODE 18,"856,000",387.5,"2,209",04 Feb 2022,18 SPOTTISWOODE PARK ROAD #11-08,Resale,Strata,36,"23,778",-,Apartment,1,Freehold,2014,Private,088642,02,08,Central Region,Bukit Merah
ONE AMBER,"2,468,000","1,334.74","1,849",04 Feb 2022,1 AMBER GARDENS #20-07,Resale,Strata,124,"19,903",-,Condominium,1,Freehold,2010,HDB,439957,15,43,Central Region,Marine Parade
FLO RESIDENCE,"938,888",861.12,"1,090",04 Feb 2022,13 PUNGGOL FIELD WALK #17-29,Resale,Strata,80,"11,736",-,Condominium,1,99 yrs from 05/12/2011,2016,HDB,828745,19,82,North East Region,Punggol
FLAMINGO VALLEY,"1,550,000",990.29,"1,565",04 Feb 2022,468 SIGLAP ROAD #04-19,Resale,Strata,92,"16,848",-,Condominium,1,Freehold,2014,Private,455943,15,45,East Region,Bedok
COCO PALMS,"992,700",742.72,"1,337",04 Feb 2022,17 PASIR RIS GROVE #09-22,Resale,Strata,69,"14,387",-,Condominium,1,99 yrs from 07/01/2008,2018,Private,518143,18,51,East Region,Pasir Ris
RIVERBAY,"1,185,000",925.7,"1,280",04 Feb 2022,23 MAR THOMA ROAD #14-01,Resale,Strata,86,"13,779",-,Apartment,1,999 yrs from 02/06/1882,2014,Private,328704,12,32,Central Region,Kallang
EUHABITAT,"680,000",548.96,"1,239",04 Feb 2022,212 JALAN EUNOS #03-77,Resale,Strata,51,"13,333",-,Condominium,1,99 yrs from 06/12/2010,2015,Private,419550,14,41,East Region,Bedok
THE POIZ RESIDENCES,"960,000",527.44,"1,820",04 Feb 2022,10 MEYAPPA CHETTIAR ROAD #08-30,Resale,Strata,49,"19,592",-,Apartment,1,99 yrs from 17/11/2014,2018,Private,358473,13,35,Central Region,Toa Payoh
PALM GARDENS,"986,000","1,216.33",811,04 Feb 2022,2B HONG SAN WALK #02-05,Resale,Strata,113,"8,726",-,Condominium,1,99 yrs from 12/08/1996,2000,Private,689048,23,68,West Region,Choa Chu Kang
MAYSPRINGS,"870,000",818.06,"1,063",04 Feb 2022,6 PETIR ROAD #16-04,Resale,Strata,76,"11,447",-,Apartment,1,99 yrs from 01/12/1994,1998,HDB,678267,23,67,West Region,Bukit Panjang
BOATHOUSE RESIDENCES,"1,270,000","1,108.69","1,145",04 Feb 2022,25 UPPER SERANGOON VIEW #06-08,Resale,Strata,103,"12,330",-,Condominium,1,99 yrs from 09/02/2011,2015,HDB,534046,19,53,North East Region,Hougang
PASIR VIEW PARK,"1,435,000","1,011.82","1,418",04 Feb 2022,200 PASIR PANJANG ROAD #03-07,Resale,Strata,94,"15,266",-,Condominium,1,Freehold,1994,Private,118571,05,11,Central Region,Queenstown
TWIN VEW,"1,293,500",818.06,"1,581",04 Feb 2022,91 WEST COAST VALE #13-04,Sub Sale,Strata,76,"17,020",-,Apartment,1,99 yrs from 15/05/2017,2021,Private,126755,05,12,West Region,Clementi
DAHLIA PARK CONDOMINIUM,"988,000","1,076.4",918,04 Feb 2022,9 FLORA DRIVE #04-38,Resale,Strata,100,"9,880",-,Condominium,1,Freehold,2003,HDB,507013,17,50,East Region,Pasir Ris
COUNTRY PARK CONDOMINIUM,"1,500,000","1,087.16","1,380",04 Feb 2022,43 BEDOK ROAD #02-11,Resale,Strata,101,"14,851",-,Condominium,1,Freehold,2003,Private,469564,16,46,East Region,Bedok
EAST VILLAGE,"1,275,000","1,205.57","1,058",04 Feb 2022,432 UPPER CHANGI ROAD #04-15,Resale,Strata,112,"11,384",-,Apartment,1,Freehold,2014,HDB,487049,16,48,East Region,Bedok
PARC BOTANNIA,"1,335,000",871.88,"1,531",04 Feb 2022,18 FERNVALE STREET #11-29,Sub Sale,Strata,81,"16,481",-,Condominium,1,99 yrs from 28/12/2016,Uncompleted,HDB,797394,28,79,North East Region,Sengkang
LAVERNE'S LOFT,"625,000",462.85,"1,350",04 Feb 2022,66 LORONG L TELOK KURAU #02-07,Resale,Strata,43,"14,535",-,Apartment,1,Freehold,2013,Private,425509,15,42,East Region,Bedok
THE TAPESTRY,"950,000",602.78,"1,576",04 Feb 2022,59 TAMPINES STREET 86 #09-30,Resale,Strata,56,"16,964",-,Condominium,1,99 yrs from 31/07/2017,2021,Private,528509,18,52,East Region,Tampines
THE LAKESHORE,"1,090,000",925.7,"1,177",04 Feb 2022,33 JURONG WEST STREET 41 #17-51,Resale,Strata,86,"12,674",-,Condominium,1,99 yrs from 22/11/2002,2007,HDB,649413,22,64,West Region,Jurong West
FOURTH AVENUE RESIDENCES,"2,383,000",968.76,"2,460",05 Feb 2022,12 FOURTH AVENUE #04-43,New Sale,Strata,90,"26,478",-,Apartment,1,99 yrs from 07/03/2018,Uncompleted,N.A,268676,10,26,Central Region,Bukit Timah
MIDTOWN BAY,"2,178,700",753.48,"2,860",05 Feb 2022,122 BEACH ROAD #13-10,New Sale,Strata,70,"30,781","2,154,700",Apartment,1,99 yrs from 02/01/2018,Uncompleted,HDB,189770,07,18,Central Region,Downtown Core
ONE PEARL BANK,"1,972,000",807.3,"2,443",05 Feb 2022,1 PEARL BANK #26-19,New Sale,Strata,75,"26,293",-,Apartment,1,99 yrs from 01/03/2019,Uncompleted,N.A,169016,03,16,Central Region,Outram
NORMANTON PARK,"1,777,000",968.76,"1,834",05 Feb 2022,49 NORMANTON PARK #18-24,New Sale,Strata,90,"19,744",-,Apartment,1,99 yrs from 22/07/2019,Uncompleted,Private,117280,05,11,Central Region,Queenstown
NORMANTON PARK,"997,880",527.44,"1,892",05 Feb 2022,57 NORMANTON PARK #04-62,New Sale,Strata,49,"20,365",-,Apartment,1,99 yrs from 22/07/2019,Uncompleted,N.A,117284,05,11,Central Region,Queenstown
PARC CLEMATIS,"2,655,000","1,496.2","1,775",05 Feb 2022,6 JALAN LEMPENG #03-03,New Sale,Strata,139,"19,101",-,Apartment,1,99 yrs from 08/08/2019,Uncompleted,Private,128795,05,12,West Region,Clementi
RIVIERE,"2,333,112",839.59,"2,779",05 Feb 2022,3 JIAK KIM STREET #17-11,New Sale,Strata,78,"29,912",-,Apartment,1,99 yrs from 07/03/2018,Uncompleted,HDB,169424,03,16,Central Region,Singapore River
AVENUE SOUTH RESIDENCE,"1,315,000",527.44,"2,493",05 Feb 2022,13 SILAT AVENUE #46-39,New Sale,Strata,49,"26,837",-,Apartment,1,99 yrs from 14/08/2018,Uncompleted,N.A,168878,03,16,Central Region,Bukit Merah
AVENUE SOUTH RESIDENCE,"1,513,000",656.6,"2,304",05 Feb 2022,13 SILAT AVENUE #47-45,New Sale,Strata,61,"24,803",-,Apartment,1,99 yrs from 14/08/2018,Uncompleted,N.A,168878,03,16,Central Region,Bukit Merah
THE AVENIR,"2,528,000",807.3,"3,131",05 Feb 2022,8 RIVER VALLEY CLOSE #19-04,New Sale,Strata,75,"33,707",-,Condominium,1,Freehold,Uncompleted,N.A,238432,09,23,Central Region,River Valley
KOPAR AT NEWTON,"2,430,450","1,054.87","2,304",05 Feb 2022,6 MAKEWAY AVENUE #04-02,New Sale,Strata,98,"24,801",-,Apartment,1,99 yrs from 22/04/2019,Uncompleted,N.A,228606,09,22,Central Region,Novena
PHOENIX RESIDENCES,"1,317,945",861.12,"1,531",05 Feb 2022,85 PHOENIX AVENUE #02-12,New Sale,Strata,80,"16,474",-,Apartment,1,99 yrs from 05/11/2019,Uncompleted,N.A,668385,23,66,West Region,Bukit Batok
KI RESIDENCES AT BROOKVALE,"2,267,000","1,173.28","1,932",05 Feb 2022,2 BROOKVALE DRIVE #05-04,New Sale,Strata,109,"20,798",-,Condominium,1,999 yrs from 23/03/1885,Uncompleted,N.A,599973,21,59,West Region,Clementi
THE COMMODORE,"1,435,000",968.76,"1,481",05 Feb 2022,61 CANBERRA DRIVE #04-11,New Sale,Strata,90,"15,944",-,Condominium,1,99 yrs from 08/06/2020,Uncompleted,Private,769305,27,76,North Region,Sembawang
BOULEVARD 88,"6,446,700","1,776.06","3,630",06 Feb 2022,86 ORCHARD BOULEVARD #05-02,New Sale,Strata,165,"39,071",-,Apartment,1,Freehold,Uncompleted,N.A,248655,10,24,Central Region,Orchard
AFFINITY AT SERANGOON,"1,742,938","1,151.75","1,513",06 Feb 2022,18 SERANGOON NORTH AVENUE 1 #04-10,New Sale,Strata,107,"16,289",-,Apartment,1,99 yrs from 18/05/2018,Uncompleted,HDB,554336,19,55,North East Region,Serangoon
KENT RIDGE HILL RESIDENCES,"1,778,488",958,"1,856",06 Feb 2022,64 SOUTH BUONA VISTA ROAD #02-54,New Sale,Strata,89,"19,983",-,Apartment,1,99 yrs from 10/11/2018,Uncompleted,N.A,118174,05,11,Central Region,Queenstown
NORMANTON PARK,"2,341,000","1,313.21","1,783",06 Feb 2022,45 NORMANTON PARK #05-03,New Sale,Strata,122,"19,189",-,Apartment,1,99 yrs from 22/07/2019,Uncompleted,HDB,119027,05,11,Central Region,Queenstown
NORMANTON PARK,"1,708,000",968.76,"1,763",06 Feb 2022,47 NORMANTON PARK #03-15,New Sale,Strata,90,"18,978",-,Apartment,1,99 yrs from 22/07/2019,Uncompleted,HDB,119028,05,11,Central Region,Queenstown
NORMANTON PARK,"1,006,970",527.44,"1,909",06 Feb 2022,51 NORMANTON PARK #08-34,New Sale,Strata,49,"20,550",-,Apartment,1,99 yrs from 22/07/2019,Uncompleted,HDB,117281,05,11,Central Region,Queenstown
NORMANTON PARK,"1,021,110",527.44,"1,936",06 Feb 2022,51 NORMANTON PARK #16-34,New Sale,Strata,49,"20,839",-,Apartment,1,99 yrs from 22/07/2019,Uncompleted,HDB,117281,05,11,Central Region,Queenstown
NORMANTON PARK,"1,997,000","1,087.16","1,837",06 Feb 2022,53 NORMANTON PARK #08-37,New Sale,Strata,101,"19,772",-,Apartment,1,99 yrs from 22/07/2019,Uncompleted,Private,117282,05,11,Central Region,Queenstown
NORMANTON PARK,"2,491,000","1,334.74","1,866",06 Feb 2022,53 NORMANTON PARK #22-42,New Sale,Strata,124,"20,089",-,Apartment,1,99 yrs from 22/07/2019,Uncompleted,N.A,117282,05,11,Central Region,Queenstown
NORMANTON PARK,"2,482,000","1,334.74","1,860",06 Feb 2022,53 NORMANTON PARK #20-42,New Sale,Strata,124,"20,016",-,Apartment,1,99 yrs from 22/07/2019,Uncompleted,HDB,117282,05,11,Central Region,Queenstown
NORMANTON PARK,"1,766,000",958,"1,843",06 Feb 2022,55 NORMANTON PARK #11-51,New Sale,Strata,89,"19,843",-,Apartment,1,99 yrs from 22/07/2019,Uncompleted,HDB,117283,05,11,Central Region,Queenstown
NORMANTON PARK,"1,977,000","1,065.64","1,855",06 Feb 2022,57 NORMANTON PARK #15-55,New Sale,Strata,99,"19,970",-,Apartment,1,99 yrs from 22/07/2019,Uncompleted,N.A,117284,05,11,Central Region,Queenstown
NORMANTON PARK,"996,870",527.44,"1,890",06 Feb 2022,57 NORMANTON PARK #03-61,New Sale,Strata,49,"20,344",-,Apartment,1,99 yrs from 22/07/2019,Uncompleted,Private,117284,05,11,Central Region,Queenstown
NORMANTON PARK,"1,000,910",527.44,"1,898",06 Feb 2022,57 NORMANTON PARK #06-61,New Sale,Strata,49,"20,427",-,Apartment,1,99 yrs from 22/07/2019,Uncompleted,HDB,117284,05,11,Central Region,Queenstown
NORMANTON PARK,"1,956,000","1,065.64","1,836",06 Feb 2022,59 NORMANTON PARK #18-64,New Sale,Strata,99,"19,758",-,Apartment,1,99 yrs from 22/07/2019,Uncompleted,N.A,117285,05,11,Central Region,Queenstown
NORMANTON PARK,"2,018,000","1,076.4","1,875",06 Feb 2022,61 NORMANTON PARK #22-77,New Sale,Strata,100,"20,180",-,Apartment,1,99 yrs from 22/07/2019,Uncompleted,N.A,117286,05,11,Central Region,Queenstown
LEEDON GREEN,"1,726,000",613.55,"2,813",06 Feb 2022,28 LEEDON HEIGHTS #07-09,New Sale,Strata,57,"30,281",-,Condominium,1,Freehold,Uncompleted,HDB,266222,10,26,Central Region,Bukit Timah
PERFECT TEN,"2,349,412",753.48,"3,118",06 Feb 2022,321 BUKIT TIMAH ROAD #05-01,New Sale,Strata,70,"33,563",-,Apartment,1,Freehold,Uncompleted,HDB,259781,10,25,Central Region,Tanglin
THE WATERGARDENS AT CANBERRA,"1,612,000","1,108.69","1,454",06 Feb 2022,53 CANBERRA DRIVE #03-73,New Sale,Strata,103,"15,650",-,Apartment,1,99 yrs from 08/06/2020,Uncompleted,N.A,769328,27,76,North Region,Sembawang
DAIRY FARM RESIDENCES,"1,612,700","1,011.82","1,594",06 Feb 2022,8 DAIRY FARM LANE #03-16,New Sale,Strata,94,"17,156",-,Apartment,1,99 yrs from 05/12/2018,Uncompleted,N.A,677624,23,67,West Region,Bukit Panjang
DAIRY FARM RESIDENCES,"1,288,200",764.24,"1,686",06 Feb 2022,8 DAIRY FARM LANE #03-26,New Sale,Strata,71,"18,144",-,Apartment,1,99 yrs from 05/12/2018,Uncompleted,HDB,677624,23,67,West Region,Bukit Panjang
D'EVELYN,"1,768,000","1,087.16","1,626",07 Feb 2022,18 EVELYN ROAD #02-05,Resale,Strata,101,"17,505",-,Apartment,1,Freehold,2008,Private,309307,11,30,Central Region,Novena
COMMONWEALTH TOWERS,"2,130,000","1,076.4","1,979",07 Feb 2022,230 COMMONWEALTH AVENUE #42-04,Resale,Strata,100,"21,300",-,Condominium,1,99 yrs from 07/05/2013,2017,Private,149739,03,14,Central Region,Queenstown
WATERBANK AT DAKOTA,"2,030,000","1,280.92","1,585",07 Feb 2022,70 DAKOTA CRESCENT #19-05,Resale,Strata,119,"17,059",-,Condominium,1,99 yrs from 07/12/2009,2013,Private,399941,14,39,Central Region,Geylang
ARDMORE THREE,"5,250,000","1,743.77","3,011",07 Feb 2022,3 ARDMORE PARK #21-03,Resale,Strata,162,"32,407",-,Condominium,1,Freehold,2014,Private,259950,10,25,Central Region,Newton
WATERFRONT GOLD,"1,850,000","1,194.8","1,548",07 Feb 2022,752 BEDOK RESERVOIR ROAD #13-07,Resale,Strata,111,"16,667",-,Condominium,1,99 yrs from 26/11/2009,2014,HDB,479257,16,47,East Region,Bedok
SKY VUE,"1,460,000",807.3,"1,808",07 Feb 2022,1 BISHAN STREET 15 #26-08,Resale,Strata,75,"19,467",-,Condominium,1,99 yrs from 04/03/2013,2016,Private,573910,20,57,Central Region,Bishan
GUILIN VIEW,"1,240,000","1,259.39",985,07 Feb 2022,22 BUKIT BATOK STREET 52 #17-03,Resale,Strata,117,"10,598",-,Condominium,1,99 yrs from 24/04/1996,1999,HDB,659245,23,65,West Region,Bukit Batok
EASTVILLE APARTMENTS,"1,430,000","1,001.05","1,428",07 Feb 2022,43A JOO CHIAT LANE,Resale,Strata,93,"15,376",-,Apartment,1,Freehold,1966,Private,428103,15,42,Central Region,Geylang
D'LEEDON,"2,440,000","1,496.2","1,631",07 Feb 2022,5 LEEDON HEIGHTS #03-09,Resale,Strata,139,"17,554",-,Condominium,1,99 yrs from 08/04/2010,2014,Private,267952,10,26,Central Region,Bukit Timah
SUITES 28,"672,888",527.44,"1,276",07 Feb 2022,28 LORONG 30 GEYLANG #02-08,Resale,Strata,49,"13,732",-,Apartment,1,Freehold,2014,HDB,398361,14,39,Central Region,Geylang
8M RESIDENCES,"1,335,000",645.84,"2,067",07 Feb 2022,8 MARGATE ROAD #05-04,Resale,Strata,60,"22,250",-,Apartment,1,Freehold,2016,Private,438049,15,43,Central Region,Marine Parade
BALLOTA PARK CONDOMINIUM,"1,429,000","1,679.18",851,07 Feb 2022,154 MARIAM WAY #01-03,Resale,Strata,156,"9,160",-,Condominium,1,Freehold,2000,Private,507081,17,50,East Region,Pasir Ris
GOLDENHILL PARK CONDOMINIUM,"4,300,000","2,927.81","1,469",07 Feb 2022,70 MEI HWAN DRIVE #20-17,Resale,Strata,272,"15,809",-,Condominium,1,Freehold,2004,Private,568431,20,56,North East Region,Serangoon
THE POIZ RESIDENCES,"770,000",441.32,"1,745",07 Feb 2022,10 MEYAPPA CHETTIAR ROAD #06-27,Resale,Strata,41,"18,780",-,Apartment,1,99 yrs from 17/11/2014,2018,HDB,358473,13,35,Central Region,Toa Payoh
THE MAKENA,"1,670,000",925.7,"1,804",07 Feb 2022,121 MEYER ROAD #01-01,Resale,Strata,86,"19,419",-,Condominium,1,Freehold,1998,Private,437932,15,43,Central Region,Marine Parade
NV RESIDENCES,"850,000",742.72,"1,144",07 Feb 2022,83 PASIR RIS GROVE #11-05,Resale,Strata,69,"12,319",-,Condominium,1,99 yrs from 07/01/2008,2013,Private,518211,18,51,East Region,Pasir Ris
CASUARINA COVE,"1,900,000","1,377.79","1,379",07 Feb 2022,122 TANJONG RHU ROAD #05-06,Resale,Strata,128,"14,844",-,Condominium,1,99 yrs from 20/10/1993,1996,Private,436915,15,43,Central Region,Kallang
WATER PLACE,"2,100,000","1,571.54","1,336",07 Feb 2022,179 TANJONG RHU ROAD #01-26,Resale,Strata,146,"14,384",-,Condominium,1,99 yrs from 02/03/1998,2004,Private,436608,15,43,Central Region,Kallang
BUKIT REGENCY,"1,920,000","1,399.32","1,372",07 Feb 2022,7 UPPER BUKIT TIMAH VIEW #08-02,Resale,Strata,130,"14,769",-,Condominium,1,Freehold,1995,Private,588135,21,58,Central Region,Bukit Timah
SUNHAVEN,"1,138,000","1,065.64","1,068",07 Feb 2022,781 UPPER CHANGI ROAD EAST #07-05,Resale,Strata,99,"11,495",-,Condominium,1,Freehold,2002,HDB,486069,16,48,East Region,Tampines
RIVERSAILS,"650,000",505.91,"1,285",07 Feb 2022,2 UPPER SERANGOON CRESCENT #17-04,Resale,Strata,47,"13,830",-,Condominium,1,99 yrs from 07/12/2011,2016,HDB,534035,19,53,North East Region,Hougang
HILLSTA,"725,000",570.49,"1,271",07 Feb 2022,66 PHOENIX ROAD #22-04,Resale,Strata,53,"13,679",-,Condominium,1,99 yrs from 03/10/2011,2016,HDB,668201,23,66,West Region,Bukit Batok
RIVEREDGE,"1,990,000","1,334.74","1,491",07 Feb 2022,21 SAMPAN PLACE #18-01,Resale,Strata,124,"16,048",-,Condominium,1,99 yrs from 26/02/2004,2008,Private,436593,15,43,Central Region,Kallang
COMPASS HEIGHTS,"1,230,000","1,248.62",985,07 Feb 2022,11 SENGKANG SQUARE #12-25,Resale,Strata,116,"10,603",-,Apartment,1,99 yrs from 30/04/2000,2002,Private,545076,19,54,North East Region,Sengkang
LUCIDA,"1,670,000","1,065.64","1,567",07 Feb 2022,2 SUFFOLK ROAD #09-03,Resale,Strata,99,"16,869",-,Apartment,1,Freehold,2011,Private,307780,11,30,Central Region,Novena
THE TEMBUSU,"2,390,000","1,367.03","1,748",07 Feb 2022,107A TAMPINES ROAD #06-06,Resale,Strata,127,"18,819",-,Condominium,1,Freehold,2016,Private,534009,19,53,North East Region,Hougang
H2O RESIDENCES,"850,000",742.72,"1,144",07 Feb 2022,30 FERNVALE LINK #10-05,Resale,Strata,69,"12,319",-,Condominium,1,99 yrs from 10/05/2010,2015,HDB,797530,28,79,North East Region,Sengkang
THE GALE,"1,205,000","1,033.34","1,166",07 Feb 2022,78 FLORA ROAD #06-41,Resale,Strata,96,"12,552",-,Condominium,1,Freehold,2013,Private,506918,17,50,East Region,Pasir Ris
THE HILLIER,"898,888",624.31,"1,440",07 Feb 2022,2 HILLVIEW RISE #19-12,Resale,Strata,58,"15,498",-,Apartment,1,99 yrs from 01/08/2011,2016,HDB,667978,23,66,West Region,Bukit Batok
THE TRILINQ,"2,120,000","1,517.72","1,397",07 Feb 2022,28 JALAN LEMPENG #04-06,Resale,Strata,141,"15,035",-,Condominium,1,99 yrs from 16/04/2012,2017,HDB,128807,05,12,West Region,Clementi
THE TRILINQ,"1,190,000",710.42,"1,675",07 Feb 2022,28 JALAN LEMPENG #21-01,Resale,Strata,66,"18,030",-,Condominium,1,99 yrs from 16/04/2012,2017,HDB,128807,05,12,West Region,Clementi
EUPHONY GARDENS,"1,650,000","2,454.19",672,07 Feb 2022,9 JALAN MATA AYER #04-49,Resale,Strata,228,"7,237",-,Condominium,1,99 yrs from 25/02/1998,2001,Private,759153,27,75,North Region,Mandai
CASA AL MARE,"1,325,000",775.01,"1,710",07 Feb 2022,75 JALAN LOYANG BESAR #02-08,New Sale,Strata,72,"18,403",-,Apartment,1,Freehold,2021,HDB,506930,17,50,East Region,Pasir Ris
THE FLORENCE RESIDENCES,"850,000",484.38,"1,755",07 Feb 2022,97 HOUGANG AVENUE 2 #03-80,New Sale,Strata,45,"18,889",-,Apartment,1,99 yrs from 24/12/2018,Uncompleted,Private,533753,19,53,North East Region,Hougang
TREASURE AT TAMPINES,"1,851,000","1,087.16","1,703",07 Feb 2022,37 TAMPINES LANE #12-120,New Sale,Strata,101,"18,327",-,Condominium,1,99 yrs from 29/11/2018,Uncompleted,N.A,528467,18,52,East Region,Tampines
VAN HOLLAND,"4,470,000","1,593.07","2,806",07 Feb 2022,190 HOLLAND ROAD #03-12,New Sale,Strata,148,"30,203",-,Condominium,1,Freehold,Uncompleted,Private,278585,10,27,Central Region,Bukit Timah
NORMANTON PARK,"1,735,000",968.76,"1,791",07 Feb 2022,47 NORMANTON PARK #12-15,New Sale,Strata,90,"19,278",-,Apartment,1,99 yrs from 22/07/2019,Uncompleted,Private,119028,05,11,Central Region,Queenstown
NORMANTON PARK,"2,170,000","1,194.8","1,816",07 Feb 2022,57 NORMANTON PARK #09-56,New Sale,Strata,111,"19,550",-,Apartment,1,99 yrs from 22/07/2019,Uncompleted,Private,117284,05,11,Central Region,Queenstown
NORMANTON PARK,"1,636,000",850.36,"1,924",07 Feb 2022,57 NORMANTON PARK #16-60,New Sale,Strata,79,"20,709",-,Apartment,1,99 yrs from 22/07/2019,Uncompleted,Private,117284,05,11,Central Region,Queenstown
URBAN TREASURES,"1,784,700",882.65,"2,022",07 Feb 2022,207 JALAN EUNOS #12-15,New Sale,Strata,82,"21,765",-,Condominium,1,Freehold,Uncompleted,HDB,415799,14,41,East Region,Bedok
VERDALE,"1,046,200",570.49,"1,834",07 Feb 2022,10 DE SOUZA AVENUE #01-26,New Sale,Strata,53,"19,740",-,Apartment,1,99 yrs from 05/12/2018,Uncompleted,N.A,599449,21,59,Central Region,Bukit Timah
VERDALE,"1,423,200",742.72,"1,916",07 Feb 2022,6 DE SOUZA AVENUE #05-10,New Sale,Strata,69,"20,626",-,Apartment,1,99 yrs from 05/12/2018,Uncompleted,N.A,599460,21,59,Central Region,Bukit Timah
MEYER MANSION,"3,520,000","1,399.32","2,516",07 Feb 2022,79 MEYER ROAD #03-04,New Sale,Strata,130,"27,077",-,Apartment,1,Freehold,Uncompleted,N.A,437906,15,43,Central Region,Marine Parade
DAIRY FARM RESIDENCES,"1,706,400","1,011.82","1,686",07 Feb 2022,8 DAIRY FARM LANE #09-16,New Sale,Strata,94,"18,153",-,Apartment,1,99 yrs from 05/12/2018,Uncompleted,HDB,677624,23,67,West Region,Bukit Panjang
DAIRY FARM RESIDENCES,"1,639,200","1,011.82","1,620",07 Feb 2022,8 DAIRY FARM LANE #05-16,New Sale,Strata,94,"17,438",-,Apartment,1,99 yrs from 05/12/2018,Uncompleted,N.A,677624,23,67,West Region,Bukit Panjang
DAIRY FARM RESIDENCES,"1,626,000","1,011.82","1,607",07 Feb 2022,8 DAIRY FARM LANE #04-16,New Sale,Strata,94,"17,298",-,Apartment,1,99 yrs from 05/12/2018,Uncompleted,N.A,677624,23,67,West Region,Bukit Panjang
FORETT AT BUKIT TIMAH,"1,559,000",742.72,"2,099",07 Feb 2022,38A TOH TUCK ROAD #04-83,New Sale,Strata,69,"22,594",-,Apartment,1,Freehold,Uncompleted,Private,596116,21,59,Central Region,Bukit Timah
LEEDON GREEN,"2,035,000",699.66,"2,909",07 Feb 2022,28 LEEDON HEIGHTS #05-10,New Sale,Strata,65,"31,308",-,Condominium,1,Freehold,Uncompleted,Private,266222,10,26,Central Region,Bukit Timah
M SUITES,"2,089,176","1,291.68","1,617",07 Feb 2022,65 LORONG MELAYU #05-04,New Sale,Strata,120,"17,410",-,Apartment,1,Freehold,Uncompleted,Private,416952,14,41,East Region,Bedok
THE COMMODORE,"1,390,000",968.76,"1,435",07 Feb 2022,59 CANBERRA DRIVE #01-03,New Sale,Strata,90,"15,444",-,Condominium,1,99 yrs from 08/06/2020,Uncompleted,Private,769304,27,76,North Region,Sembawang
EIGHT RIVERSUITES,"1,050,000",699.66,"1,501",07 Feb 2022,6 WHAMPOA EAST #06-10,Resale,Strata,65,"16,154",-,Condominium,1,99 yrs from 11/07/2011,2016,Private,338519,12,33,Central Region,Kallang
ELIZABETH HEIGHTS,"5,600,000","2,572.6","2,177",07 Feb 2022,57 CAIRNHILL ROAD #16-01,Resale,Strata,239,"23,431",-,Condominium,1,Freehold,1983,Private,229668,09,22,Central Region,Newton
OCEAN FRONT SUITES,"580,000",409.03,"1,418",07 Feb 2022,173 JALAN LOYANG BESAR #03-04,Resale,Strata,38,"15,263",-,Apartment,1,946 yrs from 27/11/1937,2014,Private,509424,17,50,East Region,Pasir Ris
GEM RESIDENCES,"810,000",452.09,"1,792",07 Feb 2022,3 LORONG 5 TOA PAYOH #27-13,Sub Sale,Strata,42,"19,286",-,Condominium,1,99 yrs from 21/09/2015,2019,Private,319459,12,31,Central Region,Toa Payoh
SHELFORD 23,"2,750,000","1,765.3","1,558",07 Feb 2022,23A SHELFORD ROAD #05-07,Resale,Strata,164,"16,768",-,Apartment,1,Freehold,2011,Private,286655,11,28,Central Region,Bukit Timah
ROSEWOOD SUITES,"1,030,000","1,194.8",862,07 Feb 2022,61 ROSEWOOD DRIVE #05-01,Resale,Strata,111,"9,279",-,Condominium,1,99 yrs from 25/02/2008,2011,HDB,737873,25,73,North Region,Woodlands
KINGSFORD . HILLVIEW PEAK,"1,106,888",850.36,"1,302",07 Feb 2022,105 HILLVIEW RISE #09-37,Resale,Strata,79,"14,011",-,Condominium,1,99 yrs from 04/06/2012,2017,HDB,667968,23,66,West Region,Bukit Batok
THE HILLFORD,"505,000",398.27,"1,268",07 Feb 2022,174 JALAN JURONG KECHIL #06-24,Resale,Strata,37,"13,649",-,Apartment,1,60 yrs from 19/02/2013,2016,Private,596183,21,59,Central Region,Bukit Timah
CASA PASIR RIS,"1,225,000","1,216.33","1,007",07 Feb 2022,201 JALAN LOYANG BESAR #01-12,Resale,Strata,113,"10,841",-,Condominium,1,946 yrs from 01/01/1938,1997,Private,509506,17,50,East Region,Pasir Ris
THE MAKENA,"2,850,000","1,582.31","1,801",07 Feb 2022,123 MEYER ROAD #15-04,Resale,Strata,147,"19,388",-,Condominium,1,Freehold,1998,Private,437934,15,43,Central Region,Marine Parade
35 GILSTEAD,"1,271,000",484.38,"2,624",07 Feb 2022,35 GILSTEAD ROAD #05-14,New Sale,Strata,45,"28,244",-,Apartment,1,Freehold,Uncompleted,HDB,309079,11,30,Central Region,Novena
NORTHVALE,"1,080,000","1,259.39",858,07 Feb 2022,71 CHOA CHU KANG LOOP #03-04,Resale,Strata,117,"9,231",-,Apartment,1,99 yrs from 01/03/1995,1998,HDB,689673,23,68,West Region,Choa Chu Kang
RIVERBANK @ FERNVALE,"1,210,000","1,011.82","1,196",07 Feb 2022,13 FERNVALE CLOSE #01-17,Resale,Strata,94,"12,872",-,Condominium,1,99 yrs from 10/07/2013,2017,HDB,797476,28,79,North East Region,Sengkang
LIVINGSTON MANSIONS,"1,690,000","1,399.32","1,208",07 Feb 2022,135 LORONG L TELOK KURAU #02-03,Resale,Strata,130,"13,000",-,Apartment,1,Freehold,2002,HDB,425571,15,42,East Region,Bedok
V ON SHENTON,"1,020,000",473.62,"2,154",07 Feb 2022,5A SHENTON WAY #28-14,Resale,Strata,44,"23,182",-,Apartment,1,99 yrs from 29/11/2011,2017,Private,068814,01,06,Central Region,Downtown Core
THE LAKESHORE,"1,270,000","1,151.75","1,103",07 Feb 2022,31 JURONG WEST STREET 41 #13-31,Resale,Strata,107,"11,869",-,Condominium,1,99 yrs from 22/11/2002,2007,HDB,649412,22,64,West Region,Jurong West
EIGHT RIVERSUITES,"1,250,000",839.59,"1,489",07 Feb 2022,10 WHAMPOA EAST #10-27,Resale,Strata,78,"16,026",-,Condominium,1,99 yrs from 11/07/2011,2016,HDB,338521,12,33,Central Region,Kallang
8@WOODLEIGH,"665,000",398.27,"1,670",07 Feb 2022,6 WOODLEIGH CLOSE #06-13,Resale,Strata,37,"17,973",-,Condominium,1,99 yrs from 22/09/2008,2012,HDB,357902,13,35,Central Region,Toa Payoh
PARC BOTANNIA,"675,000",430.56,"1,568",07 Feb 2022,10 FERNVALE STREET #20-08,Sub Sale,Strata,40,"16,875",-,Condominium,1,99 yrs from 28/12/2016,2022,HDB,797390,28,79,North East Region,Sengkang
THE LIGHT @ CAIRNHILL,"5,300,000","2,443.43","2,169",08 Feb 2022,19 CAIRNHILL CIRCLE #09-05,Resale,Strata,227,"23,348",-,Condominium,1,Freehold,2004,Private,229768,09,22,Central Region,Newton
COSTA DEL SOL,"2,100,000","1,237.86","1,696",08 Feb 2022,80 BAYSHORE ROAD #22-28,Resale,Strata,115,"18,261",-,Condominium,1,99 yrs from 05/05/1997,2003,Private,469992,16,46,East Region,Bedok
PARC OASIS,"1,520,000","1,625.36",935,08 Feb 2022,45 JURONG EAST AVENUE 1 #02-02,Resale,Strata,151,"10,066",-,Condominium,1,99 yrs from 01/12/1991,1994,Private,609779,22,60,West Region,Jurong East
JADE RESIDENCES,"1,806,000","1,173.28","1,539",08 Feb 2022,5 LEW LIAN VALE #01-13,Resale,Strata,109,"16,569",-,Apartment,1,Freehold,2017,Private,537018,19,53,North East Region,Serangoon
SOUTHBANK,"1,738,000",968.76,"1,794",08 Feb 2022,881 NORTH BRIDGE ROAD #37-07,Resale,Strata,90,"19,311",-,Apartment,1,99 yrs from 27/01/2006,2010,HDB,198784,07,19,Central Region,Kallang
CITYVISTA RESIDENCES,"4,188,000","2,120.51","1,975",08 Feb 2022,21 PECK HAY ROAD #07-02,Resale,Strata,197,"21,259",-,Condominium,1,Freehold,2010,HDB,228314,09,22,Central Region,Newton
URBAN VISTA,"675,000",441.32,"1,529",08 Feb 2022,16 TANAH MERAH KECHIL LINK #06-32,Resale,Strata,41,"16,463",-,Condominium,1,99 yrs from 05/11/2012,2016,HDB,465424,16,46,East Region,Bedok
EASTERN LAGOON,"1,450,000",893.41,"1,623",08 Feb 2022,208 UPPER EAST COAST ROAD #13-01,Resale,Strata,83,"17,470",-,Condominium,1,Freehold,1985,HDB,455287,15,45,East Region,Bedok
SYMPHONY SUITES,"1,200,000","1,022.58","1,174",08 Feb 2022,11 YISHUN CLOSE #04-22,Resale,Strata,95,"12,632",-,Condominium,1,99 yrs from 10/06/2014,2018,Private,768009,27,76,North Region,Yishun
HILLSTA,"740,000",635.08,"1,165",08 Feb 2022,68 PHOENIX ROAD #21-11,Resale,Strata,59,"12,542",-,Condominium,1,99 yrs from 03/10/2011,2016,HDB,668202,23,66,West Region,Bukit Batok
VALLEY PARK,"7,000,000","3,939.62","1,777",08 Feb 2022,473 RIVER VALLEY ROAD #20-02,Resale,Strata,366,"19,126",-,Condominium,1,999 yrs from 21/06/1877,1997,Private,248358,10,24,Central Region,Tanglin
ROSEWOOD SUITES,"1,115,000","1,560.78",714,08 Feb 2022,67 ROSEWOOD DRIVE #01-40,Resale,Strata,145,"7,690",-,Condominium,1,99 yrs from 25/02/2008,2011,Private,737876,25,73,North Region,Woodlands
FREESIA WOODS,"1,780,000","1,227.1","1,451",08 Feb 2022,67 SUNSET WAY #02-20,Resale,Strata,114,"15,614",-,Condominium,1,Freehold,2003,HDB,597092,21,59,West Region,Clementi
H2O RESIDENCES,"1,160,000","1,173.28",989,08 Feb 2022,34 FERNVALE LINK #01-15,Resale,Strata,109,"10,642",-,Condominium,1,99 yrs from 10/05/2010,2015,Private,797532,28,79,North East Region,Sengkang
CARISSA PARK CONDOMINIUM,"1,450,000","1,323.97","1,095",08 Feb 2022,2 FLORA DRIVE #03-24,Resale,Strata,123,"11,789",-,Condominium,1,Freehold,2001,HDB,507025,17,50,East Region,Pasir Ris
FERRARIA PARK CONDOMINIUM,"960,000",958,"1,002",08 Feb 2022,20 FLORA DRIVE #03-35,Resale,Strata,89,"10,787",-,Condominium,1,Freehold,2009,HDB,506947,17,50,East Region,Pasir Ris
PARVIS,"4,300,000","2,012.87","2,136",08 Feb 2022,16 HOLLAND HILL #10-11,Resale,Strata,187,"22,995",-,Condominium,1,Freehold,2012,Private,278745,10,27,Central Region,Bukit Timah
EUHABITAT,"1,550,000","1,173.28","1,321",08 Feb 2022,198 JALAN EUNOS #05-30,Resale,Strata,109,"14,220",-,Condominium,1,99 yrs from 06/12/2010,2015,Private,419543,14,41,East Region,Bedok
THE WOODLEIGH RESIDENCES,"1,916,000",958,"2,000",08 Feb 2022,15 BIDADARI PARK DRIVE #03-08,New Sale,Strata,89,"21,528",-,Apartment,1,99 yrs from 18/09/2017,Uncompleted,Private,367805,13,36,Central Region,Toa Payoh
FOURTH AVENUE RESIDENCES,"1,758,740",710.42,"2,476",08 Feb 2022,4 FOURTH AVENUE #03-09,New Sale,Strata,66,"26,648",-,Apartment,1,99 yrs from 07/03/2018,Uncompleted,N.A,268672,10,26,Central Region,Bukit Timah
THE HYDE,"3,900,000","1,248.62","3,123",08 Feb 2022,11 BALMORAL ROAD #08-05,New Sale,Strata,116,"33,621",-,Condominium,1,Freehold,Uncompleted,HDB,259796,10,25,Central Region,Tanglin
THE FLORENCE RESIDENCES,"2,088,000","1,291.68","1,616",08 Feb 2022,93 HOUGANG AVENUE 2 #14-61,New Sale,Strata,120,"17,400",-,Apartment,1,99 yrs from 24/12/2018,Uncompleted,HDB,538865,19,53,North East Region,Hougang
TREASURE AT TAMPINES,"1,984,000","1,237.86","1,603",08 Feb 2022,51 TAMPINES LANE #11-174,New Sale,Strata,115,"17,252",-,Condominium,1,99 yrs from 29/11/2018,Uncompleted,N.A,528460,18,52,East Region,Tampines
NORMANTON PARK,"1,007,980",516.67,"1,951",08 Feb 2022,57 NORMANTON PARK #20-54,New Sale,Strata,48,"21,000",-,Apartment,1,99 yrs from 22/07/2019,Uncompleted,N.A,117284,05,11,Central Region,Queenstown
NORMANTON PARK,"1,005,960",527.44,"1,907",08 Feb 2022,57 NORMANTON PARK #09-62,New Sale,Strata,49,"20,530",-,Apartment,1,99 yrs from 22/07/2019,Uncompleted,Private,117284,05,11,Central Region,Queenstown
NORMANTON PARK,"1,023,130",527.44,"1,940",08 Feb 2022,57 NORMANTON PARK #19-62,New Sale,Strata,49,"20,880",-,Apartment,1,99 yrs from 22/07/2019,Uncompleted,Private,117284,05,11,Central Region,Queenstown
VERDALE,"2,792,100","1,528.49","1,827",08 Feb 2022,14 DE SOUZA AVENUE #05-40,New Sale,Strata,142,"19,663",-,Apartment,1,99 yrs from 05/12/2018,Uncompleted,HDB,599463,21,59,Central Region,Bukit Timah
AVENUE SOUTH RESIDENCE,"1,535,000",656.6,"2,338",08 Feb 2022,13 SILAT AVENUE #51-45,New Sale,Strata,61,"25,164",-,Apartment,1,99 yrs from 14/08/2018,Uncompleted,N.A,168878,03,16,Central Region,Bukit Merah
FORETT AT BUKIT TIMAH,"1,536,000",731.95,"2,098",08 Feb 2022,32 TOH TUCK ROAD #03-02,New Sale,Strata,68,"22,588",-,Apartment,1,Freehold,Uncompleted,N.A,596710,21,59,Central Region,Bukit Timah
FORETT AT BUKIT TIMAH,"2,738,000","1,302.44","2,102",08 Feb 2022,38 TOH TUCK ROAD #03-78,New Sale,Strata,121,"22,628",-,Apartment,1,Freehold,Uncompleted,Private,596716,21,59,Central Region,Bukit Timah
LEEDON GREEN,"1,897,000",710.42,"2,670",08 Feb 2022,28 LEEDON HEIGHTS #07-13,New Sale,Strata,66,"28,742",-,Condominium,1,Freehold,Uncompleted,N.A,266222,10,26,Central Region,Bukit Timah
KOPAR AT NEWTON,"2,703,690","1,097.93","2,463",08 Feb 2022,8 MAKEWAY AVENUE #17-11,New Sale,Strata,102,"26,507",-,Apartment,1,99 yrs from 22/04/2019,Uncompleted,Private,228607,09,22,Central Region,Novena
KOPAR AT NEWTON,"3,584,790","1,517.72","2,362",08 Feb 2022,8 MAKEWAY AVENUE #01-15,New Sale,Strata,141,"25,424",-,Apartment,1,99 yrs from 22/04/2019,Uncompleted,N.A,228607,09,22,Central Region,Novena
KOPAR AT NEWTON,"2,298,780",914.94,"2,512",08 Feb 2022,8 MAKEWAY AVENUE #18-16,New Sale,Strata,85,"27,044",-,Apartment,1,99 yrs from 22/04/2019,Uncompleted,Private,228607,09,22,Central Region,Novena
M SUITES,"1,708,905","1,022.58","1,671",08 Feb 2022,65 LORONG MELAYU #04-03,New Sale,Strata,95,"17,988",-,Apartment,1,Freehold,Uncompleted,HDB,416952,14,41,East Region,Bedok
VARSITY PARK CONDOMINIUM,"2,100,000","1,894.46","1,108",08 Feb 2022,58 WEST COAST ROAD #01-69,Resale,Strata,176,"11,932",-,Condominium,1,99 yrs from 03/05/2004,2008,Private,126835,05,12,West Region,Clementi
THE STELLAR,"2,420,000","2,002.1","1,209",08 Feb 2022,8 WEST COAST ROAD #05-06,Resale,Strata,186,"13,011",-,Condominium,1,Freehold,2008,HDB,126823,05,12,West Region,Clementi
THE WOODGROVE,"710,000",871.88,814,08 Feb 2022,3 WOODGROVE DRIVE #05-05,Resale,Strata,81,"8,765",-,Apartment,1,99 yrs from 26/06/1996,1998,HDB,738230,25,73,North Region,Woodlands
STADIA,"750,000",570.49,"1,315",08 Feb 2022,27 YIO CHU KANG ROAD #03-01,Resale,Strata,53,"14,151",-,Apartment,1,Freehold,2010,HDB,545542,19,54,North East Region,Serangoon
SYMPHONY SUITES,"830,000",688.9,"1,205",08 Feb 2022,21 YISHUN CLOSE #09-44,Resale,Strata,64,"12,969",-,Condominium,1,99 yrs from 10/06/2014,2018,Private,768014,27,76,North Region,Yishun
ARCHIPELAGO,"1,620,000","1,184.04","1,368",08 Feb 2022,527 BEDOK RESERVOIR ROAD #04-94,Resale,Strata,110,"14,727",-,Condominium,1,99 yrs from 01/06/2011,2015,Private,479280,16,47,East Region,Bedok
HEDGES PARK CONDOMINIUM,"820,000",871.88,940,08 Feb 2022,89 FLORA DRIVE #04-68,Resale,Strata,81,"10,123",-,Condominium,1,99 yrs from 28/07/2010,2015,HDB,506890,17,50,East Region,Pasir Ris
GAMBIR RIDGE,"1,680,000","1,280.92","1,312",08 Feb 2022,16 GAMBIR WALK #05-05,Resale,Strata,119,"14,118",-,Apartment,1,Freehold,2015,Private,538976,19,53,North East Region,Serangoon
THE TRILINQ,"1,580,000","1,108.69","1,425",08 Feb 2022,28 JALAN LEMPENG #34-01,Resale,Strata,103,"15,340",-,Condominium,1,99 yrs from 16/04/2012,2017,Private,128807,05,12,West Region,Clementi
CARIBBEAN AT KEPPEL BAY,"2,143,000","1,205.57","1,778",08 Feb 2022,44 KEPPEL BAY DRIVE #02-116,Resale,Strata,112,"19,134",-,Condominium,1,99 yrs from 16/08/1999,2004,Private,098657,04,09,Central Region,Bukit Merah
REFLECTIONS AT KEPPEL BAY,"2,880,000","1,700.71","1,693",08 Feb 2022,7 KEPPEL BAY VIEW #01-24,Resale,Strata,158,"18,228",-,Condominium,1,99 yrs from 15/03/2006,2011,Private,098405,04,09,Central Region,Bukit Merah
WATERFORD RESIDENCE,"2,700,000","1,646.89","1,639",08 Feb 2022,23 KIM YAM ROAD #10-07,Resale,Strata,153,"17,647",-,Apartment,1,999 yrs from 01/07/1841,2010,Private,239333,09,23,Central Region,River Valley
RV RESIDENCES,"1,600,000",861.12,"1,858",08 Feb 2022,467 RIVER VALLEY ROAD #03-23,Resale,Strata,80,"20,000",-,Condominium,1,999 yrs from 21/06/1877,2015,Private,248352,10,24,Central Region,Tanglin
WATERTOWN,"765,000",527.44,"1,450",08 Feb 2022,69 PUNGGOL CENTRAL #04-23,Resale,Strata,49,"15,612",-,Apartment,1,99 yrs from 18/05/2011,2017,HDB,828754,19,82,North East Region,Punggol
THE GREENWICH,"1,020,000",882.65,"1,156",08 Feb 2022,3 SELETAR ROAD #05-05,Resale,Strata,82,"12,439",-,Condominium,1,99 yrs from 21/12/2009,2014,Private,807012,28,80,North East Region,Serangoon
CARISSA PARK CONDOMINIUM,"1,260,000","1,302.44",967,08 Feb 2022,2 FLORA DRIVE #02-48,Resale,Strata,121,"10,413",-,Condominium,1,Freehold,2001,HDB,507025,17,50,East Region,Pasir Ris
THE SERENNO,"738,000",484.38,"1,524",08 Feb 2022,103 HAIG ROAD #02-08,Resale,Strata,45,"16,400",-,Apartment,1,Freehold,2016,Private,438750,15,43,Central Region,Geylang
EUHABITAT,"670,000",516.67,"1,297",08 Feb 2022,230 JALAN EUNOS #05-136,Resale,Strata,48,"13,958",-,Condominium,1,99 yrs from 06/12/2010,2015,HDB,415867,14,41,East Region,Bedok
LIVIA,"1,240,000","1,259.39",985,08 Feb 2022,61 PASIR RIS GROVE #03-04,Resale,Strata,117,"10,598",-,Condominium,1,99 yrs from 07/01/2008,2011,HDB,518215,18,51,East Region,Pasir Ris
THE SOUND,"1,020,000",581.26,"1,755",08 Feb 2022,541 EAST COAST ROAD #05-08,Resale,Strata,54,"18,889",-,Condominium,1,Freehold,2013,Private,429070,15,42,East Region,Bedok
HIGH PARK RESIDENCES,"818,000",581.26,"1,407",08 Feb 2022,29 FERNVALE ROAD #17-40,Resale,Strata,54,"15,148",-,Apartment,1,99 yrs from 05/11/2014,2019,HDB,797416,28,79,North East Region,Sengkang
38 I SUITES,"800,000",495.14,"1,616",08 Feb 2022,38 IPOH LANE #14-08,Resale,Strata,46,"17,391",-,Apartment,1,Freehold,2014,Private,438646,15,43,Central Region,Geylang
ECO,"1,495,000","1,011.82","1,478",08 Feb 2022,277 BEDOK SOUTH AVENUE 3 #13-31,Resale,Strata,94,"15,904",-,Condominium,1,99 yrs from 14/05/2012,2017,HDB,465457,16,46,East Region,Bedok
PARKSHORE,"2,290,000","1,367.03","1,675",08 Feb 2022,201 TANJONG RHU ROAD #09-05,Resale,Strata,127,"18,031",-,Condominium,1,Freehold,1995,Private,436917,15,43,Central Region,Kallang
MARINA ONE RESIDENCES,"1,688,207",731.95,"2,306",08 Feb 2022,23 MARINA WAY #26-31,Resale,Strata,68,"24,827",-,Apartment,1,99 yrs from 01/07/2011,2017,HDB,018979,01,01,Central Region,Downtown Core
COMPASS HEIGHTS,"1,050,000","1,054.87",995,08 Feb 2022,11 SENGKANG SQUARE #12-23,Resale,Strata,98,"10,714",-,Apartment,1,99 yrs from 30/04/2000,2002,HDB,545076,19,54,North East Region,Sengkang
Q BAY RESIDENCES,"1,305,000","1,162.51","1,123",08 Feb 2022,15 TAMPINES STREET 86 #02-36,Resale,Strata,108,"12,083",-,Condominium,1,99 yrs from 21/08/2012,2016,Private,528590,18,52,East Region,Tampines
PRINCIPAL GARDEN,"860,000",484.38,"1,775",08 Feb 2022,97 PRINCE CHARLES CRESCENT #08-19,Resale,Strata,45,"19,111",-,Condominium,1,99 yrs from 21/07/2014,2018,HDB,159028,03,15,Central Region,Bukit Merah
Q BAY RESIDENCES,"1,160,000",904.18,"1,283",08 Feb 2022,11 TAMPINES STREET 86 #11-32,Resale,Strata,84,"13,810",-,Condominium,1,99 yrs from 21/08/2012,2016,HDB,528588,18,52,East Region,Tampines
BARTLEY RIDGE,"1,710,000","1,345.5","1,271",08 Feb 2022,44 MOUNT VERNON ROAD #18-42,Resale,Strata,125,"13,680",-,Condominium,1,99 yrs from 16/04/2012,2016,HDB,368062,13,36,Central Region,Toa Payoh
JEWEL @ BUANGKOK,"1,580,000","1,130.22","1,398",08 Feb 2022,81 COMPASSVALE BOW #07-03,Resale,Strata,105,"15,048",-,Condominium,1,99 yrs from 12/09/2012,2016,Private,544823,19,54,North East Region,Sengkang
FLAMINGO VALLEY,"1,680,000",990.29,"1,696",08 Feb 2022,468 SIGLAP ROAD #04-25,Resale,Strata,92,"18,261",-,Condominium,1,Freehold,2014,Private,455943,15,45,East Region,Bedok
FORESQUE RESIDENCES,"678,000",462.85,"1,465",08 Feb 2022,101 PETIR ROAD #16-03,Resale,Strata,43,"15,767",-,Condominium,1,99 yrs from 10/01/2011,2014,HDB,678272,23,67,West Region,Bukit Panjang
CONCOURSE SKYLINE,"1,850,000",839.59,"2,203",08 Feb 2022,298 BEACH ROAD #22-13,Resale,Strata,78,"23,718",-,Apartment,1,99 yrs from 13/03/2008,2014,HDB,199554,07,19,Central Region,Downtown Core
AFFINITY AT SERANGOON,"1,324,238",850.36,"1,557",09 Feb 2022,24 SERANGOON NORTH AVENUE 1 #10-42,New Sale,Strata,79,"16,763",-,Apartment,1,99 yrs from 18/05/2018,Uncompleted,N.A,554339,19,55,North East Region,Serangoon
COASTLINE RESIDENCES,"1,880,000",710.42,"2,646",09 Feb 2022,7 AMBER ROAD #16-02,New Sale,Strata,66,"28,485",-,Apartment,1,Freehold,Uncompleted,Private,439953,15,43,Central Region,Marine Parade
PARC CLEMATIS,"2,726,000","1,636.13","1,666",09 Feb 2022,8 JALAN LEMPENG #21-09,New Sale,Strata,152,"17,934",-,Apartment,1,99 yrs from 08/08/2019,Uncompleted,N.A,128796,05,12,West Region,Clementi
VERDALE,"1,354,000",742.72,"1,823",09 Feb 2022,6 DE SOUZA AVENUE #02-10,New Sale,Strata,69,"19,623",-,Apartment,1,99 yrs from 05/12/2018,Uncompleted,N.A,599460,21,59,Central Region,Bukit Timah
MIDWOOD,"1,694,000",990.29,"1,711",09 Feb 2022,10 HILLVIEW RISE #17-18,New Sale,Strata,92,"18,413",-,Condominium,1,99 yrs from 01/10/2018,Uncompleted,Private,667972,23,66,West Region,Bukit Batok
DAIRY FARM RESIDENCES,"1,255,400",721.19,"1,741",09 Feb 2022,6 DAIRY FARM LANE #09-01,New Sale,Strata,67,"18,737",-,Apartment,1,99 yrs from 05/12/2018,Uncompleted,Private,677623,23,67,West Region,Bukit Panjang
DAIRY FARM RESIDENCES,"1,266,000",721.19,"1,755",09 Feb 2022,8 DAIRY FARM LANE #09-23,New Sale,Strata,67,"18,896",-,Apartment,1,99 yrs from 05/12/2018,Uncompleted,HDB,677624,23,67,West Region,Bukit Panjang
KOPAR AT NEWTON,"3,464,010","1,528.49","2,266",09 Feb 2022,8 MAKEWAY AVENUE #02-15,New Sale,Strata,142,"24,394",-,Apartment,1,99 yrs from 22/04/2019,Uncompleted,Private,228607,09,22,Central Region,Novena
CANNINGHILL PIERS,"1,600,000",484.38,"3,303",09 Feb 2022,1 CLARKE QUAY #41-03,New Sale,Strata,45,"35,556",-,Apartment,1,99 yrs from 17/09/2021,Uncompleted,Private,179882,06,17,Central Region,Singapore River
THE STELLAR,"2,050,000","1,388.56","1,476",09 Feb 2022,12 WEST COAST ROAD #03-12,Resale,Strata,129,"15,891",-,Condominium,1,Freehold,2008,Private,126821,05,12,West Region,Clementi
THE SHORE RESIDENCES,"1,500,000",871.88,"1,720",09 Feb 2022,87 AMBER ROAD #14-19,Resale,Strata,81,"18,519",-,Condominium,1,103 yrs from 18/08/2009,2014,Private,439897,15,43,Central Region,Marine Parade
THE PANORAMA,"1,770,000","1,011.82","1,749",09 Feb 2022,8 ANG MO KIO AVENUE 2 #16-02,Resale,Strata,94,"18,830",-,Condominium,1,99 yrs from 08/04/2013,2017,Private,567695,20,56,North East Region,Ang Mo Kio
THE BAYSHORE,"1,370,000","1,184.04","1,157",09 Feb 2022,26 BAYSHORE ROAD #25-02,Resale,Strata,110,"12,455",-,Condominium,1,99 yrs from 31/05/1993,1996,Private,469972,16,46,East Region,Bedok
CITY GATE,"905,000",452.09,"2,002",09 Feb 2022,371 BEACH ROAD #27-08,Resale,Strata,42,"21,548",-,Apartment,1,99 yrs from 15/04/2014,2018,HDB,199597,07,19,Central Region,Kallang
WATERFRONT WAVES,"1,628,000","1,291.68","1,260",09 Feb 2022,766 BEDOK RESERVOIR ROAD #10-19,Resale,Strata,120,"13,567",-,Condominium,1,99 yrs from 31/10/2007,2011,Private,479248,16,47,East Region,Bedok
BAYWATER,"1,420,000","1,291.68","1,099",09 Feb 2022,806 BEDOK RESERVOIR ROAD #15-03,Resale,Strata,120,"11,833",-,Condominium,1,99 yrs from 19/03/2001,2006,Private,479243,16,47,East Region,Bedok
REGENT HEIGHTS,"820,000","1,022.58",802,09 Feb 2022,50 BUKIT BATOK EAST AVENUE 5 #15-05,Resale,Strata,95,"8,632",-,Condominium,1,99 yrs from 07/11/1995,1999,HDB,659801,23,65,West Region,Bukit Batok
CAIRNHILL RESIDENCES,"2,800,000","1,237.86","2,262",09 Feb 2022,31 CAIRNHILL CIRCLE #11-03,Resale,Strata,115,"24,348",-,Apartment,1,Freehold,2009,Private,229774,09,22,Central Region,Newton
THE LUXURIE,"991,000",775.01,"1,279",09 Feb 2022,23 COMPASSVALE ROAD #14-26,Resale,Strata,72,"13,764",-,Condominium,1,99 yrs from 15/06/2011,2015,Private,544755,19,54,North East Region,Sengkang
DUCHESS RESIDENCES,"3,300,000","1,603.84","2,058",09 Feb 2022,106 DUCHESS AVENUE #02-10,Resale,Strata,149,"22,148",-,Condominium,1,999 yrs from 27/12/1875,2011,Private,266311,10,26,Central Region,Bukit Timah
PALM ISLES,"1,120,000","1,119.46","1,000",09 Feb 2022,32 FLORA DRIVE #02-01,Resale,Strata,104,"10,769",-,Condominium,1,99 yrs from 14/09/2011,2015,HDB,506892,17,50,East Region,Pasir Ris
KEMBANGAN SUITES,"785,000",516.67,"1,519",09 Feb 2022,16 JALAN MASJID #04-12,Resale,Strata,48,"16,354",-,Apartment,1,Freehold,2011,Private,418941,14,41,East Region,Bedok
ROCHELLE AT NEWTON,"1,830,000","1,011.82","1,809",09 Feb 2022,188 KENG LEE ROAD #20-04,Resale,Strata,94,"19,468",-,Condominium,1,99 yrs from 10/03/2008,2012,Private,308414,11,30,Central Region,Novena
TREASURES@G6,"588,000",409.03,"1,438",09 Feb 2022,35 LORONG 6 GEYLANG #07-04,Resale,Strata,38,"15,474",-,Apartment,1,Freehold,2017,HDB,399187,14,39,Central Region,Geylang
THE POIZ RESIDENCES,"2,000,000","1,205.57","1,659",09 Feb 2022,8 MEYAPPA CHETTIAR ROAD #08-15,Resale,Strata,112,"17,857",-,Apartment,1,99 yrs from 17/11/2014,2018,Private,358455,13,35,Central Region,Toa Payoh
WATERTOWN,"840,000",581.26,"1,445",09 Feb 2022,71 PUNGGOL CENTRAL #07-50,Resale,Strata,54,"15,556",-,Apartment,1,99 yrs from 18/05/2011,2017,HDB,828755,19,82,North East Region,Punggol
SEASIDE RESIDENCES,"1,280,000",678.13,"1,888",09 Feb 2022,12 SIGLAP LINK #10-12,Sub Sale,Strata,63,"20,317",-,Apartment,1,99 yrs from 18/04/2016,2021,HDB,448870,15,44,East Region,Bedok
SIMS URBAN OASIS,"1,015,000",667.37,"1,521",09 Feb 2022,10 SIMS DRIVE #03-41,Resale,Strata,62,"16,371",-,Condominium,1,99 yrs from 29/07/2014,2017,HDB,387390,14,38,Central Region,Geylang
SIMS URBAN OASIS,"985,000",624.31,"1,578",09 Feb 2022,2 SIMS DRIVE #13-11,Resale,Strata,58,"16,983",-,Condominium,1,99 yrs from 29/07/2014,2017,HDB,387386,14,38,Central Region,Geylang
SIMS URBAN OASIS,"1,750,000",990.29,"1,767",09 Feb 2022,4 SIMS DRIVE #15-19,Resale,Strata,92,"19,022",-,Condominium,1,99 yrs from 29/07/2014,2017,HDB,387387,14,38,Central Region,Geylang
CASA MERAH,"1,165,000",947.23,"1,230",09 Feb 2022,70 TANAH MERAH KECHIL AVENUE #05-37,Resale,Strata,88,"13,239",-,Apartment,1,99 yrs from 11/07/2006,2009,Private,465534,16,46,East Region,Bedok
THE METROPOLITAN CONDOMINIUM,"1,980,000","1,399.32","1,415",09 Feb 2022,8 ALEXANDRA VIEW #04-06,Resale,Strata,130,"15,231",-,Condominium,1,99 yrs from 17/02/2006,2009,Private,158747,03,15,Central Region,Bukit Merah
AQUARIUS BY THE PARK,"1,215,000","1,227.1",990,09 Feb 2022,5 BEDOK RESERVOIR VIEW #04-03,Resale,Strata,114,"10,658",-,Condominium,1,99 yrs from 12/06/1996,2000,Private,478928,16,47,East Region,Bedok
AZALEA PARK CONDOMINIUM,"1,418,000","1,506.96",941,09 Feb 2022,14 FLORA ROAD #08-06,Resale,Strata,140,"10,129",-,Condominium,1,999 yrs from 12/10/1885,1996,HDB,509731,17,50,East Region,Pasir Ris
RIPPLE BAY,"655,000",538.2,"1,217",09 Feb 2022,4 PASIR RIS LINK #12-14,Resale,Strata,50,"13,100",-,Condominium,1,99 yrs from 10/08/2011,2015,HDB,518160,18,51,East Region,Pasir Ris
VIDA,"1,630,000",850.36,"1,917",09 Feb 2022,5 PECK HAY ROAD #13-02,Resale,Strata,79,"20,633",-,Apartment,1,Freehold,2009,HDB,228307,09,22,Central Region,Newton
PARC CENTROS,"973,000",764.24,"1,273",09 Feb 2022,92 PUNGGOL CENTRAL #09-31,Resale,Strata,71,"13,704",-,Condominium,1,99 yrs from 19/03/2012,2016,HDB,828723,19,82,North East Region,Punggol
CARIBBEAN AT KEPPEL BAY,"2,220,000","1,227.1","1,809",09 Feb 2022,40 KEPPEL BAY DRIVE #04-93,Resale,Strata,114,"19,474",-,Condominium,1,99 yrs from 16/08/1999,2004,Private,098655,04,09,Central Region,Bukit Merah
EAST MEADOWS,"1,190,000","1,194.8",996,09 Feb 2022,32 TANAH MERAH KECHIL ROAD #03-22,Resale,Strata,111,"10,721",-,Condominium,1,99 yrs from 02/03/1998,2002,Private,465559,16,46,East Region,Bedok
TANGLIN VIEW,"1,360,000",871.88,"1,560",09 Feb 2022,156 PRINCE CHARLES CRESCENT #05-17,Resale,Strata,81,"16,790",-,Condominium,1,99 yrs from 17/05/1997,2001,Private,159015,03,15,Central Region,Bukit Merah
NOVELIS,"1,520,000",807.3,"1,883",09 Feb 2022,75 SINARAN DRIVE #11-02,Resale,Strata,75,"20,267",-,Apartment,1,Freehold,2008,Private,308322,11,30,Central Region,Novena
LUMIERE,"1,580,000",968.76,"1,631",09 Feb 2022,2 MISTRI ROAD #23-02,Resale,Strata,90,"17,556",-,Apartment,1,99 yrs from 21/03/2006,2010,Private,079624,02,07,Central Region,Downtown Core
COCO PALMS,"1,218,000",904.18,"1,347",09 Feb 2022,29 PASIR RIS GROVE #10-57,Resale,Strata,84,"14,500",-,Condominium,1,99 yrs from 07/01/2008,2018,Private,518074,18,51,East Region,Pasir Ris
THE COTZ,"670,000",452.09,"1,482",09 Feb 2022,171 TELOK KURAU ROAD #04-10,Resale,Strata,42,"15,952",-,Apartment,1,Freehold,2010,Private,423824,15,42,East Region,Bedok
THE MERASAGA,"2,450,000","1,356.26","1,806",09 Feb 2022,27 JALAN MERAH SAGA #07-05,Resale,Strata,126,"19,444",-,Condominium,1,99 yrs from 18/11/1991,1995,Private,278106,10,27,Central Region,Bukit Timah
HILLVIEW HEIGHTS,"1,835,000","1,270.15","1,445",09 Feb 2022,29 HILLVIEW AVENUE #06-01,Resale,Strata,118,"15,551",-,Condominium,1,Freehold,1996,Private,669561,23,66,West Region,Bukit Batok
TIVOLI GRANDE,"955,000",699.66,"1,365",09 Feb 2022,126 KOON SENG ROAD #02-10,Resale,Strata,65,"14,692",-,Apartment,1,Freehold,2012,HDB,427059,15,42,Central Region,Marine Parade
ZYANYA,"2,232,100","1,313.21","1,693",09 Feb 2022,8 LORONG 25A GEYLANG #08-01,New Sale,Strata,122,"18,223","2,223,212",Apartment,1,Freehold,Uncompleted,N.A,388222,14,38,Central Region,Geylang
KATONG GARDENS,"2,550,000","1,948.28","1,309",09 Feb 2022,237 TEMBELING ROAD #02-07,Resale,Strata,181,"14,088",-,Condominium,1,Freehold,1984,Private,423721,15,42,Central Region,Marine Parade
THE WOODLEIGH RESIDENCES,"2,462,000","1,119.46","2,199",10 Feb 2022,23 BIDADARI PARK DRIVE #11-32,New Sale,Strata,104,"23,673",-,Apartment,1,99 yrs from 18/09/2017,Uncompleted,Private,367796,13,36,Central Region,Toa Payoh
AFFINITY AT SERANGOON,"1,798,238","1,151.75","1,561",10 Feb 2022,20 SERANGOON NORTH AVENUE 1 #13-20,New Sale,Strata,107,"16,806",-,Apartment,1,99 yrs from 18/05/2018,Uncompleted,N.A,554337,19,55,North East Region,Serangoon
THE JOVELL,"1,772,400","1,270.15","1,395",10 Feb 2022,27 FLORA DRIVE #03-52,New Sale,Strata,118,"15,020",-,Condominium,1,99 yrs from 08/03/2018,Uncompleted,Private,506764,17,50,East Region,Pasir Ris
THE HYDE,"4,928,000","1,571.54","3,136",10 Feb 2022,11 BALMORAL ROAD #08-08,New Sale,Strata,146,"33,753",-,Condominium,1,Freehold,Uncompleted,Private,259796,10,25,Central Region,Tanglin
TREASURE AT TAMPINES,"1,934,000","1,270.15","1,523",10 Feb 2022,17 TAMPINES LANE #02-68,New Sale,Strata,118,"16,390",-,Condominium,1,99 yrs from 29/11/2018,Uncompleted,N.A,528477,18,52,East Region,Tampines
VERTICUS,"1,349,000",678.13,"1,989",10 Feb 2022,3 JALAN KEMAMAN #11-08,New Sale,Strata,63,"21,413",-,Apartment,1,Freehold,Uncompleted,Private,329343,12,32,Central Region,Novena
PARC CLEMATIS,"2,705,000","1,496.2","1,808",10 Feb 2022,6 JALAN LEMPENG #13-03,New Sale,Strata,139,"19,460",-,Apartment,1,99 yrs from 08/08/2019,Uncompleted,Private,128795,05,12,West Region,Clementi
MIDWOOD,"2,028,000","1,248.62","1,624",10 Feb 2022,10 HILLVIEW RISE #06-17,New Sale,Strata,116,"17,483",-,Condominium,1,99 yrs from 01/10/2018,Uncompleted,HDB,667972,23,66,West Region,Bukit Batok
DAIRY FARM RESIDENCES,"1,259,600",721.19,"1,747",10 Feb 2022,6 DAIRY FARM LANE #10-01,New Sale,Strata,67,"18,800",-,Apartment,1,99 yrs from 05/12/2018,Uncompleted,HDB,677623,23,67,West Region,Bukit Panjang
DAIRY FARM RESIDENCES,"1,621,700","1,011.82","1,603",10 Feb 2022,6 DAIRY FARM LANE #04-08,New Sale,Strata,94,"17,252",-,Apartment,1,99 yrs from 05/12/2018,Uncompleted,N.A,677623,23,67,West Region,Bukit Panjang
DAIRY FARM RESIDENCES,"1,296,700",775.01,"1,673",10 Feb 2022,8 DAIRY FARM LANE #01-26,New Sale,Strata,72,"18,010",-,Apartment,1,99 yrs from 05/12/2018,Uncompleted,HDB,677624,23,67,West Region,Bukit Panjang
DAIRY FARM RESIDENCES,"1,292,700",764.24,"1,691",10 Feb 2022,8 DAIRY FARM LANE #04-26,New Sale,Strata,71,"18,207",-,Apartment,1,99 yrs from 05/12/2018,Uncompleted,Private,677624,23,67,West Region,Bukit Panjang
DAIRY FARM RESIDENCES,"1,325,300",764.24,"1,734",10 Feb 2022,8 DAIRY FARM LANE #11-26,New Sale,Strata,71,"18,666",-,Apartment,1,99 yrs from 05/12/2018,Uncompleted,HDB,677624,23,67,West Region,Bukit Panjang
DAIRY FARM RESIDENCES,"1,283,800",764.24,"1,680",10 Feb 2022,8 DAIRY FARM LANE #02-26,New Sale,Strata,71,"18,082",-,Apartment,1,99 yrs from 05/12/2018,Uncompleted,N.A,677624,23,67,West Region,Bukit Panjang
LEEDON GREEN,"1,851,000",710.42,"2,605",10 Feb 2022,30 LEEDON HEIGHTS #04-21,New Sale,Strata,66,"28,045",-,Condominium,1,Freehold,Uncompleted,HDB,266223,10,26,Central Region,Bukit Timah
KOPAR AT NEWTON,"2,400,000",958,"2,505",10 Feb 2022,6 MAKEWAY AVENUE #22-06,New Sale,Strata,89,"26,966",-,Apartment,1,99 yrs from 22/04/2019,Uncompleted,HDB,228606,09,22,Central Region,Novena
KOPAR AT NEWTON,"2,537,370","1,054.87","2,405",10 Feb 2022,6 MAKEWAY AVENUE #17-07,New Sale,Strata,98,"25,892",-,Apartment,1,99 yrs from 22/04/2019,Uncompleted,HDB,228606,09,22,Central Region,Novena
KOPAR AT NEWTON,"2,552,220","1,054.87","2,419",10 Feb 2022,6 MAKEWAY AVENUE #18-07,New Sale,Strata,98,"26,043",-,Apartment,1,99 yrs from 22/04/2019,Uncompleted,HDB,228606,09,22,Central Region,Novena
PENROSE,"2,333,000","1,388.56","1,680",10 Feb 2022,22 SIMS DRIVE #11-12,New Sale,Strata,129,"18,085",-,Apartment,1,99 yrs from 03/07/2019,Uncompleted,N.A,387396,14,38,Central Region,Geylang
CLAVON,"2,692,000","1,582.31","1,701",10 Feb 2022,6 CLEMENTI AVENUE 1 #27-05,New Sale,Strata,147,"18,313",-,Apartment,1,99 yrs from 07/10/2019,Uncompleted,N.A,129963,05,12,West Region,Clementi
KI RESIDENCES AT BROOKVALE,"1,830,000",979.52,"1,868",10 Feb 2022,12 BROOKVALE DRIVE #03-23,New Sale,Strata,91,"20,110",-,Condominium,1,999 yrs from 23/03/1885,Uncompleted,N.A,599978,21,59,West Region,Clementi
KINGSFORD WATERBAY,"1,300,000",958,"1,357",10 Feb 2022,80 UPPER SERANGOON VIEW #06-72,Resale,Strata,89,"14,607",-,Apartment,1,99 yrs from 03/03/2014,2018,Private,533878,19,53,North East Region,Hougang
PARC RIVIERA,"998,000",710.42,"1,405",10 Feb 2022,103 WEST COAST VALE #10-18,Resale,Strata,66,"15,121",-,Condominium,1,99 yrs from 11/11/2015,2019,Private,126754,05,12,West Region,Clementi
TIONG BAHRU ESTATE,"4,100,000","1,420.85","2,886",10 Feb 2022,7 YONG SIAK STREET,Resale,Strata,132,"31,061",-,Apartment,1,Freehold,-,Private,168644,03,16,Central Region,Bukit Merah
ONE AMBER,"1,780,000",958,"1,858",10 Feb 2022,9 AMBER GARDENS #02-23,Resale,Strata,89,"20,000",-,Condominium,1,Freehold,2010,Private,439958,15,43,Central Region,Marine Parade
NOUVEL 18,"8,524,000","2,475.72","3,443",10 Feb 2022,18 ANDERSON ROAD #23-03,Resale,Strata,230,"37,061",-,Condominium,1,Freehold,2014,Private,259977,10,25,Central Region,Newton
STURDEE RESIDENCES,"1,236,800",721.19,"1,715",10 Feb 2022,10 BEATTY ROAD #05-03,Resale,Strata,67,"18,460",-,Condominium,1,99 yrs from 29/06/2015,2019,Private,209955,08,20,Central Region,Kallang
CLOVER BY THE PARK,"1,964,000","1,248.62","1,573",10 Feb 2022,6 BISHAN STREET 25 #13-15,Resale,Strata,116,"16,931",-,Condominium,1,99 yrs from 10/09/2007,2011,Private,573975,20,57,Central Region,Bishan
THOMSON THREE,"2,580,000","1,485.43","1,737",10 Feb 2022,43 BRIGHT HILL DRIVE #13-08,Resale,Strata,138,"18,696",-,Apartment,1,99 yrs from 07/11/2012,2016,Private,573894,20,57,Central Region,Bishan
THOMSON THREE,"835,000",495.14,"1,686",10 Feb 2022,43 BRIGHT HILL DRIVE #16-09,Resale,Strata,46,"18,152",-,Apartment,1,99 yrs from 07/11/2012,2016,Private,573894,20,57,Central Region,Bishan
THE REGENCY AT TIONG BAHRU,"1,880,000",925.7,"2,031",10 Feb 2022,36 CHAY YAN STREET #13-01,Resale,Strata,86,"21,860",-,Condominium,1,Freehold,2010,Private,169905,03,16,Central Region,Bukit Merah
QUEENS PEAK,"848,888",441.32,"1,924",10 Feb 2022,3 DUNDEE ROAD #11-24,Resale,Strata,41,"20,705",-,Condominium,1,99 yrs from 28/09/2015,2020,Private,149457,03,14,Central Region,Queenstown
RIVER ISLES,"1,330,000","1,173.28","1,134",10 Feb 2022,56 EDGEDALE PLAINS #14-10,Resale,Strata,109,"12,202",-,Condominium,1,99 yrs from 06/02/2012,2015,HDB,828822,19,82,North East Region,Punggol
HEDGES PARK CONDOMINIUM,"785,000",764.24,"1,027",10 Feb 2022,75 FLORA DRIVE #06-18,Resale,Strata,71,"11,056",-,Condominium,1,99 yrs from 28/07/2010,2015,Private,506883,17,50,East Region,Pasir Ris
THE HILLIER,"838,000",592.02,"1,415",10 Feb 2022,6 HILLVIEW RISE #17-23,Resale,Strata,55,"15,236",-,Apartment,1,99 yrs from 01/08/2011,2016,Private,667980,23,66,West Region,Bukit Batok
PARC OASIS,"1,310,000","1,377.79",951,10 Feb 2022,41 JURONG EAST AVENUE 1 #04-01,Resale,Strata,128,"10,234",-,Condominium,1,99 yrs from 01/12/1991,1994,HDB,609777,22,60,West Region,Jurong East
PARC OASIS,"1,080,000","1,076.4","1,003",10 Feb 2022,51 JURONG EAST AVENUE 1 #14-03,Resale,Strata,100,"10,800",-,Condominium,1,99 yrs from 01/12/1991,1994,Private,609782,22,60,West Region,Jurong East
THE MAYFAIR,"680,000",635.08,"1,071",10 Feb 2022,5 JURONG EAST STREET 32 #02-01,Resale,Strata,59,"11,525",-,Condominium,1,99 yrs from 04/12/1996,2000,HDB,609479,22,60,West Region,Jurong East
CASPIAN,"1,252,800",936.47,"1,338",10 Feb 2022,52 LAKESIDE DRIVE #11-15,Resale,Strata,87,"14,400",-,Condominium,1,99 yrs from 17/03/2008,2012,Private,648316,22,64,West Region,Jurong West
SUNSHINE GRANDEUR,"1,320,000","1,001.05","1,319",10 Feb 2022,63 LORONG K TELOK KURAU #02-03,Resale,Strata,93,"14,194",-,Apartment,1,Freehold,2007,HDB,425673,15,42,East Region,Bedok
NATHAN SUITES,"4,800,000","2,066.69","2,323",10 Feb 2022,21 NATHAN ROAD #20-01,Resale,Strata,192,"25,000",-,Condominium,1,Freehold,2014,Private,248743,10,24,Central Region,Tanglin
D'NEST,"633,000",484.38,"1,307",10 Feb 2022,131 PASIR RIS GROVE #09-15,Resale,Strata,45,"14,067",-,Condominium,1,99 yrs from 20/10/2010,2017,HDB,518130,18,51,East Region,Pasir Ris
RIPPLE BAY,"617,000",484.38,"1,274",10 Feb 2022,4 PASIR RIS LINK #03-13,Resale,Strata,45,"13,711",-,Condominium,1,99 yrs from 10/08/2011,2015,HDB,518160,18,51,East Region,Pasir Ris
SENNETT RESIDENCE,"830,000",505.91,"1,641",10 Feb 2022,35 PHENG GECK AVENUE #02-19,Resale,Strata,47,"17,660",-,Condominium,1,99 yrs from 28/11/2011,2016,Private,348230,13,34,Central Region,Toa Payoh
NIN RESIDENCE,"1,750,000","1,237.86","1,414",10 Feb 2022,85 PHENG GECK AVENUE #10-18,Resale,Strata,115,"15,217",-,Apartment,1,99 yrs from 13/09/2010,2014,Private,348271,13,34,Central Region,Toa Payoh
PARC CENTROS,"670,000",473.62,"1,415",10 Feb 2022,94 PUNGGOL CENTRAL #15-37,Resale,Strata,44,"15,227",-,Condominium,1,99 yrs from 19/03/2012,2016,HDB,828724,19,82,North East Region,Punggol
MANDARIN GARDENS,"1,685,000","1,571.54","1,072",10 Feb 2022,7 SIGLAP ROAD #03-63,Resale,Strata,146,"11,541",-,Condominium,1,99 yrs from 08/03/1982,1986,Private,448909,15,44,East Region,Bedok
SIMS URBAN OASIS,"745,000",462.85,"1,610",10 Feb 2022,12 SIMS DRIVE #04-54,Resale,Strata,43,"17,326",-,Condominium,1,99 yrs from 29/07/2014,2017,HDB,387391,14,38,Central Region,Geylang
STIRLING RESIDENCES,"1,410,000",688.9,"2,047",10 Feb 2022,21 STIRLING ROAD #09-05,Sub Sale,Strata,64,"22,031",-,Apartment,1,99 yrs from 18/08/2017,Uncompleted,HDB,148960,03,14,Central Region,Queenstown
KERRISDALE,"1,300,000",990.29,"1,313",10 Feb 2022,30 STURDEE ROAD #26-04,Resale,Strata,92,"14,130",-,Condominium,1,99 yrs from 02/04/1998,2005,HDB,207852,08,20,Central Region,Kallang
THE TROPICA,"1,500,000","1,743.77",860,10 Feb 2022,63 TAMPINES AVENUE 1 #01-05,Resale,Strata,162,"9,259",-,Condominium,1,99 yrs from 04/12/1996,2000,Private,529777,18,52,East Region,Tampines
PEBBLE BAY,"3,050,000","1,894.46","1,610",10 Feb 2022,130 TANJONG RHU ROAD #05-15,Resale,Strata,176,"17,330",-,Condominium,1,99 yrs from 09/03/1994,1997,Private,436918,15,43,Central Region,Kallang
BEAUTY WORLD CENTRE,"1,900,000","1,872.94","1,014",10 Feb 2022,144 UPPER BUKIT TIMAH ROAD #13-03,Resale,Strata,174,"10,920",-,Apartment,1,99 yrs from 18/09/1979,-,Private,588177,21,58,Central Region,Bukit Timah
BOTANIQUE AT BARTLEY,"1,699,500","1,033.34","1,645",10 Feb 2022,225 UPPER PAYA LEBAR ROAD #12-11,Resale,Strata,96,"17,703",-,Condominium,1,99 yrs from 14/04/2014,2019,Private,533873,19,53,North East Region,Serangoon
TERRASSE,"645,000",505.91,"1,275",10 Feb 2022,27 TERRASSE LANE #03-34,Resale,Strata,47,"13,723",-,Condominium,1,99 yrs from 23/08/2010,2014,Private,544777,19,54,North East Region,Hougang
COUNTRY PARK CONDOMINIUM,"2,100,000","1,356.26","1,548",10 Feb 2022,51 BEDOK ROAD #04-25,Resale,Strata,126,"16,667",-,Condominium,1,Freehold,2003,Private,469568,16,46,East Region,Bedok
COMMONWEALTH TOWERS,"880,000",462.85,"1,901",10 Feb 2022,232 COMMONWEALTH AVENUE #13-13,Resale,Strata,43,"20,465",-,Condominium,1,99 yrs from 07/05/2013,2017,HDB,149740,03,14,Central Region,Queenstown
ISUITES @ PALM,"615,000",462.85,"1,329",10 Feb 2022,24 GLASGOW ROAD #02-01,Resale,Strata,43,"14,302",-,Apartment,1,999 yrs from 02/12/1878,2013,HDB,549340,19,54,North East Region,Hougang
NV RESIDENCES,"1,040,000","1,108.69",938,10 Feb 2022,99 PASIR RIS GROVE #02-46,Resale,Strata,103,"10,097",-,Condominium,1,99 yrs from 07/01/2008,2013,HDB,518194,18,51,East Region,Pasir Ris
COMMONWEALTH TOWERS,"940,000",484.38,"1,941",10 Feb 2022,230 COMMONWEALTH AVENUE #27-03,Resale,Strata,45,"20,889",-,Condominium,1,99 yrs from 07/05/2013,2017,Private,149739,03,14,Central Region,Queenstown
THE MADEIRA,"1,050,000","1,054.87",995,10 Feb 2022,56 BUKIT BATOK STREET 31 #20-18,Resale,Strata,98,"10,714",-,Condominium,1,99 yrs from 14/08/2000,2003,HDB,659445,23,65,West Region,Bukit Batok
HEDGES PARK CONDOMINIUM,"1,075,000","1,076.4",999,10 Feb 2022,75 FLORA DRIVE #05-15,Resale,Strata,100,"10,750",-,Condominium,1,99 yrs from 28/07/2010,2015,Private,506883,17,50,East Region,Pasir Ris
RIZ HAVEN,"1,038,000","1,011.82","1,026",10 Feb 2022,193 JALAN LOYANG BESAR #02-03,Resale,Strata,94,"11,043",-,Apartment,1,946 yrs from 01/01/1938,2010,HDB,506928,17,50,East Region,Pasir Ris
CENTRAL GREEN CONDOMINIUM,"1,890,000","1,291.68","1,463",10 Feb 2022,3 JALAN MEMBINA #04-04,Resale,Strata,120,"15,750",-,Condominium,1,99 yrs from 01/07/1992,1995,HDB,169480,03,16,Central Region,Bukit Merah
CORALS AT KEPPEL BAY,"1,750,000",914.94,"1,913",10 Feb 2022,19 KEPPEL BAY DRIVE #04-36,Resale,Strata,85,"20,588",-,Condominium,1,99 yrs from 26/02/2007,2016,Private,098021,04,09,Central Region,Bukit Merah
THE GAZANIA,"1,348,000",624.31,"2,159",10 Feb 2022,15 HOW SUN DRIVE #03-29,New Sale,Strata,58,"23,241",-,Condominium,1,Freehold,Uncompleted,HDB,538545,19,53,North East Region,Serangoon
MAYFAIR MODERN,"2,001,465",958,"2,089",11 Feb 2022,2 RIFLE RANGE ROAD #02-05,New Sale,Strata,89,"22,488",-,Condominium,1,99 yrs from 18/09/2018,Uncompleted,N.A,588373,21,58,Central Region,Bukit Timah
THE FLORENCE RESIDENCES,"1,192,000",635.08,"1,877",11 Feb 2022,83 HOUGANG AVENUE 2 #17-10,New Sale,Strata,59,"20,203",-,Apartment,1,99 yrs from 24/12/2018,Uncompleted,HDB,538860,19,53,North East Region,Hougang
THE FLORENCE RESIDENCES,"2,074,000","1,280.92","1,619",11 Feb 2022,89 HOUGANG AVENUE 2 #05-41,New Sale,Strata,119,"17,429",-,Apartment,1,99 yrs from 24/12/2018,Uncompleted,Private,538863,19,53,North East Region,Hougang
TREASURE AT TAMPINES,"1,993,000","1,237.86","1,610",11 Feb 2022,51 TAMPINES LANE #12-174,New Sale,Strata,115,"17,330",-,Condominium,1,99 yrs from 29/11/2018,Uncompleted,HDB,528460,18,52,East Region,Tampines
ONE PEARL BANK,"2,007,000",807.3,"2,486",11 Feb 2022,1 PEARL BANK #28-19,New Sale,Strata,75,"26,760",-,Apartment,1,99 yrs from 01/03/2019,Uncompleted,Private,169016,03,16,Central Region,Outram
NORMANTON PARK,"2,003,000","1,065.64","1,880",11 Feb 2022,57 NORMANTON PARK #23-55,New Sale,Strata,99,"20,232",-,Apartment,1,99 yrs from 22/07/2019,Uncompleted,N.A,117284,05,11,Central Region,Queenstown
MEYER MANSION,"3,564,000","1,399.32","2,547",11 Feb 2022,79 MEYER ROAD #05-04,New Sale,Strata,130,"27,415",-,Apartment,1,Freehold,Uncompleted,N.A,437906,15,43,Central Region,Marine Parade
MIDWOOD,"2,145,000","1,248.62","1,718",11 Feb 2022,10 HILLVIEW RISE #26-17,New Sale,Strata,116,"18,491",-,Condominium,1,99 yrs from 01/10/2018,Uncompleted,N.A,667972,23,66,West Region,Bukit Batok
PASIR RIS 8,"2,495,000","1,463.9","1,704",11 Feb 2022,18 PASIR RIS DRIVE 8 #07-54,New Sale,Strata,136,"18,346",-,Apartment,1,99 yrs from 05/07/2021,Uncompleted,N.A,519472,18,51,East Region,Pasir Ris
THE PANORAMA,"1,190,000",699.66,"1,701",11 Feb 2022,8 ANG MO KIO AVENUE 2 #13-01,Resale,Strata,65,"18,308",-,Condominium,1,99 yrs from 08/04/2013,2017,Private,567695,20,56,North East Region,Ang Mo Kio
ECO SANCTUARY,"1,300,000",990.29,"1,313",11 Feb 2022,65 CHESTNUT AVENUE #04-18,Resale,Strata,92,"14,130",-,Condominium,1,99 yrs from 25/04/2012,2016,Private,679524,23,67,West Region,Bukit Panjang
HERITAGE VIEW,"1,645,000","1,162.51","1,415",11 Feb 2022,6 DOVER RISE #17-02,Resale,Strata,108,"15,231",-,Condominium,1,99 yrs from 12/08/1996,2000,Private,138678,05,13,Central Region,Queenstown
RIVERTREES RESIDENCES,"1,455,000","1,119.46","1,300",11 Feb 2022,29 FERNVALE CLOSE #14-23,Resale,Strata,104,"13,990",-,Apartment,1,99 yrs from 28/08/2013,2017,Private,797464,28,79,North East Region,Sengkang
HEDGES PARK CONDOMINIUM,"980,000","1,001.05",979,11 Feb 2022,87 FLORA DRIVE #06-58,Resale,Strata,93,"10,538",-,Condominium,1,99 yrs from 28/07/2010,2015,HDB,506889,17,50,East Region,Pasir Ris
HILLION RESIDENCES,"730,000",473.62,"1,541",11 Feb 2022,10 JELEBU ROAD #14-13,Resale,Strata,44,"16,591",-,Apartment,1,99 yrs from 04/01/2013,2017,Private,677672,23,67,West Region,Bukit Panjang
KELLOCK LODGE,"1,580,000",893.41,"1,769",11 Feb 2022,3 KELLOCK ROAD #06-02,Resale,Strata,83,"19,036",-,Apartment,1,Freehold,1997,HDB,248899,10,24,Central Region,Tanglin
PEOPLE'S PARK COMPLEX,"1,001,888","1,119.46",895,11 Feb 2022,1 PARK ROAD #23-895,Resale,Strata,104,"9,634",-,Apartment,1,99 yrs from 25/03/1968,1972,HDB,059108,01,05,Central Region,Outram
A TREASURE TROVE,"1,418,000","1,205.57","1,176",11 Feb 2022,54 PUNGGOL WALK #02-12,Resale,Strata,112,"12,661",-,Condominium,1,99 yrs from 09/03/2011,2015,HDB,828832,19,82,North East Region,Punggol
THE GARDENS AT BISHAN,"1,160,000",882.65,"1,314",11 Feb 2022,1 SIN MING WALK #12-37,Resale,Strata,82,"14,146",-,Condominium,1,99 yrs from 22/03/1997,2004,Private,575574,20,57,Central Region,Bishan
THE TRIZON,"3,450,000","1,894.46","1,821",11 Feb 2022,6 RIDGEWOOD CLOSE #15-08,Resale,Strata,176,"19,602",-,Condominium,1,Freehold,2012,Private,276697,10,27,Central Region,Bukit Timah
CLEMENTI PARK,"1,600,000","1,076.4","1,486",11 Feb 2022,135 SUNSET WAY #06-04,Resale,Strata,100,"16,000",-,Condominium,1,Freehold,1985,HDB,597158,21,59,West Region,Clementi
SKYLINE RESIDENCES,"1,800,000",828.83,"2,172",11 Feb 2022,612 TELOK BLANGAH ROAD #15-13,Resale,Strata,77,"23,377",-,Condominium,1,Freehold,2015,HDB,109026,04,10,Central Region,Bukit Merah
THE TREVOSE,"1,460,000","1,011.82","1,443",11 Feb 2022,56 TREVOSE CRESCENT #03-08,Resale,Strata,94,"15,532",-,Condominium,1,99 yrs from 14/12/1996,2001,HDB,298088,11,29,Central Region,Novena
PARC CENTROS,"1,500,000","1,140.98","1,315",11 Feb 2022,84 PUNGGOL CENTRAL #10-10,Resale,Strata,106,"14,151",-,Condominium,1,99 yrs from 19/03/2012,2016,HDB,828719,19,82,North East Region,Punggol
ST THOMAS SUITES,"5,650,000","2,604.89","2,169",11 Feb 2022,31 ST. THOMAS WALK #12-01,Resale,Strata,242,"23,347",-,Condominium,1,Freehold,2010,Private,238141,09,23,Central Region,River Valley
PEBBLE BAY,"1,950,000","1,302.44","1,497",11 Feb 2022,130 TANJONG RHU ROAD #05-08,Resale,Strata,121,"16,116",-,Condominium,1,99 yrs from 09/03/1994,1997,Private,436918,15,43,Central Region,Kallang
AQUARIUS BY THE PARK,"1,340,000","1,227.1","1,092",11 Feb 2022,11 BEDOK RESERVOIR VIEW #16-03,Resale,Strata,114,"11,754",-,Condominium,1,99 yrs from 12/06/1996,2001,Private,478931,16,47,East Region,Bedok
ECO,"835,000",635.08,"1,315",11 Feb 2022,275 BEDOK SOUTH AVENUE 3 #08-23,Resale,Strata,59,"14,153",-,Condominium,1,99 yrs from 14/05/2012,2017,HDB,465491,16,46,East Region,Bedok
THE BENCOOLEN,"1,250,000",882.65,"1,416",11 Feb 2022,180A BENCOOLEN STREET #06-06,Resale,Strata,82,"15,244",-,Apartment,1,99 yrs from 24/06/1995,1999,HDB,189647,07,18,Central Region,Rochor
THE JADE,"1,628,000","1,474.67","1,104",11 Feb 2022,9 BUKIT BATOK CENTRAL LINK #05-09,Resale,Strata,137,"11,883",-,Condominium,1,99 yrs from 02/10/2001,2004,Private,658074,23,65,West Region,Bukit Batok
THE VERVE,"828,000",613.55,"1,350",11 Feb 2022,23 JALAN RAJAH #06-01,Resale,Strata,57,"14,526",-,Apartment,1,Freehold,2012,HDB,329138,12,32,Central Region,Novena
LAKEVILLE,"1,120,000",721.19,"1,553",11 Feb 2022,11 JURONG LAKE LINK #11-42,Resale,Strata,67,"16,716",-,Condominium,1,99 yrs from 30/04/2013,2017,Private,648155,22,64,West Region,Jurong West
VUE 8 RESIDENCE,"1,750,000","1,345.5","1,301",11 Feb 2022,87 PASIR RIS HEIGHTS #14-09,Resale,Strata,125,"14,000",-,Condominium,1,99 yrs from 10/09/2012,2017,Private,519285,18,51,East Region,Pasir Ris
LOYANG VALLEY,"900,000","1,001.05",899,11 Feb 2022,204 LOYANG AVENUE #04-03,Resale,Strata,93,"9,677",-,Condominium,1,99 yrs from 20/08/1982,1985,HDB,509060,17,50,East Region,Pasir Ris
WATERVIEW,"1,050,000",925.7,"1,134",11 Feb 2022,85 TAMPINES AVENUE 1 #05-25,Resale,Strata,86,"12,209",-,Condominium,1,99 yrs from 16/06/2010,2014,HDB,528687,18,52,East Region,Tampines
THE MINTON,"1,300,000","1,097.93","1,184",11 Feb 2022,12A HOUGANG STREET 11 #03-58,Resale,Strata,102,"12,745",-,Condominium,1,99 yrs from 27/07/2007,2013,HDB,534074,19,53,North East Region,Hougang
KENSINGTON SQUARE,"935,000",613.55,"1,524",11 Feb 2022,2 JALAN LOKAM #03-05,Resale,Strata,57,"16,404",-,Apartment,1,Freehold,2016,HDB,537846,19,53,North East Region,Hougang
NEPTUNE COURT,"1,110,000","1,270.15",874,11 Feb 2022,6 MARINE VISTA #20-19,Resale,Strata,118,"9,407",-,Apartment,1,99 yrs from 01/09/1976,1975,Private,449030,15,44,East Region,Bedok
THE VERMONT ON CAIRNHILL,"3,202,800","1,334.74","2,400",11 Feb 2022,12A CAIRNHILL RISE #08-04,Resale,Strata,124,"25,829",-,Apartment,1,Freehold,2013,Private,229746,09,22,Central Region,Newton
ORCHID PARK CONDOMINIUM,"793,000",979.52,810,11 Feb 2022,93 YISHUN STREET 81 #03-07,Resale,Strata,91,"8,714",-,Condominium,1,99 yrs from 01/09/1991,1994,HDB,768451,27,76,North Region,Yishun
FABER CREST,"1,190,000","1,410.08",844,11 Feb 2022,50A FABER HEIGHTS #01-02,Resale,Strata,131,"9,084",-,Condominium,1,99 yrs from 12/06/1996,2001,HDB,129195,05,12,West Region,Clementi
REFLECTIONS AT KEPPEL BAY,"2,050,000","1,205.57","1,700",11 Feb 2022,27 KEPPEL BAY VIEW #04-82,Resale,Strata,112,"18,304",-,Condominium,1,99 yrs from 15/03/2006,2011,Private,098416,04,09,Central Region,Bukit Merah
CASPIAN,"1,580,000","1,237.86","1,276",11 Feb 2022,52 LAKESIDE DRIVE #05-09,Resale,Strata,115,"13,739",-,Condominium,1,99 yrs from 17/03/2008,2012,Private,648316,22,64,West Region,Jurong West
SUNGLADE,"1,220,000",990.29,"1,232",11 Feb 2022,11 SERANGOON AVENUE 2 #02-35,Resale,Strata,92,"13,261",-,Condominium,1,99 yrs from 09/10/2000,2003,Private,556135,19,55,North East Region,Serangoon
PARC RIVIERA,"712,888",462.85,"1,540",11 Feb 2022,101 WEST COAST VALE #12-04,Resale,Strata,43,"16,579",-,Condominium,1,99 yrs from 11/11/2015,2019,Private,126753,05,12,West Region,Clementi
THE GLADES,"870,000",624.31,"1,394",11 Feb 2022,10 BEDOK RISE #05-28,Resale,Strata,58,"15,000",-,Condominium,1,99 yrs from 21/01/2013,2016,Private,469601,16,46,East Region,Bedok
GLENTREES,"2,650,000","1,442.38","1,837",11 Feb 2022,11G MOUNT SINAI LANE #03-34,Resale,Strata,134,"19,776",-,Condominium,1,999 yrs from 17/09/1885,2005,Private,277056,10,27,Central Region,Bukit Timah
THE PALETTE,"1,388,888","1,162.51","1,195",11 Feb 2022,105 PASIR RIS GROVE #03-11,Resale,Strata,108,"12,860",-,Condominium,1,99 yrs from 20/10/2010,2015,Private,518197,18,51,East Region,Pasir Ris
LES MAISONS NASSIM,"34,612,500","6,716.74","5,153",11 Feb 2022,14C NASSIM ROAD #04-03,New Sale,Strata,624,"55,469",-,Condominium,1,Freehold,Uncompleted,N.A,257471,10,25,Central Region,Tanglin
COCO PALMS,"990,000",742.72,"1,333",11 Feb 2022,21 PASIR RIS GROVE #03-32,Resale,Strata,69,"14,348",-,Condominium,1,99 yrs from 07/01/2008,2018,HDB,518070,18,51,East Region,Pasir Ris
THE MINTON,"1,310,000","1,108.69","1,182",11 Feb 2022,12 HOUGANG STREET 11 #05-56,Resale,Strata,103,"12,718",-,Condominium,1,99 yrs from 27/07/2007,2013,Private,534075,19,53,North East Region,Hougang
ECO SANCTUARY,"1,538,888","1,140.98","1,349",11 Feb 2022,65 CHESTNUT AVENUE #03-15,Resale,Strata,106,"14,518",-,Condominium,1,99 yrs from 25/04/2012,2016,HDB,679524,23,67,West Region,Bukit Panjang
THE MERASAGA,"1,650,000",958,"1,722",11 Feb 2022,27 JALAN MERAH SAGA #08-03,Resale,Strata,89,"18,539",-,Condominium,1,99 yrs from 18/11/1991,1995,Private,278106,10,27,Central Region,Bukit Timah
RIVERFRONT RESIDENCES,"1,969,075","1,410.08","1,396",12 Feb 2022,47 HOUGANG AVENUE 7 #14-42,New Sale,Strata,131,"15,031",-,Apartment,1,99 yrs from 31/05/2018,Uncompleted,N.A,533816,19,53,North East Region,Hougang
HAUS ON HANDY,"1,194,000",452.09,"2,641",12 Feb 2022,30 HANDY ROAD #06-20,New Sale,Strata,42,"28,429",-,Condominium,1,99 yrs from 07/05/2018,Uncompleted,Private,229241,09,22,Central Region,Museum
THE FLORENCE RESIDENCES,"1,176,000",635.08,"1,852",12 Feb 2022,85 HOUGANG AVENUE 2 #13-19,New Sale,Strata,59,"19,932",-,Apartment,1,99 yrs from 24/12/2018,Uncompleted,Private,538861,19,53,North East Region,Hougang
THE FLORENCE RESIDENCES,"1,796,000",990.29,"1,814",12 Feb 2022,87 HOUGANG AVENUE 2 #10-30,New Sale,Strata,92,"19,522",-,Apartment,1,99 yrs from 24/12/2018,Uncompleted,N.A,538862,19,53,North East Region,Hougang
TREASURE AT TAMPINES,"1,976,000","1,334.74","1,480",12 Feb 2022,33 TAMPINES LANE #02-108,New Sale,Strata,124,"15,935",-,Condominium,1,99 yrs from 29/11/2018,Uncompleted,HDB,528469,18,52,East Region,Tampines
ONE PEARL BANK,"1,168,000",430.56,"2,713",12 Feb 2022,1 PEARL BANK #27-14,New Sale,Strata,40,"29,200",-,Apartment,1,99 yrs from 01/03/2019,Uncompleted,Private,169016,03,16,Central Region,Outram
NORMANTON PARK,"1,015,000",527.44,"1,924",12 Feb 2022,49 NORMANTON PARK #21-26,New Sale,Strata,49,"20,714",-,Apartment,1,99 yrs from 22/07/2019,Uncompleted,Private,117280,05,11,Central Region,Queenstown
PARC CLEMATIS,"2,622,000","1,463.9","1,791",12 Feb 2022,6A JALAN LEMPENG #08-05,New Sale,Strata,136,"19,279",-,Apartment,1,99 yrs from 08/08/2019,Uncompleted,Private,128822,05,12,West Region,Clementi
VERDALE,"1,420,000",742.72,"1,912",12 Feb 2022,10 DE SOUZA AVENUE #05-26,New Sale,Strata,69,"20,580",-,Apartment,1,99 yrs from 05/12/2018,Uncompleted,HDB,599449,21,59,Central Region,Bukit Timah
AVENUE SOUTH RESIDENCE,"2,668,000","1,108.69","2,406",12 Feb 2022,11 SILAT AVENUE #53-27,New Sale,Strata,103,"25,903",-,Apartment,1,99 yrs from 14/08/2018,Uncompleted,N.A,168877,03,16,Central Region,Bukit Merah
MEYER MANSION,"4,542,900","1,765.3","2,573",12 Feb 2022,79 MEYER ROAD #07-07,New Sale,Strata,164,"27,701",-,Apartment,1,Freehold,Uncompleted,Private,437906,15,43,Central Region,Marine Parade
DAIRY FARM RESIDENCES,"1,292,800",721.19,"1,793",12 Feb 2022,8 DAIRY FARM LANE #13-23,New Sale,Strata,67,"19,296",-,Apartment,1,99 yrs from 05/12/2018,Uncompleted,N.A,677624,23,67,West Region,Bukit Panjang
THE M,"1,755,000",592.02,"2,964",12 Feb 2022,36 MIDDLE ROAD #18-36,New Sale,Strata,55,"31,909",-,Apartment,1,99 yrs from 03/07/2019,Uncompleted,N.A,188945,07,18,Central Region,Downtown Core
FORETT AT BUKIT TIMAH,"2,754,000","1,302.44","2,114",12 Feb 2022,38A TOH TUCK ROAD #03-79,New Sale,Strata,121,"22,760",-,Apartment,1,Freehold,Uncompleted,HDB,596116,21,59,Central Region,Bukit Timah
KOPAR AT NEWTON,"2,562,120","1,054.87","2,429",12 Feb 2022,6 MAKEWAY AVENUE #11-02,New Sale,Strata,98,"26,144",-,Apartment,1,99 yrs from 22/04/2019,Uncompleted,N.A,228606,09,22,Central Region,Novena
THE COMMODORE,"1,464,000",968.76,"1,511",12 Feb 2022,65 CANBERRA DRIVE #04-23,New Sale,Strata,90,"16,267",-,Condominium,1,99 yrs from 08/06/2020,Uncompleted,HDB,769307,27,76,North Region,Sembawang
MORI,"1,338,000",710.42,"1,883",12 Feb 2022,223 GUILLEMARD ROAD #06-14,New Sale,Strata,66,"20,273",-,Apartment,1,Freehold,Uncompleted,HDB,399738,14,39,Central Region,Geylang
TREASURE AT TAMPINES,"1,637,000","1,033.34","1,584",13 Feb 2022,3 TAMPINES LANE #03-11,New Sale,Strata,96,"17,052",-,Condominium,1,99 yrs from 29/11/2018,Uncompleted,HDB,528483,18,52,East Region,Tampines
TREASURE AT TAMPINES,"1,629,000","1,033.34","1,576",13 Feb 2022,3 TAMPINES LANE #02-11,New Sale,Strata,96,"16,969",-,Condominium,1,99 yrs from 29/11/2018,Uncompleted,HDB,528483,18,52,East Region,Tampines
ONE PEARL BANK,"3,342,000","1,431.61","2,334",13 Feb 2022,1 PEARL BANK #15-18,New Sale,Strata,133,"25,128",-,Apartment,1,99 yrs from 01/03/2019,Uncompleted,Private,169016,03,16,Central Region,Outram
NORMANTON PARK,"1,752,000",968.76,"1,808",13 Feb 2022,47 NORMANTON PARK #18-15,New Sale,Strata,90,"19,467",-,Apartment,1,99 yrs from 22/07/2019,Uncompleted,Private,119028,05,11,Central Region,Queenstown
NORMANTON PARK,"1,011,000",527.44,"1,917",13 Feb 2022,51 NORMANTON PARK #04-35,New Sale,Strata,49,"20,633",-,Apartment,1,99 yrs from 22/07/2019,Uncompleted,HDB,117281,05,11,Central Region,Queenstown
SENGKANG GRAND RESIDENCES,"1,875,950","1,022.58","1,835",13 Feb 2022,72 COMPASSVALE BOW #09-06,New Sale,Strata,95,"19,747",-,Apartment,1,99 yrs from 13/11/2018,Uncompleted,Private,544693,19,54,North East Region,Sengkang
PARC KOMO,"1,550,000",968.76,"1,600",13 Feb 2022,969 UPPER CHANGI ROAD NORTH #02-46,New Sale,Strata,90,"17,222",-,Apartment,1,Freehold,Uncompleted,HDB,507667,17,50,East Region,Pasir Ris
URBAN TREASURES,"1,253,070",635.08,"1,973",13 Feb 2022,205 JALAN EUNOS #09-03,New Sale,Strata,59,"21,238",-,Condominium,1,Freehold,Uncompleted,HDB,419535,14,41,East Region,Bedok
PARC CLEMATIS,"2,675,000","1,496.2","1,788",13 Feb 2022,6 JALAN LEMPENG #07-03,New Sale,Strata,139,"19,245",-,Apartment,1,99 yrs from 08/08/2019,Uncompleted,N.A,128795,05,12,West Region,Clementi
VERDALE,"1,371,500",731.95,"1,874",13 Feb 2022,14 DE SOUZA AVENUE #02-46,New Sale,Strata,68,"20,169",-,Apartment,1,99 yrs from 05/12/2018,Uncompleted,HDB,599463,21,59,Central Region,Bukit Timah
VERDALE,"3,344,700","1,872.94","1,786",13 Feb 2022,16 DE SOUZA AVENUE #05-48,New Sale,Strata,174,"19,222",-,Apartment,1,99 yrs from 05/12/2018,Uncompleted,N.A,599464,21,59,Central Region,Bukit Timah
AVENUE SOUTH RESIDENCE,"1,717,000",731.95,"2,346",13 Feb 2022,11 SILAT AVENUE #52-32,New Sale,Strata,68,"25,250",-,Apartment,1,99 yrs from 14/08/2018,Uncompleted,N.A,168877,03,16,Central Region,Bukit Merah
AVENUE SOUTH RESIDENCE,"1,699,000",731.95,"2,321",13 Feb 2022,11 SILAT AVENUE #49-32,New Sale,Strata,68,"24,985",-,Apartment,1,99 yrs from 14/08/2018,Uncompleted,N.A,168877,03,16,Central Region,Bukit Merah
AVENUE SOUTH RESIDENCE,"3,342,000","1,496.2","2,234",13 Feb 2022,13 SILAT AVENUE #47-37,New Sale,Strata,139,"24,043",-,Apartment,1,99 yrs from 14/08/2018,Uncompleted,Private,168878,03,16,Central Region,Bukit Merah
PULLMAN RESIDENCES NEWTON,"1,870,912",667.37,"2,803",13 Feb 2022,18 DUNEARN ROAD #07-04,New Sale,Strata,62,"30,176",-,Apartment,1,Freehold,Uncompleted,N.A,309421,11,30,Central Region,Novena
MORI,"1,369,000",721.19,"1,898",13 Feb 2022,223 GUILLEMARD ROAD #03-04,New Sale,Strata,67,"20,433",-,Apartment,1,Freehold,Uncompleted,HDB,399738,14,39,Central Region,Geylang
PATERSON SUITES,"4,842,236","1,679.18","2,884",14 Feb 2022,57 PATERSON ROAD #19-06,Resale,Strata,156,"31,040",-,Condominium,1,Freehold,2010,Private,238551,09,23,Central Region,River Valley
THE WATERLINE,"2,500,000","2,389.61","1,046",14 Feb 2022,165 POH HUAT ROAD WEST #05-12,Resale,Strata,222,"11,261",-,Condominium,1,Freehold,2013,Private,546694,19,54,North East Region,Hougang
A TREASURE TROVE,"1,515,000","1,205.57","1,257",14 Feb 2022,56 PUNGGOL WALK #13-16,Resale,Strata,112,"13,527",-,Condominium,1,99 yrs from 09/03/2011,2015,Private,828833,19,82,North East Region,Punggol
TANGLIN RESIDENCES,"5,800,000","2,486.48","2,333",14 Feb 2022,23 ST. MARTIN'S DRIVE #04-05,Resale,Strata,231,"25,108",-,Condominium,1,Freehold,2005,Private,258004,10,25,Central Region,Tanglin
SUNVILLE,"1,438,000","1,130.22","1,272",14 Feb 2022,22 ST. MICHAEL'S ROAD #02-14,Resale,Strata,105,"13,695",-,Apartment,1,Freehold,2005,Private,327981,12,32,Central Region,Kallang
THE ALPS RESIDENCES,"850,000",699.66,"1,215",14 Feb 2022,109 TAMPINES STREET 86 #01-31,Sub Sale,Strata,65,"13,077",-,Condominium,1,99 yrs from 03/08/2015,2019,HDB,528534,18,52,East Region,Tampines
CASA MERAH,"1,520,000","1,259.39","1,207",14 Feb 2022,64 TANAH MERAH KECHIL AVENUE #08-28,Resale,Strata,117,"12,991",-,Apartment,1,99 yrs from 11/07/2006,2009,Private,465531,16,46,East Region,Bedok
PARC RIVIERA,"898,888",602.78,"1,491",14 Feb 2022,101 WEST COAST VALE #07-09,Resale,Strata,56,"16,052",-,Condominium,1,99 yrs from 11/11/2015,2019,HDB,126753,05,12,West Region,Clementi
EIGHT RIVERSUITES,"1,180,000",699.66,"1,687",14 Feb 2022,10 WHAMPOA EAST #28-29,Resale,Strata,65,"18,154",-,Condominium,1,99 yrs from 11/07/2011,2016,HDB,338521,12,33,Central Region,Kallang
BEDOK RESIDENCES,"1,255,000","1,162.51","1,080",14 Feb 2022,20 BEDOK NORTH DRIVE #04-18,Resale,Strata,108,"11,620",-,Apartment,1,99 yrs from 21/11/2011,2015,HDB,465496,16,46,East Region,Bedok
WATERFRONT ISLE,"1,230,000","1,065.64","1,154",14 Feb 2022,738 BEDOK RESERVOIR ROAD #01-39,Resale,Strata,99,"12,424",-,Condominium,1,99 yrs from 26/11/2009,2015,HDB,479265,16,47,East Region,Bedok
REGENT HEIGHTS,"860,000","1,022.58",841,14 Feb 2022,52 BUKIT BATOK EAST AVENUE 5 #09-05,Resale,Strata,95,"9,053",-,Condominium,1,99 yrs from 07/11/1995,1999,HDB,659802,23,65,West Region,Bukit Batok
TREE HOUSE,"950,000",796.54,"1,193",14 Feb 2022,60 CHESTNUT AVENUE #18-03,Resale,Strata,74,"12,838",-,Condominium,1,99 yrs from 23/11/2009,2013,Private,679517,23,67,West Region,Bukit Panjang
TURQUOISE,"4,448,210","3,121.56","1,425",14 Feb 2022,51 COVE DRIVE #06-04,Resale,Strata,290,"15,339",-,Condominium,1,99 yrs from 12/03/2007,2010,Private,098393,04,09,Central Region,Southern Islands
DOVER PARKVIEW,"1,185,000",968.76,"1,223",14 Feb 2022,36 DOVER RISE #10-10,Resale,Strata,90,"13,167",-,Condominium,1,99 yrs from 01/12/1993,1997,HDB,138685,05,13,Central Region,Queenstown
PALM GARDENS,"1,000,000","1,205.57",829,14 Feb 2022,2D HONG SAN WALK #05-01,Resale,Strata,112,"8,929",-,Condominium,1,99 yrs from 12/08/1996,2000,Private,689050,23,68,West Region,Choa Chu Kang
PARC OASIS,"1,200,000","1,227.1",978,14 Feb 2022,43 JURONG EAST AVENUE 1 #11-04,Resale,Strata,114,"10,526",-,Condominium,1,99 yrs from 01/12/1991,1994,Private,609778,22,60,West Region,Jurong East
THE CENTRIS,"1,120,000",936.47,"1,196",14 Feb 2022,83 JURONG WEST CENTRAL 3 #08-42,Resale,Strata,87,"12,874",-,Apartment,1,99 yrs from 21/06/2006,2009,HDB,648341,22,64,West Region,Jurong West
M66,"1,250,000","1,227.1","1,019",14 Feb 2022,64 MOONSTONE LANE #05-01,Resale,Strata,114,"10,965",-,Apartment,1,Freehold,2014,HDB,328489,12,32,Central Region,Kallang
LIVIA,"1,300,000","1,270.15","1,023",14 Feb 2022,71 PASIR RIS GROVE #12-22,Resale,Strata,118,"11,017",-,Condominium,1,99 yrs from 07/01/2008,2011,HDB,518205,18,51,East Region,Pasir Ris
ASTORIA PARK,"1,280,000","1,194.8","1,071",14 Feb 2022,32 LORONG MYDIN #05-07,Resale,Strata,111,"11,532",-,Condominium,1,99 yrs from 01/05/1993,1995,Private,416826,14,41,East Region,Bedok
MARTIN NO 38,"2,400,000",968.76,"2,477",14 Feb 2022,38 MARTIN ROAD #06-06,Resale,Strata,90,"26,667",-,Apartment,1,Freehold,2011,Private,239059,09,23,Central Region,River Valley
THE POIZ RESIDENCES,"1,548,000",839.59,"1,844",14 Feb 2022,10 MEYAPPA CHETTIAR ROAD #14-28,Resale,Strata,78,"19,846",-,Apartment,1,99 yrs from 17/11/2014,2018,HDB,358473,13,35,Central Region,Toa Payoh
MONT BOTANIK RESIDENCE,"1,726,300",947.23,"1,822",14 Feb 2022,2K JALAN REMAJA #03-05,New Sale,Strata,88,"19,617",-,Condominium,1,Freehold,Uncompleted,N.A,668728,23,66,West Region,Bukit Batok
RIVERFRONT RESIDENCES,"1,797,250","1,410.08","1,275",14 Feb 2022,47 HOUGANG AVENUE 7 #05-42,New Sale,Strata,131,"13,719",-,Apartment,1,99 yrs from 31/05/2018,Uncompleted,HDB,533816,19,53,North East Region,Hougang
AFFINITY AT SERANGOON,"1,631,350","1,151.75","1,416",14 Feb 2022,18 SERANGOON NORTH AVENUE 1 #02-01,New Sale,Strata,107,"15,246",-,Apartment,1,99 yrs from 18/05/2018,Uncompleted,Private,554336,19,55,North East Region,Serangoon
AFFINITY AT SERANGOON,"2,234,000","1,410.08","1,584",14 Feb 2022,18 SERANGOON NORTH AVENUE 1 #02-05,New Sale,Strata,131,"17,053",-,Apartment,1,99 yrs from 18/05/2018,Uncompleted,N.A,554336,19,55,North East Region,Serangoon
KENT RIDGE HILL RESIDENCES,"1,886,000",947.23,"1,991",14 Feb 2022,66 SOUTH BUONA VISTA ROAD #02-67,New Sale,Strata,88,"21,432",-,Apartment,1,99 yrs from 10/11/2018,Uncompleted,N.A,118175,05,11,Central Region,Queenstown
JUNIPER HILL,"3,200,000","1,108.69","2,886",14 Feb 2022,39 EWE BOON ROAD #09-11,New Sale,Strata,103,"31,068",-,Apartment,1,Freehold,Uncompleted,HDB,259334,10,25,Central Region,Tanglin
HAUS ON HANDY,"1,363,000",516.67,"2,638",14 Feb 2022,28 HANDY ROAD #06-07,New Sale,Strata,48,"28,396",-,Condominium,1,99 yrs from 07/05/2018,Uncompleted,Private,229240,09,22,Central Region,Museum
THE FLORENCE RESIDENCES,"1,908,000",990.29,"1,927",14 Feb 2022,87 HOUGANG AVENUE 2 #17-30,New Sale,Strata,92,"20,739",-,Apartment,1,99 yrs from 24/12/2018,Uncompleted,HDB,538862,19,53,North East Region,Hougang
ONE PEARL BANK,"1,964,000",893.41,"2,198",14 Feb 2022,1 PEARL BANK #15-22,New Sale,Strata,83,"23,663",-,Apartment,1,99 yrs from 01/03/2019,Uncompleted,N.A,169016,03,16,Central Region,Outram
NORMANTON PARK,"1,024,000",527.44,"1,941",14 Feb 2022,51 NORMANTON PARK #12-34,New Sale,Strata,49,"20,898",-,Apartment,1,99 yrs from 22/07/2019,Uncompleted,N.A,117281,05,11,Central Region,Queenstown
NORMANTON PARK,"1,989,000","1,065.64","1,866",14 Feb 2022,57 NORMANTON PARK #19-55,New Sale,Strata,99,"20,091",-,Apartment,1,99 yrs from 22/07/2019,Uncompleted,N.A,117284,05,11,Central Region,Queenstown
NORMANTON PARK,"2,199,000","1,194.8","1,840",14 Feb 2022,57 NORMANTON PARK #11-56,New Sale,Strata,111,"19,811",-,Apartment,1,99 yrs from 22/07/2019,Uncompleted,HDB,117284,05,11,Central Region,Queenstown
WILSHIRE RESIDENCES,"1,615,000",645.84,"2,501",14 Feb 2022,30 FARRER ROAD #02-07,New Sale,Strata,60,"26,917",-,Apartment,1,Freehold,Uncompleted,N.A,268832,10,26,Central Region,Tanglin
URBAN TREASURES,"1,300,000",635.08,"2,047",14 Feb 2022,207 JALAN EUNOS #10-13,New Sale,Strata,59,"22,034",-,Condominium,1,Freehold,Uncompleted,Private,415799,14,41,East Region,Bedok
VERTICUS,"1,855,000",936.47,"1,981",14 Feb 2022,3 JALAN KEMAMAN #15-05,New Sale,Strata,87,"21,322",-,Apartment,1,Freehold,Uncompleted,Private,329343,12,32,Central Region,Novena
VERDALE,"1,383,400",731.95,"1,890",14 Feb 2022,14 DE SOUZA AVENUE #03-46,New Sale,Strata,68,"20,344",-,Apartment,1,99 yrs from 05/12/2018,Uncompleted,HDB,599463,21,59,Central Region,Bukit Timah
VERDALE,"1,371,500",731.95,"1,874",14 Feb 2022,16 DE SOUZA AVENUE #04-54,New Sale,Strata,68,"20,169",-,Apartment,1,99 yrs from 05/12/2018,Uncompleted,N.A,599464,21,59,Central Region,Bukit Timah
VERDALE,"2,740,700","1,517.72","1,806",14 Feb 2022,8 DE SOUZA AVENUE #05-22,New Sale,Strata,141,"19,438",-,Apartment,1,99 yrs from 05/12/2018,Uncompleted,N.A,599461,21,59,Central Region,Bukit Timah
AVENUE SOUTH RESIDENCE,"1,597,000",656.6,"2,432",14 Feb 2022,13 SILAT AVENUE #42-40,New Sale,Strata,61,"26,180",-,Apartment,1,99 yrs from 14/08/2018,Uncompleted,Private,168878,03,16,Central Region,Bukit Merah
AVENUE SOUTH RESIDENCE,"2,658,000","1,108.69","2,397",14 Feb 2022,13 SILAT AVENUE #52-41,New Sale,Strata,103,"25,806",-,Apartment,1,99 yrs from 14/08/2018,Uncompleted,HDB,168878,03,16,Central Region,Bukit Merah
MIDWOOD,"1,661,000",990.29,"1,677",14 Feb 2022,10 HILLVIEW RISE #13-18,New Sale,Strata,92,"18,054",-,Condominium,1,99 yrs from 01/10/2018,Uncompleted,N.A,667972,23,66,West Region,Bukit Batok
PULLMAN RESIDENCES NEWTON,"1,947,296",667.37,"2,918",14 Feb 2022,18 DUNEARN ROAD #13-04,New Sale,Strata,62,"31,408",-,Apartment,1,Freehold,Uncompleted,N.A,309421,11,30,Central Region,Novena
FORETT AT BUKIT TIMAH,"2,742,000","1,302.44","2,105",14 Feb 2022,38A TOH TUCK ROAD #02-79,New Sale,Strata,121,"22,661",-,Apartment,1,Freehold,Uncompleted,Private,596116,21,59,Central Region,Bukit Timah
THE AVENIR,"5,419,000","1,571.54","3,448",14 Feb 2022,10 RIVER VALLEY CLOSE #36-08,New Sale,Strata,146,"37,116",-,Condominium,1,Freehold,Uncompleted,Private,238438,09,23,Central Region,River Valley
PENROSE,"1,987,000","1,173.28","1,694",14 Feb 2022,28 SIMS DRIVE #04-24,New Sale,Strata,109,"18,229",-,Apartment,1,99 yrs from 03/07/2019,Uncompleted,N.A,387399,14,38,Central Region,Geylang
KI RESIDENCES AT BROOKVALE,"1,981,000","1,151.75","1,720",14 Feb 2022,10 BROOKVALE DRIVE #12-18,New Sale,Strata,107,"18,514",-,Condominium,1,999 yrs from 23/03/1885,Uncompleted,N.A,599977,21,59,West Region,Clementi
IRWELL HILL RESIDENCES,"1,715,000",613.55,"2,795",14 Feb 2022,2 IRWELL HILL #26-03,New Sale,Strata,57,"30,088",-,Apartment,1,99 yrs from 13/04/2020,Uncompleted,N.A,239588,09,23,Central Region,River Valley
IRWELL HILL RESIDENCES,"1,866,000",667.37,"2,796",14 Feb 2022,6 IRWELL HILL #23-09,New Sale,Strata,62,"30,097",-,Apartment,1,99 yrs from 13/04/2020,Uncompleted,N.A,239590,09,23,Central Region,River Valley
THE WATERGARDENS AT CANBERRA,"1,611,000","1,205.57","1,336",14 Feb 2022,57 CANBERRA DRIVE #05-85,New Sale,Strata,112,"14,384",-,Apartment,1,99 yrs from 08/06/2020,Uncompleted,N.A,769330,27,76,North Region,Sembawang
CANNINGHILL PIERS,"3,274,000","1,130.22","2,897",14 Feb 2022,5 CLARKE QUAY #17-22,New Sale,Strata,105,"31,181",-,Apartment,1,99 yrs from 17/09/2021,Uncompleted,N.A,179884,06,17,Central Region,Singapore River
LE CRESCENDO,"1,750,000","1,184.04","1,478",14 Feb 2022,233 PAYA LEBAR ROAD #09-05,Resale,Strata,110,"15,909",-,Condominium,1,Freehold,2006,Private,409044,14,40,Central Region,Geylang
TROPICANA CONDOMINIUM,"1,500,000","1,657.66",905,14 Feb 2022,2 JALAN TIGA RATUS #03-03,Resale,Strata,154,"9,740",-,Condominium,1,999 yrs from 06/07/1885,1994,Private,488067,16,48,East Region,Tampines
THE CRISTALLO,"690,000",516.67,"1,335",14 Feb 2022,70 LORONG K TELOK KURAU #04-01,Resale,Strata,48,"14,375",-,Apartment,1,Freehold,2015,Private,425687,15,42,East Region,Bedok
CASPIAN,"1,138,000","1,001.05","1,137",14 Feb 2022,54 LAKESIDE DRIVE #08-19,Resale,Strata,93,"12,237",-,Condominium,1,99 yrs from 17/03/2008,2012,HDB,648317,22,64,West Region,Jurong West
CASPIAN,"1,580,000","1,237.86","1,276",14 Feb 2022,56 LAKESIDE DRIVE #12-30,Resale,Strata,115,"13,739",-,Condominium,1,99 yrs from 17/03/2008,2012,Private,648318,22,64,West Region,Jurong West
LEONIE SUITES,"1,530,000",936.47,"1,634",14 Feb 2022,21 LEONIE HILL #31-02,Resale,Strata,87,"17,586",-,Apartment,1,99 yrs from 07/01/2002,2006,HDB,239223,09,23,Central Region,River Valley
SYMPHONY SUITES,"915,000",785.77,"1,164",14 Feb 2022,7 YISHUN CLOSE #04-15,Resale,Strata,73,"12,534",-,Condominium,1,99 yrs from 10/06/2014,2018,HDB,768007,27,76,North Region,Yishun
CLOVER BY THE PARK,"1,980,000","1,291.68","1,533",14 Feb 2022,2 BISHAN STREET 25 #29-07,Resale,Strata,120,"16,500",-,Condominium,1,99 yrs from 10/09/2007,2011,HDB,573973,20,57,Central Region,Bishan
THOMSON IMPRESSIONS,"1,805,000","1,054.87","1,711",14 Feb 2022,3 LORONG PUNTONG #04-12,Resale,Strata,98,"18,418",-,Apartment,1,99 yrs from 12/01/2015,2018,HDB,576444,20,57,Central Region,Bishan
ONE HOLLAND VILLAGE RESIDENCES,"2,679,710","1,097.93","2,441",14 Feb 2022,1 HOLLAND VILLAGE WAY #04-01,New Sale,Strata,102,"26,272",-,Apartment,1,99 yrs from 13/08/2018,Uncompleted,HDB,275754,10,27,Central Region,Queenstown
FLORAVILLE,"818,000",538.2,"1,520",14 Feb 2022,2 CACTUS ROAD #01-03,Resale,Strata,50,"16,360",-,Apartment,1,Freehold,2017,HDB,809578,28,80,North East Region,Ang Mo Kio
FLORAVILLE,"610,000",398.27,"1,532",14 Feb 2022,2 CACTUS ROAD #03-02,Resale,Strata,37,"16,486",-,Apartment,1,Freehold,2017,HDB,809578,28,80,North East Region,Ang Mo Kio
PARC EMILY,"1,100,000",548.96,"2,004",14 Feb 2022,5 MOUNT EMILY ROAD #08-02,Resale,Strata,51,"21,569",-,Condominium,1,Freehold,2008,Private,228490,09,22,Central Region,Rochor
D'NEST,"905,000",753.48,"1,201",14 Feb 2022,149 PASIR RIS GROVE #10-82,Resale,Strata,70,"12,929",-,Condominium,1,99 yrs from 20/10/2010,2017,HDB,518139,18,51,East Region,Pasir Ris
SEASTRAND,"1,220,000","1,108.69","1,100",14 Feb 2022,13 PASIR RIS LINK #08-29,Resale,Strata,103,"11,845",-,Condominium,1,99 yrs from 03/01/2011,2014,HDB,518181,18,51,East Region,Pasir Ris
HILLSTA,"680,000",527.44,"1,289",14 Feb 2022,68 PHOENIX ROAD #19-08,Resale,Strata,49,"13,878",-,Condominium,1,99 yrs from 03/10/2011,2016,Private,668202,23,66,West Region,Bukit Batok
PARC RIVIERA,"976,000",710.42,"1,374",14 Feb 2022,103 WEST COAST VALE #04-21,Resale,Strata,66,"14,788",-,Condominium,1,99 yrs from 11/11/2015,2019,Private,126754,05,12,West Region,Clementi
THE TRILINQ,"1,500,000","1,108.69","1,353",14 Feb 2022,28A JALAN LEMPENG #14-12,Resale,Strata,103,"14,563",-,Condominium,1,99 yrs from 16/04/2012,2017,Private,128808,05,12,West Region,Clementi
A TREASURE TROVE,"950,000",775.01,"1,226",14 Feb 2022,58 PUNGGOL WALK #10-18,Resale,Strata,72,"13,194",-,Condominium,1,99 yrs from 09/03/2011,2015,HDB,828779,19,82,North East Region,Punggol
A TREASURE TROVE,"1,470,000","1,130.22","1,301",14 Feb 2022,72 PUNGGOL WALK #11-48,Resale,Strata,105,"14,000",-,Condominium,1,99 yrs from 09/03/2011,2015,HDB,828786,19,82,North East Region,Punggol
PALM ISLES,"805,000",807.3,997,14 Feb 2022,40 FLORA DRIVE #04-64,Resale,Strata,75,"10,733",-,Condominium,1,99 yrs from 14/09/2011,2015,Private,506866,17,50,East Region,Pasir Ris
RIVERBANK @ FERNVALE,"1,228,888","1,044.11","1,177",14 Feb 2022,13 FERNVALE CLOSE #11-14,Resale,Strata,97,"12,669",-,Condominium,1,99 yrs from 10/07/2013,2017,HDB,797476,28,79,North East Region,Sengkang
LUMIERE,"893,000",559.73,"1,595",14 Feb 2022,2 MISTRI ROAD #09-04,Resale,Strata,52,"17,173",-,Apartment,1,99 yrs from 21/03/2006,2010,HDB,079624,02,07,Central Region,Downtown Core
NOVENA LODGE,"1,268,888",731.95,"1,734",14 Feb 2022,2 JALAN MERLIMAU #04-01,Resale,Strata,68,"18,660",-,Condominium,1,Freehold,1999,HDB,308729,11,30,Central Region,Novena
THE WOODLEIGH RESIDENCES,"1,170,000",570.49,"2,051",14 Feb 2022,23 BIDADARI PARK DRIVE #08-30,Sub Sale,Strata,53,"22,075",-,Apartment,1,99 yrs from 18/09/2017,Uncompleted,HDB,367796,13,36,Central Region,Toa Payoh
MARINA ONE RESIDENCES,"1,683,000",731.95,"2,299",14 Feb 2022,23 MARINA WAY #25-31,Resale,Strata,68,"24,750",-,Apartment,1,99 yrs from 01/07/2011,2017,HDB,018979,01,01,Central Region,Downtown Core
QUEENS PEAK,"2,918,000","1,506.96","1,936",14 Feb 2022,3 DUNDEE ROAD #39-25,Resale,Strata,140,"20,843",-,Condominium,1,99 yrs from 28/09/2015,2020,Private,149457,03,14,Central Region,Queenstown
PARC VERA,"980,000",871.88,"1,124",14 Feb 2022,10 HOUGANG STREET 32 #08-20,Resale,Strata,81,"12,099",-,Condominium,1,99 yrs from 20/12/2010,2014,Private,534037,19,53,North East Region,Hougang
PARC BOTANNIA,"875,000",581.26,"1,505",14 Feb 2022,16 FERNVALE STREET #10-26,Sub Sale,Strata,54,"16,204",-,Condominium,1,99 yrs from 28/12/2016,Uncompleted,Private,797393,28,79,North East Region,Sengkang
KOPAR AT NEWTON,"3,550,000","1,528.49","2,323",14 Feb 2022,8 MAKEWAY AVENUE #07-15,New Sale,Strata,142,"25,000",-,Apartment,1,99 yrs from 22/04/2019,Uncompleted,N.A,228607,09,22,Central Region,Novena
TREE HOUSE,"1,095,000",861.12,"1,272",14 Feb 2022,62 CHESTNUT AVENUE #10-07,Resale,Strata,80,"13,688",-,Condominium,1,99 yrs from 23/11/2009,2013,HDB,679518,23,67,West Region,Bukit Panjang
A TREASURE TROVE,"1,400,000","1,044.11","1,341",15 Feb 2022,64 PUNGGOL WALK #12-30,Resale,Strata,97,"14,433",-,Condominium,1,99 yrs from 09/03/2011,2015,HDB,828782,19,82,North East Region,Punggol
PARC ROSEWOOD,"580,000",430.56,"1,347",15 Feb 2022,73 ROSEWOOD DRIVE #02-13,Resale,Strata,40,"14,500",-,Condominium,1,99 yrs from 07/09/2011,2014,Private,737784,25,73,North Region,Woodlands
FABER CREST,"1,550,000","1,345.5","1,152",15 Feb 2022,50H FABER HEIGHTS #01-61,Resale,Strata,125,"12,400",-,Condominium,1,99 yrs from 12/06/1996,2001,Private,129202,05,12,West Region,Clementi
PALM GARDENS,"1,315,000","1,431.61",919,15 Feb 2022,2B HONG SAN WALK #07-06,Resale,Strata,133,"9,887",-,Condominium,1,99 yrs from 12/08/1996,2000,Private,689048,23,68,West Region,Choa Chu Kang
REFLECTIONS AT KEPPEL BAY,"1,790,000","1,054.87","1,697",15 Feb 2022,3 KEPPEL BAY VIEW #08-11,Resale,Strata,98,"18,265",-,Condominium,1,99 yrs from 15/03/2006,2011,Private,098403,04,09,Central Region,Bukit Merah
KEW GREEN,"2,525,000","2,949.34",856,15 Feb 2022,63 KEW CRESCENT,Resale,Strata,274,"9,215",-,Condominium,1,99 yrs from 21/04/1994,1997,Private,466193,16,46,East Region,Bedok
BARTLEY RIDGE,"1,550,000",968.76,"1,600",15 Feb 2022,36 MOUNT VERNON ROAD #11-20,Resale,Strata,90,"17,222",-,Condominium,1,99 yrs from 16/04/2012,2016,Private,368058,13,36,Central Region,Toa Payoh
3 CUSCADEN,"2,800,868",731.95,"3,827",15 Feb 2022,3 CUSCADEN WALK #13-01,New Sale,Strata,68,"41,189",-,Apartment,1,Freehold,Uncompleted,Private,249690,10,24,Central Region,River Valley
AMBER PARK,"2,946,000","1,270.15","2,319",15 Feb 2022,16 AMBER GARDENS #01-01,New Sale,Strata,118,"24,966",-,Condominium,1,Freehold,Uncompleted,Private,439961,15,43,Central Region,Marine Parade
AMBER PARK,"3,210,000","1,302.44","2,465",15 Feb 2022,18A AMBER GARDENS #05-26,New Sale,Strata,121,"26,529",-,Condominium,1,Freehold,Uncompleted,HDB,439981,15,43,Central Region,Marine Parade
35 GILSTEAD,"2,397,000",925.7,"2,589",15 Feb 2022,35 GILSTEAD ROAD #01-05,New Sale,Strata,86,"27,872",-,Apartment,1,Freehold,Uncompleted,Private,309079,11,30,Central Region,Novena
ONE MEYER,"2,382,000",925.7,"2,573",15 Feb 2022,1 MEYER PLACE #09-02,New Sale,Strata,86,"27,698",-,Apartment,1,Freehold,Uncompleted,Private,437988,15,43,Central Region,Marine Parade
THE FLORENCE RESIDENCES,"1,332,000",796.54,"1,672",15 Feb 2022,83 HOUGANG AVENUE 2 #18-13,New Sale,Strata,74,"18,000",-,Apartment,1,99 yrs from 24/12/2018,Uncompleted,Private,538860,19,53,North East Region,Hougang
THE FLORENCE RESIDENCES,"1,298,000",667.37,"1,945",15 Feb 2022,91 HOUGANG AVENUE 2 #17-48,New Sale,Strata,62,"20,935",-,Apartment,1,99 yrs from 24/12/2018,Uncompleted,HDB,538864,19,53,North East Region,Hougang
THE FLORENCE RESIDENCES,"1,819,000","1,205.57","1,509",15 Feb 2022,95 HOUGANG AVENUE 2 #18-70,New Sale,Strata,112,"16,241",-,Apartment,1,99 yrs from 24/12/2018,Uncompleted,HDB,533754,19,53,North East Region,Hougang
NORMANTON PARK,"2,046,000","1,087.16","1,882",15 Feb 2022,53 NORMANTON PARK #16-37,New Sale,Strata,101,"20,257",-,Apartment,1,99 yrs from 22/07/2019,Uncompleted,N.A,117282,05,11,Central Region,Queenstown
VERDALE,"1,643,700",947.23,"1,735",15 Feb 2022,14 DE SOUZA AVENUE #02-41,New Sale,Strata,88,"18,678",-,Apartment,1,99 yrs from 05/12/2018,Uncompleted,Private,599463,21,59,Central Region,Bukit Timah
VERDALE,"1,326,100",742.72,"1,785",15 Feb 2022,6 DE SOUZA AVENUE #02-13,New Sale,Strata,69,"19,219",-,Apartment,1,99 yrs from 05/12/2018,Uncompleted,HDB,599460,21,59,Central Region,Bukit Timah
AVENUE SOUTH RESIDENCE,"3,147,000","1,496.2","2,103",15 Feb 2022,13 SILAT AVENUE #31-37,New Sale,Strata,139,"22,640",-,Apartment,1,99 yrs from 14/08/2018,Uncompleted,Private,168878,03,16,Central Region,Bukit Merah
AVENUE SOUTH RESIDENCE,"1,665,000",656.6,"2,536",15 Feb 2022,13 SILAT AVENUE #50-40,New Sale,Strata,61,"27,295",-,Apartment,1,99 yrs from 14/08/2018,Uncompleted,Private,168878,03,16,Central Region,Bukit Merah
MEYER MANSION,"2,868,000","1,108.69","2,587",15 Feb 2022,79 MEYER ROAD #13-06,New Sale,Strata,103,"27,845",-,Apartment,1,Freehold,Uncompleted,N.A,437906,15,43,Central Region,Marine Parade
MIDWOOD,"1,743,000",990.29,"1,760",15 Feb 2022,10 HILLVIEW RISE #27-18,New Sale,Strata,92,"18,946",-,Condominium,1,99 yrs from 01/10/2018,Uncompleted,Private,667972,23,66,West Region,Bukit Batok
MIDWOOD,"1,179,000",635.08,"1,856",15 Feb 2022,10 HILLVIEW RISE #29-20,New Sale,Strata,59,"19,983",-,Condominium,1,99 yrs from 01/10/2018,Uncompleted,Private,667972,23,66,West Region,Bukit Batok
DAIRY FARM RESIDENCES,"1,339,700",764.24,"1,753",15 Feb 2022,8 DAIRY FARM LANE #12-26,New Sale,Strata,71,"18,869",-,Apartment,1,99 yrs from 05/12/2018,Uncompleted,N.A,677624,23,67,West Region,Bukit Panjang
DAIRY FARM RESIDENCES,"1,344,100",764.24,"1,759",15 Feb 2022,8 DAIRY FARM LANE #13-26,New Sale,Strata,71,"18,931",-,Apartment,1,99 yrs from 05/12/2018,Uncompleted,Private,677624,23,67,West Region,Bukit Panjang
FORETT AT BUKIT TIMAH,"1,558,000",731.95,"2,129",15 Feb 2022,38A TOH TUCK ROAD #04-80,New Sale,Strata,68,"22,912",-,Apartment,1,Freehold,Uncompleted,Private,596116,21,59,Central Region,Bukit Timah
JERVOIS MANSION,"1,780,788",818.06,"2,177",15 Feb 2022,8 JERVOIS CLOSE #01-12,New Sale,Strata,76,"23,431",-,Apartment,1,Freehold,Uncompleted,N.A,249104,10,24,Central Region,Tanglin
THE WATERGARDENS AT CANBERRA,"1,229,000",925.7,"1,328",15 Feb 2022,49 CANBERRA DRIVE #05-64,New Sale,Strata,86,"14,291",-,Apartment,1,99 yrs from 08/06/2020,Uncompleted,N.A,769326,27,76,North Region,Sembawang
SPOTTISWOODE PARK,"860,000",850.36,"1,011",15 Feb 2022,102 SPOTTISWOODE PARK ROAD #05-86,Resale,Strata,79,"10,886",-,Apartment,1,99 yrs from 15/08/1973,-,HDB,080102,02,08,Central Region,Bukit Merah
THE VENUE RESIDENCES,"1,310,000",839.59,"1,560",15 Feb 2022,6 TAI THONG CRESCENT #13-03,Resale,Strata,78,"16,795",-,Apartment,1,99 yrs from 05/12/2012,2017,HDB,347840,13,34,Central Region,Toa Payoh
THE VERANDAH RESIDENCES,"1,380,000",688.9,"2,003",15 Feb 2022,227 PASIR PANJANG ROAD #01-13,Sub Sale,Strata,64,"21,563",-,Apartment,1,Freehold,2021,Private,117341,05,11,Central Region,Queenstown
THE CREST,"2,058,000","1,022.58","2,013",15 Feb 2022,109 PRINCE CHARLES CRESCENT #05-25,Resale,Strata,95,"21,663",-,Condominium,1,99 yrs from 21/12/2012,2017,Private,159021,03,15,Central Region,Bukit Merah
SEASIDE RESIDENCES,"1,700,000",785.77,"2,163",15 Feb 2022,12 SIGLAP LINK #08-07,Sub Sale,Strata,73,"23,288",-,Apartment,1,99 yrs from 18/04/2016,2021,Private,448870,15,44,East Region,Bedok
BANYAN CONDOMINIUM,"1,950,000","1,582.31","1,232",15 Feb 2022,1 CHWEE CHIAN ROAD #04-05,Resale,Strata,147,"13,265",-,Condominium,1,Freehold,1995,HDB,119744,05,11,Central Region,Queenstown
THE QUARTZ,"1,520,000","1,270.15","1,197",15 Feb 2022,61 COMPASSVALE BOW #17-22,Resale,Strata,118,"12,881",-,Condominium,1,99 yrs from 18/04/2005,2009,Private,544989,19,54,North East Region,Sengkang
SPANISH VILLAGE,"3,150,000","1,603.84","1,964",15 Feb 2022,60 FARRER ROAD #03-05,Resale,Strata,149,"21,141",-,Condominium,1,Freehold,1987,Private,268846,10,26,Central Region,Tanglin
HIGH PARK RESIDENCES,"855,000",667.37,"1,281",15 Feb 2022,21 FERNVALE ROAD #04-01,Resale,Strata,62,"13,790",-,Apartment,1,99 yrs from 05/11/2014,2019,HDB,797637,28,79,North East Region,Sengkang
PARC BOTANNIA,"668,000",430.56,"1,551",15 Feb 2022,12 FERNVALE STREET #17-17,Sub Sale,Strata,40,"16,700",-,Condominium,1,99 yrs from 28/12/2016,Uncompleted,HDB,797391,28,79,North East Region,Sengkang
THE INFLORA,"573,000",462.85,"1,238",15 Feb 2022,55 FLORA DRIVE #07-16,Resale,Strata,43,"13,326",-,Condominium,1,99 yrs from 25/05/2012,2016,HDB,506864,17,50,East Region,Pasir Ris
HAIG COURT,"1,758,888","1,076.4","1,634",15 Feb 2022,156 HAIG ROAD #12-06,Resale,Strata,100,"17,589",-,Condominium,1,Freehold,2004,Private,438793,15,43,Central Region,Marine Parade
SKYSUITES17,"1,650,000","1,065.64","1,548",15 Feb 2022,17 JALAN RAJAH #20-03,Resale,Strata,99,"16,667",-,Apartment,1,Freehold,2014,HDB,329137,12,32,Central Region,Novena
LA BRISA,"740,000",559.73,"1,322",15 Feb 2022,50 LORONG 28 GEYLANG #06-14,Resale,Strata,52,"14,231",-,Apartment,1,Freehold,2012,Private,398453,14,39,Central Region,Geylang
MARINA ONE RESIDENCES,"4,100,000","1,593.07","2,574",15 Feb 2022,23 MARINA WAY #23-28,Resale,Strata,148,"27,703",-,Apartment,1,99 yrs from 01/07/2011,2017,Private,018979,01,01,Central Region,Downtown Core
THE SEAFRONT ON MEYER,"3,983,000","2,109.74","1,888",15 Feb 2022,59 MEYER ROAD #04-13,Resale,Strata,196,"20,321",-,Condominium,1,Freehold,2010,Private,437880,15,43,Central Region,Marine Parade
THE PEARL @ MOUNT FABER,"2,410,000","2,249.68","1,071",15 Feb 2022,1 MOUNT FABER ROAD #10-01,Resale,Strata,209,"11,531",-,Condominium,1,99 yrs from 03/12/2002,2005,Private,099206,04,09,Central Region,Bukit Merah
FLORIDIAN,"3,608,000","1,679.18","2,149",15 Feb 2022,969 BUKIT TIMAH ROAD #08-19,Resale,Strata,156,"23,128",-,Condominium,1,Freehold,2012,Private,589664,21,58,Central Region,Bukit Timah
THE INFINITI,"1,638,000","1,270.15","1,290",15 Feb 2022,39A WEST COAST PARK #11-01,Resale,Strata,118,"13,881",-,Condominium,1,Freehold,2008,Private,127712,05,12,West Region,Clementi
CLEMENTIWOODS CONDOMINIUM,"818,888",645.84,"1,268",15 Feb 2022,78 WEST COAST ROAD #04-02,Resale,Strata,60,"13,648",-,Condominium,1,99 yrs from 07/02/2006,2010,HDB,126815,05,12,West Region,Clementi
WATERFORD RESIDENCE,"2,300,000","1,194.8","1,925",15 Feb 2022,21 KIM YAM ROAD #07-03,Resale,Strata,111,"20,721",-,Apartment,1,999 yrs from 01/07/1841,2010,Private,239332,09,23,Central Region,River Valley
PARC RIVIERA,"945,000",645.84,"1,463",15 Feb 2022,103 WEST COAST VALE #19-13,Resale,Strata,60,"15,750",-,Condominium,1,99 yrs from 11/11/2015,2019,HDB,126754,05,12,West Region,Clementi
WATERTOWN,"770,000",527.44,"1,460",15 Feb 2022,73 PUNGGOL CENTRAL #05-65,Resale,Strata,49,"15,714",-,Apartment,1,99 yrs from 18/05/2011,2017,Private,828756,19,82,North East Region,Punggol
SUNGLADE,"1,540,000","1,377.79","1,118",15 Feb 2022,5 SERANGOON AVENUE 2 #01-12,Resale,Strata,128,"12,031",-,Condominium,1,99 yrs from 09/10/2000,2003,HDB,556132,19,55,North East Region,Serangoon
OASIS @ ELIAS,"820,000",979.52,837,15 Feb 2022,62 ELIAS ROAD #07-08,Resale,Strata,91,"9,011",-,Condominium,1,99 yrs from 17/03/2008,2011,HDB,519939,18,51,East Region,Pasir Ris
COMMONWEALTH TOWERS,"940,888",462.85,"2,033",15 Feb 2022,232 COMMONWEALTH AVENUE #38-13,Resale,Strata,43,"21,881",-,Condominium,1,99 yrs from 07/05/2013,2017,Private,149740,03,14,Central Region,Queenstown
LA FIESTA,"1,265,000","1,001.05","1,264",15 Feb 2022,70 SENGKANG SQUARE #03-43,Resale,Strata,93,"13,602",-,Condominium,1,99 yrs from 03/09/2012,2016,HDB,544705,19,54,North East Region,Sengkang
HILLVIEW GREEN,"1,755,000","1,474.67","1,190",15 Feb 2022,61 HUME AVENUE #01-01,Resale,Strata,137,"12,810",-,Condominium,1,999 yrs from 19/05/1883,1998,Private,598741,21,59,West Region,Bukit Batok
D'LEEDON,"2,100,000","1,216.33","1,727",15 Feb 2022,9 LEEDON HEIGHTS #25-21,Resale,Strata,113,"18,584",-,Condominium,1,99 yrs from 08/04/2010,2014,HDB,267954,10,26,Central Region,Bukit Timah
QUEENS PEAK,"865,000",441.32,"1,960",15 Feb 2022,1 DUNDEE ROAD #16-10,Resale,Strata,41,"21,098",-,Condominium,1,99 yrs from 28/09/2015,2020,Private,149456,03,14,Central Region,Queenstown
THE POIZ RESIDENCES,"790,000",441.32,"1,790",15 Feb 2022,10 MEYAPPA CHETTIAR ROAD #17-27,Resale,Strata,41,"19,268",-,Apartment,1,99 yrs from 17/11/2014,2018,Private,358473,13,35,Central Region,Toa Payoh
KOPAR AT NEWTON,"4,197,600","1,819.12","2,307",15 Feb 2022,6 MAKEWAY AVENUE #08-01,New Sale,Strata,169,"24,838",-,Apartment,1,99 yrs from 22/04/2019,Uncompleted,Private,228606,09,22,Central Region,Novena
KOPAR AT NEWTON,"3,645,180","1,603.84","2,273",15 Feb 2022,8 MAKEWAY AVENUE #07-10,New Sale,Strata,149,"24,464",-,Apartment,1,99 yrs from 22/04/2019,Uncompleted,Private,228607,09,22,Central Region,Novena
KOPAR AT NEWTON,"2,328,480",914.94,"2,545",15 Feb 2022,8 MAKEWAY AVENUE #20-16,New Sale,Strata,85,"27,394",-,Apartment,1,99 yrs from 22/04/2019,Uncompleted,HDB,228607,09,22,Central Region,Novena
KOPAR AT NEWTON,"2,359,170",914.94,"2,578",15 Feb 2022,8 MAKEWAY AVENUE #22-16,New Sale,Strata,85,"27,755",-,Apartment,1,99 yrs from 22/04/2019,Uncompleted,Private,228607,09,22,Central Region,Novena
KOPAR AT NEWTON,"1,784,970",688.9,"2,591",15 Feb 2022,8 MAKEWAY AVENUE #19-17,New Sale,Strata,64,"27,890",-,Apartment,1,99 yrs from 22/04/2019,Uncompleted,N.A,228607,09,22,Central Region,Novena
FOURTH AVENUE RESIDENCES,"1,739,000",710.42,"2,448",16 Feb 2022,4 FOURTH AVENUE #02-09,New Sale,Strata,66,"26,348",-,Apartment,1,99 yrs from 07/03/2018,Uncompleted,Private,268672,10,26,Central Region,Bukit Timah
NORMANTON PARK,"1,023,000",527.44,"1,940",16 Feb 2022,51 NORMANTON PARK #11-34,New Sale,Strata,49,"20,878",-,Apartment,1,99 yrs from 22/07/2019,Uncompleted,HDB,117281,05,11,Central Region,Queenstown
VERDALE,"2,565,500","1,410.08","1,819",16 Feb 2022,14 DE SOUZA AVENUE #01-45,New Sale,Strata,131,"19,584",-,Apartment,1,99 yrs from 05/12/2018,Uncompleted,Private,599463,21,59,Central Region,Bukit Timah
VERDALE,"1,323,800",731.95,"1,809",16 Feb 2022,2 DE SOUZA AVENUE #02-01,New Sale,Strata,68,"19,468",-,Apartment,1,99 yrs from 05/12/2018,Uncompleted,Private,599458,21,59,Central Region,Bukit Timah
VERDALE,"1,363,900",742.72,"1,836",16 Feb 2022,6 DE SOUZA AVENUE #01-13,New Sale,Strata,69,"19,767",-,Apartment,1,99 yrs from 05/12/2018,Uncompleted,Private,599460,21,59,Central Region,Bukit Timah
VERDALE,"2,690,900","1,517.72","1,773",16 Feb 2022,8 DE SOUZA AVENUE #05-18,New Sale,Strata,141,"19,084",-,Apartment,1,99 yrs from 05/12/2018,Uncompleted,N.A,599461,21,59,Central Region,Bukit Timah
AVENUE SOUTH RESIDENCE,"1,672,000",656.6,"2,546",16 Feb 2022,13 SILAT AVENUE #51-40,New Sale,Strata,61,"27,410",-,Apartment,1,99 yrs from 14/08/2018,Uncompleted,N.A,168878,03,16,Central Region,Bukit Merah
MEYER MANSION,"2,748,000","1,108.69","2,479",16 Feb 2022,79 MEYER ROAD #03-06,New Sale,Strata,103,"26,680",-,Apartment,1,Freehold,Uncompleted,Private,437906,15,43,Central Region,Marine Parade
MIDWOOD,"1,283,000",699.66,"1,834",16 Feb 2022,8 HILLVIEW RISE #24-04,New Sale,Strata,65,"19,738",-,Condominium,1,99 yrs from 01/10/2018,Uncompleted,Private,667971,23,66,West Region,Bukit Batok
CANNINGHILL PIERS,"2,817,000",893.41,"3,153",16 Feb 2022,1 CLARKE QUAY #43-07,New Sale,Strata,83,"33,940",-,Apartment,1,99 yrs from 17/09/2021,Uncompleted,N.A,179882,06,17,Central Region,Singapore River
MORI,"1,549,000",882.65,"1,755",16 Feb 2022,223 GUILLEMARD ROAD #01-02,New Sale,Strata,82,"18,890",-,Apartment,1,Freehold,Uncompleted,HDB,399738,14,39,Central Region,Geylang
MORI,"1,382,000",710.42,"1,945",16 Feb 2022,223 GUILLEMARD ROAD #07-14,New Sale,Strata,66,"20,939",-,Apartment,1,Freehold,Uncompleted,N.A,399738,14,39,Central Region,Geylang
JOOL SUITES,"680,000",409.03,"1,662",16 Feb 2022,2 SING JOO WALK #04-10,Resale,Strata,38,"17,895",-,Apartment,1,Freehold,2013,HDB,217811,08,21,Central Region,Kallang
THE VENUE RESIDENCES,"1,370,000",839.59,"1,632",16 Feb 2022,8 TAI THONG CRESCENT #04-07,Resale,Strata,78,"17,564",-,Apartment,1,99 yrs from 05/12/2012,2017,Private,347842,13,34,Central Region,Toa Payoh
PARK PLACE RESIDENCES AT PLQ,"960,000",484.38,"1,982",16 Feb 2022,6 PAYA LEBAR ROAD #09-22,Sub Sale,Strata,45,"21,333",-,Apartment,1,99 yrs from 29/06/2015,2019,Private,409055,14,40,Central Region,Geylang
FORESQUE RESIDENCES,"1,430,000","1,184.04","1,208",16 Feb 2022,103 PETIR ROAD #05-07,Resale,Strata,110,"13,000",-,Condominium,1,99 yrs from 10/01/2011,2014,Private,678273,23,67,West Region,Bukit Panjang
SCOTTS SQUARE,"5,500,000","1,248.62","4,405",16 Feb 2022,8 SCOTTS ROAD #38-08,Resale,Strata,116,"47,414",-,Apartment,1,Freehold,2011,Private,228238,09,22,Central Region,Orchard
SCOTTS SQUARE,"2,345,600",624.31,"3,757",16 Feb 2022,8 SCOTTS ROAD #41-11,Resale,Strata,58,"40,441",-,Apartment,1,Freehold,2011,HDB,228238,09,22,Central Region,Orchard
NORTHVALE,"975,000","1,291.68",755,16 Feb 2022,61 CHOA CHU KANG LOOP #04-05,Resale,Strata,120,"8,125",-,Apartment,1,99 yrs from 01/03/1995,1998,HDB,689668,23,68,West Region,Choa Chu Kang
DOVER PARKVIEW,"1,200,000",936.47,"1,281",16 Feb 2022,30 DOVER RISE #15-04,Resale,Strata,87,"13,793",-,Condominium,1,99 yrs from 01/12/1993,1997,Private,138687,05,13,Central Region,Queenstown
FERRARIA PARK CONDOMINIUM,"1,150,000","1,022.58","1,125",16 Feb 2022,24 FLORA DRIVE #07-43,Resale,Strata,95,"12,105",-,Condominium,1,Freehold,2009,HDB,506949,17,50,East Region,Pasir Ris
VILLA MARINA,"1,825,000","1,915.99",953,16 Feb 2022,25 JALAN SEMPADAN #04-17,Resale,Strata,178,"10,253",-,Condominium,1,99 yrs from 13/02/1995,1999,Private,457400,15,45,East Region,Bedok
CRESCENDO PARK,"1,095,000",850.36,"1,288",16 Feb 2022,6 JALAN TUA KONG #02-15,Resale,Strata,79,"13,861",-,Condominium,1,Freehold,1996,HDB,457269,15,45,East Region,Bedok
EAST BAY GARDENS,"1,350,000","1,528.49",883,16 Feb 2022,89 LORONG G TELOK KURAU #01-08,Resale,Strata,142,"9,507",-,Apartment,1,99 yrs from 01/01/1995,1995,HDB,426278,15,42,East Region,Bedok
PROSPERO VILLE,"1,140,000","1,033.34","1,103",16 Feb 2022,127 LORONG K TELOK KURAU #01-01,Resale,Strata,96,"11,875",-,Apartment,1,Freehold,2002,Private,425766,15,42,East Region,Bedok
THE BELVEDERE,"2,615,000","1,377.79","1,898",16 Feb 2022,51 MEYER ROAD #04-01,Resale,Strata,128,"20,430",-,Condominium,1,Freehold,2007,Private,437874,15,43,Central Region,Marine Parade
THE METROPOLITAN CONDOMINIUM,"1,650,000","1,065.64","1,548",16 Feb 2022,6 ALEXANDRA VIEW #23-03,Resale,Strata,99,"16,667",-,Condominium,1,99 yrs from 17/02/2006,2009,HDB,158746,03,15,Central Region,Bukit Merah
THE BAYSHORE,"1,065,000",968.76,"1,099",16 Feb 2022,32 BAYSHORE ROAD #09-03,Resale,Strata,90,"11,833",-,Condominium,1,99 yrs from 31/05/1993,1997,Private,469975,16,46,East Region,Bedok
WATERFRONT GOLD,"1,528,000","1,054.87","1,449",16 Feb 2022,754 BEDOK RESERVOIR ROAD #12-14,Resale,Strata,98,"15,592",-,Condominium,1,99 yrs from 26/11/2009,2014,HDB,479258,16,47,East Region,Bedok
ECO,"1,500,000","1,044.11","1,437",16 Feb 2022,279 BEDOK SOUTH AVENUE 3 #14-34,Resale,Strata,97,"15,464",-,Condominium,1,99 yrs from 14/05/2012,2017,HDB,465458,16,46,East Region,Bedok
MAPLE WOODS,"2,080,000",990.29,"2,100",16 Feb 2022,989 BUKIT TIMAH ROAD #07-15,Resale,Strata,92,"22,609",-,Condominium,1,Freehold,1997,Private,589629,21,58,Central Region,Bukit Timah
THE VERMONT ON CAIRNHILL,"1,950,000",893.41,"2,183",16 Feb 2022,12B CAIRNHILL RISE #16-08,Resale,Strata,83,"23,494",-,Apartment,1,Freehold,2013,Private,229747,09,22,Central Region,Newton
PARC ELEGANCE,"580,000",398.27,"1,456",16 Feb 2022,17 TELOK KURAU ROAD #01-28,Resale,Strata,37,"15,676",-,Apartment,1,Freehold,2013,Private,423763,15,42,East Region,Bedok
PALMWOODS,"1,220,000","1,291.68",945,16 Feb 2022,450 UPPER CHANGI ROAD #03-03,Resale,Strata,120,"10,167",-,Condominium,1,99 yrs from 12/06/1996,1999,Private,487040,16,48,East Region,Bedok
KINGSFORD WATERBAY,"620,000",484.38,"1,280",16 Feb 2022,68 UPPER SERANGOON VIEW #10-26,Resale,Strata,45,"13,778",-,Apartment,1,99 yrs from 03/03/2014,2018,Private,533884,19,53,North East Region,Hougang
THE AMSTON,"1,780,000","1,313.21","1,355",16 Feb 2022,130 HILLVIEW AVENUE #03-03,Resale,Strata,122,"14,590",-,Apartment,1,999 yrs from 12/10/1885,1998,HDB,669596,23,66,West Region,Bukit Batok
CENTRA LOFT,"618,000",430.56,"1,435",16 Feb 2022,3 LORONG 35 GEYLANG #06-06,Resale,Strata,40,"15,450",-,Apartment,1,Freehold,2013,Private,387935,14,38,Central Region,Geylang
BOTANIQUE AT BARTLEY,"1,150,000",721.19,"1,595",16 Feb 2022,235 UPPER PAYA LEBAR ROAD #01-40,Resale,Strata,67,"17,164",-,Condominium,1,99 yrs from 14/04/2014,2019,Private,533868,19,53,North East Region,Serangoon
STARS OF KOVAN,"858,000",505.91,"1,696",16 Feb 2022,984 UPPER SERANGOON ROAD #09-17,Resale,Strata,47,"18,255",-,Apartment,1,99 yrs from 25/02/2015,2019,HDB,533854,19,53,North East Region,Hougang
THE SANTORINI,"1,080,000",914.94,"1,180",16 Feb 2022,23 TAMPINES STREET 86 #08-15,Resale,Strata,85,"12,706",-,Condominium,1,99 yrs from 16/10/2013,2017,Private,528568,18,52,East Region,Tampines
ORCHID PARK CONDOMINIUM,"784,000",958,818,16 Feb 2022,85 YISHUN STREET 81 #01-03,Resale,Strata,89,"8,809",-,Condominium,1,99 yrs from 01/09/1991,1994,Private,768447,27,76,North Region,Yishun
SHELFORD SUITES,"2,500,000","1,442.38","1,733",16 Feb 2022,16 SHELFORD ROAD #01-09,Resale,Strata,134,"18,657",-,Condominium,1,Freehold,2011,Private,288383,11,28,Central Region,Bukit Timah
PARK 1 SUITES,"955,500",602.78,"1,585",16 Feb 2022,8 LORONG 40 GEYLANG #06-09,Resale,Strata,56,"17,063",-,Apartment,1,Freehold,2017,Private,398054,14,39,Central Region,Geylang
EASTPOINT GREEN,"880,000",968.76,908,16 Feb 2022,1 SIMEI STREET 3 #05-03,Resale,Strata,90,"9,778",-,Condominium,1,99 yrs from 24/04/1996,1999,Private,529890,18,52,East Region,Tampines
REGENT RESIDENCES,"1,245,000",818.06,"1,522",16 Feb 2022,1091 SERANGOON ROAD #21-07,Resale,Strata,76,"16,382",-,Apartment,1,Freehold,2015,Private,328190,12,32,Central Region,Kallang
PARK COLONIAL,"2,200,000","1,410.08","1,560",16 Feb 2022,12 WOODLEIGH LANE #06-55,Sub Sale,Strata,131,"16,794",-,Condominium,1,99 yrs from 11/10/2017,2021,Private,357658,13,35,Central Region,Toa Payoh
KOPAR AT NEWTON,"3,537,270","1,528.49","2,314",16 Feb 2022,8 MAKEWAY AVENUE #06-15,New Sale,Strata,142,"24,910",-,Apartment,1,99 yrs from 22/04/2019,Uncompleted,Private,228607,09,22,Central Region,Novena
KOPAR AT NEWTON,"1,796,850",688.9,"2,608",16 Feb 2022,8 MAKEWAY AVENUE #20-17,New Sale,Strata,64,"28,076",-,Apartment,1,99 yrs from 22/04/2019,Uncompleted,N.A,228607,09,22,Central Region,Novena
PALM ISLES,"990,000",990.29,"1,000",16 Feb 2022,32 FLORA DRIVE #07-07,Resale,Strata,92,"10,761",-,Condominium,1,99 yrs from 14/09/2011,2015,Private,506892,17,50,East Region,Pasir Ris
MARINA ONE RESIDENCES,"1,735,700",742.72,"2,337",16 Feb 2022,23 MARINA WAY #31-21,Resale,Strata,69,"25,155",-,Apartment,1,99 yrs from 01/07/2011,2017,Private,018979,01,01,Central Region,Downtown Core
AMBER PARK,"3,466,000","1,302.44","2,661",17 Feb 2022,16 AMBER GARDENS #18-06,New Sale,Strata,121,"28,645",-,Condominium,1,Freehold,Uncompleted,Private,439961,15,43,Central Region,Marine Parade
THE FLORENCE RESIDENCES,"1,173,000",635.08,"1,847",17 Feb 2022,97 HOUGANG AVENUE 2 #14-77,New Sale,Strata,59,"19,881",-,Apartment,1,99 yrs from 24/12/2018,Uncompleted,N.A,533753,19,53,North East Region,Hougang
THE FLORENCE RESIDENCES,"1,167,000",635.08,"1,838",17 Feb 2022,97 HOUGANG AVENUE 2 #13-77,New Sale,Strata,59,"19,780",-,Apartment,1,99 yrs from 24/12/2018,Uncompleted,N.A,533753,19,53,North East Region,Hougang
NORMANTON PARK,"1,750,000",968.76,"1,806",17 Feb 2022,47 NORMANTON PARK #11-15,New Sale,Strata,90,"19,444",-,Apartment,1,99 yrs from 22/07/2019,Uncompleted,N.A,119028,05,11,Central Region,Queenstown
NORMANTON PARK,"1,719,000",968.76,"1,774",17 Feb 2022,47 NORMANTON PARK #07-15,New Sale,Strata,90,"19,100",-,Apartment,1,99 yrs from 22/07/2019,Uncompleted,Private,119028,05,11,Central Region,Queenstown
NORMANTON PARK,"1,021,000",527.44,"1,936",17 Feb 2022,51 NORMANTON PARK #10-34,New Sale,Strata,49,"20,837",-,Apartment,1,99 yrs from 22/07/2019,Uncompleted,N.A,117281,05,11,Central Region,Queenstown
NORMANTON PARK,"2,421,000","1,313.21","1,844",17 Feb 2022,55 NORMANTON PARK #06-50,New Sale,Strata,122,"19,844",-,Apartment,1,99 yrs from 22/07/2019,Uncompleted,HDB,117283,05,11,Central Region,Queenstown
NORMANTON PARK,"2,021,000","1,076.4","1,878",17 Feb 2022,61 NORMANTON PARK #23-77,New Sale,Strata,100,"20,210",-,Apartment,1,99 yrs from 22/07/2019,Uncompleted,N.A,117286,05,11,Central Region,Queenstown
AVENUE SOUTH RESIDENCE,"1,596,000",656.6,"2,431",17 Feb 2022,11 SILAT AVENUE #41-28,New Sale,Strata,61,"26,164",-,Apartment,1,99 yrs from 14/08/2018,Uncompleted,HDB,168877,03,16,Central Region,Bukit Merah
AVENUE SOUTH RESIDENCE,"3,131,000","1,496.2","2,093",17 Feb 2022,13 SILAT AVENUE #28-37,New Sale,Strata,139,"22,525",-,Apartment,1,99 yrs from 14/08/2018,Uncompleted,Private,168878,03,16,Central Region,Bukit Merah
THE AVENIR,"6,831,000","2,066.69","3,305",17 Feb 2022,10 RIVER VALLEY CLOSE #14-10,New Sale,Strata,192,"35,578",-,Condominium,1,Freehold,Uncompleted,N.A,238438,09,23,Central Region,River Valley
PENROSE,"2,290,000","1,388.56","1,649",17 Feb 2022,20 SIMS DRIVE #03-03,New Sale,Strata,129,"17,752",-,Apartment,1,99 yrs from 03/07/2019,Uncompleted,N.A,387395,14,38,Central Region,Geylang
PENROSE,"1,940,000","1,184.04","1,638",17 Feb 2022,20 SIMS DRIVE #03-07,New Sale,Strata,110,"17,636",-,Apartment,1,99 yrs from 03/07/2019,Uncompleted,Private,387395,14,38,Central Region,Geylang
KI RESIDENCES AT BROOKVALE,"1,900,000",979.52,"1,940",17 Feb 2022,12 BROOKVALE DRIVE #09-23,New Sale,Strata,91,"20,879",-,Condominium,1,999 yrs from 23/03/1885,Uncompleted,Private,599978,21,59,West Region,Clementi
ONE BERNAM,"1,680,000",731.95,"2,295",17 Feb 2022,1 BERNAM STREET #05-06,New Sale,Strata,68,"24,706",-,Apartment,1,99 yrs from 10/12/2019,Uncompleted,Private,078852,02,07,Central Region,Downtown Core
THOMSON GRAND,"2,800,000","1,668.42","1,678",17 Feb 2022,27 SIN MING WALK #11-18,Resale,Strata,155,"18,065",-,Condominium,1,99 yrs from 08/02/2010,2015,Private,573918,20,57,Central Region,Bishan
QUEENS,"1,750,000","1,184.04","1,478",17 Feb 2022,16 STIRLING ROAD #24-19,Resale,Strata,110,"15,909",-,Condominium,1,99 yrs from 16/02/1998,2002,Private,148957,03,14,Central Region,Queenstown
WATERVIEW,"1,450,000","1,130.22","1,283",17 Feb 2022,77 TAMPINES AVENUE 1 #14-12,Resale,Strata,105,"13,810",-,Condominium,1,99 yrs from 16/06/2010,2014,HDB,529782,18,52,East Region,Tampines
LIVIA,"1,430,000","1,410.08","1,014",17 Feb 2022,79 PASIR RIS GROVE #05-39,Resale,Strata,131,"10,916",-,Condominium,1,99 yrs from 07/01/2008,2011,Private,518209,18,51,East Region,Pasir Ris
SEA ESTA,"1,180,000","1,119.46","1,054",17 Feb 2022,28 PASIR RIS LINK #03-24,Resale,Strata,104,"11,346",-,Condominium,1,99 yrs from 09/01/2012,2015,HDB,518146,18,51,East Region,Pasir Ris
THE ROCHESTER RESIDENCES,"2,600,000","1,862.17","1,396",17 Feb 2022,33 ROCHESTER DRIVE #20-03,Resale,Strata,173,"15,029",-,Apartment,1,99 yrs from 02/02/2005,2011,Private,138638,05,13,Central Region,Queenstown
JUI RESIDENCES,"1,370,338",710.42,"1,929",17 Feb 2022,1177 SERANGOON ROAD #17-07,Sub Sale,Strata,66,"20,763",-,Apartment,1,Freehold,2021,HDB,328231,12,32,Central Region,Kallang
ELIAS GREEN,"1,207,000","1,550.02",779,17 Feb 2022,9 ELIAS GREEN #02-02,Resale,Strata,144,"8,382",-,Condominium,1,99 yrs from 23/07/1991,1994,HDB,519963,18,51,East Region,Pasir Ris
H2O RESIDENCES,"898,000",882.65,"1,017",17 Feb 2022,32 FERNVALE LINK #03-09,Resale,Strata,82,"10,951",-,Condominium,1,99 yrs from 10/05/2010,2015,HDB,797531,28,79,North East Region,Sengkang
HEDGES PARK CONDOMINIUM,"808,000",764.24,"1,057",17 Feb 2022,77 FLORA DRIVE #08-22,Resale,Strata,71,"11,380",-,Condominium,1,99 yrs from 28/07/2010,2015,HDB,506884,17,50,East Region,Pasir Ris
PALM GARDENS,"1,000,000","1,216.33",822,17 Feb 2022,2C HONG SAN WALK #04-08,Resale,Strata,113,"8,850",-,Condominium,1,99 yrs from 12/08/1996,2000,HDB,689049,23,68,West Region,Choa Chu Kang
JERVOIS LODGE,"2,530,000","1,636.13","1,546",17 Feb 2022,32 JERVOIS ROAD #01-05,Resale,Strata,152,"16,645",-,Condominium,1,Freehold,1997,Private,249015,10,24,Central Region,Tanglin
D'LEEDON,"1,052,830",635.08,"1,658",17 Feb 2022,13 LEEDON HEIGHTS #22-47,Resale,Strata,59,"17,845",-,Condominium,1,99 yrs from 08/04/2010,2014,Private,266224,10,26,Central Region,Bukit Timah
ARCHIPELAGO,"768,000",667.37,"1,151",17 Feb 2022,505 BEDOK RESERVOIR ROAD #01-15,Resale,Strata,62,"12,387",-,Condominium,1,99 yrs from 01/06/2011,2015,HDB,479269,16,47,East Region,Bedok
HILLTOPS,"8,433,000","2,873.99","2,934",17 Feb 2022,99 CAIRNHILL CIRCLE #07-02,Resale,Strata,267,"31,584",-,Condominium,1,Freehold,2011,Private,229808,09,22,Central Region,Newton
THE TANAMERA,"1,320,000","1,323.97",997,17 Feb 2022,5 TANAH MERAH KECHIL ROAD #14-01,Resale,Strata,123,"10,732",-,Condominium,1,99 yrs from 01/06/1990,1994,Private,466665,16,46,East Region,Bedok
PEBBLE BAY,"1,750,000","1,302.44","1,344",17 Feb 2022,132 TANJONG RHU ROAD #02-04,Resale,Strata,121,"14,463",-,Condominium,1,99 yrs from 09/03/1994,1997,HDB,436919,15,43,Central Region,Kallang
TERRASSE,"1,480,000","1,151.75","1,285",17 Feb 2022,27 TERRASSE LANE #02-39,Resale,Strata,107,"13,832",-,Condominium,1,99 yrs from 23/08/2010,2014,Private,544777,19,54,North East Region,Hougang
368 THOMSON,"1,615,000",871.88,"1,852",17 Feb 2022,368 THOMSON ROAD #16-02,Resale,Strata,81,"19,938",-,Condominium,1,Freehold,2014,Private,298127,11,29,Central Region,Novena
BOTANIQUE AT BARTLEY,"1,180,000",721.19,"1,636",17 Feb 2022,235 UPPER PAYA LEBAR ROAD #07-41,Resale,Strata,67,"17,612",-,Condominium,1,99 yrs from 14/04/2014,2019,HDB,533868,19,53,North East Region,Serangoon
BLUE HORIZON,"1,110,000",958,"1,159",17 Feb 2022,29 WEST COAST CRESCENT #10-25,Resale,Strata,89,"12,472",-,Condominium,1,99 yrs from 14/08/2000,2005,Private,128049,05,12,West Region,Clementi
THE PARC CONDOMINIUM,"1,880,000","1,216.33","1,546",17 Feb 2022,5 WEST COAST WALK #06-10,Resale,Strata,113,"16,637",-,Condominium,1,Freehold,2010,HDB,127146,05,12,West Region,Clementi
VERSAILLES,"1,820,000","1,485.43","1,225",17 Feb 2022,133 HEMMANT ROAD #02-03,Resale,Strata,138,"13,188",-,Condominium,1,Freehold,1994,Private,438686,15,43,Central Region,Geylang
ISLAND VIEW,"5,090,000","3,498.3","1,455",17 Feb 2022,38A JALAN MAT JAMBOL #02-04,Resale,Strata,325,"15,662",-,Condominium,1,Freehold,1984,Private,119519,05,11,Central Region,Queenstown
THE BLOSSOMVALE,"2,980,000","1,743.77","1,709",17 Feb 2022,900 DUNEARN ROAD #04-04,Resale,Strata,162,"18,395",-,Condominium,1,999 yrs from 15/08/1884,1998,Private,589473,21,58,Central Region,Bukit Timah
THE MAKENA,"2,430,000","1,668.42","1,456",17 Feb 2022,123 MEYER ROAD #01-02,Resale,Strata,155,"15,677",-,Condominium,1,Freehold,1998,Private,437934,15,43,Central Region,Marine Parade
LIVIA,"2,600,000","2,680.24",970,17 Feb 2022,63 PASIR RIS GROVE #15-06,Resale,Strata,249,"10,442",-,Condominium,1,99 yrs from 07/01/2008,2011,HDB,518216,18,51,East Region,Pasir Ris
THE GREENWICH,"940,000",882.65,"1,065",17 Feb 2022,15 SELETAR ROAD #02-63,Resale,Strata,82,"11,463",-,Condominium,1,99 yrs from 21/12/2009,2014,Private,807018,28,80,North East Region,Serangoon
VIVA VISTA,"680,000",484.38,"1,404",17 Feb 2022,3 SOUTH BUONA VISTA ROAD #02-13,Resale,Strata,45,"15,111",-,Apartment,1,Freehold,2014,Private,118136,05,11,Central Region,Queenstown
PARC RIVIERA,"930,000",602.78,"1,543",17 Feb 2022,101 WEST COAST VALE #21-09,Resale,Strata,56,"16,607",-,Condominium,1,99 yrs from 11/11/2015,2019,Private,126753,05,12,West Region,Clementi
KLIMT CAIRNHILL,"5,760,000","1,496.2","3,850",17 Feb 2022,71 CAIRNHILL ROAD #27-03,New Sale,Strata,139,"41,439",-,Apartment,1,Freehold,Uncompleted,Private,229725,09,22,Central Region,Newton
OUE TWIN PEAKS,"2,686,000","1,054.87","2,546",17 Feb 2022,33 LEONIE HILL ROAD #26-07,Resale,Strata,98,"27,408",-,Condominium,1,99 yrs from 10/05/2010,2015,Private,239197,09,23,Central Region,River Valley
THE PALETTE,"1,210,000","1,054.87","1,147",17 Feb 2022,111 PASIR RIS GROVE #02-32,Resale,Strata,98,"12,347",-,Condominium,1,99 yrs from 20/10/2010,2015,HDB,518170,18,51,East Region,Pasir Ris
CASA MERAH,"1,488,000","1,291.68","1,152",17 Feb 2022,66 TANAH MERAH KECHIL AVENUE #04-32,Resale,Strata,120,"12,400",-,Apartment,1,99 yrs from 11/07/2006,2009,Private,465532,16,46,East Region,Bedok
RAFFLESIA CONDOMINIUM,"1,660,000","1,302.44","1,275",17 Feb 2022,31 BISHAN STREET 21 #14-03,Resale,Strata,121,"13,719",-,Condominium,1,99 yrs from 18/07/1997,2003,Private,579800,20,57,Central Region,Bishan
TOH TUCK LODGE,"1,680,000","1,345.5","1,249",17 Feb 2022,26F TOH TUCK ROAD #03-01,Resale,Strata,125,"13,440",-,Apartment,1,Freehold,2003,Private,596221,21,59,Central Region,Bukit Timah
SERAYA BREEZE,"1,550,000","1,054.87","1,469",17 Feb 2022,3 SERAYA ROAD #02-05,Resale,Strata,98,"15,816",-,Apartment,1,Freehold,2001,HDB,437235,15,43,Central Region,Marine Parade
RIVERSAILS,"635,000",505.91,"1,255",17 Feb 2022,2 UPPER SERANGOON CRESCENT #11-03,Resale,Strata,47,"13,511",-,Condominium,1,99 yrs from 07/12/2011,2016,HDB,534035,19,53,North East Region,Hougang
CANBERRA RESIDENCES,"1,383,888","1,528.49",905,17 Feb 2022,521 CANBERRA DRIVE #05-50,Resale,Strata,142,"9,746",-,Condominium,1,99 yrs from 08/09/2010,2013,Private,768134,27,76,North Region,Sembawang
QUEENS,"1,580,000","1,184.04","1,334",17 Feb 2022,12 STIRLING ROAD #03-13,Resale,Strata,110,"14,364",-,Condominium,1,99 yrs from 16/02/1998,2002,Private,148955,03,14,Central Region,Queenstown
THE GAZANIA,"1,353,000",624.31,"2,167",17 Feb 2022,15 HOW SUN DRIVE #04-29,New Sale,Strata,58,"23,328",-,Condominium,1,Freehold,Uncompleted,Private,538545,19,53,North East Region,Serangoon
THE GAZANIA,"1,063,000",441.32,"2,409",17 Feb 2022,19 HOW SUN DRIVE #05-47,New Sale,Strata,41,"25,927",-,Condominium,1,Freehold,Uncompleted,HDB,538555,19,53,North East Region,Serangoon
NEWEST,"2,450,000","2,551.07",960,17 Feb 2022,3 WEST COAST DRIVE #03-40,Resale,Strata,237,"10,338",-,Apartment,1,956 yrs from 27/05/1928,2016,Private,128021,05,12,West Region,Clementi
THE POIZ RESIDENCES,"755,000",419.8,"1,798",17 Feb 2022,12 MEYAPPA CHETTIAR ROAD #14-46,Resale,Strata,39,"19,359",-,Apartment,1,99 yrs from 17/11/2014,2018,HDB,358474,13,35,Central Region,Toa Payoh
KENT RIDGE HILL RESIDENCES,"1,586,913",775.01,"2,048",18 Feb 2022,50 SOUTH BUONA VISTA ROAD #01-08,New Sale,Strata,72,"22,040",-,Apartment,1,99 yrs from 10/11/2018,Uncompleted,HDB,118167,05,11,Central Region,Queenstown
FOURTH AVENUE RESIDENCES,"1,914,780",721.19,"2,655",18 Feb 2022,12 FOURTH AVENUE #09-42,New Sale,Strata,67,"28,579",-,Apartment,1,99 yrs from 07/03/2018,Uncompleted,N.A,268676,10,26,Central Region,Bukit Timah
FOURTH AVENUE RESIDENCES,"3,608,000","1,474.67","2,447",18 Feb 2022,8 FOURTH AVENUE #01-24,New Sale,Strata,137,"26,336",-,Apartment,1,99 yrs from 07/03/2018,Uncompleted,Private,268674,10,26,Central Region,Bukit Timah
THE JOVELL,"987,600",645.84,"1,529",18 Feb 2022,23 FLORA DRIVE #07-43,New Sale,Strata,60,"16,460",-,Condominium,1,99 yrs from 08/03/2018,Uncompleted,HDB,506762,17,50,East Region,Pasir Ris
FYVE DERBYSHIRE,"1,670,000",656.6,"2,543",18 Feb 2022,5 DERBYSHIRE ROAD #12-01,New Sale,Strata,61,"27,377",-,Apartment,1,Freehold,Uncompleted,Private,309461,11,30,Central Region,Novena
NYON,"2,855,000","1,216.33","2,347",18 Feb 2022,12 AMBER ROAD #12-05,New Sale,Strata,113,"25,265",-,Apartment,1,Freehold,Uncompleted,Private,439858,15,43,Central Region,Marine Parade
SENGKANG GRAND RESIDENCES,"1,858,100","1,022.58","1,817",18 Feb 2022,72 COMPASSVALE BOW #07-06,New Sale,Strata,95,"19,559",-,Apartment,1,99 yrs from 13/11/2018,Uncompleted,HDB,544693,19,54,North East Region,Sengkang
MIDWOOD,"2,010,000","1,248.62","1,610",18 Feb 2022,10 HILLVIEW RISE #03-17,New Sale,Strata,116,"17,328",-,Condominium,1,99 yrs from 01/10/2018,Uncompleted,HDB,667972,23,66,West Region,Bukit Batok
DAIRY FARM RESIDENCES,"1,642,800","1,011.82","1,624",18 Feb 2022,6 DAIRY FARM LANE #01-06,New Sale,Strata,94,"17,477",-,Apartment,1,99 yrs from 05/12/2018,Uncompleted,N.A,677623,23,67,West Region,Bukit Panjang
LEEDON GREEN,"4,403,000","1,496.2","2,943",18 Feb 2022,36 LEEDON HEIGHTS #07-48,New Sale,Strata,139,"31,676",-,Condominium,1,Freehold,Uncompleted,N.A,266077,10,26,Central Region,Bukit Timah
IRWELL HILL RESIDENCES,"3,289,000","1,270.15","2,589",18 Feb 2022,6 IRWELL HILL #17-10,New Sale,Strata,118,"27,873",-,Apartment,1,99 yrs from 13/04/2020,Uncompleted,Private,239590,09,23,Central Region,River Valley
CANNINGHILL PIERS,"2,328,000",828.83,"2,809",18 Feb 2022,1 CLARKE QUAY #21-05,New Sale,Strata,77,"30,234",-,Apartment,1,99 yrs from 17/09/2021,Uncompleted,N.A,179882,06,17,Central Region,Singapore River
COCO PALMS,"980,000",742.72,"1,319",18 Feb 2022,17 PASIR RIS GROVE #05-23,Resale,Strata,69,"14,203",-,Condominium,1,99 yrs from 07/01/2008,2018,Private,518143,18,51,East Region,Pasir Ris
VUE 8 RESIDENCE,"935,000",796.54,"1,174",18 Feb 2022,93 PASIR RIS HEIGHTS #12-23,Resale,Strata,74,"12,635",-,Condominium,1,99 yrs from 10/09/2012,2017,Private,519288,18,51,East Region,Pasir Ris
PEACH GARDEN,"4,428,000","2,766.35","1,601",18 Feb 2022,6 PEACH GARDEN #13-06,Resale,Strata,257,"17,230",-,Apartment,1,Freehold,1975,Private,437606,15,43,Central Region,Marine Parade
PRINCIPAL GARDEN,"1,700,000",807.3,"2,106",18 Feb 2022,95 PRINCE CHARLES CRESCENT #24-15,Resale,Strata,75,"22,667",-,Condominium,1,99 yrs from 21/07/2014,2018,Private,159027,03,15,Central Region,Bukit Merah
ASPEN HEIGHTS,"2,930,000","1,323.97","2,213",18 Feb 2022,261 RIVER VALLEY ROAD #09-25,Resale,Strata,123,"23,821",-,Condominium,1,999 yrs from 01/07/1841,1998,HDB,238307,09,23,Central Region,River Valley
THE MERCURY,"1,340,000",635.08,"2,110",18 Feb 2022,38 SHANGHAI ROAD #16-03,Resale,Strata,59,"22,712",-,Apartment,1,Freehold,2012,Private,248201,10,24,Central Region,Tanglin
MI CASA,"1,295,000","1,280.92","1,011",18 Feb 2022,323 CHOA CHU KANG AVENUE 3 #06-27,Resale,Strata,119,"10,882",-,Condominium,1,99 yrs from 25/08/2008,2012,HDB,689865,23,68,West Region,Choa Chu Kang
WATERFRONT @ FABER,"970,000",721.19,"1,345",18 Feb 2022,40 FABER WALK #02-03,Resale,Strata,67,"14,478",-,Apartment,1,99 yrs from 17/09/2013,2017,Private,128989,05,12,West Region,Clementi
WATERFRONT @ FABER,"1,003,000",764.24,"1,312",18 Feb 2022,40 FABER WALK #05-04,Resale,Strata,71,"14,127",-,Apartment,1,99 yrs from 17/09/2013,2017,Private,128989,05,12,West Region,Clementi
NATURA@HILLVIEW,"765,000",516.67,"1,481",18 Feb 2022,22 HILLVIEW TERRACE #06-18,Resale,Strata,48,"15,938",-,Apartment,1,Freehold,2015,Private,669233,23,66,West Region,Bukit Batok
DE LENTE,"1,830,000","1,108.69","1,651",18 Feb 2022,104 HOLLAND ROAD #03-03,Resale,Strata,103,"17,767",-,Apartment,1,Freehold,2002,HDB,278547,10,27,Central Region,Bukit Timah
EVERGREEN PARK,"875,000","1,022.58",856,18 Feb 2022,31 HOUGANG AVENUE 7 #05-11,Resale,Strata,95,"9,211",-,Apartment,1,99 yrs from 01/10/1995,1999,HDB,538800,19,53,North East Region,Hougang
EUHABITAT,"690,000",559.73,"1,233",18 Feb 2022,212 JALAN EUNOS #02-79,Resale,Strata,52,"13,269",-,Condominium,1,99 yrs from 06/12/2010,2015,HDB,419550,14,41,East Region,Bedok
COASTAL VIEW RESIDENCES,"2,180,000","2,077.45","1,049",18 Feb 2022,179 JALAN LOYANG BESAR #05-06,Resale,Strata,193,"11,295",-,Apartment,1,999 yrs from 01/06/1885,2009,HDB,506926,17,50,East Region,Pasir Ris
PARC BLEU,"1,480,000","1,280.92","1,155",18 Feb 2022,264 JOO CHIAT PLACE #05-11,Resale,Strata,119,"12,437",-,Apartment,1,Freehold,2013,HDB,427946,15,42,East Region,Bedok
PARC OASIS,"1,420,000","1,388.56","1,023",18 Feb 2022,35 JURONG EAST AVENUE 1 #13-02,Resale,Strata,129,"11,008",-,Condominium,1,99 yrs from 01/12/1991,1994,HDB,609774,22,60,West Region,Jurong East
THE MAKENA,"2,680,000","1,582.31","1,694",18 Feb 2022,123 MEYER ROAD #05-04,Resale,Strata,147,"18,231",-,Condominium,1,Freehold,1998,HDB,437934,15,43,Central Region,Marine Parade
NOVENA SUITES,"1,160,000",667.37,"1,738",18 Feb 2022,200 MOULMEIN ROAD #10-06,Resale,Strata,62,"18,710",-,Apartment,1,Freehold,2004,Private,308107,11,30,Central Region,Novena
AMBER SKYE,"2,880,000","1,334.74","2,158",18 Feb 2022,8 AMBER ROAD #18-01,Resale,Strata,124,"23,226",-,Apartment,1,Freehold,2017,Private,439853,15,43,Central Region,Marine Parade
THE INSPIRA,"3,360,000","2,185.09","1,538",18 Feb 2022,11 ARNASALAM CHETTY ROAD #13-04,Resale,Strata,203,"16,552",-,Condominium,1,Freehold,2009,Private,239949,09,23,Central Region,River Valley
JEWEL OF BALMORAL,"2,960,000","1,345.5","2,200",18 Feb 2022,7C BALMORAL PARK #07-01,Resale,Strata,125,"23,680",-,Apartment,1,Freehold,2000,Private,259865,10,25,Central Region,Tanglin
HILLVIEW REGENCY,"1,200,000","1,108.69","1,082",18 Feb 2022,26 BUKIT BATOK EAST AVENUE 2 #11-11,Resale,Strata,103,"11,650",-,Condominium,1,99 yrs from 20/06/2000,2005,HDB,659920,23,65,West Region,Bukit Batok
THE CASCADIA,"1,880,000",990.29,"1,898",18 Feb 2022,937 BUKIT TIMAH ROAD #03-35,Resale,Strata,92,"20,435",-,Condominium,1,Freehold,2010,HDB,589646,21,58,Central Region,Bukit Timah
BEAUTY WORLD CENTRE,"1,780,000","1,872.94",950,18 Feb 2022,144 UPPER BUKIT TIMAH ROAD #07-03,Resale,Strata,174,"10,230",-,Apartment,1,99 yrs from 18/09/1979,-,Private,588177,21,58,Central Region,Bukit Timah
KINGSFORD WATERBAY,"638,000",473.62,"1,347",18 Feb 2022,66 UPPER SERANGOON VIEW #12-17,Resale,Strata,44,"14,500",-,Apartment,1,99 yrs from 03/03/2014,2018,HDB,533885,19,53,North East Region,Hougang
PARC RIVIERA,"1,618,000","1,151.75","1,405",18 Feb 2022,103 WEST COAST VALE #07-12,Resale,Strata,107,"15,121",-,Condominium,1,99 yrs from 11/11/2015,2019,Private,126754,05,12,West Region,Clementi
AMBER RESIDENCES,"6,780,000","5,844.85","1,160",18 Feb 2022,50 AMBER ROAD #21-06,Resale,Strata,543,"12,486",-,Condominium,1,Freehold,2011,Private,439888,15,43,Central Region,Marine Parade
STURDEE RESIDENCES,"835,000",419.8,"1,989",18 Feb 2022,10 BEATTY ROAD #27-10,Resale,Strata,39,"21,410",-,Condominium,1,99 yrs from 29/06/2015,2019,Private,209955,08,20,Central Region,Kallang
10 SHELFORD,"800,000",452.09,"1,770",18 Feb 2022,10 SHELFORD ROAD #02-08,Resale,Strata,42,"19,048",-,Apartment,1,Freehold,2014,Private,288353,11,28,Central Region,Bukit Timah
SIMS URBAN OASIS,"1,635,000",958,"1,707",18 Feb 2022,8 SIMS DRIVE #11-27,Resale,Strata,89,"18,371",-,Condominium,1,99 yrs from 29/07/2014,2017,HDB,387389,14,38,Central Region,Geylang
STIRLING RESIDENCES,"1,620,000",764.24,"2,120",18 Feb 2022,25 STIRLING ROAD #30-26,Sub Sale,Strata,71,"22,817",-,Apartment,1,99 yrs from 18/08/2017,Uncompleted,HDB,148962,03,14,Central Region,Queenstown
PARC RIVIERA,"938,888",645.84,"1,454",18 Feb 2022,101 WEST COAST VALE #15-02,Resale,Strata,60,"15,648",-,Condominium,1,99 yrs from 11/11/2015,2019,HDB,126753,05,12,West Region,Clementi
YISHUN SAPPHIRE,"1,168,000","1,517.72",770,18 Feb 2022,54 CANBERRA DRIVE #01-27,Resale,Strata,141,"8,284",-,Condominium,1,99 yrs from 16/02/1998,2001,HDB,768440,27,76,North Region,Yishun
NATURA@HILLVIEW,"620,000",452.09,"1,371",18 Feb 2022,20 HILLVIEW TERRACE #08-16,Resale,Strata,42,"14,762",-,Apartment,1,Freehold,2015,Private,669231,23,66,West Region,Bukit Batok
JADE RESIDENCES,"908,000",527.44,"1,722",18 Feb 2022,9 LEW LIAN VALE #02-29,Resale,Strata,49,"18,531",-,Apartment,1,Freehold,2017,Private,537020,19,53,North East Region,Serangoon
ASTON MANSIONS,"1,065,000","1,011.82","1,053",18 Feb 2022,3 LORONG 42 GEYLANG #08-08,Resale,Strata,94,"11,330",-,Apartment,1,99 yrs from 13/02/1995,1998,Private,398026,14,39,Central Region,Geylang
ASTORIA PARK,"948,000",850.36,"1,115",18 Feb 2022,36 LORONG MYDIN #06-05,Resale,Strata,79,"12,000",-,Condominium,1,99 yrs from 01/05/1993,1995,Private,416828,14,41,East Region,Bedok
VISIONCREST,"1,800,000",904.18,"1,991",18 Feb 2022,39 OXLEY RISE #07-29,Resale,Strata,84,"21,429",-,Apartment,1,Freehold,2007,HDB,238713,09,23,Central Region,Museum
CUBE 8,"1,430,888",893.41,"1,602",18 Feb 2022,376 THOMSON ROAD #12-05,Resale,Strata,83,"17,240",-,Condominium,1,Freehold,2013,Private,298130,11,29,Central Region,Novena
PARC OLYMPIA,"840,000",796.54,"1,055",18 Feb 2022,52 FLORA DRIVE #02-09,Resale,Strata,74,"11,351",-,Condominium,1,99 yrs from 25/01/2012,2015,HDB,506869,17,50,East Region,Pasir Ris
EUHABITAT,"700,000",548.96,"1,275",18 Feb 2022,212 JALAN EUNOS #03-80,Resale,Strata,51,"13,725",-,Condominium,1,99 yrs from 06/12/2010,2015,Private,419550,14,41,East Region,Bedok
SKIES MILTONIA,"1,140,000","1,130.22","1,009",18 Feb 2022,35 MILTONIA CLOSE #07-29,Resale,Strata,105,"10,857",-,Condominium,1,99 yrs from 20/02/2012,2016,HDB,768065,27,76,North Region,Yishun
MY MANHATTAN,"685,000",495.14,"1,383",18 Feb 2022,31 SIMEI STREET 3 #05-14,Resale,Strata,46,"14,891",-,Condominium,1,99 yrs from 11/08/2010,2014,HDB,529902,18,52,East Region,Tampines
NORTH PARK RESIDENCES,"2,220,000","1,431.61","1,551",18 Feb 2022,35 YISHUN CENTRAL 1 #09-81,Sub Sale,Strata,133,"16,692",-,Apartment,1,99 yrs from 19/03/2015,2018,HDB,768807,27,76,North Region,Yishun
LEGENDA AT JOO CHIAT,"1,350,000","1,259.39","1,072",18 Feb 2022,27 JOO CHIAT LANE #01-17,Resale,Strata,117,"11,538",-,Condominium,1,99 yrs from 04/06/2001,2004,Private,428100,15,42,Central Region,Geylang
LA FIESTA,"1,450,000","1,259.39","1,151",18 Feb 2022,56 SENGKANG SQUARE #01-16,Resale,Strata,117,"12,393",-,Condominium,1,99 yrs from 03/09/2012,2016,HDB,544833,19,54,North East Region,Sengkang
THE INFLORA,"1,360,000","1,302.44","1,044",18 Feb 2022,67 FLORA DRIVE #02-47,Resale,Strata,121,"11,240",-,Condominium,1,99 yrs from 25/05/2012,2016,Private,506850,17,50,East Region,Pasir Ris
EUHABITAT,"1,650,000","1,367.03","1,207",18 Feb 2022,198 JALAN EUNOS #01-29,Resale,Strata,127,"12,992",-,Condominium,1,99 yrs from 06/12/2010,2015,Private,419543,14,41,East Region,Bedok
KOVAN RESIDENCES,"2,450,000","1,765.3","1,388",18 Feb 2022,5 KOVAN ROAD #06-20,Resale,Strata,164,"14,939",-,Condominium,1,99 yrs from 31/12/2007,2011,HDB,544894,19,54,North East Region,Hougang
H2O RESIDENCES,"1,470,000","1,194.8","1,230",18 Feb 2022,34 FERNVALE LINK #19-16,Resale,Strata,111,"13,243",-,Condominium,1,99 yrs from 10/05/2010,2015,HDB,797532,28,79,North East Region,Sengkang
PARC BOTANNIA,"900,000",581.26,"1,548",18 Feb 2022,16 FERNVALE STREET #12-26,Sub Sale,Strata,54,"16,667",-,Condominium,1,99 yrs from 28/12/2016,Uncompleted,Private,797393,28,79,North East Region,Sengkang
GUILLEMARD SUITES,"830,000",613.55,"1,353",18 Feb 2022,213 GUILLEMARD ROAD #03-32,Resale,Strata,57,"14,561",-,Apartment,1,Freehold,2017,HDB,399733,14,39,Central Region,Geylang
PARC OASIS,"1,160,000","1,076.4","1,078",18 Feb 2022,35 JURONG EAST AVENUE 1 #02-03,Resale,Strata,100,"11,600",-,Condominium,1,99 yrs from 01/12/1991,1994,HDB,609774,22,60,West Region,Jurong East
LA CRYSTAL,"1,730,000",914.94,"1,891",18 Feb 2022,160 KILLINEY ROAD #06-04,Resale,Strata,85,"20,353",-,Apartment,1,Freehold,1996,HDB,239568,09,23,Central Region,River Valley
ASPEN LOFT,"1,779,900","1,797.59",990,18 Feb 2022,170 JOO CHIAT TERRACE #05-04,Resale,Strata,167,"10,658",-,Apartment,1,Freehold,2005,Private,427317,15,42,Central Region,Geylang
THE WOODLEIGH RESIDENCES,"1,916,000",958,"2,000",19 Feb 2022,17 BIDADARI PARK DRIVE #04-11,New Sale,Strata,89,"21,528",-,Apartment,1,99 yrs from 18/09/2017,Uncompleted,Private,367806,13,36,Central Region,Toa Payoh
AMBER PARK,"3,342,000","1,302.44","2,566",19 Feb 2022,18A AMBER GARDENS #21-26,New Sale,Strata,121,"27,620",-,Condominium,1,Freehold,Uncompleted,N.A,439981,15,43,Central Region,Marine Parade
FOURTH AVENUE RESIDENCES,"1,292,888",505.91,"2,556",19 Feb 2022,6 FOURTH AVENUE #06-16,New Sale,Strata,47,"27,508",-,Apartment,1,99 yrs from 07/03/2018,Uncompleted,N.A,268673,10,26,Central Region,Bukit Timah
77 @ EAST COAST,"1,031,000",592.02,"1,741",19 Feb 2022,77 UPPER EAST COAST ROAD #02-04,New Sale,Strata,55,"18,745",-,Apartment,1,Freehold,Uncompleted,N.A,455218,15,45,East Region,Bedok
THE HYDE,"3,760,000","1,248.62","3,011",19 Feb 2022,11 BALMORAL ROAD #04-05,New Sale,Strata,116,"32,414",-,Condominium,1,Freehold,Uncompleted,N.A,259796,10,25,Central Region,Tanglin
THE FLORENCE RESIDENCES,"2,518,000","1,679.18","1,500",19 Feb 2022,85 HOUGANG AVENUE 2 #05-21,New Sale,Strata,156,"16,141",-,Apartment,1,99 yrs from 24/12/2018,Uncompleted,N.A,538861,19,53,North East Region,Hougang
INFINI AT EAST COAST,"2,169,000","1,065.64","2,035",19 Feb 2022,363 EAST COAST ROAD #04-09,New Sale,Strata,99,"21,909",-,Apartment,1,Freehold,Uncompleted,N.A,428978,15,42,East Region,Bedok
NORMANTON PARK,"1,783,000",968.76,"1,840",19 Feb 2022,47 NORMANTON PARK #22-15,New Sale,Strata,90,"19,811",-,Apartment,1,99 yrs from 22/07/2019,Uncompleted,N.A,119028,05,11,Central Region,Queenstown
NORMANTON PARK,"1,016,000",527.44,"1,926",19 Feb 2022,57 NORMANTON PARK #08-62,New Sale,Strata,49,"20,735",-,Apartment,1,99 yrs from 22/07/2019,Uncompleted,N.A,117284,05,11,Central Region,Queenstown
PARC CLEMATIS,"2,722,000","1,711.48","1,590",19 Feb 2022,6 JALAN LEMPENG #05-01,New Sale,Strata,159,"17,119",-,Apartment,1,99 yrs from 08/08/2019,Uncompleted,Private,128795,05,12,West Region,Clementi
PARC CLEMATIS,"2,404,000","1,248.62","1,925",19 Feb 2022,6A JALAN LEMPENG #13-08,New Sale,Strata,116,"20,724",-,Apartment,1,99 yrs from 08/08/2019,Uncompleted,N.A,128822,05,12,West Region,Clementi
PARC CLEMATIS,"3,068,000","1,636.13","1,875",19 Feb 2022,8 JALAN LEMPENG #22-09,New Sale,Strata,152,"20,184",-,Apartment,1,99 yrs from 08/08/2019,Uncompleted,N.A,128796,05,12,West Region,Clementi
AVENUE SOUTH RESIDENCE,"1,311,000",527.44,"2,486",19 Feb 2022,11 SILAT AVENUE #45-29,New Sale,Strata,49,"26,755",-,Apartment,1,99 yrs from 14/08/2018,Uncompleted,N.A,168877,03,16,Central Region,Bukit Merah
AVENUE SOUTH RESIDENCE,"1,502,000",656.6,"2,288",19 Feb 2022,11 SILAT AVENUE #45-33,New Sale,Strata,61,"24,623",-,Apartment,1,99 yrs from 14/08/2018,Uncompleted,N.A,168877,03,16,Central Region,Bukit Merah
SKY EVERTON,"3,851,000","1,345.5","2,862",19 Feb 2022,50 EVERTON ROAD #30-03,New Sale,Strata,125,"30,808",-,Apartment,1,Freehold,Uncompleted,HDB,089396,02,08,Central Region,Bukit Merah
MIDWOOD,"1,665,000",990.29,"1,681",19 Feb 2022,10 HILLVIEW RISE #14-18,New Sale,Strata,92,"18,098",-,Condominium,1,99 yrs from 01/10/2018,Uncompleted,N.A,667972,23,66,West Region,Bukit Batok
MIDWOOD,"1,293,000",699.66,"1,848",19 Feb 2022,8 HILLVIEW RISE #26-04,New Sale,Strata,65,"19,892",-,Condominium,1,99 yrs from 01/10/2018,Uncompleted,N.A,667971,23,66,West Region,Bukit Batok
DAIRY FARM RESIDENCES,"1,271,800",721.19,"1,763",19 Feb 2022,8 DAIRY FARM LANE #08-23,New Sale,Strata,67,"18,982",-,Apartment,1,99 yrs from 05/12/2018,Uncompleted,N.A,677624,23,67,West Region,Bukit Panjang
THE ATELIER,"2,968,000","1,173.28","2,530",19 Feb 2022,2 MAKEWAY AVENUE #07-05,New Sale,Strata,109,"27,229",-,Apartment,1,Freehold,Uncompleted,Private,228599,09,22,Central Region,Novena
LEEDON GREEN,"1,728,000",613.55,"2,816",19 Feb 2022,30 LEEDON HEIGHTS #07-24,New Sale,Strata,57,"30,316",-,Condominium,1,Freehold,Uncompleted,N.A,266223,10,26,Central Region,Bukit Timah
LEEDON GREEN,"1,520,000",538.2,"2,824",19 Feb 2022,38 LEEDON HEIGHTS #06-58,New Sale,Strata,50,"30,400",-,Condominium,1,Freehold,Uncompleted,N.A,266078,10,26,Central Region,Bukit Timah
PHOENIX RESIDENCES,"1,137,469",721.19,"1,577",19 Feb 2022,85 PHOENIX AVENUE #05-13,New Sale,Strata,67,"16,977",-,Apartment,1,99 yrs from 05/11/2019,Uncompleted,HDB,668385,23,66,West Region,Bukit Batok
MIDTOWN MODERN,"1,986,000",635.08,"3,127",19 Feb 2022,18 TAN QUEE LAN STREET #26-19,New Sale,Strata,59,"33,661",-,Apartment,1,99 yrs from 10/12/2019,Uncompleted,N.A,188105,07,18,Central Region,Downtown Core
ONE BERNAM,"1,637,000",699.66,"2,340",19 Feb 2022,1 BERNAM STREET #10-02,New Sale,Strata,65,"25,185",-,Apartment,1,99 yrs from 10/12/2019,Uncompleted,N.A,078852,02,07,Central Region,Downtown Core
THE WATERGARDENS AT CANBERRA,"1,478,000",958,"1,543",19 Feb 2022,43 CANBERRA DRIVE #03-46,New Sale,Strata,89,"16,607",-,Apartment,1,99 yrs from 08/06/2020,Uncompleted,N.A,769323,27,76,North Region,Sembawang
THE WATERGARDENS AT CANBERRA,"1,653,000","1,108.69","1,491",19 Feb 2022,45 CANBERRA DRIVE #03-53,New Sale,Strata,103,"16,049",-,Apartment,1,99 yrs from 08/06/2020,Uncompleted,N.A,769324,27,76,North Region,Sembawang
THE WOODLEIGH RESIDENCES,"2,060,000",958,"2,150",20 Feb 2022,15 BIDADARI PARK DRIVE #04-06,New Sale,Strata,89,"23,146",-,Apartment,1,99 yrs from 18/09/2017,Uncompleted,Private,367805,13,36,Central Region,Toa Payoh
AMBER PARK,"3,194,000","1,302.44","2,452",20 Feb 2022,18A AMBER GARDENS #03-26,New Sale,Strata,121,"26,397",-,Condominium,1,Freehold,Uncompleted,Private,439981,15,43,Central Region,Marine Parade
ONE PEARL BANK,"2,716,000","1,216.33","2,233",20 Feb 2022,1 PEARL BANK #12-07,New Sale,Strata,113,"24,035",-,Apartment,1,99 yrs from 01/03/2019,Uncompleted,Private,169016,03,16,Central Region,Outram
NORMANTON PARK,"1,774,000",968.76,"1,831",20 Feb 2022,47 NORMANTON PARK #19-15,New Sale,Strata,90,"19,711",-,Apartment,1,99 yrs from 22/07/2019,Uncompleted,N.A,119028,05,11,Central Region,Queenstown
NORMANTON PARK,"2,503,000","1,334.74","1,875",20 Feb 2022,53 NORMANTON PARK #19-42,New Sale,Strata,124,"20,185",-,Apartment,1,99 yrs from 22/07/2019,Uncompleted,N.A,117282,05,11,Central Region,Queenstown
NORMANTON PARK,"1,772,000",958,"1,850",20 Feb 2022,55 NORMANTON PARK #07-51,New Sale,Strata,89,"19,910",-,Apartment,1,99 yrs from 22/07/2019,Uncompleted,Private,117283,05,11,Central Region,Queenstown
SENGKANG GRAND RESIDENCES,"1,762,900",936.47,"1,882",20 Feb 2022,82 COMPASSVALE BOW #13-42,New Sale,Strata,87,"20,263",-,Apartment,1,99 yrs from 13/11/2018,Uncompleted,HDB,544571,19,54,North East Region,Sengkang
URBAN TREASURES,"1,687,000",882.65,"1,911",20 Feb 2022,205 JALAN EUNOS #01-05,New Sale,Strata,82,"20,573",-,Condominium,1,Freehold,Uncompleted,HDB,419535,14,41,East Region,Bedok
URBAN TREASURES,"2,379,600","1,270.15","1,873",20 Feb 2022,207 JALAN EUNOS #04-20,New Sale,Strata,118,"20,166",-,Condominium,1,Freehold,Uncompleted,HDB,415799,14,41,East Region,Bedok
PARC CLEMATIS,"2,665,000","1,496.2","1,781",20 Feb 2022,6 JALAN LEMPENG #05-03,New Sale,Strata,139,"19,173",-,Apartment,1,99 yrs from 08/08/2019,Uncompleted,Private,128795,05,12,West Region,Clementi
AVENUE SOUTH RESIDENCE,"1,730,000",731.95,"2,364",20 Feb 2022,11 SILAT AVENUE #54-32,New Sale,Strata,68,"25,441",-,Apartment,1,99 yrs from 14/08/2018,Uncompleted,N.A,168877,03,16,Central Region,Bukit Merah
AVENUE SOUTH RESIDENCE,"1,254,000",527.44,"2,378",20 Feb 2022,11 SILAT AVENUE #51-34,New Sale,Strata,49,"25,592",-,Apartment,1,99 yrs from 14/08/2018,Uncompleted,Private,168877,03,16,Central Region,Bukit Merah
AVENUE SOUTH RESIDENCE,"1,288,000",527.44,"2,442",20 Feb 2022,13 SILAT AVENUE #41-39,New Sale,Strata,49,"26,286",-,Apartment,1,99 yrs from 14/08/2018,Uncompleted,HDB,168878,03,16,Central Region,Bukit Merah
LEEDON GREEN,"1,811,000",613.55,"2,952",20 Feb 2022,26 LEEDON HEIGHTS #08-01,New Sale,Strata,57,"31,772",-,Condominium,1,Freehold,Uncompleted,N.A,266221,10,26,Central Region,Bukit Timah
LEEDON GREEN,"1,821,000",613.55,"2,968",20 Feb 2022,26 LEEDON HEIGHTS #10-01,New Sale,Strata,57,"31,947",-,Condominium,1,Freehold,Uncompleted,N.A,266221,10,26,Central Region,Bukit Timah
KI RESIDENCES AT BROOKVALE,"2,279,000","1,194.8","1,907",20 Feb 2022,18 BROOKVALE DRIVE #02-42,New Sale,Strata,111,"20,532",-,Condominium,1,999 yrs from 23/03/1885,Uncompleted,Private,599981,21,59,West Region,Clementi
THE COMMODORE,"1,446,000",968.76,"1,493",20 Feb 2022,67 CANBERRA DRIVE #01-31,New Sale,Strata,90,"16,067",-,Condominium,1,99 yrs from 08/06/2020,Uncompleted,N.A,769308,27,76,North Region,Sembawang
ONE HOLLAND VILLAGE RESIDENCES,"1,940,000",796.54,"2,436",20 Feb 2022,1 HOLLAND VILLAGE WAY #04-08,New Sale,Strata,74,"26,216",-,Apartment,1,99 yrs from 13/08/2018,Uncompleted,Private,275754,10,27,Central Region,Queenstown
THE GAZANIA,"1,896,000",904.18,"2,097",20 Feb 2022,5 HOW SUN DRIVE #02-06,New Sale,Strata,84,"22,571",-,Condominium,1,Freehold,Uncompleted,Private,538527,19,53,North East Region,Serangoon
JEWEL @ BUANGKOK,"1,630,000","1,194.8","1,364",21 Feb 2022,87 COMPASSVALE BOW #11-26,Resale,Strata,111,"14,685",-,Condominium,1,99 yrs from 12/09/2012,2016,HDB,544686,19,54,North East Region,Sengkang
CASA FORTUNA,"1,380,000","1,076.4","1,282",21 Feb 2022,36 AH HOOD ROAD #03-01,Resale,Strata,100,"13,800",-,Apartment,1,Freehold,2011,Private,329980,12,32,Central Region,Novena
BAYSHORE PARK,"1,390,000","1,173.28","1,185",21 Feb 2022,62 BAYSHORE ROAD #27-04,Resale,Strata,109,"12,752",-,Condominium,1,99 yrs from 17/03/1982,1986,Private,469983,16,46,East Region,Bedok
SKY VUE,"1,280,000",678.13,"1,888",21 Feb 2022,1 BISHAN STREET 15 #09-07,Resale,Strata,63,"20,317",-,Condominium,1,99 yrs from 04/03/2013,2016,Private,573910,20,57,Central Region,Bishan
JEWEL @ BUANGKOK,"1,648,000","1,151.75","1,431",21 Feb 2022,87 COMPASSVALE BOW #08-23,Resale,Strata,107,"15,402",-,Condominium,1,99 yrs from 12/09/2012,2016,HDB,544686,19,54,North East Region,Sengkang
EDELWEISS PARK CONDOMINIUM,"1,420,000","1,399.32","1,015",21 Feb 2022,92 FLORA ROAD #01-41,Resale,Strata,130,"10,923",-,Condominium,1,Freehold,2006,Private,507005,17,50,East Region,Pasir Ris
J GATEWAY,"1,208,000",678.13,"1,781",21 Feb 2022,6 GATEWAY DRIVE #08-20,Resale,Strata,63,"19,175",-,Condominium,1,99 yrs from 28/08/2012,2016,Private,608535,22,60,West Region,Jurong East
GLENDALE PARK,"1,818,000","1,506.96","1,206",21 Feb 2022,25 HILLVIEW AVENUE #03-03,Resale,Strata,140,"12,986",-,Condominium,1,Freehold,2000,Private,669558,23,66,West Region,Bukit Batok
KINGSFORD . HILLVIEW PEAK,"708,000",516.67,"1,370",21 Feb 2022,103 HILLVIEW RISE #09-16,Resale,Strata,48,"14,750",-,Condominium,1,99 yrs from 04/06/2012,2017,Private,667982,23,66,West Region,Bukit Batok
RIVERFRONT RESIDENCES,"1,000,000",721.19,"1,387",21 Feb 2022,57 HOUGANG AVENUE 7 #04-81,Sub Sale,Strata,67,"14,925",-,Apartment,1,99 yrs from 31/05/2018,Uncompleted,HDB,533821,19,53,North East Region,Hougang
JOO CHIAT VERBENA,"1,500,000","1,474.67","1,017",21 Feb 2022,275 JOO CHIAT PLACE #01-01,Resale,Strata,137,"10,949",-,Apartment,1,Freehold,1996,Private,427955,15,42,East Region,Bedok
STRATUM,"838,000",775.01,"1,081",21 Feb 2022,90 ELIAS ROAD #03-32,Resale,Strata,72,"11,639",-,Condominium,1,99 yrs from 11/07/2012,2016,HDB,519950,18,51,East Region,Pasir Ris
KOVAN MELODY,"1,198,888",893.41,"1,342",21 Feb 2022,21 KOVAN ROAD #05-13,Resale,Strata,83,"14,444",-,Condominium,1,99 yrs from 20/01/2004,2006,Private,548192,19,54,North East Region,Hougang
KOVAN MELODY,"1,900,000","1,410.08","1,347",21 Feb 2022,35 KOVAN ROAD #07-42,Resale,Strata,131,"14,504",-,Condominium,1,99 yrs from 20/01/2004,2006,Private,545019,19,54,North East Region,Hougang
THE LAKEFRONT RESIDENCES,"1,250,000",990.29,"1,262",21 Feb 2022,48 LAKESIDE DRIVE #17-28,Resale,Strata,92,"13,587",-,Condominium,1,99 yrs from 03/08/2010,2014,HDB,648305,22,64,West Region,Jurong West
D'LEEDON,"2,448,000","1,356.26","1,805",21 Feb 2022,7 LEEDON HEIGHTS #28-18,Resale,Strata,126,"19,429",-,Condominium,1,99 yrs from 08/04/2010,2014,HDB,267953,10,26,Central Region,Bukit Timah
MULBERRY TREE,"808,000",441.32,"1,831",21 Feb 2022,167 MOULMEIN ROAD #02-06,Resale,Strata,41,"19,707",-,Apartment,1,Freehold,2010,Private,308092,11,30,Central Region,Novena
SCOTTS HIGHPARK,"2,250,000","1,140.98","1,972",21 Feb 2022,43 SCOTTS ROAD #16-01,Resale,Strata,106,"21,226",-,Condominium,1,Freehold,2009,Private,228239,09,22,Central Region,Newton
THE LINCOLN RESIDENCES,"2,700,000","1,280.92","2,108",21 Feb 2022,28 SURREY ROAD #26-03,Resale,Strata,119,"22,689",-,Condominium,1,Freehold,2011,Private,307762,11,30,Central Region,Novena
THE WOODLEIGH RESIDENCES,"1,916,000",958,"2,000",21 Feb 2022,17 BIDADARI PARK DRIVE #03-12,New Sale,Strata,89,"21,528",-,Apartment,1,99 yrs from 18/09/2017,Uncompleted,N.A,367806,13,36,Central Region,Toa Payoh
THE JOVELL,"974,300",645.84,"1,509",21 Feb 2022,23 FLORA DRIVE #04-43,New Sale,Strata,60,"16,238",-,Condominium,1,99 yrs from 08/03/2018,Uncompleted,HDB,506762,17,50,East Region,Pasir Ris
MEYERHOUSE,"7,570,000","2,970.86","2,548",21 Feb 2022,128 MEYER ROAD #04-04,New Sale,Strata,276,"27,428",-,Condominium,1,Freehold,Uncompleted,N.A,437938,15,43,Central Region,Marine Parade
MEYERHOUSE,"7,328,000","2,895.52","2,531",21 Feb 2022,128 MEYER ROAD #03-04,New Sale,Strata,269,"27,242",-,Condominium,1,Freehold,Uncompleted,N.A,437938,15,43,Central Region,Marine Parade
THE FLORENCE RESIDENCES,"1,722,000","1,011.82","1,702",21 Feb 2022,97 HOUGANG AVENUE 2 #04-78,New Sale,Strata,94,"18,319",-,Apartment,1,99 yrs from 24/12/2018,Uncompleted,HDB,533753,19,53,North East Region,Hougang
ONE PEARL BANK,"3,174,000","1,431.61","2,217",21 Feb 2022,1 PEARL BANK #02-18,New Sale,Strata,133,"23,865",-,Apartment,1,99 yrs from 01/03/2019,Uncompleted,N.A,169016,03,16,Central Region,Outram
THE IVERIA,"2,384,000",914.94,"2,606",21 Feb 2022,2 KIM YAM ROAD #07-03,New Sale,Strata,85,"28,047",-,Apartment,1,Freehold,Uncompleted,N.A,239320,09,23,Central Region,River Valley
NORMANTON PARK,"1,788,000",968.76,"1,846",21 Feb 2022,49 NORMANTON PARK #16-24,New Sale,Strata,90,"19,867",-,Apartment,1,99 yrs from 22/07/2019,Uncompleted,N.A,117280,05,11,Central Region,Queenstown
NORMANTON PARK,"1,041,000",527.44,"1,974",21 Feb 2022,51 NORMANTON PARK #21-35,New Sale,Strata,49,"21,245",-,Apartment,1,99 yrs from 22/07/2019,Uncompleted,N.A,117281,05,11,Central Region,Queenstown
NORMANTON PARK,"1,782,000",958,"1,860",21 Feb 2022,55 NORMANTON PARK #10-51,New Sale,Strata,89,"20,022",-,Apartment,1,99 yrs from 22/07/2019,Uncompleted,Private,117283,05,11,Central Region,Queenstown
VERDALE,"1,708,400",947.23,"1,804",21 Feb 2022,14 DE SOUZA AVENUE #04-41,New Sale,Strata,88,"19,414",-,Apartment,1,99 yrs from 05/12/2018,Uncompleted,N.A,599463,21,59,Central Region,Bukit Timah
MYRA,"1,810,000",871.88,"2,076",21 Feb 2022,9 MEYAPPA CHETTIAR ROAD #04-05,New Sale,Strata,81,"22,346",-,Apartment,1,Freehold,Uncompleted,Private,358456,13,35,Central Region,Toa Payoh
DAIRY FARM RESIDENCES,"1,248,000",721.19,"1,730",21 Feb 2022,8 DAIRY FARM LANE #04-23,New Sale,Strata,67,"18,627",-,Apartment,1,99 yrs from 05/12/2018,Uncompleted,N.A,677624,23,67,West Region,Bukit Panjang
DAIRY FARM RESIDENCES,"1,256,400",721.19,"1,742",21 Feb 2022,8 DAIRY FARM LANE #06-23,New Sale,Strata,67,"18,752",-,Apartment,1,99 yrs from 05/12/2018,Uncompleted,Private,677624,23,67,West Region,Bukit Panjang
DAIRY FARM RESIDENCES,"1,348,600",764.24,"1,765",21 Feb 2022,8 DAIRY FARM LANE #14-26,New Sale,Strata,71,"18,994",-,Apartment,1,99 yrs from 05/12/2018,Uncompleted,N.A,677624,23,67,West Region,Bukit Panjang
THE AVENIR,"3,329,000","1,140.98","2,918",21 Feb 2022,8 RIVER VALLEY CLOSE #06-06,New Sale,Strata,106,"31,406",-,Condominium,1,Freehold,Uncompleted,Private,238432,09,23,Central Region,River Valley
KOPAR AT NEWTON,"2,665,080","1,054.87","2,526",21 Feb 2022,6 MAKEWAY AVENUE #16-02,New Sale,Strata,98,"27,195",-,Apartment,1,99 yrs from 22/04/2019,Uncompleted,Private,228606,09,22,Central Region,Novena
PHOENIX RESIDENCES,"1,108,596",721.19,"1,537",21 Feb 2022,83 PHOENIX AVENUE #01-09,New Sale,Strata,67,"16,546",-,Apartment,1,99 yrs from 05/11/2019,Uncompleted,Private,668384,23,66,West Region,Bukit Batok
CLAVON,"2,723,000","1,689.95","1,611",21 Feb 2022,8 CLEMENTI AVENUE 1 #16-18,New Sale,Strata,157,"17,344",-,Apartment,1,99 yrs from 07/10/2019,Uncompleted,HDB,129964,05,12,West Region,Clementi
THOMSON THREE,"800,000",495.14,"1,616",21 Feb 2022,43 BRIGHT HILL DRIVE #10-09,Resale,Strata,46,"17,391",-,Apartment,1,99 yrs from 07/11/2012,2016,HDB,573894,20,57,Central Region,Bishan
THE PETALS,"1,250,000","1,022.58","1,222",21 Feb 2022,89 HILLVIEW AVENUE #07-14,Resale,Strata,95,"13,158",-,Condominium,1,Freehold,2002,Private,669624,23,66,West Region,Bukit Batok
JANSEN 28,"730,000",667.37,"1,094",21 Feb 2022,28 JANSEN ROAD #01-08,Resale,Strata,62,"11,774",-,Apartment,1,999 yrs from 01/09/1876,1999,Private,548431,19,54,North East Region,Hougang
HIGH PARK RESIDENCES,"1,300,000",979.52,"1,327",21 Feb 2022,23 FERNVALE ROAD #19-14,Resale,Strata,91,"14,286",-,Apartment,1,99 yrs from 05/11/2014,2019,HDB,797638,28,79,North East Region,Sengkang
TANAMERA CREST,"820,000",861.12,952,21 Feb 2022,10 PARI DEDAP WALK #09-18,Resale,Strata,80,"10,250",-,Condominium,1,99 yrs from 20/06/2000,2004,Private,486062,16,48,East Region,Bedok
THE PLAZA,"930,000",828.83,"1,122",21 Feb 2022,7500A BEACH ROAD #26-314,Resale,Strata,77,"12,078",-,Apartment,1,99 yrs from 03/09/1968,1979,Private,199591,07,19,Central Region,Downtown Core
MERAWOODS,"1,850,000","1,345.5","1,375",21 Feb 2022,136B HILLVIEW AVENUE #08-02,Resale,Strata,125,"14,800",-,Condominium,1,999 yrs from 12/10/1885,1999,HDB,669607,23,66,West Region,Bukit Batok
THE EASTSIDE,"1,800,000","1,022.58","1,760",21 Feb 2022,507 JOO CHIAT ROAD #04-03,Resale,Strata,95,"18,947",-,Apartment,1,Freehold,2006,HDB,427693,15,42,Central Region,Marine Parade
LOYANG VALLEY,"1,400,000","1,485.43",942,21 Feb 2022,210 LOYANG AVENUE #04-06,Resale,Strata,138,"10,145",-,Condominium,1,99 yrs from 20/08/1982,1985,Private,509063,17,50,East Region,Pasir Ris
HILLSTA,"915,000",764.24,"1,197",21 Feb 2022,68 PHOENIX ROAD #20-13,Resale,Strata,71,"12,887",-,Condominium,1,99 yrs from 03/10/2011,2016,HDB,668202,23,66,West Region,Bukit Batok
CUBE 8,"983,888",559.73,"1,758",21 Feb 2022,376 THOMSON ROAD #19-06,Resale,Strata,52,"18,921",-,Condominium,1,Freehold,2013,HDB,298130,11,29,Central Region,Novena
RIVERVALE CREST,"958,000","1,205.57",795,21 Feb 2022,9 RIVERVALE CRESCENT #06-32,Resale,Strata,112,"8,554",-,Apartment,1,99 yrs from 06/12/1997,2002,Private,545086,19,54,North East Region,Sengkang
SYMPHONY SUITES,"942,000",785.77,"1,199",21 Feb 2022,1 YISHUN CLOSE #01-03,Resale,Strata,73,"12,904",-,Condominium,1,99 yrs from 10/06/2014,2018,Private,768004,27,76,North Region,Yishun
EDEN VIEW,"1,830,000","1,948.28",939,21 Feb 2022,6 EDEN GROVE #05-03,Resale,Strata,181,"10,110",-,Apartment,1,Freehold,2006,Private,539102,19,53,North East Region,Serangoon
BAODE BUILDING,"27,000,000","17,179.34","1,572",21 Feb 2022,"8 ENBLOC LORONG 35 GEYLANG #02-01,02 ETC",Resale,Strata,"1,596","16,917",-,Apartment,14,Freehold,1991,HDB,387940,14,38,Central Region,Geylang
WATERFRONT WAVES,"1,660,000","1,323.97","1,254",22 Feb 2022,760 BEDOK RESERVOIR ROAD #13-07,Resale,Strata,123,"13,496",-,Condominium,1,99 yrs from 31/10/2007,2011,Private,479245,16,47,East Region,Bedok
MARINA BAY SUITES,"3,100,000","1,625.36","1,907",22 Feb 2022,3 CENTRAL BOULEVARD #39-04,Resale,Strata,151,"20,530",-,Condominium,1,99 yrs from 08/03/2007,2013,Private,018965,01,01,Central Region,Downtown Core
HIGHLINE RESIDENCES,"1,000,000",505.91,"1,977",22 Feb 2022,7 KIM TIAN ROAD #33-09,Resale,Strata,47,"21,277",-,Condominium,1,99 yrs from 22/07/2013,2018,Private,168592,03,16,Central Region,Bukit Merah
D'LEEDON,"1,213,900",635.08,"1,911",22 Feb 2022,11 LEEDON HEIGHTS #23-39,Resale,Strata,59,"20,575",-,Condominium,1,99 yrs from 08/04/2010,2014,Private,267955,10,26,Central Region,Bukit Timah
THE ALCOVE,"1,260,000","1,323.97",952,22 Feb 2022,10 LORONG 27 GEYLANG #04-05,Resale,Strata,123,"10,244",-,Apartment,1,99 yrs from 06/10/2000,2004,Private,388199,14,38,Central Region,Geylang
MARINA ONE RESIDENCES,"1,671,612",721.19,"2,318",22 Feb 2022,23 MARINA WAY #26-21,Resale,Strata,67,"24,949",-,Apartment,1,99 yrs from 01/07/2011,2017,Private,018979,01,01,Central Region,Downtown Core
TANAMERA CREST,"1,153,800","1,194.8",966,22 Feb 2022,8 PARI DEDAP WALK #06-11,Resale,Strata,111,"10,395",-,Condominium,1,99 yrs from 20/06/2000,2004,HDB,486061,16,48,East Region,Bedok
COCO PALMS,"1,260,000",914.94,"1,377",22 Feb 2022,31 PASIR RIS GROVE #10-61,Resale,Strata,85,"14,824",-,Condominium,1,99 yrs from 07/01/2008,2018,HDB,518075,18,51,East Region,Pasir Ris
RIPPLE BAY,"631,000",484.38,"1,303",22 Feb 2022,4 PASIR RIS LINK #09-13,Resale,Strata,45,"14,022",-,Condominium,1,99 yrs from 10/08/2011,2015,Private,518160,18,51,East Region,Pasir Ris
THE TRIZON,"3,650,000","1,894.46","1,927",22 Feb 2022,6 RIDGEWOOD CLOSE #15-05,Resale,Strata,176,"20,739",-,Condominium,1,Freehold,2012,Private,276697,10,27,Central Region,Bukit Timah
SAVANNAH CONDOPARK,"1,340,000","1,453.14",922,22 Feb 2022,39 SIMEI RISE #02-17,Resale,Strata,135,"9,926",-,Condominium,1,99 yrs from 29/11/2000,2005,Private,528783,18,52,East Region,Tampines
EMERALD EAST,"1,540,000",925.7,"1,664",22 Feb 2022,8D TANJONG RHU ROAD #05-02,Resale,Strata,86,"17,907",-,Apartment,1,Freehold,1999,HDB,436892,15,43,Central Region,Kallang
BOATHOUSE RESIDENCES,"1,310,000","1,108.69","1,182",22 Feb 2022,25 UPPER SERANGOON VIEW #15-08,Resale,Strata,103,"12,718",-,Condominium,1,99 yrs from 09/02/2011,2015,Private,534046,19,53,North East Region,Hougang
JADESCAPE,"958,000",527.44,"1,816",22 Feb 2022,2 SHUNFU ROAD #22-04,New Sale,Strata,49,"19,551",-,Condominium,1,99 yrs from 19/06/2018,Uncompleted,Private,575742,20,57,Central Region,Bishan
FOURTH AVENUE RESIDENCES,"2,370,000",968.76,"2,446",22 Feb 2022,12 FOURTH AVENUE #03-43,New Sale,Strata,90,"26,333",-,Apartment,1,99 yrs from 07/03/2018,Uncompleted,Private,268676,10,26,Central Region,Bukit Timah
THE FLORENCE RESIDENCES,"1,189,000",635.08,"1,872",22 Feb 2022,97 HOUGANG AVENUE 2 #15-77,New Sale,Strata,59,"20,153",-,Apartment,1,99 yrs from 24/12/2018,Uncompleted,Private,533753,19,53,North East Region,Hougang
THE IVERIA,"2,324,000",914.94,"2,540",22 Feb 2022,2 KIM YAM ROAD #06-03,New Sale,Strata,85,"27,341",-,Apartment,1,Freehold,Uncompleted,N.A,239320,09,23,Central Region,River Valley
NORMANTON PARK,"1,762,000",968.76,"1,819",22 Feb 2022,47 NORMANTON PARK #15-15,New Sale,Strata,90,"19,578",-,Apartment,1,99 yrs from 22/07/2019,Uncompleted,Private,119028,05,11,Central Region,Queenstown
NORMANTON PARK,"1,730,000",936.47,"1,847",22 Feb 2022,61 NORMANTON PARK #13-74,New Sale,Strata,87,"19,885",-,Apartment,1,99 yrs from 22/07/2019,Uncompleted,Private,117286,05,11,Central Region,Queenstown
URBAN TREASURES,"1,236,740",635.08,"1,947",22 Feb 2022,207 JALAN EUNOS #03-13,New Sale,Strata,59,"20,962",-,Condominium,1,Freehold,Uncompleted,Private,415799,14,41,East Region,Bedok
VERDALE,"1,368,000",731.95,"1,869",22 Feb 2022,2 DE SOUZA AVENUE #04-02,New Sale,Strata,68,"20,118",-,Apartment,1,99 yrs from 05/12/2018,Uncompleted,HDB,599458,21,59,Central Region,Bukit Timah
AVENUE SOUTH RESIDENCE,"1,495,000",656.6,"2,277",22 Feb 2022,11 SILAT AVENUE #44-33,New Sale,Strata,61,"24,508",-,Apartment,1,99 yrs from 14/08/2018,Uncompleted,N.A,168877,03,16,Central Region,Bukit Merah
AVENUE SOUTH RESIDENCE,"2,214,000",947.23,"2,337",22 Feb 2022,11 SILAT AVENUE #52-36,New Sale,Strata,88,"25,159",-,Apartment,1,99 yrs from 14/08/2018,Uncompleted,Private,168877,03,16,Central Region,Bukit Merah
AVENUE SOUTH RESIDENCE,"1,545,000",656.6,"2,353",22 Feb 2022,13 SILAT AVENUE #50-45,New Sale,Strata,61,"25,328",-,Apartment,1,99 yrs from 14/08/2018,Uncompleted,N.A,168878,03,16,Central Region,Bukit Merah
SKY EVERTON,"3,800,000","1,345.5","2,824",22 Feb 2022,50 EVERTON ROAD #30-08,New Sale,Strata,125,"30,400",-,Apartment,1,Freehold,Uncompleted,N.A,089396,02,08,Central Region,Bukit Merah
MIDWOOD,"1,298,000",699.66,"1,855",22 Feb 2022,8 HILLVIEW RISE #27-04,New Sale,Strata,65,"19,969",-,Condominium,1,99 yrs from 01/10/2018,Uncompleted,Private,667971,23,66,West Region,Bukit Batok
MYRA,"1,490,000",699.66,"2,130",22 Feb 2022,9 MEYAPPA CHETTIAR ROAD #04-03,New Sale,Strata,65,"22,923",-,Apartment,1,Freehold,Uncompleted,N.A,358456,13,35,Central Region,Toa Payoh
DAIRY FARM RESIDENCES,"1,623,600","1,011.82","1,605",22 Feb 2022,6 DAIRY FARM LANE #04-03,New Sale,Strata,94,"17,272",-,Apartment,1,99 yrs from 05/12/2018,Uncompleted,N.A,677623,23,67,West Region,Bukit Panjang
DAIRY FARM RESIDENCES,"1,343,600",764.24,"1,758",22 Feb 2022,6 DAIRY FARM LANE #14-11,New Sale,Strata,71,"18,924",-,Apartment,1,99 yrs from 05/12/2018,Uncompleted,N.A,677623,23,67,West Region,Bukit Panjang
DAIRY FARM RESIDENCES,"1,239,600",721.19,"1,719",22 Feb 2022,8 DAIRY FARM LANE #02-23,New Sale,Strata,67,"18,501",-,Apartment,1,99 yrs from 05/12/2018,Uncompleted,HDB,677624,23,67,West Region,Bukit Panjang
DAIRY FARM RESIDENCES,"1,252,900",731.95,"1,712",22 Feb 2022,8 DAIRY FARM LANE #01-23,New Sale,Strata,68,"18,425",-,Apartment,1,99 yrs from 05/12/2018,Uncompleted,N.A,677624,23,67,West Region,Bukit Panjang
FORETT AT BUKIT TIMAH,"1,609,000",764.24,"2,105",22 Feb 2022,34 TOH TUCK ROAD #01-23,New Sale,Strata,71,"22,662",-,Apartment,1,Freehold,Uncompleted,HDB,596712,21,59,Central Region,Bukit Timah
ARDMORE PARK,"10,500,000","2,884.75","3,640",22 Feb 2022,9 ARDMORE PARK #11-02,Resale,Strata,268,"39,179",-,Condominium,1,Freehold,2001,Private,259955,10,25,Central Region,Newton
RAFFLESIA CONDOMINIUM,"1,728,000","1,302.44","1,327",22 Feb 2022,33 BISHAN STREET 21 #14-10,Resale,Strata,121,"14,281",-,Condominium,1,99 yrs from 18/07/1997,2003,HDB,579801,20,57,Central Region,Bishan
THE LUXURIE,"1,000,000",775.01,"1,290",22 Feb 2022,27 COMPASSVALE ROAD #13-33,Resale,Strata,72,"13,889",-,Condominium,1,99 yrs from 15/06/2011,2015,HDB,544757,19,54,North East Region,Sengkang
HEDGES PARK CONDOMINIUM,"760,000",764.24,994,22 Feb 2022,75 FLORA DRIVE #03-18,Resale,Strata,71,"10,704",-,Condominium,1,99 yrs from 28/07/2010,2015,Private,506883,17,50,East Region,Pasir Ris
CITYLIGHTS,"2,200,000","1,410.08","1,560",22 Feb 2022,80 JELLICOE ROAD #22-02,Resale,Strata,131,"16,794",-,Condominium,1,99 yrs from 05/01/2004,2007,Private,208766,08,20,Central Region,Kallang
PARC SEABREEZE,"4,200,000","2,561.83","1,639",22 Feb 2022,532 JOO CHIAT ROAD #19-05,Resale,Strata,238,"17,647",-,Apartment,1,Freehold,2012,HDB,427711,15,42,Central Region,Marine Parade
TREVISTA,"1,880,000","1,130.22","1,663",22 Feb 2022,21 LORONG 3 TOA PAYOH #34-06,Resale,Strata,105,"17,905",-,Condominium,1,99 yrs from 15/07/2008,2011,Private,319581,12,31,Central Region,Toa Payoh
MELROSE VILLE,"810,000",592.02,"1,368",22 Feb 2022,10 ROSE LANE #05-06,Resale,Strata,55,"14,727",-,Apartment,1,Freehold,2011,HDB,437370,15,43,Central Region,Geylang
MANDARIN GARDENS,"1,983,800","1,528.49","1,298",22 Feb 2022,7 SIGLAP ROAD #19-65,Resale,Strata,142,"13,970",-,Condominium,1,99 yrs from 08/03/1982,1986,Private,448909,15,44,East Region,Bedok
THE TENNERY,"750,000",613.55,"1,222",22 Feb 2022,5A WOODLANDS ROAD #12-26,Resale,Strata,57,"13,158",-,Apartment,1,99 yrs from 24/05/2010,2014,HDB,677728,23,67,West Region,Choa Chu Kang
OUE TWIN PEAKS,"3,320,000","1,399.32","2,373",22 Feb 2022,33 LEONIE HILL ROAD #15-03,Resale,Strata,130,"25,538",-,Condominium,1,99 yrs from 10/05/2010,2015,Private,239197,09,23,Central Region,River Valley
AQUARINE GARDENS,"1,400,000","1,076.4","1,301",22 Feb 2022,91 UPPER EAST COAST ROAD #02-03,Resale,Strata,100,"14,000",-,Apartment,1,Freehold,2004,Private,455225,15,45,East Region,Bedok
THE SHORE RESIDENCES,"1,580,000",893.41,"1,769",22 Feb 2022,81 AMBER ROAD #19-02,Resale,Strata,83,"19,036",-,Condominium,1,103 yrs from 18/08/2009,2014,HDB,439893,15,43,Central Region,Marine Parade
THE QUINN,"2,280,000","1,733","1,316",22 Feb 2022,11 BARTLEY ROAD #05-12,Resale,Strata,161,"14,161",-,Apartment,1,Freehold,2016,Private,539765,19,53,North East Region,Serangoon
THE ALCOVE,"1,780,000","2,314.26",769,22 Feb 2022,10 LORONG 27 GEYLANG #08-09,Resale,Strata,215,"8,279",-,Apartment,1,99 yrs from 06/10/2000,2004,Private,388199,14,38,Central Region,Geylang
HIGH OAK CONDOMINIUM,"1,600,000","1,367.03","1,170",22 Feb 2022,11 TOH TUCK ROAD #04-32,Resale,Strata,127,"12,598",-,Condominium,1,99 yrs from 24/04/1996,1999,HDB,596290,21,59,Central Region,Bukit Timah
RIPPLE BAY,"840,000",785.77,"1,069",22 Feb 2022,8 PASIR RIS LINK #04-35,Resale,Strata,73,"11,507",-,Condominium,1,99 yrs from 10/08/2011,2015,Private,518162,18,51,East Region,Pasir Ris
COCO PALMS,"1,250,000",904.18,"1,382",22 Feb 2022,13 PASIR RIS GROVE #09-09,Resale,Strata,84,"14,881",-,Condominium,1,99 yrs from 07/01/2008,2018,Private,518141,18,51,East Region,Pasir Ris
QUEENS,"2,650,000","2,281.97","1,161",22 Feb 2022,16 STIRLING ROAD #38-19,Resale,Strata,212,"12,500",-,Condominium,1,99 yrs from 16/02/1998,2002,HDB,148957,03,14,Central Region,Queenstown
ONE-NORTH RESIDENCES,"918,000",592.02,"1,551",22 Feb 2022,7 ONE-NORTH GATEWAY #05-14,Resale,Strata,55,"16,691",-,Apartment,1,99 yrs from 15/09/2005,2009,Private,138642,05,13,Central Region,Queenstown
THE TENNERY,"760,000",613.55,"1,239",22 Feb 2022,3 WOODLANDS ROAD #14-10,Resale,Strata,57,"13,333",-,Apartment,1,99 yrs from 24/05/2010,2014,HDB,677901,23,67,West Region,Choa Chu Kang
THE WHARF RESIDENCE,"2,250,000","1,033.34","2,177",22 Feb 2022,15 TONG WATT ROAD #06-09,Resale,Strata,96,"23,438",-,Condominium,1,999 yrs from 01/07/1841,2012,Private,238026,09,23,Central Region,River Valley
EUHABITAT,"948,000",904.18,"1,048",22 Feb 2022,204 JALAN EUNOS #03-47,Resale,Strata,84,"11,286",-,Condominium,1,99 yrs from 06/12/2010,2015,Private,419546,14,41,East Region,Bedok
MEYERHOUSE,"8,101,000","3,315.31","2,444",23 Feb 2022,128 MEYER ROAD #05-04,New Sale,Strata,308,"26,302",-,Condominium,1,Freehold,Uncompleted,N.A,437938,15,43,Central Region,Marine Parade
HAUS ON HANDY,"1,387,000",516.67,"2,684",23 Feb 2022,28 HANDY ROAD #07-03,New Sale,Strata,48,"28,896",-,Condominium,1,99 yrs from 07/05/2018,Uncompleted,Private,229240,09,22,Central Region,Museum
ROYALGREEN,"2,784,450",979.52,"2,843",23 Feb 2022,6A ANAMALAI AVENUE #04-44,New Sale,Strata,91,"30,598",-,Condominium,1,Freehold,2021,Private,279995,10,27,Central Region,Bukit Timah
NORMANTON PARK,"1,735,000",968.76,"1,791",23 Feb 2022,47 NORMANTON PARK #06-15,New Sale,Strata,90,"19,278",-,Apartment,1,99 yrs from 22/07/2019,Uncompleted,N.A,119028,05,11,Central Region,Queenstown
NORMANTON PARK,"1,732,000",968.76,"1,788",23 Feb 2022,47 NORMANTON PARK #05-15,New Sale,Strata,90,"19,244",-,Apartment,1,99 yrs from 22/07/2019,Uncompleted,N.A,119028,05,11,Central Region,Queenstown
NORMANTON PARK,"1,781,000",968.76,"1,838",23 Feb 2022,49 NORMANTON PARK #13-24,New Sale,Strata,90,"19,789",-,Apartment,1,99 yrs from 22/07/2019,Uncompleted,HDB,117280,05,11,Central Region,Queenstown
NORMANTON PARK,"1,029,000",527.44,"1,951",23 Feb 2022,51 NORMANTON PARK #14-34,New Sale,Strata,49,"21,000",-,Apartment,1,99 yrs from 22/07/2019,Uncompleted,Private,117281,05,11,Central Region,Queenstown
NORMANTON PARK,"1,978,000","1,065.64","1,856",23 Feb 2022,57 NORMANTON PARK #09-55,New Sale,Strata,99,"19,980",-,Apartment,1,99 yrs from 22/07/2019,Uncompleted,Private,117284,05,11,Central Region,Queenstown
NORMANTON PARK,"1,009,000",527.44,"1,913",23 Feb 2022,57 NORMANTON PARK #10-62,New Sale,Strata,49,"20,592",-,Apartment,1,99 yrs from 22/07/2019,Uncompleted,Private,117284,05,11,Central Region,Queenstown
VERTICUS,"1,588,000",775.01,"2,049",23 Feb 2022,3 JALAN KEMAMAN #13-01,New Sale,Strata,72,"22,056",-,Apartment,1,Freehold,Uncompleted,HDB,329343,12,32,Central Region,Novena
VERTICUS,"1,532,000",753.48,"2,033",23 Feb 2022,3 JALAN KEMAMAN #13-02,New Sale,Strata,70,"21,886",-,Apartment,1,Freehold,Uncompleted,HDB,329343,12,32,Central Region,Novena
VERTICUS,"1,503,000",753.48,"1,995",23 Feb 2022,3 JALAN KEMAMAN #09-02,New Sale,Strata,70,"21,471",-,Apartment,1,Freehold,Uncompleted,HDB,329343,12,32,Central Region,Novena
VERDALE,"1,386,700",731.95,"1,895",23 Feb 2022,6 DE SOUZA AVENUE #04-16,New Sale,Strata,68,"20,393",-,Apartment,1,99 yrs from 05/12/2018,Uncompleted,N.A,599460,21,59,Central Region,Bukit Timah
AVENUE SOUTH RESIDENCE,"3,115,000","1,496.2","2,082",23 Feb 2022,13 SILAT AVENUE #27-37,New Sale,Strata,139,"22,410",-,Apartment,1,99 yrs from 14/08/2018,Uncompleted,N.A,168878,03,16,Central Region,Bukit Merah
AVENUE SOUTH RESIDENCE,"1,692,000",656.6,"2,577",23 Feb 2022,13 SILAT AVENUE #52-40,New Sale,Strata,61,"27,738",-,Apartment,1,99 yrs from 14/08/2018,Uncompleted,Private,168878,03,16,Central Region,Bukit Merah
MEYER MANSION,"3,763,500","1,496.2","2,515",23 Feb 2022,79 MEYER ROAD #08-03,New Sale,Strata,139,"27,076",-,Apartment,1,Freehold,Uncompleted,Private,437906,15,43,Central Region,Marine Parade
DAIRY FARM RESIDENCES,"1,306,900",721.19,"1,812",23 Feb 2022,8 DAIRY FARM LANE #14-23,New Sale,Strata,67,"19,506",-,Apartment,1,99 yrs from 05/12/2018,Uncompleted,HDB,677624,23,67,West Region,Bukit Panjang
KOPAR AT NEWTON,"4,136,220","1,819.12","2,274",23 Feb 2022,6 MAKEWAY AVENUE #07-01,New Sale,Strata,169,"24,475",-,Apartment,1,99 yrs from 22/04/2019,Uncompleted,N.A,228606,09,22,Central Region,Novena
THE METROPOLITAN CONDOMINIUM,"3,150,000","1,894.46","1,663",23 Feb 2022,6 ALEXANDRA VIEW #32-03,Resale,Strata,176,"17,898",-,Condominium,1,99 yrs from 17/02/2006,2009,Private,158746,03,15,Central Region,Bukit Merah
SEASCAPE,"5,589,300","2,669.47","2,094",23 Feb 2022,59 COVE WAY #04-10,Resale,Strata,248,"22,538",-,Condominium,1,99 yrs from 09/06/2007,2011,Private,098309,04,09,Central Region,Southern Islands
FOUR SEASONS PARK,"6,900,000","2,260.44","3,053",23 Feb 2022,10 CUSCADEN WALK #20-01,Resale,Strata,210,"32,857",-,Condominium,1,Freehold,1994,Private,249693,10,24,Central Region,River Valley
WATERBANK AT DAKOTA,"1,140,000",624.31,"1,826",23 Feb 2022,78 DAKOTA CRESCENT #13-16,Resale,Strata,58,"19,655",-,Condominium,1,99 yrs from 07/12/2009,2013,Private,399945,14,39,Central Region,Geylang
MAYFAIR RESIDENCES,"2,060,000","1,227.1","1,679",23 Feb 2022,531 EAST COAST ROAD #01-02,Resale,Strata,114,"18,070",-,Apartment,1,Freehold,2017,Private,429065,15,42,East Region,Bedok
EASTWOOD CENTRE,"1,300,000","1,399.32",929,23 Feb 2022,20 EASTWOOD ROAD #04-14,Resale,Strata,130,"10,000",-,Apartment,1,99 yrs from 06/11/1995,1998,Private,486442,16,48,East Region,Bedok
SPRING GROVE,"2,260,000","1,388.56","1,628",23 Feb 2022,53 GRANGE ROAD #15-01,Resale,Strata,129,"17,519",-,Condominium,1,99 yrs from 01/12/1991,1996,Private,249565,10,24,Central Region,Tanglin
VISTA RESIDENCES,"2,420,000","1,410.08","1,716",23 Feb 2022,26 JALAN DATOH #31-02,Resale,Strata,131,"18,473",-,Condominium,1,Freehold,2013,Private,329425,12,32,Central Region,Novena
LAKEVILLE,"1,220,000",775.01,"1,574",23 Feb 2022,7 JURONG LAKE LINK #06-29,Resale,Strata,72,"16,944",-,Condominium,1,99 yrs from 30/04/2013,2017,Private,648163,22,64,West Region,Jurong West
HIGHLINE RESIDENCES,"1,830,000",904.18,"2,024",23 Feb 2022,11 KIM TIAN ROAD #08-19,Resale,Strata,84,"21,786",-,Condominium,1,99 yrs from 22/07/2013,2018,Private,168594,03,16,Central Region,Bukit Merah
BARTLEY RESIDENCES,"2,120,000","1,636.13","1,296",23 Feb 2022,3 LORONG HOW SUN #13-13,Resale,Strata,152,"13,947",-,Apartment,1,99 yrs from 29/06/2011,2015,Private,536560,19,53,North East Region,Serangoon
KENTISH LODGE,"1,385,000","1,259.39","1,100",23 Feb 2022,3 OXFORD ROAD #04-01,Resale,Strata,117,"11,838",-,Apartment,1,99 yrs from 01/03/1995,1998,HDB,218814,08,21,Central Region,Kallang
NV RESIDENCES,"2,266,200","2,508.01",904,23 Feb 2022,91 PASIR RIS GROVE #13-31,Resale,Strata,233,"9,726",-,Condominium,1,99 yrs from 07/01/2008,2013,Private,518190,18,51,East Region,Pasir Ris
COSTA RHU,"1,590,000","1,399.32","1,136",23 Feb 2022,9 RHU CROSS #04-04,Resale,Strata,130,"12,231",-,Condominium,1,99 yrs from 30/05/1994,1997,Private,437436,15,43,Central Region,Kallang
BUKIT REGENCY,"1,980,000","1,453.14","1,363",23 Feb 2022,1 UPPER BUKIT TIMAH VIEW #05-07,Resale,Strata,135,"14,667",-,Condominium,1,Freehold,1995,HDB,588132,21,58,Central Region,Bukit Timah
RIVERSAILS,"1,050,000",947.23,"1,108",23 Feb 2022,22 UPPER SERANGOON CRESCENT #03-55,Resale,Strata,88,"11,932",-,Condominium,1,99 yrs from 07/12/2011,2016,HDB,534025,19,53,North East Region,Hougang
PARC RIVIERA,"715,000",462.85,"1,545",23 Feb 2022,103 WEST COAST VALE #18-15,Resale,Strata,43,"16,628",-,Condominium,1,99 yrs from 11/11/2015,2019,HDB,126754,05,12,West Region,Clementi
PARC MONDRIAN,"1,720,000","1,173.28","1,466",23 Feb 2022,21 WOODLEIGH CLOSE #07-03,Resale,Strata,109,"15,780",-,Apartment,1,Freehold,2010,Private,357916,13,35,Central Region,Toa Payoh
NORTH PARK RESIDENCES,"1,362,000",871.88,"1,562",23 Feb 2022,15 YISHUN CENTRAL 1 #05-17,Sub Sale,Strata,81,"16,815",-,Apartment,1,99 yrs from 19/03/2015,2018,Private,768797,27,76,North Region,Yishun
ZENITH,"1,550,000",742.72,"2,087",23 Feb 2022,60 ZION ROAD #05-03,Resale,Strata,69,"22,464",-,Apartment,1,999 yrs from 21/06/1877,2011,HDB,247785,10,24,Central Region,Tanglin
DE ROYALE,"1,870,000","1,280.92","1,460",23 Feb 2022,31 JALAN RAMA RAMA #12-02,Resale,Strata,119,"15,714",-,Condominium,1,Freehold,2006,Private,329111,12,32,Central Region,Novena
TRIBECA,"3,760,000","1,905.23","1,974",23 Feb 2022,60 KIM SENG ROAD #05-06,Resale,Strata,177,"21,243",-,Condominium,1,Freehold,2010,Private,239497,09,23,Central Region,Singapore River
SILVERSEA,"4,650,000","2,540.3","1,830",23 Feb 2022,52 MARINE PARADE ROAD #17-22,Resale,Strata,236,"19,703",-,Condominium,1,99 yrs from 20/07/2007,2014,Private,449308,15,44,Central Region,Marine Parade
THE IVERIA,"2,388,000",904.18,"2,641",23 Feb 2022,2 KIM YAM ROAD #18-02,New Sale,Strata,84,"28,429",-,Apartment,1,Freehold,Uncompleted,N.A,239320,09,23,Central Region,River Valley
ONE BALMORAL,"2,600,000","1,184.04","2,196",23 Feb 2022,1 BALMORAL ROAD #01-02,Resale,Strata,110,"23,636",-,Condominium,1,Freehold,2016,Private,259784,10,25,Central Region,Tanglin
SKY HABITAT,"2,200,000","1,248.62","1,762",23 Feb 2022,9 BISHAN STREET 15 #08-18,Resale,Strata,116,"18,966",-,Condominium,1,99 yrs from 30/05/2011,2015,Private,573909,20,57,Central Region,Bishan
THE GLADES,"680,000",452.09,"1,504",23 Feb 2022,12 BEDOK RISE #05-40,Resale,Strata,42,"16,190",-,Condominium,1,99 yrs from 21/01/2013,2016,Private,465407,16,46,East Region,Bedok
SOLEIL @ SINARAN,"2,210,000","1,097.93","2,013",23 Feb 2022,2 SINARAN DRIVE #35-06,Resale,Strata,102,"21,667",-,Condominium,1,99 yrs from 23/10/2006,2011,HDB,307467,11,30,Central Region,Novena
RIVERSAILS,"1,268,000","1,108.69","1,144",23 Feb 2022,12 UPPER SERANGOON CRESCENT #09-33,Resale,Strata,103,"12,311",-,Condominium,1,99 yrs from 07/12/2011,2016,Private,534030,19,53,North East Region,Hougang
JOOL SUITES,"670,000",409.03,"1,638",23 Feb 2022,2 SING JOO WALK #03-11,Resale,Strata,38,"17,632",-,Apartment,1,Freehold,2013,HDB,217811,08,21,Central Region,Kallang
STRATUM,"1,280,000","1,097.93","1,166",23 Feb 2022,84 ELIAS ROAD #02-16,Resale,Strata,102,"12,549",-,Condominium,1,99 yrs from 11/07/2012,2016,HDB,519947,18,51,East Region,Pasir Ris
AMBER PARK,"3,243,000","1,302.44","2,490",24 Feb 2022,18A AMBER GARDENS #09-26,New Sale,Strata,121,"26,802",-,Condominium,1,Freehold,Uncompleted,N.A,439981,15,43,Central Region,Marine Parade
NYON,"1,715,000",721.19,"2,378",24 Feb 2022,12 AMBER ROAD #11-01,New Sale,Strata,67,"25,597",-,Apartment,1,Freehold,Uncompleted,HDB,439858,15,43,Central Region,Marine Parade
THE FLORENCE RESIDENCES,"2,188,000","1,280.92","1,708",24 Feb 2022,89 HOUGANG AVENUE 2 #13-41,New Sale,Strata,119,"18,387",-,Apartment,1,99 yrs from 24/12/2018,Uncompleted,Private,538863,19,53,North East Region,Hougang
NORMANTON PARK,"1,030,000",527.44,"1,953",24 Feb 2022,51 NORMANTON PARK #15-35,New Sale,Strata,49,"21,020",-,Apartment,1,99 yrs from 22/07/2019,Uncompleted,HDB,117281,05,11,Central Region,Queenstown
VERTICUS,"1,652,000",775.01,"2,132",24 Feb 2022,3 JALAN KEMAMAN #20-01,New Sale,Strata,72,"22,944",-,Apartment,1,Freehold,Uncompleted,HDB,329343,12,32,Central Region,Novena
AVENUE SOUTH RESIDENCE,"1,321,000",527.44,"2,505",24 Feb 2022,13 SILAT AVENUE #47-39,New Sale,Strata,49,"26,959",-,Apartment,1,99 yrs from 14/08/2018,Uncompleted,HDB,168878,03,16,Central Region,Bukit Merah
SKY EVERTON,"3,750,000","1,345.5","2,787",24 Feb 2022,50 EVERTON ROAD #27-08,New Sale,Strata,125,"30,000",-,Apartment,1,Freehold,Uncompleted,N.A,089396,02,08,Central Region,Bukit Merah
SKY EVERTON,"3,810,000","1,345.5","2,832",24 Feb 2022,50 EVERTON ROAD #31-08,New Sale,Strata,125,"30,480",-,Apartment,1,Freehold,Uncompleted,N.A,089396,02,08,Central Region,Bukit Merah
MIDWOOD,"1,724,000",990.29,"1,741",24 Feb 2022,10 HILLVIEW RISE #23-18,New Sale,Strata,92,"18,739",-,Condominium,1,99 yrs from 01/10/2018,Uncompleted,N.A,667972,23,66,West Region,Bukit Batok
MIDWOOD,"1,308,000",699.66,"1,869",24 Feb 2022,8 HILLVIEW RISE #29-04,New Sale,Strata,65,"20,123",-,Condominium,1,99 yrs from 01/10/2018,Uncompleted,N.A,667971,23,66,West Region,Bukit Batok
DAIRY FARM RESIDENCES,"1,449,100",936.47,"1,547",24 Feb 2022,12 DAIRY FARM LANE #04-37,New Sale,Strata,87,"16,656",-,Apartment,1,99 yrs from 05/12/2018,Uncompleted,N.A,677615,23,67,West Region,Bukit Panjang
LEEDON GREEN,"1,913,000",710.42,"2,693",24 Feb 2022,28 LEEDON HEIGHTS #09-13,New Sale,Strata,66,"28,985",-,Condominium,1,Freehold,Uncompleted,N.A,266222,10,26,Central Region,Bukit Timah
MORI,"1,345,000",710.42,"1,893",24 Feb 2022,223 GUILLEMARD ROAD #04-12,New Sale,Strata,66,"20,379",-,Apartment,1,Freehold,Uncompleted,N.A,399738,14,39,Central Region,Geylang
CARDIFF RESIDENCE,"605,000",419.8,"1,441",24 Feb 2022,103 CARDIFF GROVE #02-27,Resale,Strata,39,"15,513",-,Condominium,1,99 yrs from 04/11/2011,2014,HDB,558962,19,55,North East Region,Serangoon
ECHELON,"2,420,000","1,345.5","1,799",24 Feb 2022,7 ALEXANDRA VIEW #02-06,Resale,Strata,125,"19,360",-,Condominium,1,99 yrs from 06/03/2012,2016,Private,158741,03,15,Central Region,Bukit Merah
NOUVEL 18,"9,384,000","2,820.17","3,327",24 Feb 2022,18 ANDERSON ROAD #26-03,Resale,Strata,262,"35,817",-,Condominium,1,Freehold,2014,Private,259977,10,25,Central Region,Newton
THE STERLING,"2,950,000","1,506.96","1,958",24 Feb 2022,1003 BUKIT TIMAH ROAD #07-03,Resale,Strata,140,"21,071",-,Condominium,1,Freehold,2000,Private,596289,21,59,Central Region,Bukit Timah
REGENT GROVE,"918,000","1,162.51",790,24 Feb 2022,50 CHOA CHU KANG NORTH 7 #13-07,Resale,Strata,108,"8,500",-,Condominium,1,99 yrs from 17/05/1997,2000,HDB,689527,23,68,West Region,Choa Chu Kang
JEWEL @ BUANGKOK,"1,588,000","1,130.22","1,405",24 Feb 2022,87 COMPASSVALE BOW #09-26,Resale,Strata,105,"15,124",-,Condominium,1,99 yrs from 12/09/2012,2016,HDB,544686,19,54,North East Region,Sengkang
MARINA COLLECTION,"7,100,000","3,939.62","1,802",24 Feb 2022,13 COVE DRIVE #04-01,Resale,Strata,366,"19,399",-,Condominium,1,99 yrs from 03/01/2007,2011,Private,098327,04,09,Central Region,Southern Islands
EDELWEISS PARK CONDOMINIUM,"1,257,000","1,280.92",981,24 Feb 2022,92 FLORA ROAD #06-38,Resale,Strata,119,"10,563",-,Condominium,1,Freehold,2006,Private,507005,17,50,East Region,Pasir Ris
SUMMERHILL,"1,480,000",947.23,"1,562",24 Feb 2022,52 HUME AVENUE #04-07,Resale,Strata,88,"16,818",-,Condominium,1,Freehold,2002,HDB,596230,21,59,West Region,Bukit Batok
THE CENTRIS,"1,530,000","1,291.68","1,185",24 Feb 2022,77 JURONG WEST CENTRAL 3 #09-29,Resale,Strata,120,"12,750",-,Apartment,1,99 yrs from 21/06/2006,2009,HDB,648338,22,64,West Region,Jurong West
CASA ROSA,"1,200,000","1,173.28","1,023",24 Feb 2022,37 LORONG ONG LYE #04-17,Resale,Strata,109,"11,009",-,Condominium,1,99 yrs from 02/02/1998,2001,HDB,536445,19,53,North East Region,Serangoon
SKIES MILTONIA,"780,000",721.19,"1,082",24 Feb 2022,21 MILTONIA CLOSE #07-04,Resale,Strata,67,"11,642",-,Condominium,1,99 yrs from 20/02/2012,2016,HDB,768058,27,76,North Region,Yishun
FONTANA HEIGHTS,"7,000,000","3,466.01","2,020",24 Feb 2022,39 MOUNT SINAI RISE #15-02,Resale,Strata,322,"21,739",-,Condominium,1,Freehold,1985,Private,276957,10,27,Central Region,Bukit Timah
COCO PALMS,"980,000",742.72,"1,319",24 Feb 2022,27 PASIR RIS GROVE #02-53,Resale,Strata,69,"14,203",-,Condominium,1,99 yrs from 07/01/2008,2018,Private,518073,18,51,East Region,Pasir Ris
RIPPLE BAY,"848,000",785.77,"1,079",24 Feb 2022,4 PASIR RIS LINK #04-12,Resale,Strata,73,"11,616",-,Condominium,1,99 yrs from 10/08/2011,2015,HDB,518160,18,51,East Region,Pasir Ris
MAYSPRINGS,"1,170,000","1,345.5",870,24 Feb 2022,6 PETIR ROAD #04-06,Resale,Strata,125,"9,360",-,Apartment,1,99 yrs from 01/12/1994,1998,HDB,678267,23,67,West Region,Bukit Panjang
10 SHELFORD,"815,000",430.56,"1,893",24 Feb 2022,10 SHELFORD ROAD #03-15,Resale,Strata,40,"20,375",-,Apartment,1,Freehold,2014,Private,288353,11,28,Central Region,Bukit Timah
Q BAY RESIDENCES,"1,000,000",828.83,"1,207",24 Feb 2022,3 TAMPINES STREET 86 #13-15,Resale,Strata,77,"12,987",-,Condominium,1,99 yrs from 21/08/2012,2016,HDB,528584,18,52,East Region,Tampines
RIVERSAILS,"2,480,000","2,637.18",940,24 Feb 2022,6 UPPER SERANGOON CRESCENT #18-15,Resale,Strata,245,"10,122",-,Condominium,1,99 yrs from 07/12/2011,2016,HDB,534033,19,53,North East Region,Hougang
BOATHOUSE RESIDENCES,"1,290,000","1,119.46","1,152",24 Feb 2022,25 UPPER SERANGOON VIEW #17-10,Resale,Strata,104,"12,404",-,Condominium,1,99 yrs from 09/02/2011,2015,HDB,534046,19,53,North East Region,Hougang
THE CALROSE,"1,888,000","1,248.62","1,512",24 Feb 2022,519 YIO CHU KANG ROAD #02-77,Resale,Strata,116,"16,276",-,Condominium,1,Freehold,2007,Private,787085,26,78,North East Region,Ang Mo Kio
N.A.,"3,180,000","1,797.59","1,769",24 Feb 2022,31 BALMORAL PARK #12-33,Resale,Strata,167,"19,042",-,Apartment,1,Freehold,-,Private,259858,10,25,Central Region,Tanglin
KEW GREEN,"2,680,000","3,509.06",764,24 Feb 2022,45 KEW CRESCENT,Resale,Strata,326,"8,221",-,Condominium,1,99 yrs from 21/04/1994,1997,Private,466202,16,46,East Region,Bedok
LA FIESTA,"1,150,000",839.59,"1,370",24 Feb 2022,72 SENGKANG SQUARE #02-48,Resale,Strata,78,"14,744",-,Condominium,1,99 yrs from 03/09/2012,2016,Private,544706,19,54,North East Region,Sengkang
URBAN VISTA,"785,000",602.78,"1,302",24 Feb 2022,2 TANAH MERAH KECHIL LINK #01-03,Resale,Strata,56,"14,018",-,Condominium,1,99 yrs from 05/11/2012,2016,Private,465417,16,46,East Region,Bedok
EAST MEADOWS,"1,305,000","1,237.86","1,054",24 Feb 2022,32 TANAH MERAH KECHIL ROAD #12-15,Resale,Strata,115,"11,348",-,Condominium,1,99 yrs from 02/03/1998,2002,Private,465559,16,46,East Region,Bedok
THE WATERSIDE,"3,810,000","2,142.04","1,779",24 Feb 2022,9 TANJONG RHU ROAD #16-01,Resale,Strata,199,"19,146",-,Condominium,1,Freehold,1992,Private,436894,15,43,Central Region,Kallang
PALM ISLES,"610,000",516.67,"1,181",24 Feb 2022,38 FLORA DRIVE #03-56,Resale,Strata,48,"12,708",-,Condominium,1,99 yrs from 14/09/2011,2015,Private,506895,17,50,East Region,Pasir Ris
WATERFRONT ISLE,"730,000",581.26,"1,256",24 Feb 2022,738 BEDOK RESERVOIR ROAD #14-30,Resale,Strata,54,"13,519",-,Condominium,1,99 yrs from 26/11/2009,2015,HDB,479265,16,47,East Region,Bedok
RIVER ISLES,"1,038,000",893.41,"1,162",24 Feb 2022,62 EDGEDALE PLAINS #12-24,Resale,Strata,83,"12,506",-,Condominium,1,99 yrs from 06/02/2012,2015,HDB,828730,19,82,North East Region,Punggol
THE POIZ RESIDENCES,"1,368,888",807.3,"1,696",24 Feb 2022,12 MEYAPPA CHETTIAR ROAD #08-37,Resale,Strata,75,"18,252",-,Apartment,1,99 yrs from 17/11/2014,2018,HDB,358474,13,35,Central Region,Toa Payoh
SENNETT RESIDENCE,"2,420,000","1,388.56","1,743",24 Feb 2022,37 PHENG GECK AVENUE #07-29,Resale,Strata,129,"18,760",-,Condominium,1,99 yrs from 28/11/2011,2016,Private,348232,13,34,Central Region,Toa Payoh
SPACE @ KOVAN,"610,000",419.8,"1,453",24 Feb 2022,11 YIO CHU KANG ROAD #02-04,Resale,Strata,39,"15,641",-,Apartment,1,Freehold,2015,HDB,545679,19,54,North East Region,Serangoon
BUTTERWORTH VIEW,"1,700,000","1,205.57","1,410",24 Feb 2022,21 BUTTERWORTH LANE #13-04,Resale,Strata,112,"15,179",-,Apartment,1,Freehold,1999,Private,439431,15,43,Central Region,Geylang
THE BLOSSOMVALE,"2,230,000","1,259.39","1,771",24 Feb 2022,900 DUNEARN ROAD #08-01,Resale,Strata,117,"19,060",-,Condominium,1,999 yrs from 15/08/1884,1998,HDB,589473,21,58,Central Region,Bukit Timah
THE MINTON,"1,120,000",979.52,"1,143",24 Feb 2022,8A HOUGANG STREET 11 #03-27,Resale,Strata,91,"12,308",-,Condominium,1,99 yrs from 27/07/2007,2013,HDB,534081,19,53,North East Region,Hougang
CAVENDISH PARK,"1,800,000","1,313.21","1,371",24 Feb 2022,16 PINE GROVE #10-05,Resale,Strata,122,"14,754",-,Condominium,1,99 yrs from 18/11/1991,1996,HDB,597593,21,59,Central Region,Bukit Timah
SELETAR PARK RESIDENCE,"1,038,000",839.59,"1,236",24 Feb 2022,21 SELETAR ROAD #02-57,Resale,Strata,78,"13,308",-,Condominium,1,99 yrs from 15/03/2011,2015,Private,807021,28,80,North East Region,Serangoon
STIRLING RESIDENCES,"1,338,888",624.31,"2,145",24 Feb 2022,21 STIRLING ROAD #18-04,Sub Sale,Strata,58,"23,084",-,Apartment,1,99 yrs from 18/08/2017,Uncompleted,Private,148960,03,14,Central Region,Queenstown
EIGHT RIVERSUITES,"1,130,000",699.66,"1,615",24 Feb 2022,10 WHAMPOA EAST #21-28,Resale,Strata,65,"17,385",-,Condominium,1,99 yrs from 11/07/2011,2016,HDB,338521,12,33,Central Region,Kallang
SEASTRAND,"1,300,000","1,227.1","1,059",24 Feb 2022,9 PASIR RIS LINK #03-24,Resale,Strata,114,"11,404",-,Condominium,1,99 yrs from 03/01/2011,2014,HDB,518189,18,51,East Region,Pasir Ris
EIGHT COURTYARDS,"920,000",958,960,24 Feb 2022,18B CANBERRA DRIVE #05-46,Resale,Strata,89,"10,337",-,Condominium,1,99 yrs from 20/09/2010,2014,HDB,768100,27,76,North Region,Yishun
WILKIE STUDIO,"1,900,000","1,194.8","1,590",24 Feb 2022,86 WILKIE ROAD #03-09,Resale,Strata,111,"17,117",-,Apartment,1,Freehold,2010,HDB,228096,09,22,Central Region,Rochor
THE SHORE RESIDENCES,"1,530,000",893.41,"1,713",24 Feb 2022,87 AMBER ROAD #16-24,Resale,Strata,83,"18,434",-,Condominium,1,103 yrs from 18/08/2009,2014,Private,439897,15,43,Central Region,Marine Parade
N.A.,"9,790,000","4,208.72","2,326",24 Feb 2022,8 NASSIM HILL #01-05,Resale,Strata,391,"25,038",-,Apartment,1,Freehold,2010,Private,258484,10,25,Central Region,Tanglin
RIVERFRONT RESIDENCES,"1,304,152","1,087.16","1,200",25 Feb 2022,43 HOUGANG AVENUE 7 #17-22,New Sale,Strata,101,"12,912",-,Apartment,1,99 yrs from 31/05/2018,Uncompleted,Private,533814,19,53,North East Region,Hougang
ONE PEARL BANK,"2,749,000","1,194.8","2,301",25 Feb 2022,1 PEARL BANK #03-08,New Sale,Strata,111,"24,766",-,Apartment,1,99 yrs from 01/03/2019,Uncompleted,N.A,169016,03,16,Central Region,Outram
NORMANTON PARK,"2,031,000","1,097.93","1,850",25 Feb 2022,51 NORMANTON PARK #04-29,New Sale,Strata,102,"19,912",-,Apartment,1,99 yrs from 22/07/2019,Uncompleted,Private,117281,05,11,Central Region,Queenstown
NORMANTON PARK,"1,032,000",527.44,"1,957",25 Feb 2022,51 NORMANTON PARK #16-35,New Sale,Strata,49,"21,061",-,Apartment,1,99 yrs from 22/07/2019,Uncompleted,HDB,117281,05,11,Central Region,Queenstown
NORMANTON PARK,"1,015,000",527.44,"1,924",25 Feb 2022,51 NORMANTON PARK #06-35,New Sale,Strata,49,"20,714",-,Apartment,1,99 yrs from 22/07/2019,Uncompleted,Private,117281,05,11,Central Region,Queenstown
NORMANTON PARK,"1,660,000",904.18,"1,836",25 Feb 2022,59 NORMANTON PARK #14-68,New Sale,Strata,84,"19,762",-,Apartment,1,99 yrs from 22/07/2019,Uncompleted,N.A,117285,05,11,Central Region,Queenstown
SENGKANG GRAND RESIDENCES,"1,700,850",936.47,"1,816",25 Feb 2022,74 COMPASSVALE BOW #04-11,New Sale,Strata,87,"19,550",-,Apartment,1,99 yrs from 13/11/2018,Uncompleted,N.A,544567,19,54,North East Region,Sengkang
MIDWOOD,"1,284,000",699.66,"1,835",25 Feb 2022,8 HILLVIEW RISE #22-04,New Sale,Strata,65,"19,754",-,Condominium,1,99 yrs from 01/10/2018,Uncompleted,Private,667971,23,66,West Region,Bukit Batok
MYRA,"1,570,000",731.95,"2,145",25 Feb 2022,9 MEYAPPA CHETTIAR ROAD #11-02,New Sale,Strata,68,"23,088",-,Apartment,1,Freehold,Uncompleted,Private,358456,13,35,Central Region,Toa Payoh
DAIRY FARM RESIDENCES,"1,627,500","1,011.82","1,608",25 Feb 2022,6 DAIRY FARM LANE #03-08,New Sale,Strata,94,"17,314",-,Apartment,1,99 yrs from 05/12/2018,Uncompleted,N.A,677623,23,67,West Region,Bukit Panjang
ONE-NORTH EDEN,"2,805,000","1,399.32","2,005",25 Feb 2022,10 SLIM BARRACKS RISE #13-12,New Sale,Strata,130,"21,577",-,Apartment,1,99 yrs from 10/12/2019,Uncompleted,N.A,138493,05,13,Central Region,Queenstown
CLOVER BY THE PARK,"2,500,000","1,733","1,443",25 Feb 2022,2 BISHAN STREET 25 #28-06,Resale,Strata,161,"15,528",-,Condominium,1,99 yrs from 10/09/2007,2011,Private,573973,20,57,Central Region,Bishan
THE LUXURIE,"1,100,000",936.47,"1,175",25 Feb 2022,23 COMPASSVALE ROAD #15-23,Resale,Strata,87,"12,644",-,Condominium,1,99 yrs from 15/06/2011,2015,Private,544755,19,54,North East Region,Sengkang
TRE RESIDENCES,"1,510,000",947.23,"1,594",25 Feb 2022,7 GEYLANG EAST AVENUE 1 #15-06,Resale,Strata,88,"17,159",-,Condominium,1,99 yrs from 23/04/2014,2018,HDB,389782,14,38,Central Region,Geylang
HILLVIEW GREEN,"1,388,000","1,173.28","1,183",25 Feb 2022,63 HUME AVENUE #01-02,Resale,Strata,109,"12,734",-,Condominium,1,999 yrs from 19/05/1883,1998,Private,598742,21,59,West Region,Bukit Batok
BIRCHWOOD MANSIONS,"1,500,000","1,259.39","1,191",25 Feb 2022,3 JALAN AMPAS #11-02,Resale,Strata,117,"12,821",-,Apartment,1,Freehold,1990,Private,329504,12,32,Central Region,Novena
CITY SQUARE RESIDENCES,"1,680,000",839.59,"2,001",25 Feb 2022,6 KITCHENER LINK #16-10,Resale,Strata,78,"21,538",-,Condominium,1,Freehold,2009,Private,207227,08,20,Central Region,Kallang
THE WATER EDGE,"652,000",430.56,"1,514",25 Feb 2022,8 LORONG 38 GEYLANG #04-10,Resale,Strata,40,"16,300",-,Apartment,1,Freehold,2013,Private,398106,14,39,Central Region,Geylang
NV RESIDENCES,"1,108,000","1,248.62",887,25 Feb 2022,89 PASIR RIS GROVE #01-21,Resale,Strata,116,"9,552",-,Condominium,1,99 yrs from 07/01/2008,2013,Private,518214,18,51,East Region,Pasir Ris
VENTURA VIEW,"790,000","1,162.51",680,25 Feb 2022,16 RAMBUTAN ROAD #05-05,Resale,Strata,108,"7,315",-,Apartment,1,Freehold,2012,HDB,424292,15,42,Central Region,Geylang
OXLEY EDGE,"1,788,888",979.52,"1,826",25 Feb 2022,308 RIVER VALLEY ROAD #04-02,Resale,Strata,91,"19,658",-,Apartment,1,Freehold,2016,Private,238349,09,23,Central Region,River Valley
RV SUITES,"1,000,000",538.2,"1,858",25 Feb 2022,396 RIVER VALLEY ROAD #03-13,Resale,Strata,50,"20,000",-,Apartment,1,Freehold,2012,Private,248289,10,24,Central Region,Tanglin
SUNGLADE,"1,370,000","1,044.11","1,312",25 Feb 2022,9 SERANGOON AVENUE 2 #12-30,Resale,Strata,97,"14,124",-,Condominium,1,99 yrs from 09/10/2000,2003,HDB,556134,19,55,North East Region,Serangoon
NINETEEN SHELFORD ROAD,"2,450,000","1,603.84","1,528",25 Feb 2022,19 SHELFORD ROAD #04-48,Resale,Strata,149,"16,443",-,Condominium,1,Freehold,1997,Private,288408,11,28,Central Region,Bukit Timah
THE VENUE RESIDENCES,"1,500,000",968.76,"1,548",25 Feb 2022,8 TAI THONG CRESCENT #02-09,Resale,Strata,90,"16,667",-,Apartment,1,99 yrs from 05/12/2012,2017,Private,347842,13,34,Central Region,Toa Payoh
TYRWHITT 139,"830,000",731.95,"1,134",25 Feb 2022,139 TYRWHITT ROAD #06-01,Resale,Strata,68,"12,206",-,Apartment,1,Freehold,2009,Private,207557,08,20,Central Region,Kallang
BLUE HORIZON,"1,435,000","1,162.51","1,234",25 Feb 2022,25 WEST COAST CRESCENT #08-13,Resale,Strata,108,"13,287",-,Condominium,1,99 yrs from 14/08/2000,2005,HDB,128047,05,12,West Region,Clementi
WATERFRONT WAVES,"1,075,000",968.76,"1,110",25 Feb 2022,768 BEDOK RESERVOIR ROAD #03-27,Resale,Strata,90,"11,944",-,Condominium,1,99 yrs from 31/10/2007,2011,HDB,479249,16,47,East Region,Bedok
NOVA 88,"728,000",505.91,"1,439",25 Feb 2022,8 BHAMO ROAD #02-07,Resale,Strata,47,"15,489",-,Apartment,1,Freehold,2012,HDB,329640,12,32,Central Region,Novena
HERITAGE VIEW,"3,130,000","2,615.65","1,197",25 Feb 2022,8 DOVER RISE #20-10,Resale,Strata,243,"12,881",-,Condominium,1,99 yrs from 12/08/1996,2000,Private,138679,05,13,Central Region,Queenstown
PALM ISLES,"628,000",559.73,"1,122",25 Feb 2022,38 FLORA DRIVE #01-47,Resale,Strata,52,"12,077",-,Condominium,1,99 yrs from 14/09/2011,2015,HDB,506895,17,50,East Region,Pasir Ris
EVERGREEN PARK,"910,000","1,011.82",899,25 Feb 2022,37 HOUGANG AVENUE 7 #12-05,Resale,Strata,94,"9,681",-,Apartment,1,99 yrs from 01/10/1995,1999,HDB,538803,19,53,North East Region,Hougang
THE IMPERIAL,"6,400,000","3,552.12","1,802",25 Feb 2022,7 JALAN RUMBIA #13-09,Resale,Strata,330,"19,394",-,Condominium,1,Freehold,2006,Private,239619,09,23,Central Region,Museum
RIO GARDENS,"1,180,000",947.23,"1,246",25 Feb 2022,55B JALAN TAMAN #08-01,Resale,Strata,88,"13,409",-,Apartment,1,Freehold,2005,HDB,329001,12,32,Central Region,Kallang
CYAN,"2,710,000","1,302.44","2,081",25 Feb 2022,6 KENG CHIN ROAD #13-02,Resale,Strata,121,"22,397",-,Condominium,1,Freehold,2014,Private,258709,10,25,Central Region,Tanglin
THE LAKEFRONT RESIDENCES,"775,000",592.02,"1,309",25 Feb 2022,48 LAKESIDE DRIVE #17-35,Resale,Strata,55,"14,091",-,Condominium,1,99 yrs from 03/08/2010,2014,HDB,648305,22,64,West Region,Jurong West
NATHAN SUITES,"4,700,000","2,034.4","2,310",25 Feb 2022,21 NATHAN ROAD #16-01,Resale,Strata,189,"24,868",-,Condominium,1,Freehold,2014,Private,248743,10,24,Central Region,Tanglin
SEA ESTA,"1,450,000","1,399.32","1,036",25 Feb 2022,28 PASIR RIS LINK #01-23,Resale,Strata,130,"11,154",-,Condominium,1,99 yrs from 09/01/2012,2015,HDB,518146,18,51,East Region,Pasir Ris
D'ZIRE,"888,888",656.6,"1,354",25 Feb 2022,12 ROBEY CRESCENT #04-06,Resale,Strata,61,"14,572",-,Apartment,1,999 yrs from 27/12/1875,2014,Private,546290,19,54,North East Region,Hougang
TROPICAL SPRING,"1,500,000","1,528.49",981,25 Feb 2022,29 SIMEI STREET 4 #06-13,Resale,Strata,142,"10,563",-,Condominium,1,99 yrs from 06/12/1997,2002,HDB,529876,18,52,East Region,Tampines
SOLEIL @ SINARAN,"2,061,888","1,431.61","1,440",25 Feb 2022,6 SINARAN DRIVE #12-11,Resale,Strata,133,"15,503",-,Condominium,1,99 yrs from 23/10/2006,2011,Private,307468,11,30,Central Region,Novena
PEBBLE BAY,"3,550,000","2,088.22","1,700",25 Feb 2022,130 TANJONG RHU ROAD #08-06,Resale,Strata,194,"18,299",-,Condominium,1,99 yrs from 09/03/1994,1997,Private,436918,15,43,Central Region,Kallang
THE WATERSIDE,"3,700,000","2,142.04","1,727",25 Feb 2022,9 TANJONG RHU ROAD #10-01,Resale,Strata,199,"18,593",-,Condominium,1,Freehold,1992,Private,436894,15,43,Central Region,Kallang
ESPADA,"900,000",355.21,"2,534",25 Feb 2022,48 ST. THOMAS WALK #05-07,Resale,Strata,33,"27,273",-,Apartment,1,Freehold,2013,Private,238126,09,23,Central Region,River Valley
MIDTOWN RESIDENCES,"980,888",721.19,"1,360",25 Feb 2022,1189 UPPER SERANGOON ROAD #06-08,Resale,Strata,67,"14,640",-,Apartment,1,99 yrs from 24/01/2013,2016,Private,534785,19,53,North East Region,Hougang
SYMPHONY SUITES,"910,000",785.77,"1,158",25 Feb 2022,1 YISHUN CLOSE #12-03,Resale,Strata,73,"12,466",-,Condominium,1,99 yrs from 10/06/2014,2018,Private,768004,27,76,North Region,Yishun
TEDGE,"1,810,000","1,184.04","1,529",25 Feb 2022,328 CHANGI ROAD #02-04,New Sale,Strata,110,"16,455",-,Apartment,1,Freehold,Uncompleted,N.A,419803,14,41,East Region,Bedok
DAIRY FARM RESIDENCES,"1,784,400","1,313.21","1,359",25 Feb 2022,8 DAIRY FARM LANE #01-15,New Sale,Strata,122,"14,626",-,Apartment,1,99 yrs from 05/12/2018,Uncompleted,Private,677624,23,67,West Region,Bukit Panjang
THOMSON THREE,"1,848,000","1,044.11","1,770",25 Feb 2022,45 BRIGHT HILL DRIVE #17-15,Resale,Strata,97,"19,052",-,Apartment,1,99 yrs from 07/11/2012,2016,HDB,573895,20,57,Central Region,Bishan
STRATUM,"1,738,000","1,636.13","1,062",25 Feb 2022,80 ELIAS ROAD #05-02,Resale,Strata,152,"11,434",-,Condominium,1,99 yrs from 11/07/2012,2016,Private,519945,18,51,East Region,Pasir Ris
THE LAKESHORE,"1,280,000","1,162.51","1,101",25 Feb 2022,31 JURONG WEST STREET 41 #11-24,Resale,Strata,108,"11,852",-,Condominium,1,99 yrs from 22/11/2002,2008,Private,649412,22,64,West Region,Jurong West
THE LATTIZ,"1,700,000","1,248.62","1,361",25 Feb 2022,3D LORONG SALLEH #02-03,Resale,Strata,116,"14,655",-,Apartment,1,Freehold,2011,Private,416751,14,41,East Region,Bedok
MIDTOWN RESIDENCES,"855,000",710.42,"1,204",25 Feb 2022,1189 UPPER SERANGOON ROAD #03-11,Resale,Strata,66,"12,955",-,Apartment,1,99 yrs from 24/01/2013,2016,HDB,534785,19,53,North East Region,Hougang
SOUTHAVEN I,"1,500,000","1,313.21","1,142",25 Feb 2022,43 HINDHEDE WALK #10-06,Resale,Strata,122,"12,295",-,Condominium,1,99 yrs from 01/08/1994,1997,Private,587973,21,58,West Region,Bukit Panjang
SIMS URBAN OASIS,"1,780,000","1,033.34","1,723",25 Feb 2022,18 SIMS DRIVE #17-60,Resale,Strata,96,"18,542",-,Condominium,1,99 yrs from 29/07/2014,2017,HDB,387394,14,38,Central Region,Geylang
MELVILLE PARK,"750,000",936.47,801,25 Feb 2022,18 SIMEI STREET 1 #01-03,Resale,Strata,87,"8,621",-,Condominium,1,99 yrs from 01/09/1992,1996,Private,529943,18,52,East Region,Tampines
THE WISTERIA,"822,000",635.08,"1,294",25 Feb 2022,596 YISHUN RING ROAD #12-24,Resale,Strata,59,"13,932",-,Apartment,1,99 yrs from 27/04/2015,2018,HDB,768697,27,76,North Region,Yishun
THE QUARTZ,"1,268,000","1,076.4","1,178",25 Feb 2022,69 COMPASSVALE BOW #08-35,Resale,Strata,100,"12,680",-,Condominium,1,99 yrs from 18/04/2005,2009,HDB,544993,19,54,North East Region,Sengkang
IRESIDENCES,"1,550,000",979.52,"1,582",25 Feb 2022,20 IRRAWADDY ROAD #05-03,Resale,Strata,91,"17,033",-,Apartment,1,Freehold,2011,HDB,329550,12,32,Central Region,Novena
SAVANNAH CONDOPARK,"2,330,000","2,680.24",869,25 Feb 2022,43 SIMEI RISE #09-25,Resale,Strata,249,"9,357",-,Condominium,1,99 yrs from 29/11/2000,2005,Private,528785,18,52,East Region,Tampines
RIVERFRONT RESIDENCES,"946,000",613.55,"1,542",25 Feb 2022,43 HOUGANG AVENUE 7 #14-20,Sub Sale,Strata,57,"16,596",-,Apartment,1,99 yrs from 31/05/2018,Uncompleted,HDB,533814,19,53,North East Region,Hougang
REFLECTIONS AT KEPPEL BAY,"2,680,000","1,646.89","1,627",25 Feb 2022,11 KEPPEL BAY VIEW #01-46,Resale,Strata,153,"17,516",-,Condominium,1,99 yrs from 15/03/2006,2011,Private,098408,04,09,Central Region,Bukit Merah
HILLION RESIDENCES,"660,000",548.96,"1,202",25 Feb 2022,8 JELEBU ROAD #06-06,Resale,Strata,51,"12,941",-,Apartment,1,99 yrs from 04/01/2013,2017,Private,677671,23,67,West Region,Bukit Panjang
D'LEEDON,"1,610,000","1,044.11","1,542",25 Feb 2022,7 LEEDON HEIGHTS #03-15,Resale,Strata,97,"16,598",-,Condominium,1,99 yrs from 08/04/2010,2014,Private,267953,10,26,Central Region,Bukit Timah
RIPPLE BAY,"1,650,000","1,313.21","1,256",25 Feb 2022,8 PASIR RIS LINK #09-37,Resale,Strata,122,"13,525",-,Condominium,1,99 yrs from 10/08/2011,2015,HDB,518162,18,51,East Region,Pasir Ris
PARC BOTANNIA,"1,420,000",979.52,"1,450",25 Feb 2022,18 FERNVALE STREET #18-32,Sub Sale,Strata,91,"15,604",-,Condominium,1,99 yrs from 28/12/2016,Uncompleted,Private,797394,28,79,North East Region,Sengkang
RIVERSOUND RESIDENCE,"1,360,000","1,162.51","1,170",25 Feb 2022,1 SENGKANG EAST AVENUE #09-03,Resale,Strata,108,"12,593",-,Condominium,1,99 yrs from 26/08/2011,2015,HDB,544811,19,54,North East Region,Sengkang
THE WOODLEIGH RESIDENCES,"2,404,000","1,076.4","2,233",26 Feb 2022,29 BIDADARI PARK DRIVE #10-53,New Sale,Strata,100,"24,040",-,Apartment,1,99 yrs from 18/09/2017,Uncompleted,N.A,367799,13,36,Central Region,Toa Payoh
AMBER PARK,"3,850,000","1,571.54","2,450",26 Feb 2022,16 AMBER GARDENS #15-07,New Sale,Strata,146,"26,370",-,Condominium,1,Freehold,Uncompleted,N.A,439961,15,43,Central Region,Marine Parade
AMBER PARK,"3,817,000","1,571.54","2,429",26 Feb 2022,16 AMBER GARDENS #11-07,New Sale,Strata,146,"26,144",-,Condominium,1,Freehold,Uncompleted,N.A,439961,15,43,Central Region,Marine Parade
KENT RIDGE HILL RESIDENCES,"1,924,000",947.23,"2,031",26 Feb 2022,62 SOUTH BUONA VISTA ROAD #01-32,New Sale,Strata,88,"21,864",-,Apartment,1,99 yrs from 10/11/2018,Uncompleted,N.A,118173,05,11,Central Region,Queenstown
KENT RIDGE HILL RESIDENCES,"1,742,938",947.23,"1,840",26 Feb 2022,62A SOUTH BUONA VISTA ROAD #03-41,New Sale,Strata,88,"19,806",-,Apartment,1,99 yrs from 10/11/2018,Uncompleted,Private,117325,05,11,Central Region,Queenstown
JUNIPER HILL,"3,230,000","1,108.69","2,913",26 Feb 2022,39 EWE BOON ROAD #10-06,New Sale,Strata,103,"31,359",-,Apartment,1,Freehold,Uncompleted,N.A,259334,10,25,Central Region,Tanglin
ROYALGREEN,"3,701,200","1,259.39","2,939",26 Feb 2022,6 ANAMALAI AVENUE #01-39,New Sale,Strata,117,"31,634",-,Condominium,1,Freehold,2021,N.A,279994,10,27,Central Region,Bukit Timah
ONE PEARL BANK,"1,847,000",699.66,"2,640",26 Feb 2022,1 PEARL BANK #27-15,New Sale,Strata,65,"28,415",-,Apartment,1,99 yrs from 01/03/2019,Uncompleted,Private,169016,03,16,Central Region,Outram
ONE PEARL BANK,"3,402,000","1,431.61","2,376",26 Feb 2022,1 PEARL BANK #19-18,New Sale,Strata,133,"25,579",-,Apartment,1,99 yrs from 01/03/2019,Uncompleted,Private,169016,03,16,Central Region,Outram
NORMANTON PARK,"1,756,000",968.76,"1,813",26 Feb 2022,47 NORMANTON PARK #13-15,New Sale,Strata,90,"19,511",-,Apartment,1,99 yrs from 22/07/2019,Uncompleted,N.A,119028,05,11,Central Region,Queenstown
NORMANTON PARK,"1,804,000",958,"1,883",26 Feb 2022,55 NORMANTON PARK #18-51,New Sale,Strata,89,"20,270",-,Apartment,1,99 yrs from 22/07/2019,Uncompleted,HDB,117283,05,11,Central Region,Queenstown
NORMANTON PARK,"1,017,000",527.44,"1,928",26 Feb 2022,57 NORMANTON PARK #09-61,New Sale,Strata,49,"20,755",-,Apartment,1,99 yrs from 22/07/2019,Uncompleted,HDB,117284,05,11,Central Region,Queenstown
AVENUE SOUTH RESIDENCE,"1,540,000",656.6,"2,345",26 Feb 2022,11 SILAT AVENUE #49-33,New Sale,Strata,61,"25,246",-,Apartment,1,99 yrs from 14/08/2018,Uncompleted,N.A,168877,03,16,Central Region,Bukit Merah
MIDWOOD,"1,614,000",990.29,"1,630",26 Feb 2022,10 HILLVIEW RISE #03-18,New Sale,Strata,92,"17,543",-,Condominium,1,99 yrs from 01/10/2018,Uncompleted,HDB,667972,23,66,West Region,Bukit Batok
FORETT AT BUKIT TIMAH,"1,583,000",731.95,"2,163",26 Feb 2022,32A TOH TUCK ROAD #03-08,New Sale,Strata,68,"23,279",-,Apartment,1,Freehold,Uncompleted,N.A,596110,21,59,Central Region,Bukit Timah
FORETT AT BUKIT TIMAH,"1,538,000",742.72,"2,071",26 Feb 2022,38A TOH TUCK ROAD #02-83,New Sale,Strata,69,"22,290",-,Apartment,1,Freehold,Uncompleted,HDB,596116,21,59,Central Region,Bukit Timah
FORETT AT BUKIT TIMAH,"2,676,000","1,302.44","2,055",26 Feb 2022,38B TOH TUCK ROAD #02-85,New Sale,Strata,121,"22,116",-,Apartment,1,Freehold,Uncompleted,N.A,596117,21,59,Central Region,Bukit Timah
LEEDON GREEN,"1,750,000",613.55,"2,852",26 Feb 2022,28 LEEDON HEIGHTS #10-09,New Sale,Strata,57,"30,702",-,Condominium,1,Freehold,Uncompleted,N.A,266222,10,26,Central Region,Bukit Timah
IRWELL HILL RESIDENCES,"1,870,000",656.6,"2,848",26 Feb 2022,6 IRWELL HILL #25-16,New Sale,Strata,61,"30,656",-,Apartment,1,99 yrs from 13/04/2020,Uncompleted,Private,239590,09,23,Central Region,River Valley
ROYAL HALLMARK,"2,543,000","1,291.68","1,969",26 Feb 2022,1 HAIG LANE #04-01,New Sale,Strata,120,"21,192",-,Apartment,1,Freehold,Uncompleted,Private,438803,15,43,Central Region,Marine Parade
ROYAL HALLMARK,"3,095,000","1,711.48","1,808",26 Feb 2022,1 HAIG LANE #01-01,New Sale,Strata,159,"19,465",-,Apartment,1,Freehold,Uncompleted,N.A,438803,15,43,Central Region,Marine Parade
ROYAL HALLMARK,"2,518,000","1,291.68","1,949",26 Feb 2022,1 HAIG LANE #03-01,New Sale,Strata,120,"20,983",-,Apartment,1,Freehold,Uncompleted,N.A,438803,15,43,Central Region,Marine Parade
ROYAL HALLMARK,"1,970,000",914.94,"2,131",26 Feb 2022,1 HAIG LANE #03-05,New Sale,Strata,85,"22,941","1,950,000",Apartment,1,Freehold,Uncompleted,N.A,438803,15,43,Central Region,Marine Parade
ROYAL HALLMARK,"2,470,000","1,291.68","1,912",26 Feb 2022,1 HAIG LANE #03-08,New Sale,Strata,120,"20,583",-,Apartment,1,Freehold,Uncompleted,N.A,438803,15,43,Central Region,Marine Parade
ROYAL HALLMARK,"3,590,000","2,077.45","1,728",26 Feb 2022,1 HAIG LANE #05-08,New Sale,Strata,193,"18,601",-,Apartment,1,Freehold,Uncompleted,Private,438803,15,43,Central Region,Marine Parade
ROYAL HALLMARK,"3,060,000","1,711.48","1,788",26 Feb 2022,1 HAIG LANE #01-08,New Sale,Strata,159,"19,245",-,Apartment,1,Freehold,Uncompleted,N.A,438803,15,43,Central Region,Marine Parade
ROYAL HALLMARK,"2,495,000","1,291.68","1,932",26 Feb 2022,1 HAIG LANE #04-08,New Sale,Strata,120,"20,792",-,Apartment,1,Freehold,Uncompleted,Private,438803,15,43,Central Region,Marine Parade
ROYAL HALLMARK,"2,450,000","1,291.68","1,897",26 Feb 2022,1 HAIG LANE #02-08,New Sale,Strata,120,"20,417",-,Apartment,1,Freehold,Uncompleted,N.A,438803,15,43,Central Region,Marine Parade
MORI,"1,382,000",710.42,"1,945",26 Feb 2022,223 GUILLEMARD ROAD #07-10,New Sale,Strata,66,"20,939",-,Apartment,1,Freehold,Uncompleted,HDB,399738,14,39,Central Region,Geylang
THE IVERIA,"2,354,000",914.94,"2,573",26 Feb 2022,2 KIM YAM ROAD #04-03,New Sale,Strata,85,"27,694",-,Apartment,1,Freehold,Uncompleted,Private,239320,09,23,Central Region,River Valley
TEDGE,"1,900,000","1,237.86","1,535",26 Feb 2022,328 CHANGI ROAD #02-05,New Sale,Strata,115,"16,522",-,Apartment,1,Freehold,Uncompleted,Private,419803,14,41,East Region,Bedok
BAYSHORE PARK,"1,200,000",936.47,"1,281",26 Feb 2022,52 BAYSHORE ROAD #03-07,Resale,Strata,87,"13,793",-,Condominium,1,99 yrs from 17/03/1982,1986,Private,469978,16,46,East Region,Bedok
THE PROMENADE@PELIKAT,"660,000",452.09,"1,460",26 Feb 2022,183 JALAN PELIKAT #02-01,Resale,Strata,42,"15,714",-,Apartment,1,Freehold,2015,Private,537643,19,53,North East Region,Hougang
RIVERSAILS,"1,080,000","1,108.69",974,26 Feb 2022,6 UPPER SERANGOON CRESCENT #04-11,Resale,Strata,103,"10,485",-,Condominium,1,99 yrs from 07/12/2011,2016,Private,534033,19,53,North East Region,Hougang
RIVERFRONT RESIDENCES,"1,287,700",914.94,"1,407",27 Feb 2022,51 HOUGANG AVENUE 7 #02-59,New Sale,Strata,85,"15,149",-,Apartment,1,99 yrs from 31/05/2018,Uncompleted,Private,533818,19,53,North East Region,Hougang
AMBER PARK,"3,883,000","1,582.31","2,454",27 Feb 2022,18 AMBER GARDENS #03-12,New Sale,Strata,147,"26,415",-,Condominium,1,Freehold,Uncompleted,Private,439980,15,43,Central Region,Marine Parade
FOURTH AVENUE RESIDENCES,"1,754,000",710.42,"2,469",27 Feb 2022,12 FOURTH AVENUE #04-39,New Sale,Strata,66,"26,576",-,Apartment,1,99 yrs from 07/03/2018,Uncompleted,Private,268676,10,26,Central Region,Bukit Timah
FOURTH AVENUE RESIDENCES,"1,770,960",710.42,"2,493",27 Feb 2022,4 FOURTH AVENUE #04-09,New Sale,Strata,66,"26,833",-,Apartment,1,99 yrs from 07/03/2018,Uncompleted,Private,268672,10,26,Central Region,Bukit Timah
FOURTH AVENUE RESIDENCES,"1,245,000",505.91,"2,461",27 Feb 2022,6 FOURTH AVENUE #03-16,New Sale,Strata,47,"26,489",-,Apartment,1,99 yrs from 07/03/2018,Uncompleted,HDB,268673,10,26,Central Region,Bukit Timah
JUNIPER HILL,"3,163,500","1,108.69","2,853",27 Feb 2022,39 EWE BOON ROAD #07-06,New Sale,Strata,103,"30,714",-,Apartment,1,Freehold,Uncompleted,N.A,259334,10,25,Central Region,Tanglin
THE HYDE,"1,825,000",602.78,"3,028",27 Feb 2022,11 BALMORAL ROAD #12-06,New Sale,Strata,56,"32,589",-,Condominium,1,Freehold,Uncompleted,HDB,259796,10,25,Central Region,Tanglin
THE FLORENCE RESIDENCES,"1,087,000",635.08,"1,712",27 Feb 2022,81 HOUGANG AVENUE 2 #12-05,New Sale,Strata,59,"18,424",-,Apartment,1,99 yrs from 24/12/2018,Uncompleted,N.A,538859,19,53,North East Region,Hougang
THE FLORENCE RESIDENCES,"956,000",484.38,"1,974",27 Feb 2022,97 HOUGANG AVENUE 2 #17-80,New Sale,Strata,45,"21,244",-,Apartment,1,99 yrs from 24/12/2018,Uncompleted,N.A,533753,19,53,North East Region,Hougang
ONE PEARL BANK,"2,640,000","1,151.75","2,292",27 Feb 2022,1 PEARL BANK #09-01,New Sale,Strata,107,"24,673",-,Apartment,1,99 yrs from 01/03/2019,Uncompleted,N.A,169016,03,16,Central Region,Outram
ONE PEARL BANK,"1,530,000",570.49,"2,682",27 Feb 2022,1 PEARL BANK #36-09,New Sale,Strata,53,"28,868",-,Apartment,1,99 yrs from 01/03/2019,Uncompleted,Private,169016,03,16,Central Region,Outram
ONE PEARL BANK,"1,170,000",430.56,"2,717",27 Feb 2022,1 PEARL BANK #22-13,New Sale,Strata,40,"29,250",-,Apartment,1,99 yrs from 01/03/2019,Uncompleted,Private,169016,03,16,Central Region,Outram
ONE PEARL BANK,"1,938,000",839.59,"2,308",27 Feb 2022,1 PEARL BANK #11-22,New Sale,Strata,78,"24,846",-,Apartment,1,99 yrs from 01/03/2019,Uncompleted,Private,169016,03,16,Central Region,Outram
NORMANTON PARK,"2,189,000","1,194.8","1,832",27 Feb 2022,57 NORMANTON PARK #08-56,New Sale,Strata,111,"19,721",-,Apartment,1,99 yrs from 22/07/2019,Uncompleted,Private,117284,05,11,Central Region,Queenstown
NORMANTON PARK,"1,040,000",527.44,"1,972",27 Feb 2022,57 NORMANTON PARK #22-61,New Sale,Strata,49,"21,224",-,Apartment,1,99 yrs from 22/07/2019,Uncompleted,HDB,117284,05,11,Central Region,Queenstown
NORMANTON PARK,"1,020,000",527.44,"1,934",27 Feb 2022,57 NORMANTON PARK #11-62,New Sale,Strata,49,"20,816",-,Apartment,1,99 yrs from 22/07/2019,Uncompleted,N.A,117284,05,11,Central Region,Queenstown
RIVIERE,"2,353,112",839.59,"2,803",27 Feb 2022,3 JIAK KIM STREET #19-11,New Sale,Strata,78,"30,168",-,Apartment,1,99 yrs from 07/03/2018,Uncompleted,N.A,169424,03,16,Central Region,Singapore River
AVENUE SOUTH RESIDENCE,"1,300,000",527.44,"2,465",27 Feb 2022,13 SILAT AVENUE #43-39,New Sale,Strata,49,"26,531",-,Apartment,1,99 yrs from 14/08/2018,Uncompleted,Private,168878,03,16,Central Region,Bukit Merah
AVENUE SOUTH RESIDENCE,"1,540,000",656.6,"2,345",27 Feb 2022,13 SILAT AVENUE #49-45,New Sale,Strata,61,"25,246",-,Apartment,1,99 yrs from 14/08/2018,Uncompleted,N.A,168878,03,16,Central Region,Bukit Merah
DAIRY FARM RESIDENCES,"1,287,900",721.19,"1,786",27 Feb 2022,6 DAIRY FARM LANE #12-01,New Sale,Strata,67,"19,222",-,Apartment,1,99 yrs from 05/12/2018,Uncompleted,HDB,677623,23,67,West Region,Bukit Panjang
FORETT AT BUKIT TIMAH,"1,011,000",473.62,"2,135",27 Feb 2022,34A TOH TUCK ROAD #04-35,New Sale,Strata,44,"22,977",-,Apartment,1,Freehold,Uncompleted,Private,596112,21,59,Central Region,Bukit Timah
THE AVENIR,"3,364,000","1,140.98","2,948",27 Feb 2022,8 RIVER VALLEY CLOSE #08-06,New Sale,Strata,106,"31,736",-,Condominium,1,Freehold,Uncompleted,Private,238432,09,23,Central Region,River Valley
THE COMMODORE,"1,121,000",742.72,"1,509",27 Feb 2022,59 CANBERRA DRIVE #05-05,New Sale,Strata,69,"16,246",-,Condominium,1,99 yrs from 08/06/2020,Uncompleted,Private,769304,27,76,North Region,Sembawang
THE IVERIA,"2,246,000",904.18,"2,484",27 Feb 2022,2 KIM YAM ROAD #06-02,New Sale,Strata,84,"26,738",-,Apartment,1,Freehold,Uncompleted,Private,239320,09,23,Central Region,River Valley
DAIRY FARM RESIDENCES,"1,284,800",710.42,"1,808",27 Feb 2022,6 DAIRY FARM LANE #12-12,New Sale,Strata,66,"19,467",-,Apartment,1,99 yrs from 05/12/2018,Uncompleted,N.A,677623,23,67,West Region,Bukit Panjang
MOOI RESIDENCES,"3,350,000","1,334.74","2,510",27 Feb 2022,139 HOLLAND ROAD #05-04,New Sale,Strata,124,"27,016",-,Apartment,1,Freehold,Uncompleted,Private,278573,10,27,Central Region,Bukit Timah
ZYANYA,"1,197,300",613.55,"1,951",27 Feb 2022,8 LORONG 25A GEYLANG #03-04,New Sale,Strata,57,"21,005",-,Apartment,1,Freehold,Uncompleted,N.A,388222,14,38,Central Region,Geylang
ALEX RESIDENCES,"1,680,000",925.7,"1,815",28 Feb 2022,28 ALEXANDRA VIEW #04-01,Resale,Strata,86,"19,535",-,Apartment,1,99 yrs from 18/03/2013,2017,Private,158744,03,15,Central Region,Bukit Merah
ARTHUR 118,"1,700,000","1,216.33","1,398",28 Feb 2022,118 ARTHUR ROAD #04-04,Resale,Strata,113,"15,044",-,Apartment,1,Freehold,2006,Private,439827,15,43,Central Region,Marine Parade
8 BASSEIN,"800,000",430.56,"1,858",28 Feb 2022,8 BASSEIN ROAD #07-03,Resale,Strata,40,"20,000",-,Apartment,1,Freehold,2015,Private,309838,11,30,Central Region,Novena
WATERFRONT ISLE,"766,000",592.02,"1,294",28 Feb 2022,738 BEDOK RESERVOIR ROAD #14-31,Resale,Strata,55,"13,927",-,Condominium,1,99 yrs from 26/11/2009,2015,HDB,479265,16,47,East Region,Bedok
WATERBANK AT DAKOTA,"1,930,000","1,431.61","1,348",28 Feb 2022,76 DAKOTA CRESCENT #01-14,Resale,Strata,133,"14,511",-,Condominium,1,99 yrs from 07/12/2009,2013,Private,399944,14,39,Central Region,Geylang
DOVER PARKVIEW,"1,130,000",968.76,"1,166",28 Feb 2022,32 DOVER RISE #07-06,Resale,Strata,90,"12,556",-,Condominium,1,99 yrs from 01/12/1993,1997,Private,138686,05,13,Central Region,Queenstown
STRATA,"975,000",505.91,"1,927",28 Feb 2022,1 ESSEX ROAD #08-03,Resale,Strata,47,"20,745",-,Apartment,1,Freehold,2006,HDB,309329,11,30,Central Region,Novena
H2O RESIDENCES,"916,000",882.65,"1,038",28 Feb 2022,30 FERNVALE LINK #09-03,Resale,Strata,82,"11,171",-,Condominium,1,99 yrs from 10/05/2010,2015,Private,797530,28,79,North East Region,Sengkang
THE TRILINQ,"1,540,000","1,108.69","1,389",28 Feb 2022,28A JALAN LEMPENG #26-12,Resale,Strata,103,"14,951",-,Condominium,1,99 yrs from 16/04/2012,2017,HDB,128808,05,12,West Region,Clementi
OCEAN FRONT SUITES,"593,800",409.03,"1,452",28 Feb 2022,175 JALAN LOYANG BESAR #02-12,Resale,Strata,38,"15,626",-,Apartment,1,946 yrs from 27/11/1937,2014,HDB,509428,17,50,East Region,Pasir Ris
THE ARTE,"2,450,000","1,528.49","1,603",28 Feb 2022,21 JALAN RAJA UDANG #07-03,Resale,Strata,142,"17,254",-,Condominium,1,Freehold,2010,Private,329215,12,32,Central Region,Novena
THE NAUTICAL,"1,270,000","1,119.46","1,134",28 Feb 2022,99 JALAN SENDUDOK #04-96,Resale,Strata,104,"12,212",-,Condominium,1,99 yrs from 29/08/2011,2015,Private,769475,27,76,North Region,Sembawang
LAKEVILLE,"1,330,000",936.47,"1,420",28 Feb 2022,3 JURONG LAKE LINK #03-14,Resale,Strata,87,"15,287",-,Condominium,1,99 yrs from 30/04/2013,2017,Private,648161,22,64,West Region,Jurong West
KOVAN MELODY,"1,650,000","1,248.62","1,321",28 Feb 2022,19 KOVAN ROAD #13-10,Resale,Strata,116,"14,224",-,Condominium,1,99 yrs from 20/01/2004,2006,HDB,548191,19,54,North East Region,Hougang
STARVILLE,"1,340,000","1,216.33","1,102",28 Feb 2022,60 LENGKONG TIGA #07-04,Resale,Strata,113,"11,858",-,Condominium,1,Freehold,2006,Private,417454,14,41,East Region,Bedok
SUITES @ GUILLEMARD,"1,088,000",839.59,"1,296",28 Feb 2022,70 LIM AH WOO ROAD #05-14,Resale,Strata,78,"13,949",-,Apartment,1,Freehold,2014,HDB,438133,15,43,Central Region,Geylang
ATRIUM RESIDENCES,"1,300,000","1,022.58","1,271",28 Feb 2022,3 LORONG 28 GEYLANG #05-05,Resale,Strata,95,"13,684",-,Apartment,1,Freehold,2008,HDB,398408,14,39,Central Region,Geylang
CENTRAL MEADOWS,"1,200,000",968.76,"1,239",28 Feb 2022,51 LORONG 34 GEYLANG #05-02,Resale,Strata,90,"13,333",-,Apartment,1,Freehold,2002,Private,398240,14,39,Central Region,Geylang
CHELSEA GROVE,"1,700,000","1,496.2","1,136",28 Feb 2022,2 MARTABAN ROAD #03-01,Resale,Strata,139,"12,230",-,Apartment,1,Freehold,2007,Private,328626,12,32,Central Region,Novena
LE CRESCENDO,"1,370,000",947.23,"1,446",28 Feb 2022,233 PAYA LEBAR ROAD #03-04,Resale,Strata,88,"15,568",-,Condominium,1,Freehold,2006,HDB,409044,14,40,Central Region,Geylang
URBANA,"2,200,000","1,011.82","2,174",28 Feb 2022,1 RIVER VALLEY CLOSE #11-04,Resale,Strata,94,"23,404",-,Condominium,1,Freehold,2007,Private,238427,09,23,Central Region,River Valley
N.A.,"1,085,000","1,011.82","1,072",28 Feb 2022,23C SAM LEONG ROAD,Resale,Strata,94,"11,543",-,Apartment,1,Freehold,-,Private,207914,08,20,Central Region,Kallang
NINETEEN SHELFORD ROAD,"1,160,000",699.66,"1,658",28 Feb 2022,19 SHELFORD ROAD #02-18,Resale,Strata,65,"17,846",-,Condominium,1,Freehold,1997,Private,288408,11,28,Central Region,Bukit Timah
THOMSON GRAND,"2,430,000","1,646.89","1,476",28 Feb 2022,27 SIN MING WALK #20-17,Resale,Strata,153,"15,882",-,Condominium,1,99 yrs from 08/02/2010,2015,Private,573918,20,57,Central Region,Bishan
SOLEIL @ SINARAN,"1,850,000",936.47,"1,976",28 Feb 2022,6 SINARAN DRIVE #25-08,Resale,Strata,87,"21,264",-,Condominium,1,99 yrs from 23/10/2006,2011,Private,307468,11,30,Central Region,Novena
KERRISDALE,"1,600,000","1,270.15","1,260",28 Feb 2022,32 STURDEE ROAD #15-10,Resale,Strata,118,"13,559",-,Condominium,1,99 yrs from 02/04/1998,2005,HDB,207853,08,20,Central Region,Kallang
PALMWOODS,"880,000",936.47,940,28 Feb 2022,450 UPPER CHANGI ROAD #04-02,Resale,Strata,87,"10,115",-,Condominium,1,99 yrs from 12/06/1996,1999,Private,487040,16,48,East Region,Bedok
LAKEVIEW ESTATE,"1,650,000","1,614.6","1,022",28 Feb 2022,97C UPPER THOMSON ROAD #19-11,Resale,Strata,150,"11,000",-,Apartment,1,99 yrs from 01/06/1977,1977,Private,574329,20,57,Central Region,Bishan
PARC RIVIERA,"885,888",602.78,"1,470",28 Feb 2022,103 WEST COAST VALE #08-19,Resale,Strata,56,"15,819",-,Condominium,1,99 yrs from 11/11/2015,2019,Private,126754,05,12,West Region,Clementi
AFFINITY AT SERANGOON,"2,138,728","1,453.14","1,472",28 Feb 2022,18 SERANGOON NORTH AVENUE 1 #01-05,New Sale,Strata,135,"15,842",-,Apartment,1,99 yrs from 18/05/2018,Uncompleted,Private,554336,19,55,North East Region,Serangoon
THE JOVELL,"992,100",645.84,"1,536",28 Feb 2022,25 FLORA DRIVE #08-49,New Sale,Strata,60,"16,535",-,Condominium,1,99 yrs from 08/03/2018,Uncompleted,HDB,506763,17,50,East Region,Pasir Ris
JUNIPER HILL,"2,118,500",699.66,"3,028",28 Feb 2022,39 EWE BOON ROAD #09-09,New Sale,Strata,65,"32,592",-,Apartment,1,Freehold,Uncompleted,Private,259334,10,25,Central Region,Tanglin
35 GILSTEAD,"1,783,000",699.66,"2,548",28 Feb 2022,35 GILSTEAD ROAD #04-15,New Sale,Strata,65,"27,431",-,Apartment,1,Freehold,Uncompleted,N.A,309079,11,30,Central Region,Novena
THE FLORENCE RESIDENCES,"1,981,000","1,291.68","1,534",28 Feb 2022,93 HOUGANG AVENUE 2 #03-61,New Sale,Strata,120,"16,508",-,Apartment,1,99 yrs from 24/12/2018,Uncompleted,N.A,538865,19,53,North East Region,Hougang
THE FLORENCE RESIDENCES,"1,935,000","1,291.68","1,498",28 Feb 2022,93 HOUGANG AVENUE 2 #04-61,New Sale,Strata,120,"16,125",-,Apartment,1,99 yrs from 24/12/2018,Uncompleted,Private,538865,19,53,North East Region,Hougang
THE FLORENCE RESIDENCES,"2,730,000","1,668.42","1,636",28 Feb 2022,97 HOUGANG AVENUE 2 #17-75,New Sale,Strata,155,"17,613",-,Apartment,1,99 yrs from 24/12/2018,Uncompleted,Private,533753,19,53,North East Region,Hougang
THE FLORENCE RESIDENCES,"2,823,000","1,905.23","1,482",28 Feb 2022,97 HOUGANG AVENUE 2 #18-75,New Sale,Strata,177,"15,949",-,Apartment,1,99 yrs from 24/12/2018,Uncompleted,N.A,533753,19,53,North East Region,Hougang
THE FLORENCE RESIDENCES,"1,652,000","1,011.82","1,633",28 Feb 2022,97 HOUGANG AVENUE 2 #15-78,New Sale,Strata,94,"17,574",-,Apartment,1,99 yrs from 24/12/2018,Uncompleted,N.A,533753,19,53,North East Region,Hougang
INFINI AT EAST COAST,"2,190,000","1,065.64","2,055",28 Feb 2022,363 EAST COAST ROAD #05-01,New Sale,Strata,99,"22,121",-,Apartment,1,Freehold,Uncompleted,N.A,428978,15,42,East Region,Bedok
ONE PEARL BANK,"2,551,000","1,097.93","2,323",28 Feb 2022,1 PEARL BANK #02-01,New Sale,Strata,102,"25,010",-,Apartment,1,99 yrs from 01/03/2019,Uncompleted,N.A,169016,03,16,Central Region,Outram
ONE PEARL BANK,"2,615,000","1,151.75","2,270",28 Feb 2022,1 PEARL BANK #07-01,New Sale,Strata,107,"24,439",-,Apartment,1,99 yrs from 01/03/2019,Uncompleted,HDB,169016,03,16,Central Region,Outram
ONE PEARL BANK,"2,771,000","1,194.8","2,319",28 Feb 2022,1 PEARL BANK #05-08,New Sale,Strata,111,"24,964",-,Apartment,1,99 yrs from 01/03/2019,Uncompleted,Private,169016,03,16,Central Region,Outram
ONE PEARL BANK,"1,164,000",430.56,"2,703",28 Feb 2022,1 PEARL BANK #25-14,New Sale,Strata,40,"29,100",-,Apartment,1,99 yrs from 01/03/2019,Uncompleted,Private,169016,03,16,Central Region,Outram
ONE PEARL BANK,"1,847,000",699.66,"2,640",28 Feb 2022,1 PEARL BANK #27-16,New Sale,Strata,65,"28,415",-,Apartment,1,99 yrs from 01/03/2019,Uncompleted,Private,169016,03,16,Central Region,Outram
THE IVERIA,"2,316,000",904.18,"2,561",28 Feb 2022,2 KIM YAM ROAD #13-02,New Sale,Strata,84,"27,571",-,Apartment,1,Freehold,Uncompleted,N.A,239320,09,23,Central Region,River Valley
NORMANTON PARK,"1,022,000",516.67,"1,978",28 Feb 2022,51 NORMANTON PARK #22-27,New Sale,Strata,48,"21,292",-,Apartment,1,99 yrs from 22/07/2019,Uncompleted,N.A,117281,05,11,Central Region,Queenstown
PARC KOMO,"2,084,525","1,410.08","1,478",28 Feb 2022,965 UPPER CHANGI ROAD NORTH #03-33,New Sale,Strata,131,"15,912",-,Apartment,1,Freehold,Uncompleted,N.A,507665,17,50,East Region,Pasir Ris
VERTICUS,"1,554,000",753.48,"2,062",28 Feb 2022,3 JALAN KEMAMAN #16-02,New Sale,Strata,70,"22,200",-,Apartment,1,Freehold,Uncompleted,HDB,329343,12,32,Central Region,Novena
VERDALE,"2,560,800","1,410.08","1,816",28 Feb 2022,14 DE SOUZA AVENUE #02-45,New Sale,Strata,131,"19,548",-,Apartment,1,99 yrs from 05/12/2018,Uncompleted,Private,599463,21,59,Central Region,Bukit Timah
AVENUE SOUTH RESIDENCE,"1,625,000",656.6,"2,475",28 Feb 2022,11 SILAT AVENUE #43-28,New Sale,Strata,61,"26,639",-,Apartment,1,99 yrs from 14/08/2018,Uncompleted,N.A,168877,03,16,Central Region,Bukit Merah
MEYER MANSION,"2,848,000","1,108.69","2,569",28 Feb 2022,79 MEYER ROAD #11-06,New Sale,Strata,103,"27,650",-,Apartment,1,Freehold,Uncompleted,Private,437906,15,43,Central Region,Marine Parade
MEYER MANSION,"4,493,000","1,765.3","2,545",28 Feb 2022,79 MEYER ROAD #04-07,New Sale,Strata,164,"27,396",-,Apartment,1,Freehold,Uncompleted,N.A,437906,15,43,Central Region,Marine Parade
MIDWOOD,"2,019,000","1,248.62","1,617",28 Feb 2022,10 HILLVIEW RISE #04-17,New Sale,Strata,116,"17,405",-,Condominium,1,99 yrs from 01/10/2018,Uncompleted,Private,667972,23,66,West Region,Bukit Batok
MYRA,"1,544,800",731.95,"2,111",28 Feb 2022,9 MEYAPPA CHETTIAR ROAD #07-02,New Sale,Strata,68,"22,718",-,Apartment,1,Freehold,Uncompleted,N.A,358456,13,35,Central Region,Toa Payoh
PENROSE,"2,412,000","1,388.56","1,737",28 Feb 2022,20 SIMS DRIVE #18-03,New Sale,Strata,129,"18,698",-,Apartment,1,99 yrs from 03/07/2019,Uncompleted,N.A,387395,14,38,Central Region,Geylang
KI RESIDENCES AT BROOKVALE,"1,883,000",979.52,"1,922",28 Feb 2022,12 BROOKVALE DRIVE #07-23,New Sale,Strata,91,"20,692",-,Condominium,1,999 yrs from 23/03/1885,Uncompleted,N.A,599978,21,59,West Region,Clementi
KI RESIDENCES AT BROOKVALE,"1,945,000",979.52,"1,986",28 Feb 2022,20 BROOKVALE DRIVE #10-51,New Sale,Strata,91,"21,374",-,Condominium,1,999 yrs from 23/03/1885,Uncompleted,Private,599982,21,59,West Region,Clementi
THE PANORAMA,"2,350,000","1,334.74","1,761",28 Feb 2022,10 ANG MO KIO AVENUE 2 #04-09,Resale,Strata,124,"18,952",-,Condominium,1,99 yrs from 08/04/2013,2017,HDB,567696,20,56,North East Region,Ang Mo Kio
MAPLE WOODS,"1,640,000",850.36,"1,929",28 Feb 2022,991 BUKIT TIMAH ROAD #01-15,Resale,Strata,79,"20,759",-,Condominium,1,Freehold,1997,Private,589630,21,58,Central Region,Bukit Timah
N.A.,"3,600,000","1,506.96","2,389",28 Feb 2022,7 DRAYCOTT DRIVE #10-01,Resale,Strata,140,"25,714",-,Apartment,1,Freehold,2000,Private,259421,10,25,Central Region,Newton
RIVER ISLES,"830,000",753.48,"1,102",28 Feb 2022,60 EDGEDALE PLAINS #03-18,Resale,Strata,70,"11,857",-,Condominium,1,99 yrs from 06/02/2012,2015,HDB,828729,19,82,North East Region,Punggol
KINGSFORD . HILLVIEW PEAK,"780,000",548.96,"1,421",28 Feb 2022,101 HILLVIEW RISE #09-05,Resale,Strata,51,"15,294",-,Condominium,1,99 yrs from 04/06/2012,2017,HDB,667981,23,66,West Region,Bukit Batok
EVERGREEN PARK,"900,000","1,022.58",880,28 Feb 2022,31 HOUGANG AVENUE 7 #08-11,Resale,Strata,95,"9,474",-,Apartment,1,99 yrs from 01/10/1995,1999,Private,538800,19,53,North East Region,Hougang
EMERALD PARK,"1,200,000",925.7,"1,296",28 Feb 2022,2 INDUS ROAD #08-02,Resale,Strata,86,"13,953",-,Condominium,1,99 yrs from 01/09/1991,1993,Private,169586,03,16,Central Region,Bukit Merah
NESS,"620,000",430.56,"1,440",28 Feb 2022,38 LORONG 32 GEYLANG #06-02,Resale,Strata,40,"15,500",-,Apartment,1,Freehold,2015,HDB,398298,14,39,Central Region,Geylang
PARKVIEW APARTMENTS,"950,000","1,119.46",849,28 Feb 2022,1 BUKIT BATOK STREET 25 #07-26,Resale,Strata,104,"9,135",-,Apartment,1,99 yrs from 01/05/1994,1998,Private,658882,23,65,West Region,Bukit Batok
BAYSHORE PARK,"1,088,000",936.47,"1,162",28 Feb 2022,62 BAYSHORE ROAD #16-06,Resale,Strata,87,"12,506",-,Condominium,1,99 yrs from 17/03/1982,1986,Private,469983,16,46,East Region,Bedok
THE HILLIER,"1,240,000",839.59,"1,477",28 Feb 2022,6 HILLVIEW RISE #20-26,Resale,Strata,78,"15,897",-,Apartment,1,99 yrs from 01/08/2011,2016,HDB,667980,23,66,West Region,Bukit Batok
HIGH PARK RESIDENCES,"1,210,000",871.88,"1,388",28 Feb 2022,21 FERNVALE ROAD #15-03,Resale,Strata,81,"14,938",-,Apartment,1,99 yrs from 05/11/2014,2019,Private,797637,28,79,North East Region,Sengkang
PALM GARDENS,"1,000,000","1,205.57",829,28 Feb 2022,2E HONG SAN WALK #10-03,Resale,Strata,112,"8,929",-,Condominium,1,99 yrs from 12/08/1996,2000,HDB,689051,23,68,West Region,Choa Chu Kang
THE SANTORINI,"918,000",753.48,"1,218",28 Feb 2022,31 TAMPINES STREET 86 #07-31,Resale,Strata,70,"13,114",-,Condominium,1,99 yrs from 16/10/2013,2017,HDB,528572,18,52,East Region,Tampines
SEA ESTA,"1,750,000","1,367.03","1,280",28 Feb 2022,28 PASIR RIS LINK #05-25,Resale,Strata,127,"13,780",-,Condominium,1,99 yrs from 09/01/2012,2015,Private,518146,18,51,East Region,Pasir Ris
COSTA RHU,"2,088,000","1,334.74","1,564",28 Feb 2022,5 RHU CROSS #14-14,Resale,Strata,124,"16,839",-,Condominium,1,99 yrs from 30/05/1994,1997,Private,437434,15,43,Central Region,Kallang
PARC ESTA,"1,150,000",602.78,"1,908",28 Feb 2022,906 SIMS AVENUE #10-32,Sub Sale,Strata,56,"20,536",-,Apartment,1,99 yrs from 12/07/2018,Uncompleted,HDB,408969,14,40,Central Region,Geylang
AVA TOWERS,"1,580,000","1,280.92","1,233",28 Feb 2022,10 AVA ROAD #15-06,Resale,Strata,119,"13,277",-,Apartment,1,Freehold,1993,HDB,329949,12,32,Central Region,Novena
SEASONS PARK,"888,888","1,076.4",826,28 Feb 2022,491 YIO CHU KANG ROAD #01-03,Resale,Strata,100,"8,889",-,Condominium,1,99 yrs from 01/03/1995,1997,Private,787078,26,78,North East Region,Ang Mo Kio
THE NAUTICAL,"901,888",785.77,"1,148",28 Feb 2022,97 JALAN SENDUDOK #03-81,Resale,Strata,73,"12,355",-,Condominium,1,99 yrs from 29/08/2011,2015,HDB,769474,27,76,North Region,Sembawang
EVERGREEN PARK,"970,000","1,237.86",784,28 Feb 2022,35 HOUGANG AVENUE 7 #05-03,Resale,Strata,115,"8,435",-,Apartment,1,99 yrs from 01/10/1995,1999,HDB,538802,19,53,North East Region,Hougang
FABER CREST,"1,870,000","1,776.06","1,053",28 Feb 2022,50E FABER HEIGHTS #03-28,Resale,Strata,165,"11,333",-,Condominium,1,99 yrs from 12/06/1996,2001,Private,129199,05,12,West Region,Clementi
PALM ISLES,"1,050,000",990.29,"1,060",28 Feb 2022,32 FLORA DRIVE #07-02,Resale,Strata,92,"11,413",-,Condominium,1,99 yrs from 14/09/2011,2015,HDB,506892,17,50,East Region,Pasir Ris
ALTEZ,"1,168,000",548.96,"2,128",28 Feb 2022,16 ENGGOR STREET #10-04,Resale,Strata,51,"22,902",-,Apartment,1,99 yrs from 06/02/2008,2014,Private,079717,02,07,Central Region,Downtown Core
SKIES MILTONIA,"630,000",624.31,"1,009",28 Feb 2022,33 MILTONIA CLOSE #01-26,Resale,Strata,58,"10,862",-,Condominium,1,99 yrs from 20/02/2012,2016,Private,768064,27,76,North Region,Yishun
THE CREST,"2,020,000","1,227.1","1,646",28 Feb 2022,101 PRINCE CHARLES CRESCENT #10-01,Resale,Strata,114,"17,719",-,Condominium,1,99 yrs from 21/12/2012,2017,HDB,159017,03,15,Central Region,Bukit Merah
HERITAGE VIEW,"1,628,000","1,205.57","1,350",28 Feb 2022,8 DOVER RISE #03-03,Resale,Strata,112,"14,536",-,Condominium,1,99 yrs from 12/08/1996,2000,Private,138679,05,13,Central Region,Queenstown
THOMSON THREE,"1,270,000",731.95,"1,735",01 Mar 2022,45 BRIGHT HILL DRIVE #20-20,Resale,Strata,68,"18,676",-,Apartment,1,99 yrs from 07/11/2012,2016,Private,573895,20,57,Central Region,Bishan
TREE HOUSE,"1,568,000","1,248.62","1,256",01 Mar 2022,68 CHESTNUT AVENUE #13-16,Resale,Strata,116,"13,517",-,Condominium,1,99 yrs from 23/11/2009,2013,Private,679521,23,67,West Region,Bukit Panjang
WATERBANK AT DAKOTA,"795,000",484.38,"1,641",01 Mar 2022,84 DAKOTA CRESCENT #12-27,Resale,Strata,45,"17,667",-,Condominium,1,99 yrs from 07/12/2009,2013,HDB,399948,14,39,Central Region,Geylang
OASIS @ ELIAS,"1,438,000","1,539.25",934,01 Mar 2022,60 ELIAS ROAD #01-01,Resale,Strata,143,"10,056",-,Condominium,1,99 yrs from 17/03/2008,2011,Private,519938,18,51,East Region,Pasir Ris
N.A.,"1,608,000","1,216.33","1,322",01 Mar 2022,152A EVERITT ROAD,Resale,Strata,113,"14,230",-,Apartment,1,Freehold,-,HDB,428685,15,42,Central Region,Marine Parade
NATURALIS,"1,018,000",807.3,"1,261",01 Mar 2022,2 LORONG M TELOK KURAU #04-02,Resale,Strata,75,"13,573",-,Apartment,1,Freehold,2011,Private,425279,15,42,East Region,Bedok
THE SAIL @ MARINA BAY,"1,230,000",592.02,"2,078",01 Mar 2022,2 MARINA BOULEVARD #60-10,Resale,Strata,55,"22,364",-,Apartment,1,99 yrs from 12/08/2002,2008,HDB,018987,01,01,Central Region,Downtown Core
WATERTOWN,"1,600,000","1,108.69","1,443",01 Mar 2022,77 PUNGGOL CENTRAL #11-80,Resale,Strata,103,"15,534",-,Apartment,1,99 yrs from 18/05/2011,2017,HDB,828758,19,82,North East Region,Punggol
SELETAR PARK RESIDENCE,"1,520,000","1,991.34",763,01 Mar 2022,17 SELETAR ROAD #05-27,Resale,Strata,185,"8,216",-,Condominium,1,99 yrs from 15/03/2011,2015,HDB,807019,28,80,North East Region,Serangoon
KATONG REGENCY,"1,738,888",958,"1,815",01 Mar 2022,13 TANJONG KATONG ROAD #09-05,Resale,Strata,89,"19,538",-,Apartment,1,Freehold,2015,HDB,437158,15,43,Central Region,Geylang
RIVERSAILS,"983,000",850.36,"1,156",01 Mar 2022,20 UPPER SERANGOON CRESCENT #15-49,Resale,Strata,79,"12,443",-,Condominium,1,99 yrs from 07/12/2011,2016,Private,534026,19,53,North East Region,Hougang
FRAGRANCE COURT,"1,700,000","1,420.85","1,196",01 Mar 2022,12 YEW SIANG ROAD #03-03,Resale,Strata,132,"12,879",-,Apartment,1,Freehold,1997,HDB,117752,05,11,Central Region,Queenstown
THE JOVELL,"987,600",645.84,"1,529",01 Mar 2022,25 FLORA DRIVE #07-49,New Sale,Strata,60,"16,460",-,Condominium,1,99 yrs from 08/03/2018,Uncompleted,HDB,506763,17,50,East Region,Pasir Ris
HAUS ON HANDY,"1,351,000",516.67,"2,615",01 Mar 2022,28 HANDY ROAD #03-07,New Sale,Strata,48,"28,146",-,Condominium,1,99 yrs from 07/05/2018,Uncompleted,Private,229240,09,22,Central Region,Museum
THE FLORENCE RESIDENCES,"1,525,000",893.41,"1,707",01 Mar 2022,89 HOUGANG AVENUE 2 #02-42,New Sale,Strata,83,"18,373",-,Apartment,1,99 yrs from 24/12/2018,Uncompleted,Private,538863,19,53,North East Region,Hougang
ONE PEARL BANK,"1,174,000",430.56,"2,727",01 Mar 2022,1 PEARL BANK #19-02,New Sale,Strata,40,"29,350",-,Apartment,1,99 yrs from 01/03/2019,Uncompleted,N.A,169016,03,16,Central Region,Outram
ONE PEARL BANK,"1,920,000",699.66,"2,744",01 Mar 2022,1 PEARL BANK #31-16,New Sale,Strata,65,"29,538",-,Apartment,1,99 yrs from 01/03/2019,Uncompleted,Private,169016,03,16,Central Region,Outram
NORMANTON PARK,"1,798,000",968.76,"1,856",01 Mar 2022,49 NORMANTON PARK #19-24,New Sale,Strata,90,"19,978",-,Apartment,1,99 yrs from 22/07/2019,Uncompleted,HDB,117280,05,11,Central Region,Queenstown
NORMANTON PARK,"1,010,000",527.44,"1,915",01 Mar 2022,57 NORMANTON PARK #05-61,New Sale,Strata,49,"20,612",-,Apartment,1,99 yrs from 22/07/2019,Uncompleted,N.A,117284,05,11,Central Region,Queenstown
TEDGE,"1,517,176",914.94,"1,658",01 Mar 2022,328 CHANGI ROAD #05-01,New Sale,Strata,85,"17,849",-,Apartment,1,Freehold,Uncompleted,N.A,419803,14,41,East Region,Bedok
PARC KOMO,"1,637,460","1,001.05","1,636",01 Mar 2022,961 UPPER CHANGI ROAD NORTH #03-71,New Sale,Strata,93,"17,607",-,Apartment,1,Freehold,Uncompleted,N.A,507663,17,50,East Region,Pasir Ris
URBAN TREASURES,"1,998,980","1,011.82","1,976",01 Mar 2022,205 JALAN EUNOS #12-07,New Sale,Strata,94,"21,266",-,Condominium,1,Freehold,Uncompleted,Private,419535,14,41,East Region,Bedok
VERTICUS,"1,864,000",936.47,"1,990",01 Mar 2022,3 JALAN KEMAMAN #16-05,New Sale,Strata,87,"21,425",-,Apartment,1,Freehold,Uncompleted,Private,329343,12,32,Central Region,Novena
FORETT AT BUKIT TIMAH,"1,599,000",742.72,"2,153",01 Mar 2022,38B TOH TUCK ROAD #01-89,New Sale,Strata,69,"23,174",-,Apartment,1,Freehold,Uncompleted,HDB,596117,21,59,Central Region,Bukit Timah
LEEDON GREEN,"1,928,000",710.42,"2,714",01 Mar 2022,28 LEEDON HEIGHTS #06-12,New Sale,Strata,66,"29,212",-,Condominium,1,Freehold,Uncompleted,N.A,266222,10,26,Central Region,Bukit Timah
PHOENIX RESIDENCES,"1,542,757","1,033.34","1,493",01 Mar 2022,85 PHOENIX AVENUE #03-15,New Sale,Strata,96,"16,070",-,Apartment,1,99 yrs from 05/11/2019,Uncompleted,N.A,668385,23,66,West Region,Bukit Batok
MORI,"1,345,000",710.42,"1,893",01 Mar 2022,223 GUILLEMARD ROAD #04-13,New Sale,Strata,66,"20,379",-,Apartment,1,Freehold,Uncompleted,HDB,399738,14,39,Central Region,Geylang
RIS GRANDEUR,"1,440,000","1,291.68","1,115",01 Mar 2022,23 ELIAS ROAD #04-08,Resale,Strata,120,"12,000",-,Condominium,1,Freehold,2005,HDB,519930,18,51,East Region,Pasir Ris
PARC OLYMPIA,"1,138,000","1,162.51",979,01 Mar 2022,64 FLORA DRIVE #03-50,Resale,Strata,108,"10,537",-,Condominium,1,99 yrs from 25/01/2012,2015,HDB,506860,17,50,East Region,Pasir Ris
RIVERFRONT RESIDENCES,"720,000",516.67,"1,394",01 Mar 2022,41 HOUGANG AVENUE 7 #01-04,Sub Sale,Strata,48,"15,000",-,Apartment,1,99 yrs from 31/05/2018,Uncompleted,HDB,533813,19,53,North East Region,Hougang
LE LOYANG,"1,450,000","1,560.78",929,01 Mar 2022,43 JALAN LOYANG BESAR #01-02,Resale,Strata,145,"10,000",-,Apartment,1,999 yrs from 29/05/1885,1994,HDB,509371,17,50,East Region,Pasir Ris
THE LAKESHORE,"1,320,000","1,140.98","1,157",01 Mar 2022,33 JURONG WEST STREET 41 #08-45,Resale,Strata,106,"12,453",-,Condominium,1,99 yrs from 22/11/2002,2007,HDB,649413,22,64,West Region,Jurong West
EUNOS PARK,"1,150,000","1,130.22","1,018",01 Mar 2022,5 KAMPONG EUNOS #03-11,Resale,Strata,105,"10,952",-,Condominium,1,Freehold,1995,Private,417771,14,41,East Region,Bedok
REZI 26,"1,180,000","1,442.38",818,01 Mar 2022,5A LORONG 26 GEYLANG #08-07,Resale,Strata,134,"8,806",-,Apartment,1,Freehold,2015,Private,398504,14,39,Central Region,Geylang
LAGUNA PARK,"1,780,000","1,614.6","1,102",01 Mar 2022,5000B MARINE PARADE ROAD #22-05,Resale,Strata,150,"11,867",-,Apartment,1,99 yrs from 24/08/1977,1978,Private,449285,15,44,East Region,Bedok
3 ORCHARD BY-THE-PARK,"8,200,000","2,260.44","3,628",01 Mar 2022,3 ORCHARD BOULEVARD #12-03,Resale,Strata,210,"39,048",-,Condominium,1,Freehold,2017,Private,248653,10,24,Central Region,Orchard
PALMWOODS,"838,000",871.88,961,01 Mar 2022,450 UPPER CHANGI ROAD #03-14,Resale,Strata,81,"10,346",-,Condominium,1,99 yrs from 12/06/1996,1999,Private,487040,16,48,East Region,Bedok
NEPTUNE COURT,"1,385,000","1,270.15","1,090",01 Mar 2022,8 MARINE VISTA #18-33,Resale,Strata,118,"11,737",-,Apartment,1,99 yrs from 01/09/1976,1975,Private,449032,15,44,East Region,Bedok
CAVENAGH GARDENS,"2,200,000","1,550.02","1,419",01 Mar 2022,71 CAVENAGH ROAD #07-332,Resale,Strata,144,"15,278",-,Apartment,1,Freehold,-,Private,229623,09,22,Central Region,Newton
REFLECTIONS AT KEPPEL BAY,"3,860,700","2,271.2","1,700",01 Mar 2022,33 KEPPEL BAY VIEW #31-98,Resale,Strata,211,"18,297",-,Condominium,1,99 yrs from 15/03/2006,2011,Private,098419,04,09,Central Region,Bukit Merah
SUNGLADE,"1,530,000","1,140.98","1,341",01 Mar 2022,7 SERANGOON AVENUE 2 #10-21,Resale,Strata,106,"14,434",-,Condominium,1,99 yrs from 09/10/2000,2003,Private,556133,19,55,North East Region,Serangoon
OPERA ESTATE,"930,000","1,431.61",650,01 Mar 2022,9A SWAN LAKE AVENUE,Resale,Strata,133,"6,992",-,Apartment,1,Freehold,-,Private,455708,15,45,East Region,Bedok
J GATEWAY,"1,274,000",678.13,"1,879",01 Mar 2022,2 GATEWAY DRIVE #31-04,Resale,Strata,63,"20,222",-,Condominium,1,99 yrs from 28/08/2012,2016,Private,608533,22,60,West Region,Jurong East
ZYANYA,"1,687,950","1,022.58","1,651",01 Mar 2022,8 LORONG 25A GEYLANG #03-02,New Sale,Strata,95,"17,768",-,Apartment,1,Freehold,Uncompleted,N.A,388222,14,38,Central Region,Geylang
VENTUNO BALMORAL,"2,620,000","1,313.21","1,995",01 Mar 2022,21 BALMORAL ROAD #10-01,Resale,Strata,122,"21,475",-,Apartment,1,Freehold,2008,HDB,259805,10,25,Central Region,Tanglin
ONE DRAYCOTT,"2,570,000",796.54,"3,226",02 Mar 2022,1 DRAYCOTT PARK #10-01,New Sale,Strata,74,"34,730",-,Apartment,1,Freehold,Uncompleted,Private,259385,10,25,Central Region,Newton
JADESCAPE,"3,700,000","2,098.98","1,763",02 Mar 2022,10 SHUNFU ROAD #17-40,New Sale,Strata,195,"18,974",-,Condominium,1,99 yrs from 19/06/2018,Uncompleted,Private,575746,20,57,Central Region,Bishan
AMBER PARK,"3,317,000","1,302.44","2,547",02 Mar 2022,18A AMBER GARDENS #18-26,New Sale,Strata,121,"27,413",-,Condominium,1,Freehold,Uncompleted,Private,439981,15,43,Central Region,Marine Parade
THE FLORENCE RESIDENCES,"2,160,000","1,560.78","1,384",02 Mar 2022,83 HOUGANG AVENUE 2 #18-12,New Sale,Strata,145,"14,897",-,Apartment,1,99 yrs from 24/12/2018,Uncompleted,Private,538860,19,53,North East Region,Hougang
ONE PEARL BANK,"2,854,000","1,184.04","2,410",02 Mar 2022,1 PEARL BANK #20-07,New Sale,Strata,110,"25,945",-,Apartment,1,99 yrs from 01/03/2019,Uncompleted,N.A,169016,03,16,Central Region,Outram
NORMANTON PARK,"2,361,000","1,313.21","1,798",02 Mar 2022,45 NORMANTON PARK #04-03,New Sale,Strata,122,"19,352",-,Apartment,1,99 yrs from 22/07/2019,Uncompleted,Private,119027,05,11,Central Region,Queenstown
NORMANTON PARK,"2,400,000","1,313.21","1,828",02 Mar 2022,45 NORMANTON PARK #14-03,New Sale,Strata,122,"19,672",-,Apartment,1,99 yrs from 22/07/2019,Uncompleted,Private,119027,05,11,Central Region,Queenstown
NORMANTON PARK,"1,759,000",968.76,"1,816",02 Mar 2022,47 NORMANTON PARK #14-15,New Sale,Strata,90,"19,544",-,Apartment,1,99 yrs from 22/07/2019,Uncompleted,HDB,119028,05,11,Central Region,Queenstown
NORMANTON PARK,"1,011,000",527.44,"1,917",02 Mar 2022,51 NORMANTON PARK #04-34,New Sale,Strata,49,"20,633",-,Apartment,1,99 yrs from 22/07/2019,Uncompleted,HDB,117281,05,11,Central Region,Queenstown
NORMANTON PARK,"1,039,000",527.44,"1,970",02 Mar 2022,51 NORMANTON PARK #20-35,New Sale,Strata,49,"21,204",-,Apartment,1,99 yrs from 22/07/2019,Uncompleted,HDB,117281,05,11,Central Region,Queenstown
NORMANTON PARK,"1,017,000",527.44,"1,928",02 Mar 2022,51 NORMANTON PARK #07-35,New Sale,Strata,49,"20,755",-,Apartment,1,99 yrs from 22/07/2019,Uncompleted,HDB,117281,05,11,Central Region,Queenstown
NORMANTON PARK,"1,037,000",527.44,"1,966",02 Mar 2022,51 NORMANTON PARK #19-35,New Sale,Strata,49,"21,163",-,Apartment,1,99 yrs from 22/07/2019,Uncompleted,Private,117281,05,11,Central Region,Queenstown
NORMANTON PARK,"1,795,000",958,"1,874",02 Mar 2022,55 NORMANTON PARK #15-51,New Sale,Strata,89,"20,169",-,Apartment,1,99 yrs from 22/07/2019,Uncompleted,N.A,117283,05,11,Central Region,Queenstown
NORMANTON PARK,"1,016,000",527.44,"1,926",02 Mar 2022,57 NORMANTON PARK #08-61,New Sale,Strata,49,"20,735",-,Apartment,1,99 yrs from 22/07/2019,Uncompleted,N.A,117284,05,11,Central Region,Queenstown
NORMANTON PARK,"1,022,000",527.44,"1,938",02 Mar 2022,57 NORMANTON PARK #12-61,New Sale,Strata,49,"20,857",-,Apartment,1,99 yrs from 22/07/2019,Uncompleted,N.A,117284,05,11,Central Region,Queenstown
NORMANTON PARK,"1,032,000",527.44,"1,957",02 Mar 2022,57 NORMANTON PARK #18-61,New Sale,Strata,49,"21,061",-,Apartment,1,99 yrs from 22/07/2019,Uncompleted,N.A,117284,05,11,Central Region,Queenstown
VERDALE,"1,692,600",947.23,"1,787",02 Mar 2022,16 DE SOUZA AVENUE #02-49,New Sale,Strata,88,"19,234",-,Apartment,1,99 yrs from 05/12/2018,Uncompleted,N.A,599464,21,59,Central Region,Bukit Timah
MIDWOOD,"1,722,000",990.29,"1,739",02 Mar 2022,10 HILLVIEW RISE #22-18,New Sale,Strata,92,"18,717",-,Condominium,1,99 yrs from 01/10/2018,Uncompleted,N.A,667972,23,66,West Region,Bukit Batok
MYRA,"1,013,800",473.62,"2,141",02 Mar 2022,9 MEYAPPA CHETTIAR ROAD #03-01,New Sale,Strata,44,"23,041",-,Apartment,1,Freehold,Uncompleted,HDB,358456,13,35,Central Region,Toa Payoh
MYRA,"1,554,800",731.95,"2,124",02 Mar 2022,9 MEYAPPA CHETTIAR ROAD #09-02,New Sale,Strata,68,"22,865",-,Apartment,1,Freehold,Uncompleted,N.A,358456,13,35,Central Region,Toa Payoh
MYRA,"1,493,800",667.37,"2,238",02 Mar 2022,9 MEYAPPA CHETTIAR ROAD #07-07,New Sale,Strata,62,"24,094",-,Apartment,1,Freehold,Uncompleted,HDB,358456,13,35,Central Region,Toa Payoh
KI RESIDENCES AT BROOKVALE,"1,981,000","1,151.75","1,720",02 Mar 2022,10 BROOKVALE DRIVE #12-17,New Sale,Strata,107,"18,514",-,Condominium,1,999 yrs from 23/03/1885,Uncompleted,N.A,599977,21,59,West Region,Clementi
AMBER 45,"3,920,000","1,593.07","2,461",02 Mar 2022,45 AMBER ROAD #17-03,Resale,Strata,148,"26,486",-,Apartment,1,Freehold,2020,Private,439886,15,43,Central Region,Marine Parade
ECO,"780,000",613.55,"1,271",02 Mar 2022,275 BEDOK SOUTH AVENUE 3 #05-21,Resale,Strata,57,"13,684",-,Condominium,1,99 yrs from 14/05/2012,2017,Private,465491,16,46,East Region,Bedok
SKY HABITAT,"1,055,000",710.42,"1,485",02 Mar 2022,7 BISHAN STREET 15 #02-02,Resale,Strata,66,"15,985",-,Condominium,1,99 yrs from 30/05/2011,2015,Private,573908,20,57,Central Region,Bishan
THE CLEMENT CANOPY,"1,300,000",731.95,"1,776",02 Mar 2022,16 CLEMENTI AVENUE 1 #33-03,Resale,Strata,68,"19,118",-,Apartment,1,99 yrs from 09/03/2016,2019,Private,129960,05,12,West Region,Clementi
LAKEHOLMZ,"1,400,000","1,237.86","1,131",02 Mar 2022,90 CORPORATION ROAD #13-20,Resale,Strata,115,"12,174",-,Condominium,1,99 yrs from 29/10/2001,2005,HDB,649824,22,64,West Region,Jurong West
TURQUOISE,"4,127,920","2,421.9","1,704",02 Mar 2022,55 COVE DRIVE #03-13,Resale,Strata,225,"18,346",-,Condominium,1,99 yrs from 12/03/2007,2010,Private,098395,04,09,Central Region,Southern Islands
GARDENVISTA,"1,250,000",850.36,"1,470",02 Mar 2022,952 DUNEARN ROAD #03-07,Resale,Strata,79,"15,823",-,Condominium,1,99 yrs from 09/09/1999,2006,Private,589482,21,58,Central Region,Bukit Timah
AVILA GARDENS,"1,268,000","1,302.44",974,02 Mar 2022,11 FLORA ROAD #05-09,Resale,Strata,121,"10,479",-,Condominium,1,Freehold,1995,HDB,509732,17,50,East Region,Pasir Ris
THE TRILINQ,"1,900,000","1,356.26","1,401",02 Mar 2022,28 JALAN LEMPENG #18-07,Resale,Strata,126,"15,079",-,Condominium,1,99 yrs from 16/04/2012,2017,Private,128807,05,12,West Region,Clementi
ONE EIGHTIES RESIDENCES,"850,000",559.73,"1,519",02 Mar 2022,186 JOO CHIAT TERRACE #02-05,Resale,Strata,52,"16,346",-,Apartment,1,Freehold,2015,Private,427332,15,42,Central Region,Geylang
THE CENTRIS,"1,460,000","1,259.39","1,159",02 Mar 2022,75 JURONG WEST CENTRAL 3 #06-22,Resale,Strata,117,"12,479",-,Apartment,1,99 yrs from 21/06/2006,2009,Private,648337,22,64,West Region,Jurong West
REFLECTIONS AT KEPPEL BAY,"2,890,000","1,689.95","1,710",02 Mar 2022,7 KEPPEL BAY VIEW #02-24,Resale,Strata,157,"18,408",-,Condominium,1,99 yrs from 15/03/2006,2011,Private,098405,04,09,Central Region,Bukit Merah
GUILLEMARD EDGE,"648,000",409.03,"1,584",02 Mar 2022,38 LORONG 30 GEYLANG #05-07,Resale,Strata,38,"17,053",-,Apartment,1,Freehold,2014,HDB,398371,14,39,Central Region,Geylang
BARTLEY RIDGE,"1,550,000","1,033.34","1,500",02 Mar 2022,42 MOUNT VERNON ROAD #02-33,Resale,Strata,96,"16,146",-,Condominium,1,99 yrs from 16/04/2012,2016,Private,368061,13,36,Central Region,Toa Payoh
21 RICHARDS,"1,370,000","1,054.87","1,299",02 Mar 2022,21 RICHARDS AVENUE #05-08,Resale,Strata,98,"13,980",-,Apartment,1,Freehold,2013,HDB,546430,19,54,North East Region,Hougang
RV RESIDENCES,"960,000",452.09,"2,123",02 Mar 2022,467 RIVER VALLEY ROAD #06-21,Resale,Strata,42,"22,857",-,Condominium,1,999 yrs from 21/06/1877,2015,Private,248352,10,24,Central Region,Tanglin
76 SHENTON,"1,830,000",968.76,"1,889",02 Mar 2022,76 SHENTON WAY #25-05,Resale,Strata,90,"20,333",-,Apartment,1,99 yrs from 12/04/2007,2014,HDB,079119,02,07,Central Region,Downtown Core
BLISS REGALIA,"840,000",645.84,"1,301",02 Mar 2022,80 SING AVENUE #05-02,Resale,Strata,60,"14,000",-,Apartment,1,Freehold,2009,HDB,217920,08,21,Central Region,Kallang
THE LINEAR,"1,540,000","1,388.56","1,109",02 Mar 2022,886 UPPER BUKIT TIMAH ROAD #03-14,Resale,Strata,129,"11,938",-,Apartment,1,999 yrs from 02/10/1876,2006,Private,678184,23,67,West Region,Bukit Panjang
BLEU @ EAST COAST,"2,525,000","2,551.07",990,02 Mar 2022,562 UPPER EAST COAST ROAD #05-13,Resale,Strata,237,"10,654",-,Condominium,1,Freehold,2008,Private,466581,16,46,East Region,Bedok
PARC RIVIERA,"1,080,000",710.42,"1,520",02 Mar 2022,101 WEST COAST VALE #25-10,Resale,Strata,66,"16,364",-,Condominium,1,99 yrs from 11/11/2015,2019,Private,126753,05,12,West Region,Clementi
SYMPHONY SUITES,"1,250,000","1,022.58","1,222",02 Mar 2022,13 YISHUN CLOSE #13-27,Resale,Strata,95,"13,158",-,Condominium,1,99 yrs from 10/06/2014,2018,Private,768010,27,76,North Region,Yishun
THE MINTON,"1,200,000",979.52,"1,225",02 Mar 2022,2 HOUGANG STREET 11 #06-02,Resale,Strata,91,"13,187",-,Condominium,1,99 yrs from 27/07/2007,2013,HDB,538751,19,53,North East Region,Hougang
COCO PALMS,"1,420,000","1,097.93","1,293",02 Mar 2022,31 PASIR RIS GROVE #03-63,Resale,Strata,102,"13,922",-,Condominium,1,99 yrs from 07/01/2008,2018,Private,518075,18,51,East Region,Pasir Ris
HIGH PARK RESIDENCES,"800,000",581.26,"1,376",02 Mar 2022,29 FERNVALE ROAD #09-40,Resale,Strata,54,"14,815",-,Apartment,1,99 yrs from 05/11/2014,2019,HDB,797416,28,79,North East Region,Sengkang
CANBERLIN APARTMENTS,"985,000","1,248.62",789,02 Mar 2022,60 LORONG 16 GEYLANG #06-02,Resale,Strata,116,"8,491",-,Apartment,1,Freehold,2001,HDB,398887,14,39,Central Region,Geylang
THE SIENA,"1,340,000",753.48,"1,778",02 Mar 2022,35 TAN KIM CHENG ROAD #05-10,Resale,Strata,70,"19,143",-,Apartment,1,99 yrs from 28/02/2013,2016,Private,266637,10,26,Central Region,Bukit Timah
MALVERN SPRINGS,"2,788,888","2,734.06","1,020",02 Mar 2022,373 ONAN ROAD #05-08,Resale,Strata,254,"10,980",-,Condominium,1,Freehold,2004,Private,424775,15,42,Central Region,Marine Parade
ST FRANCIS COURT,"1,140,000","1,270.15",898,02 Mar 2022,90 ST. FRANCIS ROAD #02-06,Resale,Strata,118,"9,661",-,Apartment,1,99 yrs from 08/09/1992,1994,Private,328071,12,32,Central Region,Kallang
PARC RIVIERA,"1,275,000",925.7,"1,377",02 Mar 2022,101 WEST COAST VALE #05-05,Resale,Strata,86,"14,826",-,Condominium,1,99 yrs from 11/11/2015,2019,HDB,126753,05,12,West Region,Clementi
HILLION RESIDENCES,"710,000",462.85,"1,534",02 Mar 2022,10 JELEBU ROAD #08-22,Resale,Strata,43,"16,512",-,Apartment,1,99 yrs from 04/01/2013,2017,HDB,677672,23,67,West Region,Bukit Panjang
AMBER PARK,"3,841,000","1,571.54","2,444",03 Mar 2022,16 AMBER GARDENS #14-07,New Sale,Strata,146,"26,308",-,Condominium,1,Freehold,Uncompleted,Private,439961,15,43,Central Region,Marine Parade
AMBER PARK,"3,194,000","1,302.44","2,452",03 Mar 2022,18 AMBER GARDENS #11-16,New Sale,Strata,121,"26,397",-,Condominium,1,Freehold,Uncompleted,HDB,439980,15,43,Central Region,Marine Parade
THE FLORENCE RESIDENCES,"1,789,000","1,087.16","1,646",03 Mar 2022,91 HOUGANG AVENUE 2 #16-47,New Sale,Strata,101,"17,713",-,Apartment,1,99 yrs from 24/12/2018,Uncompleted,Private,538864,19,53,North East Region,Hougang
THE FLORENCE RESIDENCES,"1,199,000",635.08,"1,888",03 Mar 2022,97 HOUGANG AVENUE 2 #14-73,New Sale,Strata,59,"20,322",-,Apartment,1,99 yrs from 24/12/2018,Uncompleted,HDB,533753,19,53,North East Region,Hougang
ONE PEARL BANK,"2,609,000","1,097.93","2,376",03 Mar 2022,1 PEARL BANK #06-01,New Sale,Strata,102,"25,578",-,Apartment,1,99 yrs from 01/03/2019,Uncompleted,N.A,169016,03,16,Central Region,Outram
NORMANTON PARK,"2,365,000","1,313.21","1,783",03 Mar 2022,45 NORMANTON PARK #11-03,New Sale,Strata,122,"19,191","2,341,350",Apartment,1,99 yrs from 22/07/2019,Uncompleted,N.A,119027,05,11,Central Region,Queenstown
NORMANTON PARK,"2,373,000","1,313.21","1,807",03 Mar 2022,45 NORMANTON PARK #07-03,New Sale,Strata,122,"19,451",-,Apartment,1,99 yrs from 22/07/2019,Uncompleted,N.A,119027,05,11,Central Region,Queenstown
NORMANTON PARK,"1,873,000","1,108.69","1,689",03 Mar 2022,47 NORMANTON PARK #24-15,New Sale,Strata,103,"18,184",-,Apartment,1,99 yrs from 22/07/2019,Uncompleted,N.A,119028,05,11,Central Region,Queenstown
NORMANTON PARK,"1,792,000",968.76,"1,850",03 Mar 2022,49 NORMANTON PARK #17-24,New Sale,Strata,90,"19,911",-,Apartment,1,99 yrs from 22/07/2019,Uncompleted,N.A,117280,05,11,Central Region,Queenstown
SENGKANG GRAND RESIDENCES,"1,727,200",936.47,"1,844",03 Mar 2022,82 COMPASSVALE BOW #11-43,New Sale,Strata,87,"19,853",-,Apartment,1,99 yrs from 13/11/2018,Uncompleted,N.A,544571,19,54,North East Region,Sengkang
MEYER MANSION,"3,548,000","1,399.32","2,536",03 Mar 2022,79 MEYER ROAD #04-04,New Sale,Strata,130,"27,292",-,Apartment,1,Freehold,Uncompleted,Private,437906,15,43,Central Region,Marine Parade
MIDWOOD,"1,742,000",990.29,"1,759",03 Mar 2022,10 HILLVIEW RISE #26-18,New Sale,Strata,92,"18,935",-,Condominium,1,99 yrs from 01/10/2018,Uncompleted,HDB,667972,23,66,West Region,Bukit Batok
MYRA,"2,850,000","1,323.97","2,153",03 Mar 2022,9 MEYAPPA CHETTIAR ROAD #08-06,New Sale,Strata,123,"23,171",-,Apartment,1,Freehold,Uncompleted,N.A,358456,13,35,Central Region,Toa Payoh
KI RESIDENCES AT BROOKVALE,"1,820,000",979.52,"1,858",03 Mar 2022,12 BROOKVALE DRIVE #02-23,New Sale,Strata,91,"20,000",-,Condominium,1,999 yrs from 23/03/1885,Uncompleted,Private,599978,21,59,West Region,Clementi
KI RESIDENCES AT BROOKVALE,"1,915,000",936.47,"2,045",03 Mar 2022,2 BROOKVALE DRIVE #10-03,New Sale,Strata,87,"22,011",-,Condominium,1,999 yrs from 23/03/1885,Uncompleted,N.A,599973,21,59,West Region,Clementi
THE WATERGARDENS AT CANBERRA,"1,390,000",958,"1,451",03 Mar 2022,33 CANBERRA DRIVE #01-22,New Sale,Strata,89,"15,618",-,Apartment,1,99 yrs from 08/06/2020,Uncompleted,N.A,769992,27,76,North Region,Sembawang
CANNINGHILL PIERS,"3,175,000","1,130.22","2,809",03 Mar 2022,5 CLARKE QUAY #08-22,New Sale,Strata,105,"30,238",-,Apartment,1,99 yrs from 17/09/2021,Uncompleted,Private,179884,06,17,Central Region,Singapore River
MORI,"1,325,000",721.19,"1,837",03 Mar 2022,223 GUILLEMARD ROAD #02-04,New Sale,Strata,67,"19,776",-,Apartment,1,Freehold,Uncompleted,Private,399738,14,39,Central Region,Geylang
STRATUM,"855,000",882.65,969,03 Mar 2022,96 ELIAS ROAD #01-47,Resale,Strata,82,"10,427",-,Condominium,1,99 yrs from 11/07/2012,2016,Private,519953,18,51,East Region,Pasir Ris
MONTROSA,"1,450,000","1,151.75","1,259",03 Mar 2022,132A HILLVIEW AVENUE #08-01,Resale,Strata,107,"13,551",-,Condominium,1,999 yrs from 12/10/1885,1999,Private,669604,23,66,West Region,Bukit Batok
LANDBAY CONDOMINIUM,"1,500,000","1,044.11","1,437",03 Mar 2022,9 JALAN HAJIJAH #01-08,Resale,Strata,97,"15,464",-,Condominium,1,Freehold,1996,HDB,468704,16,46,East Region,Bedok
THE MORNINGSIDE,"3,480,000","1,776.06","1,959",03 Mar 2022,1 JALAN KUALA #14-04,Resale,Strata,165,"21,091",-,Apartment,1,Freehold,1992,Private,239639,09,23,Central Region,River Valley
LAKE GRANDE,"1,220,000",775.01,"1,574",03 Mar 2022,8 JURONG LAKE LINK #16-31,Resale,Strata,72,"16,944",-,Condominium,1,99 yrs from 09/06/2015,2019,HDB,648130,22,64,West Region,Jurong West
GEM RESIDENCES,"1,620,000","1,011.82","1,601",03 Mar 2022,3 LORONG 5 TOA PAYOH #11-12,Sub Sale,Strata,94,"17,234",-,Condominium,1,99 yrs from 21/09/2015,2019,HDB,319459,12,31,Central Region,Toa Payoh
TREASURES@G6,"560,000",452.09,"1,239",03 Mar 2022,35 LORONG 6 GEYLANG #03-07,Resale,Strata,42,"13,333",-,Apartment,1,Freehold,2017,Private,399187,14,39,Central Region,Geylang
THE MAKENA,"2,700,000","1,506.96","1,792",03 Mar 2022,121 MEYER ROAD #10-08,Resale,Strata,140,"19,286",-,Condominium,1,Freehold,1998,Private,437932,15,43,Central Region,Marine Parade
AALTO,"3,088,000","1,550.02","1,992",03 Mar 2022,191 MEYER ROAD #08-01,Resale,Strata,144,"21,444",-,Condominium,1,Freehold,2010,Private,437980,15,43,Central Region,Marine Parade
THE TRE VER,"845,000",505.91,"1,670",03 Mar 2022,60 POTONG PASIR AVENUE 1 #05-01,Sub Sale,Strata,47,"17,979",-,Condominium,1,99 yrs from 27/03/2018,Uncompleted,Private,358391,13,35,Central Region,Toa Payoh
WATERTOWN,"870,000",570.49,"1,525",03 Mar 2022,69 PUNGGOL CENTRAL #13-32,Resale,Strata,53,"16,415",-,Apartment,1,99 yrs from 18/05/2011,2017,HDB,828754,19,82,North East Region,Punggol
COSTA RHU,"1,408,000","1,011.82","1,392",03 Mar 2022,5 RHU CROSS #14-16,Resale,Strata,94,"14,979",-,Condominium,1,99 yrs from 30/05/1994,1997,Private,437434,15,43,Central Region,Kallang
ROBIN RESIDENCES,"1,900,000",828.83,"2,292",03 Mar 2022,5 ROBIN DRIVE #02-14,Resale,Strata,77,"24,675",-,Condominium,1,Freehold,2015,Private,258267,10,25,Central Region,Tanglin
WATERMARK ROBERTSON QUAY,"2,880,000","1,323.97","2,175",03 Mar 2022,3 RODYK STREET #09-14,Resale,Strata,123,"23,415",-,Apartment,1,Freehold,2008,Private,238213,09,23,Central Region,Singapore River
THOMSON GRAND,"2,150,000","1,356.26","1,585",03 Mar 2022,21 SIN MING WALK #09-12,Resale,Strata,126,"17,063",-,Condominium,1,99 yrs from 08/02/2010,2015,HDB,573915,20,57,Central Region,Bishan
SPOTTISWOODE PARK,"853,000",850.36,"1,003",03 Mar 2022,101 SPOTTISWOODE PARK ROAD #07-90,Resale,Strata,79,"10,797",-,Apartment,1,99 yrs from 01/02/1973,-,HDB,080101,02,08,Central Region,Bukit Merah
KERRISDALE,"1,610,000","1,259.39","1,278",03 Mar 2022,30 STURDEE ROAD #11-06,Resale,Strata,117,"13,761",-,Condominium,1,99 yrs from 02/04/1998,2005,Private,207852,08,20,Central Region,Kallang
THE SANTORINI,"910,000",753.48,"1,208",03 Mar 2022,31 TAMPINES STREET 86 #13-31,Resale,Strata,70,"13,000",-,Condominium,1,99 yrs from 16/10/2013,2017,Private,528572,18,52,East Region,Tampines
EIGHT RIVERSUITES,"1,360,000",936.47,"1,452",03 Mar 2022,2 WHAMPOA EAST #12-07,Resale,Strata,87,"15,632",-,Condominium,1,99 yrs from 11/07/2011,2016,HDB,338517,12,33,Central Region,Kallang
EIGHT RIVERSUITES,"1,562,800",979.52,"1,595",03 Mar 2022,6 WHAMPOA EAST #25-12,Resale,Strata,91,"17,174",-,Condominium,1,99 yrs from 11/07/2011,2016,HDB,338519,12,33,Central Region,Kallang
THOMSON THREE,"1,750,000","1,044.11","1,676",03 Mar 2022,41 BRIGHT HILL DRIVE #03-03,Resale,Strata,97,"18,041",-,Apartment,1,99 yrs from 07/11/2012,2016,HDB,573893,20,57,Central Region,Bishan
LE QUEST,"738,000",495.14,"1,490",03 Mar 2022,8 BUKIT BATOK STREET 41 #10-25,Resale,Strata,46,"16,043",-,Apartment,1,99 yrs from 29/08/2016,2020,Private,657993,23,65,West Region,Bukit Batok
THOMSON GRAND,"1,960,000","1,356.26","1,445",03 Mar 2022,25 SIN MING WALK #04-16,Resale,Strata,126,"15,556",-,Condominium,1,99 yrs from 08/02/2010,2015,Private,573917,20,57,Central Region,Bishan
HILLVIEW REGENCY,"1,270,000","1,194.8","1,063",03 Mar 2022,26 BUKIT BATOK EAST AVENUE 2 #25-03,Resale,Strata,111,"11,441",-,Condominium,1,99 yrs from 20/06/2000,2005,HDB,659920,23,65,West Region,Bukit Batok
ONE JERVOIS,"2,680,000","1,291.68","2,075",03 Mar 2022,11 JERVOIS CLOSE #09-21,Resale,Strata,120,"22,333",-,Condominium,1,Freehold,2009,Private,249107,10,24,Central Region,Tanglin
THE CENTRIS,"1,170,000",936.47,"1,249",03 Mar 2022,81 JURONG WEST CENTRAL 3 #14-39,Resale,Strata,87,"13,448",-,Apartment,1,99 yrs from 21/06/2006,2009,Private,648340,22,64,West Region,Jurong West
Q BAY RESIDENCES,"1,350,000","1,119.46","1,206",03 Mar 2022,7 TAMPINES STREET 86 #13-22,Resale,Strata,104,"12,981",-,Condominium,1,99 yrs from 21/08/2012,2016,HDB,528586,18,52,East Region,Tampines
DOVER PARKVIEW,"2,730,000","1,980.58","1,378",03 Mar 2022,36 DOVER RISE #14-01,Resale,Strata,184,"14,837",-,Condominium,1,99 yrs from 01/12/1993,1997,HDB,138685,05,13,Central Region,Queenstown
KINGSFORD WATERBAY,"888,000",678.13,"1,309",03 Mar 2022,70 UPPER SERANGOON VIEW #08-32,Resale,Strata,63,"14,095",-,Apartment,1,99 yrs from 03/03/2014,2018,Private,533883,19,53,North East Region,Hougang
WHISTLER GRAND,"1,265,000",764.24,"1,655",03 Mar 2022,107 WEST COAST VALE #10-10,Sub Sale,Strata,71,"17,817",-,Apartment,1,99 yrs from 07/05/2018,Uncompleted,HDB,126751,05,12,West Region,Clementi
TANAMERA CREST,"1,050,000","1,173.28",895,03 Mar 2022,6 PARI DEDAP WALK #11-01,Resale,Strata,109,"9,633",-,Condominium,1,99 yrs from 20/06/2000,2004,HDB,486060,16,48,East Region,Bedok
BEDOK RESIDENCES,"1,380,000",882.65,"1,563",03 Mar 2022,16 BEDOK NORTH DRIVE #09-04,Resale,Strata,82,"16,829",-,Apartment,1,99 yrs from 21/11/2011,2015,Private,465494,16,46,East Region,Bedok
KEMBANGAN SUITES,"790,000",559.73,"1,411",03 Mar 2022,16 JALAN MASJID #04-14,Resale,Strata,52,"15,192",-,Apartment,1,Freehold,2011,Private,418941,14,41,East Region,Bedok
COTE D'AZUR,"2,150,000","1,388.56","1,548",03 Mar 2022,62 MARINE PARADE ROAD #06-06,Resale,Strata,129,"16,667",-,Condominium,1,99 yrs from 25/07/2001,2004,Private,449298,15,44,Central Region,Marine Parade
BISHAN POINT,"1,541,800","1,184.04","1,302",03 Mar 2022,61 BRIGHT HILL DRIVE #22-03,Resale,Strata,110,"14,016",-,Condominium,1,99 yrs from 06/12/1997,2005,Private,579653,20,57,Central Region,Bishan
SANT RITZ,"1,540,000",958,"1,608",03 Mar 2022,1 PHENG GECK AVENUE #15-22,Resale,Strata,89,"17,303",-,Condominium,1,99 yrs from 01/10/2012,2016,HDB,348196,13,34,Central Region,Toa Payoh
VARSITY PARK CONDOMINIUM,"2,718,000","2,228.15","1,220",03 Mar 2022,62 WEST COAST ROAD #05-79,Resale,Strata,207,"13,130",-,Condominium,1,99 yrs from 03/05/2004,2008,Private,126833,05,12,West Region,Clementi
THOMSON IMPRESSIONS,"765,000",462.85,"1,653",03 Mar 2022,3 LORONG PUNTONG #03-10,Resale,Strata,43,"17,791",-,Apartment,1,99 yrs from 12/01/2015,2018,Private,576444,20,57,Central Region,Bishan
WATERFRONT ISLE,"1,880,000","1,377.79","1,365",03 Mar 2022,730 BEDOK RESERVOIR ROAD #09-06,Resale,Strata,128,"14,688",-,Condominium,1,99 yrs from 26/11/2009,2015,Private,479261,16,47,East Region,Bedok
RIVERFRONT RESIDENCES,"2,174,640","1,485.43","1,464",04 Mar 2022,57 HOUGANG AVENUE 7 #02-82,New Sale,Strata,138,"15,758",-,Apartment,1,99 yrs from 31/05/2018,Uncompleted,N.A,533821,19,53,North East Region,Hougang
MEYERHOUSE,"7,910,250","2,970.86","2,663",04 Mar 2022,128 MEYER ROAD #04-09,New Sale,Strata,276,"28,660",-,Condominium,1,Freehold,Uncompleted,Private,437938,15,43,Central Region,Marine Parade
MEYERHOUSE,"7,756,000","2,970.86","2,611",04 Mar 2022,128 MEYER ROAD #04-11,New Sale,Strata,276,"28,101",-,Condominium,1,Freehold,Uncompleted,N.A,437938,15,43,Central Region,Marine Parade
THE FLORENCE RESIDENCES,"1,176,000",635.08,"1,852",04 Mar 2022,81 HOUGANG AVENUE 2 #17-06,New Sale,Strata,59,"19,932",-,Apartment,1,99 yrs from 24/12/2018,Uncompleted,HDB,538859,19,53,North East Region,Hougang
THE FLORENCE RESIDENCES,"1,106,000",635.08,"1,742",04 Mar 2022,97 HOUGANG AVENUE 2 #10-77,New Sale,Strata,59,"18,746",-,Apartment,1,99 yrs from 24/12/2018,Uncompleted,N.A,533753,19,53,North East Region,Hougang
NORMANTON PARK,"1,783,000",968.76,"1,840",04 Mar 2022,49 NORMANTON PARK #14-24,New Sale,Strata,90,"19,811",-,Apartment,1,99 yrs from 22/07/2019,Uncompleted,N.A,117280,05,11,Central Region,Queenstown
SENGKANG GRAND RESIDENCES,"1,843,650","1,011.82","1,822",04 Mar 2022,72 COMPASSVALE BOW #04-07,New Sale,Strata,94,"19,613",-,Apartment,1,99 yrs from 13/11/2018,Uncompleted,HDB,544693,19,54,North East Region,Sengkang
PARC KOMO,"2,908,000","1,872.94","1,553",04 Mar 2022,965 UPPER CHANGI ROAD NORTH #01-31,New Sale,Strata,174,"16,713",-,Apartment,1,Freehold,Uncompleted,Private,507665,17,50,East Region,Pasir Ris
AVENUE SOUTH RESIDENCE,"3,360,000","1,496.2","2,246",04 Mar 2022,13 SILAT AVENUE #46-37,New Sale,Strata,139,"24,173",-,Apartment,1,99 yrs from 14/08/2018,Uncompleted,HDB,168878,03,16,Central Region,Bukit Merah
FORETT AT BUKIT TIMAH,"2,358,000","1,076.4","2,191",04 Mar 2022,32A TOH TUCK ROAD #02-07,New Sale,Strata,100,"23,580",-,Apartment,1,Freehold,Uncompleted,HDB,596110,21,59,Central Region,Bukit Timah
LEEDON GREEN,"1,703,000",613.55,"2,776",04 Mar 2022,28 LEEDON HEIGHTS #04-09,New Sale,Strata,57,"29,877",-,Condominium,1,Freehold,Uncompleted,N.A,266222,10,26,Central Region,Bukit Timah
PENROSE,"2,058,000","1,173.28","1,754",04 Mar 2022,28 SIMS DRIVE #16-24,New Sale,Strata,109,"18,881",-,Apartment,1,99 yrs from 03/07/2019,Uncompleted,Private,387399,14,38,Central Region,Geylang
M SUITES,"2,169,482","1,313.21","1,652",04 Mar 2022,65 LORONG MELAYU #03-01,New Sale,Strata,122,"17,783",-,Apartment,1,Freehold,Uncompleted,Private,416952,14,41,East Region,Bedok
KI RESIDENCES AT BROOKVALE,"2,238,000","1,173.28","1,907",04 Mar 2022,8 BROOKVALE DRIVE #02-13,New Sale,Strata,109,"20,532",-,Condominium,1,999 yrs from 23/03/1885,Uncompleted,Private,599976,21,59,West Region,Clementi
SKY VUE,"1,495,000",828.83,"1,804",04 Mar 2022,1 BISHAN STREET 15 #30-06,Resale,Strata,77,"19,416",-,Condominium,1,99 yrs from 04/03/2013,2016,HDB,573910,20,57,Central Region,Bishan
MARINA BAY SUITES,"3,100,000","1,593.07","1,946",04 Mar 2022,3 CENTRAL BOULEVARD #49-03,Resale,Strata,148,"20,946",-,Condominium,1,99 yrs from 08/03/2007,2013,Private,018965,01,01,Central Region,Downtown Core
THE LUXURIE,"1,280,000","1,001.05","1,279",04 Mar 2022,29 COMPASSVALE ROAD #06-38,Resale,Strata,93,"13,763",-,Condominium,1,99 yrs from 15/06/2011,2015,Private,544758,19,54,North East Region,Sengkang
HAIG COURT,"2,400,000","1,474.67","1,627",04 Mar 2022,152 HAIG ROAD #02-02,Resale,Strata,137,"17,518",-,Condominium,1,Freehold,2004,HDB,438791,15,43,Central Region,Marine Parade
HILLION RESIDENCES,"745,000",473.62,"1,573",04 Mar 2022,12 JELEBU ROAD #17-31,Resale,Strata,44,"16,932",-,Apartment,1,99 yrs from 04/01/2013,2017,HDB,677673,23,67,West Region,Bukit Panjang
ROCHELLE AT NEWTON,"3,400,000","1,862.17","1,826",04 Mar 2022,188 KENG LEE ROAD #17-01,Resale,Strata,173,"19,653",-,Condominium,1,99 yrs from 10/03/2008,2012,Private,308414,11,30,Central Region,Novena
THE LAKEFRONT RESIDENCES,"1,138,000",764.24,"1,489",04 Mar 2022,48 LAKESIDE DRIVE #05-33,Resale,Strata,71,"16,028",-,Condominium,1,99 yrs from 03/08/2010,2014,HDB,648305,22,64,West Region,Jurong West
JADE RESIDENCES,"930,000",613.55,"1,516",04 Mar 2022,1 LEW LIAN VALE #01-08,Resale,Strata,57,"16,316",-,Apartment,1,Freehold,2017,Private,537016,19,53,North East Region,Serangoon
BARTLEY RIDGE,"770,000",462.85,"1,664",04 Mar 2022,44 MOUNT VERNON ROAD #12-44,Resale,Strata,43,"17,907",-,Condominium,1,99 yrs from 16/04/2012,2016,Private,368062,13,36,Central Region,Toa Payoh
SEA ESTA,"770,000",645.84,"1,192",04 Mar 2022,20 PASIR RIS LINK #11-12,Resale,Strata,60,"12,833",-,Condominium,1,99 yrs from 09/01/2012,2015,Private,518157,18,51,East Region,Pasir Ris
THE CREST,"1,260,000",613.55,"2,054",04 Mar 2022,103 PRINCE CHARLES CRESCENT #05-08,Resale,Strata,57,"22,105",-,Condominium,1,99 yrs from 21/12/2012,2017,Private,159018,03,15,Central Region,Bukit Merah
CHANGI RISE CONDOMINIUM,"1,060,000","1,130.22",938,04 Mar 2022,10 SIMEI RISE #09-28,Resale,Strata,105,"10,095",-,Condominium,1,99 yrs from 29/11/2000,2004,HDB,528804,18,52,East Region,Tampines
SIMS URBAN OASIS,"1,580,000",958,"1,649",04 Mar 2022,10 SIMS DRIVE #08-40,Resale,Strata,89,"17,753",-,Condominium,1,99 yrs from 29/07/2014,2017,Private,387390,14,38,Central Region,Geylang
SIMS URBAN OASIS,"1,050,000",624.31,"1,682",04 Mar 2022,2 SIMS DRIVE #14-16,Resale,Strata,58,"18,103",-,Condominium,1,99 yrs from 29/07/2014,2017,HDB,387386,14,38,Central Region,Geylang
GRANDEUR PARK RESIDENCES,"930,000",592.02,"1,571",04 Mar 2022,11 BEDOK SOUTH AVENUE 3 #04-47,Resale,Strata,55,"16,909",-,Condominium,1,99 yrs from 25/05/2016,2020,HDB,465466,16,46,East Region,Bedok
WATERFRONT ISLE,"1,075,000",914.94,"1,175",04 Mar 2022,738 BEDOK RESERVOIR ROAD #02-39,Resale,Strata,85,"12,647",-,Condominium,1,99 yrs from 26/11/2009,2015,Private,479265,16,47,East Region,Bedok
HIGH PARK RESIDENCES,"1,100,000",871.88,"1,262",04 Mar 2022,21 FERNVALE ROAD #20-03,Resale,Strata,81,"13,580",-,Apartment,1,99 yrs from 05/11/2014,2019,HDB,797637,28,79,North East Region,Sengkang
CARIBBEAN AT KEPPEL BAY,"2,150,000","1,216.33","1,768",04 Mar 2022,30 KEPPEL BAY DRIVE #02-48,Resale,Strata,113,"19,027",-,Condominium,1,99 yrs from 16/08/1999,2004,Private,098650,04,09,Central Region,Bukit Merah
VACANZA @ EAST,"2,180,000","1,937.52","1,125",04 Mar 2022,48 LENGKONG TUJOH #11-34,Resale,Strata,180,"12,111",-,Condominium,1,Freehold,2014,HDB,417397,14,41,East Region,Bedok
GEM RESIDENCES,"1,200,000",678.13,"1,770",04 Mar 2022,3 LORONG 5 TOA PAYOH #28-10,Sub Sale,Strata,63,"19,048",-,Condominium,1,99 yrs from 21/09/2015,2019,Private,319459,12,31,Central Region,Toa Payoh
THE SEAWIND,"1,610,000",990.29,"1,626",04 Mar 2022,72 LORONG M TELOK KURAU #01-06,Resale,Strata,92,"17,500",-,Condominium,1,Freehold,2015,Private,425387,15,42,East Region,Bedok
NIM GARDENS,"1,960,000","1,829.88","1,071",04 Mar 2022,73 NIM ROAD #02-04,Resale,Strata,170,"11,529",-,Condominium,1,Freehold,1986,Private,807584,28,80,North East Region,Serangoon
ROSEWOOD SUITES,"980,000","1,205.57",813,04 Mar 2022,67 ROSEWOOD DRIVE #01-35,Resale,Strata,112,"8,750",-,Condominium,1,99 yrs from 25/02/2008,2011,Private,737876,25,73,North Region,Woodlands
BLISS@KOVAN,"1,800,000","1,227.1","1,467",04 Mar 2022,6B SIMON LANE #01-27,Resale,Strata,114,"15,789",-,Condominium,1,Freehold,2015,Private,546057,19,54,North East Region,Hougang
STIRLING RESIDENCES,"908,888",441.32,"2,059",04 Mar 2022,25 STIRLING ROAD #24-24,Sub Sale,Strata,41,"22,168",-,Apartment,1,99 yrs from 18/08/2017,Uncompleted,Private,148962,03,14,Central Region,Queenstown
SUNSET LODGE,"3,100,000","3,433.72",903,04 Mar 2022,15 SUNSET CLOSE,Resale,Strata,319,"9,718",-,Condominium,1,Freehold,1978,Private,597529,21,59,West Region,Clementi
STARS OF KOVAN,"1,260,000",731.95,"1,721",04 Mar 2022,982 UPPER SERANGOON ROAD #10-11,Resale,Strata,68,"18,529",-,Apartment,1,99 yrs from 25/02/2015,2019,Private,533855,19,53,North East Region,Hougang
KINGSFORD WATERBAY,"850,000",635.08,"1,338",04 Mar 2022,80 UPPER SERANGOON VIEW #07-78,Resale,Strata,59,"14,407",-,Apartment,1,99 yrs from 03/03/2014,2018,Private,533878,19,53,North East Region,Hougang
MEADOWS @ PEIRCE,"2,080,000","1,517.72","1,370",04 Mar 2022,626 UPPER THOMSON ROAD #03-16,Resale,Strata,141,"14,752",-,Condominium,1,Freehold,2012,HDB,787130,26,78,North East Region,Ang Mo Kio
CLEMENTIWOODS CONDOMINIUM,"2,200,000","1,625.36","1,354",04 Mar 2022,82 WEST COAST ROAD #03-29,Resale,Strata,151,"14,570",-,Condominium,1,99 yrs from 07/02/2006,2010,Private,126817,05,12,West Region,Clementi
TWIN VEW,"1,200,000",731.95,"1,639",04 Mar 2022,93 WEST COAST VALE #18-07,Resale,Strata,68,"17,647",-,Apartment,1,99 yrs from 15/05/2017,2021,Private,126756,05,12,West Region,Clementi
THE PANORAMA,"1,180,000",775.01,"1,523",04 Mar 2022,16 ANG MO KIO AVENUE 2 #09-21,Resale,Strata,72,"16,389",-,Condominium,1,99 yrs from 08/04/2013,2017,Private,567699,20,56,North East Region,Ang Mo Kio
COUNTRY PARK CONDOMINIUM,"2,050,000","1,356.26","1,512",04 Mar 2022,53 BEDOK ROAD #04-32,Resale,Strata,126,"16,270",-,Condominium,1,Freehold,2003,Private,469569,16,46,East Region,Bedok
THE TRILINQ,"1,588,000",914.94,"1,736",04 Mar 2022,28 JALAN LEMPENG #33-04,Resale,Strata,85,"18,682",-,Condominium,1,99 yrs from 16/04/2012,2017,HDB,128807,05,12,West Region,Clementi
EUPHONY GARDENS,"900,000","1,130.22",796,04 Mar 2022,13 JALAN MATA AYER #02-69,Resale,Strata,105,"8,571",-,Condominium,1,99 yrs from 25/02/1998,2001,HDB,759155,27,75,North Region,Mandai
COTE D'AZUR,"2,200,000","1,313.21","1,675",04 Mar 2022,66 MARINE PARADE ROAD #11-13,Resale,Strata,122,"18,033",-,Condominium,1,99 yrs from 25/07/2001,2004,Private,449300,15,44,Central Region,Marine Parade
PARBURY HILL CONDOMINIUM,"1,600,000","1,194.8","1,339",04 Mar 2022,36 PARBURY AVENUE #01-08,Resale,Strata,111,"14,414",-,Condominium,1,Freehold,1997,Private,467303,16,46,East Region,Bedok
WATERFRONT KEY,"1,550,000","1,227.1","1,263",04 Mar 2022,776 BEDOK RESERVOIR ROAD #11-21,Resale,Strata,114,"13,596",-,Condominium,1,99 yrs from 31/10/2007,2012,Private,479253,16,47,East Region,Bedok
HERITAGE VIEW,"1,268,000",968.76,"1,309",04 Mar 2022,6 DOVER RISE #10-05,Resale,Strata,90,"14,089",-,Condominium,1,99 yrs from 12/08/1996,2000,HDB,138678,05,13,Central Region,Queenstown
THE LAKEFRONT RESIDENCES,"720,000",505.91,"1,423",04 Mar 2022,48 LAKESIDE DRIVE #08-30,Resale,Strata,47,"15,319",-,Condominium,1,99 yrs from 03/08/2010,2014,Private,648305,22,64,West Region,Jurong West
BERKELEY RESIDENCES,"865,000",559.73,"1,545",04 Mar 2022,11 LORONG N TELOK KURAU #03-05,Resale,Strata,52,"16,635",-,Apartment,1,Freehold,2015,HDB,425141,15,42,East Region,Bedok
FLO RESIDENCE,"1,460,000","1,345.5","1,085",04 Mar 2022,3 PUNGGOL FIELD WALK #13-08,Resale,Strata,125,"11,680",-,Condominium,1,99 yrs from 05/12/2011,2016,Private,828740,19,82,North East Region,Punggol
BOTANIQUE AT BARTLEY,"815,000",495.14,"1,646",04 Mar 2022,231 UPPER PAYA LEBAR ROAD #07-30,Resale,Strata,46,"17,717",-,Condominium,1,99 yrs from 14/04/2014,2019,HDB,533870,19,53,North East Region,Serangoon
KINGSFORD WATERBAY,"635,000",484.38,"1,311",04 Mar 2022,70 UPPER SERANGOON VIEW #05-27,Resale,Strata,45,"14,111",-,Apartment,1,99 yrs from 03/03/2014,2018,Private,533883,19,53,North East Region,Hougang
WALLICH RESIDENCE,"7,650,000","2,012.87","3,801",04 Mar 2022,3 WALLICH STREET #59-05,Resale,Strata,187,"40,909",-,Apartment,1,99 yrs from 21/02/2011,2017,Private,078882,02,07,Central Region,Downtown Core
IVORY HEIGHTS,"1,660,000","1,700.71",976,04 Mar 2022,117 JURONG EAST STREET 13 #20-147,Resale,Strata,158,"10,506",-,Condominium,1,100 yrs from 01/02/1986,-,Private,600117,22,60,West Region,Jurong East
A TREASURE TROVE,"915,000",775.01,"1,181",04 Mar 2022,58 PUNGGOL WALK #04-18,Resale,Strata,72,"12,708",-,Condominium,1,99 yrs from 09/03/2011,2015,HDB,828779,19,82,North East Region,Punggol
GLASGOW RESIDENCE,"575,000",430.56,"1,335",04 Mar 2022,23 GLASGOW ROAD #02-04,Resale,Strata,40,"14,375",-,Apartment,1,999 yrs from 01/01/1886,2010,Private,549338,19,54,North East Region,Hougang
KOVAN MELODY,"1,800,000","1,689.95","1,065",04 Mar 2022,29 KOVAN ROAD #02-31,Resale,Strata,157,"11,465",-,Condominium,1,99 yrs from 20/01/2004,2006,Private,545022,19,54,North East Region,Hougang
GRANDEUR 8,"1,583,000","1,593.07",994,04 Mar 2022,12 ANG MO KIO CENTRAL 3 #01-17,Resale,Strata,148,"10,696",-,Condominium,1,99 yrs from 16/07/2002,2005,HDB,567746,20,56,North East Region,Ang Mo Kio
ROSEWOOD,"1,000,000","1,184.04",845,04 Mar 2022,3 ROSEWOOD DRIVE #16-05,Resale,Strata,110,"9,091",-,Condominium,1,99 yrs from 20/06/2000,2003,HDB,737935,25,73,North Region,Woodlands
PARC RIVIERA,"730,000",462.85,"1,577",04 Mar 2022,101 WEST COAST VALE #20-04,Resale,Strata,43,"16,977",-,Condominium,1,99 yrs from 11/11/2015,2019,HDB,126753,05,12,West Region,Clementi
FOURTH AVENUE RESIDENCES,"1,728,000",710.42,"2,432",05 Mar 2022,12 FOURTH AVENUE #02-39,New Sale,Strata,66,"26,182",-,Apartment,1,99 yrs from 07/03/2018,Uncompleted,N.A,268676,10,26,Central Region,Bukit Timah
THE JOVELL,"1,764,600","1,270.15","1,389",05 Mar 2022,19 FLORA DRIVE #04-30,New Sale,Strata,118,"14,954",-,Condominium,1,99 yrs from 08/03/2018,Uncompleted,N.A,506760,17,50,East Region,Pasir Ris
THE JOVELL,"983,200",645.84,"1,522",05 Mar 2022,25 FLORA DRIVE #06-49,New Sale,Strata,60,"16,387",-,Condominium,1,99 yrs from 08/03/2018,Uncompleted,Private,506763,17,50,East Region,Pasir Ris
THE FLORENCE RESIDENCES,"1,828,000","1,022.58","1,788",05 Mar 2022,93 HOUGANG AVENUE 2 #16-55,New Sale,Strata,95,"19,242",-,Apartment,1,99 yrs from 24/12/2018,Uncompleted,N.A,538865,19,53,North East Region,Hougang
ROYALGREEN,"2,698,000",990.29,"2,724",05 Mar 2022,6B ANAMALAI AVENUE #01-56,New Sale,Strata,92,"29,326",-,Condominium,1,Freehold,2021,N.A,279996,10,27,Central Region,Bukit Timah
ONE PEARL BANK,"2,029,000",839.59,"2,417",05 Mar 2022,1 PEARL BANK #31-19,New Sale,Strata,78,"26,013",-,Apartment,1,99 yrs from 01/03/2019,Uncompleted,N.A,169016,03,16,Central Region,Outram
NORMANTON PARK,"1,753,000",968.76,"1,810",05 Mar 2022,49 NORMANTON PARK #04-24,New Sale,Strata,90,"19,478",-,Apartment,1,99 yrs from 22/07/2019,Uncompleted,Private,117280,05,11,Central Region,Queenstown
NORMANTON PARK,"2,003,000","1,065.64","1,880",05 Mar 2022,57 NORMANTON PARK #17-55,New Sale,Strata,99,"20,232",-,Apartment,1,99 yrs from 22/07/2019,Uncompleted,Private,117284,05,11,Central Region,Queenstown
NORMANTON PARK,"1,957,000","1,065.64","1,818",05 Mar 2022,57 NORMANTON PARK #03-55,New Sale,Strata,99,"19,570","1,937,430",Apartment,1,99 yrs from 22/07/2019,Uncompleted,Private,117284,05,11,Central Region,Queenstown
NORMANTON PARK,"1,975,000","1,065.64","1,853",05 Mar 2022,57 NORMANTON PARK #08-55,New Sale,Strata,99,"19,949",-,Apartment,1,99 yrs from 22/07/2019,Uncompleted,HDB,117284,05,11,Central Region,Queenstown
NORMANTON PARK,"2,181,000","1,194.8","1,825",05 Mar 2022,57 NORMANTON PARK #06-56,New Sale,Strata,111,"19,649",-,Apartment,1,99 yrs from 22/07/2019,Uncompleted,Private,117284,05,11,Central Region,Queenstown
NORMANTON PARK,"2,178,000","1,194.8","1,823",05 Mar 2022,57 NORMANTON PARK #05-56,New Sale,Strata,111,"19,622",-,Apartment,1,99 yrs from 22/07/2019,Uncompleted,Private,117284,05,11,Central Region,Queenstown
NORMANTON PARK,"1,008,000",527.44,"1,911",05 Mar 2022,57 NORMANTON PARK #04-61,New Sale,Strata,49,"20,571",-,Apartment,1,99 yrs from 22/07/2019,Uncompleted,HDB,117284,05,11,Central Region,Queenstown
NORMANTON PARK,"1,032,000",527.44,"1,957",05 Mar 2022,57 NORMANTON PARK #18-62,New Sale,Strata,49,"21,061",-,Apartment,1,99 yrs from 22/07/2019,Uncompleted,HDB,117284,05,11,Central Region,Queenstown
NORMANTON PARK,"2,100,000","1,237.86","1,696",05 Mar 2022,59 NORMANTON PARK #24-64,New Sale,Strata,115,"18,261",-,Apartment,1,99 yrs from 22/07/2019,Uncompleted,N.A,117285,05,11,Central Region,Queenstown
SENGKANG GRAND RESIDENCES,"1,718,700",936.47,"1,835",05 Mar 2022,82 COMPASSVALE BOW #10-43,New Sale,Strata,87,"19,755",-,Apartment,1,99 yrs from 13/11/2018,Uncompleted,HDB,544571,19,54,North East Region,Sengkang
VERTICUS,"1,416,000",678.13,"2,088",05 Mar 2022,3 JALAN KEMAMAN #15-08,New Sale,Strata,63,"22,476",-,Apartment,1,Freehold,Uncompleted,N.A,329343,12,32,Central Region,Novena
VERDALE,"1,413,000",731.95,"1,930",05 Mar 2022,6 DE SOUZA AVENUE #05-16,New Sale,Strata,68,"20,779",-,Apartment,1,99 yrs from 05/12/2018,Uncompleted,HDB,599460,21,59,Central Region,Bukit Timah
AVENUE SOUTH RESIDENCE,"2,668,000","1,108.69","2,406",05 Mar 2022,13 SILAT AVENUE #53-41,New Sale,Strata,103,"25,903",-,Apartment,1,99 yrs from 14/08/2018,Uncompleted,Private,168878,03,16,Central Region,Bukit Merah
THE AVENIR,"3,884,000","1,140.98","3,404",05 Mar 2022,8 RIVER VALLEY CLOSE #33-03,New Sale,Strata,106,"36,642",-,Condominium,1,Freehold,Uncompleted,N.A,238432,09,23,Central Region,River Valley
THE AVENIR,"3,866,000","1,140.98","3,388",05 Mar 2022,8 RIVER VALLEY CLOSE #32-03,New Sale,Strata,106,"36,472",-,Condominium,1,Freehold,Uncompleted,N.A,238432,09,23,Central Region,River Valley
THE AVENIR,"2,311,000",807.3,"2,863",05 Mar 2022,8 RIVER VALLEY CLOSE #02-04,New Sale,Strata,75,"30,813",-,Condominium,1,Freehold,Uncompleted,N.A,238432,09,23,Central Region,River Valley
PHOENIX RESIDENCES,"1,164,291",742.72,"1,568",05 Mar 2022,85 PHOENIX AVENUE #04-11,New Sale,Strata,69,"16,874",-,Apartment,1,99 yrs from 05/11/2019,Uncompleted,N.A,668385,23,66,West Region,Bukit Batok
THE WATERGARDENS AT CANBERRA,"1,416,000",958,"1,478",05 Mar 2022,35 CANBERRA DRIVE #04-28,New Sale,Strata,89,"15,910",-,Apartment,1,99 yrs from 08/06/2020,Uncompleted,HDB,769993,27,76,North Region,Sembawang
CANNINGHILL PIERS,"5,633,000","1,948.28","2,891",05 Mar 2022,1 CLARKE QUAY #14-01,New Sale,Strata,181,"31,122",-,Apartment,1,99 yrs from 17/09/2021,Uncompleted,Private,179882,06,17,Central Region,Singapore River
ROYAL HALLMARK,"2,498,000","1,291.68","1,934",05 Mar 2022,1 HAIG LANE #02-01,New Sale,Strata,120,"20,817",-,Apartment,1,Freehold,Uncompleted,Private,438803,15,43,Central Region,Marine Parade
35 GILSTEAD,"1,237,000",484.38,"2,554",05 Mar 2022,35 GILSTEAD ROAD #02-14,New Sale,Strata,45,"27,489",-,Apartment,1,Freehold,Uncompleted,Private,309079,11,30,Central Region,Novena
THE WOODLEIGH RESIDENCES,"1,951,000",958,"2,037",06 Mar 2022,27 BIDADARI PARK DRIVE #03-48,New Sale,Strata,89,"21,921",-,Apartment,1,99 yrs from 18/09/2017,Uncompleted,N.A,367798,13,36,Central Region,Toa Payoh
JUNIPER HILL,"2,736,000",958,"2,856",06 Mar 2022,39 EWE BOON ROAD #07-05,New Sale,Strata,89,"30,742",-,Apartment,1,Freehold,Uncompleted,N.A,259334,10,25,Central Region,Tanglin
MEYERHOUSE,"7,442,000","2,820.17","2,639",06 Mar 2022,128 MEYER ROAD #02-10,New Sale,Strata,262,"28,405",-,Condominium,1,Freehold,Uncompleted,N.A,437938,15,43,Central Region,Marine Parade
MAYFAIR GARDENS,"1,634,000",753.48,"2,169",06 Mar 2022,12 RIFLE RANGE ROAD #04-30,New Sale,Strata,70,"23,343",-,Condominium,1,99 yrs from 26/09/2018,Uncompleted,N.A,588378,21,58,Central Region,Bukit Timah
MAYFAIR GARDENS,"1,562,520",785.77,"1,989",06 Mar 2022,8 RIFLE RANGE ROAD #03-02,New Sale,Strata,73,"21,404",-,Condominium,1,99 yrs from 26/09/2018,Uncompleted,N.A,588376,21,58,Central Region,Bukit Timah
THE FLORENCE RESIDENCES,"1,171,000",635.08,"1,844",06 Mar 2022,81 HOUGANG AVENUE 2 #17-05,New Sale,Strata,59,"19,847",-,Apartment,1,99 yrs from 24/12/2018,Uncompleted,HDB,538859,19,53,North East Region,Hougang
ROYALGREEN,"2,041,550",721.19,"2,831",06 Mar 2022,6B ANAMALAI AVENUE #01-55,New Sale,Strata,67,"30,471",-,Condominium,1,Freehold,2021,N.A,279996,10,27,Central Region,Bukit Timah
ONE PEARL BANK,"2,057,000",839.59,"2,450",06 Mar 2022,1 PEARL BANK #35-19,New Sale,Strata,78,"26,372",-,Apartment,1,99 yrs from 01/03/2019,Uncompleted,Private,169016,03,16,Central Region,Outram
NORMANTON PARK,"2,385,000","1,313.21","1,816",06 Mar 2022,45 NORMANTON PARK #10-03,New Sale,Strata,122,"19,549",-,Apartment,1,99 yrs from 22/07/2019,Uncompleted,N.A,119027,05,11,Central Region,Queenstown
NORMANTON PARK,"1,033,000",527.44,"1,959",06 Mar 2022,51 NORMANTON PARK #17-35,New Sale,Strata,49,"21,082",-,Apartment,1,99 yrs from 22/07/2019,Uncompleted,N.A,117281,05,11,Central Region,Queenstown
NORMANTON PARK,"1,993,000","1,065.64","1,870",06 Mar 2022,57 NORMANTON PARK #14-55,New Sale,Strata,99,"20,131",-,Apartment,1,99 yrs from 22/07/2019,Uncompleted,N.A,117284,05,11,Central Region,Queenstown
NORMANTON PARK,"1,028,000",527.44,"1,949",06 Mar 2022,57 NORMANTON PARK #15-61,New Sale,Strata,49,"20,980",-,Apartment,1,99 yrs from 22/07/2019,Uncompleted,HDB,117284,05,11,Central Region,Queenstown
1953,"1,260,000",613.55,"2,054",06 Mar 2022,1 TESSENSOHN ROAD #05-13,New Sale,Strata,57,"22,105",-,Apartment,1,Freehold,Uncompleted,N.A,217701,08,21,Central Region,Kallang
SENGKANG GRAND RESIDENCES,"1,701,700",936.47,"1,817",06 Mar 2022,82 COMPASSVALE BOW #08-43,New Sale,Strata,87,"19,560",-,Apartment,1,99 yrs from 13/11/2018,Uncompleted,HDB,544571,19,54,North East Region,Sengkang
PARC KOMO,"2,944,260","1,905.23","1,545",06 Mar 2022,957 UPPER CHANGI ROAD NORTH #01-56,New Sale,Strata,177,"16,634",-,Apartment,1,Freehold,Uncompleted,N.A,506786,17,50,East Region,Pasir Ris
VERDALE,"1,351,600",742.72,"1,820",06 Mar 2022,2 DE SOUZA AVENUE #03-04,New Sale,Strata,69,"19,588",-,Apartment,1,99 yrs from 05/12/2018,Uncompleted,Private,599458,21,59,Central Region,Bukit Timah
AVENUE SOUTH RESIDENCE,"2,221,000",947.23,"2,345",06 Mar 2022,11 SILAT AVENUE #53-36,New Sale,Strata,88,"25,239",-,Apartment,1,99 yrs from 14/08/2018,Uncompleted,Private,168877,03,16,Central Region,Bukit Merah
AVENUE SOUTH RESIDENCE,"1,621,000",656.6,"2,469",06 Mar 2022,13 SILAT AVENUE #43-40,New Sale,Strata,61,"26,574",-,Apartment,1,99 yrs from 14/08/2018,Uncompleted,N.A,168878,03,16,Central Region,Bukit Merah
MIDWOOD,"1,723,000",990.29,"1,740",06 Mar 2022,8 HILLVIEW RISE #23-03,New Sale,Strata,92,"18,728",-,Condominium,1,99 yrs from 01/10/2018,Uncompleted,Private,667971,23,66,West Region,Bukit Batok
LEEDON GREEN,"1,490,000",538.2,"2,768",06 Mar 2022,28 LEEDON HEIGHTS #07-16,New Sale,Strata,50,"29,800",-,Condominium,1,Freehold,Uncompleted,Private,266222,10,26,Central Region,Bukit Timah
KI RESIDENCES AT BROOKVALE,"1,410,000",699.66,"2,015",06 Mar 2022,12 BROOKVALE DRIVE #03-21,New Sale,Strata,65,"21,692",-,Condominium,1,999 yrs from 23/03/1885,Uncompleted,N.A,599978,21,59,West Region,Clementi
KI RESIDENCES AT BROOKVALE,"2,213,000","1,194.8","1,852",06 Mar 2022,18 BROOKVALE DRIVE #02-38,New Sale,Strata,111,"19,937",-,Condominium,1,999 yrs from 23/03/1885,Uncompleted,Private,599981,21,59,West Region,Clementi
PASIR RIS 8,"2,531,000","1,463.9","1,729",06 Mar 2022,18 PASIR RIS DRIVE 8 #10-54,New Sale,Strata,136,"18,610",-,Apartment,1,99 yrs from 05/07/2021,Uncompleted,N.A,519472,18,51,East Region,Pasir Ris
D'MIRA,"2,180,000","1,506.96","1,447",07 Mar 2022,31 BOON TECK ROAD #07-01,Resale,Strata,140,"15,571",-,Apartment,1,Freehold,2012,Private,329602,12,32,Central Region,Novena
LE QUEST,"748,000",495.14,"1,511",07 Mar 2022,12 BUKIT BATOK STREET 41 #08-43,Resale,Strata,46,"16,261",-,Apartment,1,99 yrs from 29/08/2016,2020,HDB,657978,23,65,West Region,Bukit Batok
CARDIFF RESIDENCE,"1,160,000","1,033.34","1,123",07 Mar 2022,103 CARDIFF GROVE #05-29,Resale,Strata,96,"12,083",-,Condominium,1,99 yrs from 04/11/2011,2014,HDB,558962,19,55,North East Region,Serangoon
PRESIDIO,"1,330,000",968.76,"1,373",07 Mar 2022,5 CEYLON LANE #04-02,Resale,Strata,90,"14,778",-,Apartment,1,Freehold,2009,HDB,423472,15,42,Central Region,Geylang
CONCOURSE SKYLINE,"1,980,000","1,151.75","1,719",07 Mar 2022,296 BEACH ROAD #21-08,Resale,Strata,107,"18,505",-,Apartment,1,99 yrs from 13/03/2008,2014,HDB,199599,07,19,Central Region,Downtown Core
AQUARIUS BY THE PARK,"1,320,000","1,227.1","1,076",07 Mar 2022,17 BEDOK RESERVOIR VIEW #16-03,Resale,Strata,114,"11,579",-,Condominium,1,99 yrs from 12/06/1996,2000,Private,478934,16,47,East Region,Bedok
SPRING GROVE,"1,600,000","1,011.82","1,581",07 Mar 2022,53 GRANGE ROAD #06-05,Resale,Strata,94,"17,021",-,Condominium,1,99 yrs from 01/12/1991,1996,Private,249565,10,24,Central Region,Tanglin
QUEENS PEAK,"855,000",441.32,"1,937",07 Mar 2022,1 DUNDEE ROAD #13-10,Resale,Strata,41,"20,854",-,Condominium,1,99 yrs from 28/09/2015,2020,Private,149456,03,14,Central Region,Queenstown
STRATUM,"615,000",452.09,"1,360",07 Mar 2022,98 ELIAS ROAD #04-59,Resale,Strata,42,"14,643",-,Condominium,1,99 yrs from 11/07/2012,2016,HDB,519954,18,51,East Region,Pasir Ris
THE LEVELZ,"1,800,000",979.52,"1,838",07 Mar 2022,38 FARRER ROAD #06-10,Resale,Strata,91,"19,780",-,Condominium,1,Freehold,2004,Private,268836,10,26,Central Region,Tanglin
H2O RESIDENCES,"900,000",753.48,"1,194",07 Mar 2022,30 FERNVALE LINK #19-06,Resale,Strata,70,"12,857",-,Condominium,1,99 yrs from 10/05/2010,2015,HDB,797530,28,79,North East Region,Sengkang
TROPICANA CONDOMINIUM,"1,900,000","1,679.18","1,132",07 Mar 2022,2 JALAN TIGA RATUS #03-05,Resale,Strata,156,"12,179",-,Condominium,1,999 yrs from 06/07/1885,1994,Private,488067,16,48,East Region,Tampines
STRAITS RESIDENCES,"668,000",430.56,"1,551",07 Mar 2022,156 JOO CHIAT PLACE #03-05,Resale,Strata,40,"16,700",-,Apartment,1,Freehold,2013,Private,427884,15,42,Central Region,Geylang
PARC OASIS,"1,380,000","1,388.56",994,07 Mar 2022,51 JURONG EAST AVENUE 1 #10-02,Resale,Strata,129,"10,698",-,Condominium,1,99 yrs from 01/12/1991,1994,Private,609782,22,60,West Region,Jurong East
CENTENNIA SUITES,"3,600,000","1,237.86","2,908",07 Mar 2022,100 KIM SENG ROAD #15-01,Resale,Strata,115,"31,304",-,Condominium,1,Freehold,2013,Private,239427,09,23,Central Region,Singapore River
CITY SQUARE RESIDENCES,"940,000",570.49,"1,648",07 Mar 2022,12 KITCHENER LINK #14-21,Resale,Strata,53,"17,736",-,Condominium,1,Freehold,2008,HDB,207224,08,20,Central Region,Kallang
# 1 SUITES,"680,000",559.73,"1,215",07 Mar 2022,1 LORONG 20 GEYLANG #04-25,Resale,Strata,52,"13,077",-,Apartment,1,Freehold,2016,HDB,398721,14,39,Central Region,Geylang
NEWTON EDGE,"1,780,000","1,184.04","1,503",07 Mar 2022,1 MAKEWAY AVENUE #18-04,Resale,Strata,110,"16,182",-,Apartment,1,Freehold,2011,Private,228598,09,22,Central Region,Novena
SILVERSEA,"4,580,000","2,486.48","1,842",07 Mar 2022,46 MARINE PARADE ROAD #13-01,Resale,Strata,231,"19,827",-,Condominium,1,99 yrs from 20/07/2007,2014,Private,449305,15,44,Central Region,Marine Parade
WATERTOWN,"1,510,000","1,054.87","1,431",07 Mar 2022,81 PUNGGOL CENTRAL #11-89,Resale,Strata,98,"15,408",-,Apartment,1,99 yrs from 18/05/2011,2017,Private,828760,19,82,North East Region,Punggol
ROSEWOOD SUITES,"1,020,000","1,259.39",810,07 Mar 2022,65 ROSEWOOD DRIVE #02-28,Resale,Strata,117,"8,718",-,Condominium,1,99 yrs from 25/02/2008,2011,HDB,737875,25,73,North Region,Woodlands
LA FIESTA,"1,018,000",731.95,"1,391",07 Mar 2022,58 SENGKANG SQUARE #15-17,Resale,Strata,68,"14,971",-,Condominium,1,99 yrs from 03/09/2012,2016,HDB,544699,19,54,North East Region,Sengkang
MELVILLE PARK,"1,130,000","1,453.14",778,07 Mar 2022,20 SIMEI STREET 1 #11-01,Resale,Strata,135,"8,370",-,Condominium,1,99 yrs from 01/09/1992,1996,Private,529944,18,52,East Region,Tampines
CLEMENTI PARK,"2,650,000","1,754.53","1,510",07 Mar 2022,123 SUNSET WAY #01-03,Resale,Strata,163,"16,258",-,Condominium,1,Freehold,1983,Private,597154,21,59,West Region,Clementi
NOTTINGHILL SUITES,"750,000",495.14,"1,515",07 Mar 2022,29A TOH TUCK ROAD #05-28,Resale,Strata,46,"16,304",-,Apartment,1,Freehold,2014,HDB,596195,21,59,Central Region,Bukit Timah
TWIN VEW,"1,130,000",710.42,"1,591",07 Mar 2022,93 WEST COAST VALE #11-11,Resale,Strata,66,"17,121",-,Apartment,1,99 yrs from 15/05/2017,2021,Private,126756,05,12,West Region,Clementi
BUONA VISTA GARDENS,"1,668,000","1,280.92","1,302",07 Mar 2022,2 ZEHNDER ROAD #02-02,Resale,Strata,119,"14,017",-,Condominium,1,Freehold,1989,Private,117687,05,11,Central Region,Queenstown
THE WOODLEIGH RESIDENCES,"1,781,000",742.72,"2,398",07 Mar 2022,23 BIDADARI PARK DRIVE #11-33,New Sale,Strata,69,"25,812",-,Apartment,1,99 yrs from 18/09/2017,Uncompleted,HDB,367796,13,36,Central Region,Toa Payoh
AFFINITY AT SERANGOON,"2,192,000","1,410.08","1,555",07 Mar 2022,22 SERANGOON NORTH AVENUE 1 #02-25,New Sale,Strata,131,"16,733",-,Apartment,1,99 yrs from 18/05/2018,Uncompleted,Private,554338,19,55,North East Region,Serangoon
THE JOVELL,"974,300",645.84,"1,509",07 Mar 2022,25 FLORA DRIVE #04-49,New Sale,Strata,60,"16,238",-,Condominium,1,99 yrs from 08/03/2018,Uncompleted,N.A,506763,17,50,East Region,Pasir Ris
JUNIPER HILL,"2,698,000",958,"2,816",07 Mar 2022,39 EWE BOON ROAD #05-05,New Sale,Strata,89,"30,315",-,Apartment,1,Freehold,Uncompleted,N.A,259334,10,25,Central Region,Tanglin
MAYFAIR MODERN,"2,821,000","1,517.72","1,859",07 Mar 2022,6 RIFLE RANGE ROAD #08-17,New Sale,Strata,141,"20,007",-,Condominium,1,99 yrs from 18/09/2018,Uncompleted,N.A,588375,21,58,Central Region,Bukit Timah
HAUS ON HANDY,"1,560,000",602.78,"2,588",07 Mar 2022,30 HANDY ROAD #04-17,New Sale,Strata,56,"27,857",-,Condominium,1,99 yrs from 07/05/2018,Uncompleted,Private,229241,09,22,Central Region,Museum
NORMANTON PARK,"1,039,000",527.44,"1,970",07 Mar 2022,51 NORMANTON PARK #14-35,New Sale,Strata,49,"21,204",-,Apartment,1,99 yrs from 22/07/2019,Uncompleted,Private,117281,05,11,Central Region,Queenstown
SENGKANG GRAND RESIDENCES,"1,892,950","1,022.58","1,851",07 Mar 2022,72 COMPASSVALE BOW #11-06,New Sale,Strata,95,"19,926",-,Apartment,1,99 yrs from 13/11/2018,Uncompleted,Private,544693,19,54,North East Region,Sengkang
MEYER MANSION,"4,527,000","1,722.24","2,629",07 Mar 2022,79 MEYER ROAD #09-08,New Sale,Strata,160,"28,294",-,Apartment,1,Freehold,Uncompleted,N.A,437906,15,43,Central Region,Marine Parade
FORETT AT BUKIT TIMAH,"2,172,000","1,033.34","2,102",07 Mar 2022,36B TOH TUCK ROAD #02-69,New Sale,Strata,96,"22,625",-,Apartment,1,Freehold,Uncompleted,Private,596115,21,59,Central Region,Bukit Timah
THE AVENIR,"1,606,000",538.2,"2,984",07 Mar 2022,8 RIVER VALLEY CLOSE #09-07,New Sale,Strata,50,"32,120",-,Condominium,1,Freehold,Uncompleted,Private,238432,09,23,Central Region,River Valley
LEEDON GREEN,"1,964,000",710.42,"2,765",07 Mar 2022,38 LEEDON HEIGHTS #10-54,New Sale,Strata,66,"29,758",-,Condominium,1,Freehold,Uncompleted,N.A,266078,10,26,Central Region,Bukit Timah
PHOENIX RESIDENCES,"1,108,596",721.19,"1,537",07 Mar 2022,81 PHOENIX AVENUE #04-03,New Sale,Strata,67,"16,546",-,Apartment,1,99 yrs from 05/11/2019,Uncompleted,N.A,668383,23,66,West Region,Bukit Batok
THE WATERGARDENS AT CANBERRA,"1,711,000","1,323.97","1,292",07 Mar 2022,51 CANBERRA DRIVE #05-69,New Sale,Strata,123,"13,911",-,Apartment,1,99 yrs from 08/06/2020,Uncompleted,HDB,769327,27,76,North Region,Sembawang
MORI,"1,152,000",592.02,"1,946",07 Mar 2022,223 GUILLEMARD ROAD #03-01,New Sale,Strata,55,"20,945",-,Apartment,1,Freehold,Uncompleted,N.A,399738,14,39,Central Region,Geylang
MORI,"1,081,000",548.96,"1,969",07 Mar 2022,223 GUILLEMARD ROAD #05-20,New Sale,Strata,51,"21,196",-,Apartment,1,Freehold,Uncompleted,N.A,399738,14,39,Central Region,Geylang
THE MINTON,"1,660,000","1,216.33","1,365",07 Mar 2022,6A HOUGANG STREET 11 #12-14,Resale,Strata,113,"14,690",-,Condominium,1,99 yrs from 27/07/2007,2013,HDB,538756,19,53,North East Region,Hougang
COTE D'AZUR,"2,465,000","1,313.21","1,877",07 Mar 2022,66 MARINE PARADE ROAD #21-13,Resale,Strata,122,"20,205",-,Condominium,1,99 yrs from 25/07/2001,2004,Private,449300,15,44,Central Region,Marine Parade
HILLSTA,"708,000",570.49,"1,241",07 Mar 2022,66 PHOENIX ROAD #21-03,Resale,Strata,53,"13,358",-,Condominium,1,99 yrs from 03/10/2011,2016,HDB,668201,23,66,West Region,Bukit Batok
PARC ROSEWOOD,"1,044,000","1,323.97",789,07 Mar 2022,77 ROSEWOOD DRIVE #05-37,Resale,Strata,123,"8,488",-,Condominium,1,99 yrs from 07/09/2011,2014,HDB,737786,25,73,North Region,Woodlands
THE ESTUARY,"1,300,000","1,302.44",998,07 Mar 2022,97 YISHUN AVENUE 1 #03-31,Resale,Strata,121,"10,744",-,Condominium,1,99 yrs from 25/06/2008,2013,HDB,769138,27,76,North Region,Yishun
35 GILSTEAD,"1,738,000",678.13,"2,563",07 Mar 2022,35 GILSTEAD ROAD #02-06,New Sale,Strata,63,"27,587",-,Apartment,1,Freehold,Uncompleted,N.A,309079,11,30,Central Region,Novena
CHANGI RISE CONDOMINIUM,"1,150,000","1,259.39",913,07 Mar 2022,12 SIMEI RISE #07-35,Resale,Strata,117,"9,829",-,Condominium,1,99 yrs from 29/11/2000,2004,HDB,528805,18,52,East Region,Tampines
ARCHIPELAGO,"1,470,000","1,033.34","1,423",07 Mar 2022,533 BEDOK RESERVOIR ROAD #01-118,Resale,Strata,96,"15,313",-,Condominium,1,99 yrs from 01/06/2011,2015,HDB,479283,16,47,East Region,Bedok
THE ALPS RESIDENCES,"688,000",505.91,"1,360",07 Mar 2022,107 TAMPINES STREET 86 #11-18,Sub Sale,Strata,47,"14,638",-,Condominium,1,99 yrs from 03/08/2015,2019,HDB,528533,18,52,East Region,Tampines
SKY HABITAT,"2,300,000","1,216.33","1,891",07 Mar 2022,9 BISHAN STREET 15 #30-10,Resale,Strata,113,"20,354",-,Condominium,1,99 yrs from 30/05/2011,2015,HDB,573909,20,57,Central Region,Bishan
MEADOWS @ PEIRCE,"2,100,000","1,496.2","1,404",07 Mar 2022,626 UPPER THOMSON ROAD #04-37,Resale,Strata,139,"15,108",-,Condominium,1,Freehold,2012,Private,787130,26,78,North East Region,Ang Mo Kio
MARINA ONE RESIDENCES,"1,663,112",710.42,"2,341",07 Mar 2022,23 MARINA WAY #25-21,Resale,Strata,66,"25,199",-,Apartment,1,99 yrs from 01/07/2011,2017,Private,018979,01,01,Central Region,Downtown Core
SKIES MILTONIA,"800,000",721.19,"1,109",07 Mar 2022,33 MILTONIA CLOSE #06-27,Resale,Strata,67,"11,940",-,Condominium,1,99 yrs from 20/02/2012,2016,HDB,768064,27,76,North Region,Yishun
PARC OASIS,"1,550,000","1,506.96","1,029",07 Mar 2022,53 JURONG EAST AVENUE 1 #20-06,Resale,Strata,140,"11,071",-,Condominium,1,99 yrs from 01/12/1991,1994,Private,609783,22,60,West Region,Jurong East
SILVERSEA,"5,050,000","2,723.29","1,854",07 Mar 2022,46 MARINE PARADE ROAD #11-03,Resale,Strata,253,"19,960",-,Condominium,1,99 yrs from 20/07/2007,2014,Private,449305,15,44,Central Region,Marine Parade
PARC ROSEWOOD,"1,490,000","2,249.68",662,07 Mar 2022,87 ROSEWOOD DRIVE #05-84,Resale,Strata,209,"7,129",-,Condominium,1,99 yrs from 07/09/2011,2014,HDB,737791,25,73,North Region,Woodlands
SKIES MILTONIA,"1,190,000","1,130.22","1,053",07 Mar 2022,35 MILTONIA CLOSE #04-30,Resale,Strata,105,"11,333",-,Condominium,1,99 yrs from 20/02/2012,2016,HDB,768065,27,76,North Region,Yishun
STRATUM,"880,000",775.01,"1,135",07 Mar 2022,96 ELIAS ROAD #04-47,Resale,Strata,72,"12,222",-,Condominium,1,99 yrs from 11/07/2012,2016,HDB,519953,18,51,East Region,Pasir Ris
TANGLIN REGENCY,"1,280,000",850.36,"1,505",07 Mar 2022,383 TANGLIN ROAD #03-05,Resale,Strata,79,"16,203",-,Condominium,1,99 yrs from 01/05/1994,1998,Private,247966,10,24,Central Region,Bukit Merah
FLORIDIAN,"3,950,000","1,851.41","2,134",08 Mar 2022,973 BUKIT TIMAH ROAD #02-27,Resale,Strata,172,"22,965",-,Condominium,1,Freehold,2012,Private,589648,21,58,Central Region,Bukit Timah
MARINA BAY SUITES,"3,100,000","1,614.6","1,920",08 Mar 2022,3 CENTRAL BOULEVARD #25-04,Resale,Strata,150,"20,667",-,Condominium,1,99 yrs from 08/03/2007,2013,Private,018965,01,01,Central Region,Downtown Core
THE GLADES,"910,000",581.26,"1,566",08 Mar 2022,10 BEDOK RISE #02-32,Resale,Strata,54,"16,852",-,Condominium,1,99 yrs from 21/01/2013,2016,Private,469601,16,46,East Region,Bedok
REFLECTIONS AT KEPPEL BAY,"3,400,000","1,689.95","2,012",08 Mar 2022,15 KEPPEL BAY VIEW #06-54,Resale,Strata,157,"21,656",-,Condominium,1,99 yrs from 15/03/2006,2011,Private,098410,04,09,Central Region,Bukit Merah
THE LAKEFRONT RESIDENCES,"1,370,000","1,001.05","1,369",08 Mar 2022,46 LAKESIDE DRIVE #06-16,Resale,Strata,93,"14,731",-,Condominium,1,99 yrs from 03/08/2010,2014,Private,648324,22,64,West Region,Jurong West
THE SANCTUARY @ GEYLANG,"758,000",559.73,"1,354",08 Mar 2022,1 LORONG 30 GEYLANG #04-02,Resale,Strata,52,"14,577",-,Apartment,1,Freehold,2014,Private,398342,14,39,Central Region,Geylang
MANDALAY TOWERS,"3,200,000","2,508.01","1,276",08 Mar 2022,35 MANDALAY ROAD #07-37,Resale,Strata,233,"13,734",-,Apartment,1,Freehold,1974,Private,308215,11,30,Central Region,Novena
BEACON HEIGHTS,"855,000",667.37,"1,281",08 Mar 2022,8 MAR THOMA ROAD #17-07,Resale,Strata,62,"13,790",-,Condominium,1,999 yrs from 02/06/1882,2012,HDB,328689,12,32,Central Region,Kallang
MARINA ONE RESIDENCES,"1,758,100",731.95,"2,402",08 Mar 2022,23 MARINA WAY #27-21,Resale,Strata,68,"25,854",-,Apartment,1,99 yrs from 01/07/2011,2017,Private,018979,01,01,Central Region,Downtown Core
BARTLEY RIDGE,"1,300,000",850.36,"1,529",08 Mar 2022,44 MOUNT VERNON ROAD #14-38,Resale,Strata,79,"16,456",-,Condominium,1,99 yrs from 16/04/2012,2016,Private,368062,13,36,Central Region,Toa Payoh
THE AZURE,"3,030,000","1,711.48","1,770",08 Mar 2022,201 OCEAN DRIVE #05-14,Resale,Strata,159,"19,057",-,Condominium,1,99 yrs from 03/01/2005,2008,Private,098584,04,09,Central Region,Southern Islands
THE PALETTE,"900,000",742.72,"1,212",08 Mar 2022,105 PASIR RIS GROVE #04-13,Resale,Strata,69,"13,043",-,Condominium,1,99 yrs from 20/10/2010,2015,Private,518197,18,51,East Region,Pasir Ris
PINE GROVE,"1,890,000","1,754.53","1,077",08 Mar 2022,1A PINE GROVE #15-02,Resale,Strata,163,"11,595",-,Condominium,1,99 yrs from 01/11/1984,-,Private,590001,21,59,Central Region,Bukit Timah
THE GREENWICH,"1,048,888",904.18,"1,160",08 Mar 2022,3 SELETAR ROAD #05-03,Resale,Strata,84,"12,487",-,Condominium,1,99 yrs from 21/12/2009,2014,HDB,807012,28,80,North East Region,Serangoon
SMART SUITES,"1,048,000",882.65,"1,187",08 Mar 2022,302 SIMS AVENUE #05-01,Resale,Strata,82,"12,780",-,Apartment,1,Freehold,2014,HDB,387516,14,38,Central Region,Geylang
RIVERSIDE MELODIES,"2,986,800","2,378.84","1,256",08 Mar 2022,26A ST. MICHAEL'S ROAD #15-02,Resale,Strata,221,"13,515",-,Apartment,1,Freehold,2014,Private,327995,12,32,Central Region,Kallang
SEVENTY SAINT PATRICK'S,"2,250,000","1,087.16","2,070",08 Mar 2022,86 ST. PATRICK'S ROAD #03-43,Resale,Strata,101,"22,277",-,Condominium,1,Freehold,2016,HDB,424184,15,42,East Region,Bedok
BOTANNIA,"1,850,000","1,270.15","1,457",08 Mar 2022,33A WEST COAST PARK #09-42,Resale,Strata,118,"15,678",-,Condominium,1,956 yrs from 27/05/1928,2009,HDB,127727,05,12,West Region,Clementi
UPTOWN @ FARRER,"3,100,000","1,829.88","1,694",08 Mar 2022,2 PERUMAL ROAD #23-03,New Sale,Strata,170,"18,235",-,Apartment,1,99 yrs from 17/04/2017,2021,N.A,218773,08,21,Central Region,Kallang
THE FLORENCE RESIDENCES,"2,057,000","1,270.15","1,619",08 Mar 2022,89 HOUGANG AVENUE 2 #18-38,New Sale,Strata,118,"17,432",-,Apartment,1,99 yrs from 24/12/2018,Uncompleted,N.A,538863,19,53,North East Region,Hougang
THE FLORENCE RESIDENCES,"1,208,000",635.08,"1,902",08 Mar 2022,95 HOUGANG AVENUE 2 #14-67,New Sale,Strata,59,"20,475",-,Apartment,1,99 yrs from 24/12/2018,Uncompleted,N.A,533754,19,53,North East Region,Hougang
THE FLORENCE RESIDENCES,"1,193,000",635.08,"1,879",08 Mar 2022,97 HOUGANG AVENUE 2 #11-76,New Sale,Strata,59,"20,220",-,Apartment,1,99 yrs from 24/12/2018,Uncompleted,HDB,533753,19,53,North East Region,Hougang
THE FLORENCE RESIDENCES,"1,194,000",635.08,"1,880",08 Mar 2022,97 HOUGANG AVENUE 2 #16-77,New Sale,Strata,59,"20,237",-,Apartment,1,99 yrs from 24/12/2018,Uncompleted,N.A,533753,19,53,North East Region,Hougang
ROYALGREEN,"2,126,000",721.19,"2,948",08 Mar 2022,6B ANAMALAI AVENUE #05-55,New Sale,Strata,67,"31,731",-,Condominium,1,Freehold,2021,N.A,279996,10,27,Central Region,Bukit Timah
ONE PEARL BANK,"1,525,000",570.49,"2,673",08 Mar 2022,1 PEARL BANK #35-09,New Sale,Strata,53,"28,774",-,Apartment,1,99 yrs from 01/03/2019,Uncompleted,N.A,169016,03,16,Central Region,Outram
RIVIERE,"3,090,000","1,248.62","2,475",08 Mar 2022,1 JIAK KIM STREET #03-04,New Sale,Strata,116,"26,638",-,Apartment,1,99 yrs from 07/03/2018,Uncompleted,N.A,169423,03,16,Central Region,Singapore River
RIVIERE,"3,616,160","1,216.33","2,973",08 Mar 2022,3 JIAK KIM STREET #20-10,New Sale,Strata,113,"32,001",-,Apartment,1,99 yrs from 07/03/2018,Uncompleted,Private,169424,03,16,Central Region,Singapore River
MIDWOOD,"2,154,000","1,248.62","1,725",08 Mar 2022,10 HILLVIEW RISE #27-17,New Sale,Strata,116,"18,569",-,Condominium,1,99 yrs from 01/10/2018,Uncompleted,HDB,667972,23,66,West Region,Bukit Batok
PULLMAN RESIDENCES NEWTON,"3,298,680","1,162.51","2,838",08 Mar 2022,18 DUNEARN ROAD #12-02,New Sale,Strata,108,"30,543",-,Apartment,1,Freehold,Uncompleted,Private,309421,11,30,Central Region,Novena
LEEDON GREEN,"3,063,000","1,044.11","2,934",08 Mar 2022,26 LEEDON HEIGHTS #02-07,New Sale,Strata,97,"31,577",-,Condominium,1,Freehold,Uncompleted,Private,266221,10,26,Central Region,Bukit Timah
LEEDON GREEN,"1,903,000",710.42,"2,679",08 Mar 2022,28 LEEDON HEIGHTS #03-12,New Sale,Strata,66,"28,833",-,Condominium,1,Freehold,Uncompleted,N.A,266222,10,26,Central Region,Bukit Timah
LEEDON GREEN,"1,919,000",710.42,"2,701",08 Mar 2022,28 LEEDON HEIGHTS #05-12,New Sale,Strata,66,"29,076",-,Condominium,1,Freehold,Uncompleted,N.A,266222,10,26,Central Region,Bukit Timah
PHOENIX RESIDENCES,"1,640,726","1,097.93","1,494",08 Mar 2022,81 PHOENIX AVENUE #05-01,New Sale,Strata,102,"16,086",-,Apartment,1,99 yrs from 05/11/2019,Uncompleted,Private,668383,23,66,West Region,Bukit Batok
PENROSE,"2,275,000","1,388.56","1,638",08 Mar 2022,22 SIMS DRIVE #04-12,New Sale,Strata,129,"17,636",-,Apartment,1,99 yrs from 03/07/2019,Uncompleted,N.A,387396,14,38,Central Region,Geylang
CLAVON,"2,914,000","1,689.95","1,724",08 Mar 2022,8 CLEMENTI AVENUE 1 #35-18,New Sale,Strata,157,"18,561",-,Apartment,1,99 yrs from 07/10/2019,Uncompleted,N.A,129964,05,12,West Region,Clementi
KI RESIDENCES AT BROOKVALE,"1,840,000","1,033.34","1,781",08 Mar 2022,14 BROOKVALE DRIVE #12-29,New Sale,Strata,96,"19,167",-,Condominium,1,999 yrs from 23/03/1885,Uncompleted,Private,599979,21,59,West Region,Clementi
KI RESIDENCES AT BROOKVALE,"1,685,000",861.12,"1,957",08 Mar 2022,2 BROOKVALE DRIVE #05-02,New Sale,Strata,80,"21,063",-,Condominium,1,999 yrs from 23/03/1885,Uncompleted,N.A,599973,21,59,West Region,Clementi
BARTLEY VUE,"1,691,000",947.23,"1,785",08 Mar 2022,8 JALAN BUNGA RAMPAI #06-07,New Sale,Strata,88,"19,216",-,Apartment,1,99 yrs from 13/04/2020,Uncompleted,N.A,538311,19,53,Central Region,Toa Payoh
THE VERMONT ON CAIRNHILL,"2,086,000",914.94,"2,280",08 Mar 2022,12B CAIRNHILL RISE #08-10,Resale,Strata,85,"24,541",-,Apartment,1,Freehold,2013,Private,229747,09,22,Central Region,Newton
ELLIOT AT THE EAST COAST,"3,400,000","2,357.32","1,442",08 Mar 2022,33 ELLIOT ROAD #05-21,Resale,Strata,219,"15,525",-,Condominium,1,Freehold,2012,Private,458709,15,45,East Region,Bedok
THE CENTRIS,"1,900,000","2,098.98",905,08 Mar 2022,69 JURONG WEST CENTRAL 3 #05-12,Resale,Strata,195,"9,744",-,Apartment,1,99 yrs from 21/06/2006,2009,Private,648334,22,64,West Region,Jurong West
TREASURES@G6,"588,000",430.56,"1,366",08 Mar 2022,35 LORONG 6 GEYLANG #05-01,Resale,Strata,40,"14,700",-,Apartment,1,Freehold,2017,Private,399187,14,39,Central Region,Geylang
MARGARET VILLE,"1,450,000",699.66,"2,072",08 Mar 2022,20 MARGARET DRIVE #06-01,Sub Sale,Strata,65,"22,308",-,Apartment,1,99 yrs from 13/03/2017,2021,Private,149312,03,14,Central Region,Queenstown
MARTIN MODERN,"2,728,888","1,011.82","2,697",08 Mar 2022,10 MARTIN PLACE #28-15,Sub Sale,Strata,94,"29,031",-,Condominium,1,99 yrs from 28/09/2016,2021,Private,237963,09,23,Central Region,River Valley
CAVENDISH PARK,"1,900,000","1,313.21","1,447",08 Mar 2022,18 PINE GROVE #05-01,Resale,Strata,122,"15,574",-,Condominium,1,99 yrs from 18/11/1991,1996,Private,597594,21,59,Central Region,Bukit Timah
PARC ROSEWOOD,"574,000",430.56,"1,333",08 Mar 2022,77 ROSEWOOD DRIVE #04-41,Resale,Strata,40,"14,350",-,Condominium,1,99 yrs from 07/09/2011,2014,Private,737786,25,73,North Region,Woodlands
SELETAR PARK RESIDENCE,"715,000",527.44,"1,356",08 Mar 2022,17 SELETAR ROAD #04-22,Resale,Strata,49,"14,592",-,Condominium,1,99 yrs from 15/03/2011,2015,HDB,807019,28,80,North East Region,Serangoon
TANGLIN REGENCY,"1,400,000",882.65,"1,586",08 Mar 2022,383 TANGLIN ROAD #14-03,Resale,Strata,82,"17,073",-,Condominium,1,99 yrs from 01/05/1994,1998,Private,247966,10,24,Central Region,Bukit Merah
HIGHGATE,"1,930,000","1,323.97","1,458",08 Mar 2022,66 TOH TUCK ROAD #07-12,Resale,Strata,123,"15,691",-,Condominium,1,Freehold,1995,Private,596730,21,59,Central Region,Bukit Timah
WEST BAY CONDOMINIUM,"1,190,000","1,216.33",978,08 Mar 2022,60 WEST COAST CRESCENT #02-01,Resale,Strata,113,"10,531",-,Condominium,1,99 yrs from 01/03/1991,1993,Private,128040,05,12,West Region,Clementi
THE LAURELS,"1,580,000",548.96,"2,878",08 Mar 2022,38 CAIRNHILL ROAD #15-06,Resale,Strata,51,"30,980",-,Condominium,1,Freehold,2013,Private,229658,09,22,Central Region,Newton
DAHLIA PARK CONDOMINIUM,"1,288,000","1,280.92","1,006",08 Mar 2022,3 FLORA DRIVE #02-12,Resale,Strata,119,"10,824",-,Condominium,1,Freehold,2003,HDB,507010,17,50,East Region,Pasir Ris
CENTRA SUITES,"630,000",441.32,"1,428",08 Mar 2022,38 LORONG 25A GEYLANG #06-05,Resale,Strata,41,"15,366",-,Apartment,1,Freehold,2012,HDB,388242,14,38,Central Region,Geylang
LIVIA,"1,400,000","1,323.97","1,057",08 Mar 2022,73 PASIR RIS GROVE #13-26,Resale,Strata,123,"11,382",-,Condominium,1,99 yrs from 07/01/2008,2011,Private,518206,18,51,East Region,Pasir Ris
AFFINITY AT SERANGOON,"765,000",473.62,"1,615",08 Mar 2022,18 SERANGOON NORTH AVENUE 1 #05-09,Sub Sale,Strata,44,"17,386",-,Apartment,1,99 yrs from 18/05/2018,Uncompleted,HDB,554336,19,55,North East Region,Serangoon
EAST MEADOWS,"1,320,000","1,248.62","1,057",08 Mar 2022,32 TANAH MERAH KECHIL ROAD #01-23,Resale,Strata,116,"11,379",-,Condominium,1,99 yrs from 02/03/1998,2002,HDB,465559,16,46,East Region,Bedok
EAST GALLERIA,"1,580,000",936.47,"1,687",08 Mar 2022,19 SEA AVENUE #03-03,Resale,Strata,87,"18,161",-,Apartment,1,Freehold,2007,Private,424239,15,42,Central Region,Marine Parade
THE PANORAMA,"2,008,800","1,162.51","1,728",08 Mar 2022,12 ANG MO KIO AVENUE 2 #13-18,Resale,Strata,108,"18,600",-,Condominium,1,99 yrs from 08/04/2013,2017,Private,567697,20,56,North East Region,Ang Mo Kio
BERKELEY RESIDENCES,"1,390,000",882.65,"1,575",08 Mar 2022,11 LORONG N TELOK KURAU #03-02,Resale,Strata,82,"16,951",-,Apartment,1,Freehold,2015,Private,425141,15,42,East Region,Bedok
THE POIZ RESIDENCES,"740,000",419.8,"1,763",08 Mar 2022,12 MEYAPPA CHETTIAR ROAD #08-43,Resale,Strata,39,"18,974",-,Apartment,1,99 yrs from 17/11/2014,2018,Private,358474,13,35,Central Region,Toa Payoh
RIVERTREES RESIDENCES,"765,000",581.26,"1,316",08 Mar 2022,27 FERNVALE CLOSE #17-18,Resale,Strata,54,"14,167",-,Apartment,1,99 yrs from 28/08/2013,2017,Private,797463,28,79,North East Region,Sengkang
NINE RESIDENCES,"1,300,000","1,173.28","1,108",08 Mar 2022,12 YISHUN AVENUE 9 #07-10,Resale,Strata,109,"11,927",-,Apartment,1,99 yrs from 30/04/2013,2015,Private,768894,27,76,North Region,Yishun
RIVERFRONT RESIDENCES,"765,000",581.26,"1,316",08 Mar 2022,45 HOUGANG AVENUE 7 #17-29,Sub Sale,Strata,54,"14,167",-,Apartment,1,99 yrs from 31/05/2018,Uncompleted,HDB,533815,19,53,North East Region,Hougang
SKY VUE,"920,000",484.38,"1,899",08 Mar 2022,1 BISHAN STREET 15 #36-04,Resale,Strata,45,"20,444",-,Condominium,1,99 yrs from 04/03/2013,2016,Private,573910,20,57,Central Region,Bishan
WATER PLACE,"2,150,000","1,453.14","1,480",08 Mar 2022,177 TANJONG RHU ROAD #14-23,Resale,Strata,135,"15,926",-,Condominium,1,99 yrs from 02/03/1998,2004,Private,436607,15,43,Central Region,Kallang
PARC RIVIERA,"1,380,000",904.18,"1,526",08 Mar 2022,101 WEST COAST VALE #33-05,Resale,Strata,84,"16,429",-,Condominium,1,99 yrs from 11/11/2015,2019,Private,126753,05,12,West Region,Clementi
THE PARC CONDOMINIUM,"2,200,000","1,420.85","1,548",08 Mar 2022,5 WEST COAST WALK #09-09,Resale,Strata,132,"16,667",-,Condominium,1,Freehold,2010,HDB,127146,05,12,West Region,Clementi
AMBER PARK,"3,483,000","1,302.44","2,674",09 Mar 2022,16 AMBER GARDENS #20-06,New Sale,Strata,121,"28,785",-,Condominium,1,Freehold,Uncompleted,N.A,439961,15,43,Central Region,Marine Parade
JUNIPER HILL,"3,327,000","1,108.69","3,001",09 Mar 2022,39 EWE BOON ROAD #11-06,New Sale,Strata,103,"32,301",-,Apartment,1,Freehold,2022,HDB,259334,10,25,Central Region,Tanglin
ONE MEYER,"2,454,000",925.7,"2,651",09 Mar 2022,1 MEYER PLACE #11-02,New Sale,Strata,86,"28,535",-,Apartment,1,Freehold,Uncompleted,Private,437988,15,43,Central Region,Marine Parade
ONE PEARL BANK,"2,021,000",807.3,"2,503",09 Mar 2022,1 PEARL BANK #30-19,New Sale,Strata,75,"26,947",-,Apartment,1,99 yrs from 01/03/2019,Uncompleted,N.A,169016,03,16,Central Region,Outram
NORMANTON PARK,"1,118,000",645.84,"1,731",09 Mar 2022,59 NORMANTON PARK #24-70,New Sale,Strata,60,"18,633",-,Apartment,1,99 yrs from 22/07/2019,Uncompleted,N.A,117285,05,11,Central Region,Queenstown
HYLL ON HOLLAND,"1,548,300",613.55,"2,524",09 Mar 2022,89 HOLLAND ROAD #06-02,New Sale,Strata,57,"27,163",-,Condominium,1,Freehold,Uncompleted,N.A,275750,10,27,Central Region,Bukit Timah
MIDWOOD,"1,731,000",990.29,"1,748",09 Mar 2022,10 HILLVIEW RISE #24-18,New Sale,Strata,92,"18,815",-,Condominium,1,99 yrs from 01/10/2018,Uncompleted,N.A,667972,23,66,West Region,Bukit Batok
THE AVENIR,"7,784,000","2,411.14","3,228",09 Mar 2022,10 RIVER VALLEY CLOSE #08-11,New Sale,Strata,224,"34,750",-,Condominium,1,Freehold,Uncompleted,N.A,238438,09,23,Central Region,River Valley
PENROSE,"2,298,000","1,388.56","1,655",09 Mar 2022,20 SIMS DRIVE #04-03,New Sale,Strata,129,"17,814",-,Apartment,1,99 yrs from 03/07/2019,Uncompleted,Private,387395,14,38,Central Region,Geylang
CLAVON,"2,300,000","1,280.92","1,796",09 Mar 2022,8 CLEMENTI AVENUE 1 #35-14,New Sale,Strata,119,"19,328",-,Apartment,1,99 yrs from 07/10/2019,Uncompleted,Private,129964,05,12,West Region,Clementi
KI RESIDENCES AT BROOKVALE,"1,909,000",979.52,"1,949",09 Mar 2022,20 BROOKVALE DRIVE #05-47,New Sale,Strata,91,"20,978",-,Condominium,1,999 yrs from 23/03/1885,Uncompleted,N.A,599982,21,59,West Region,Clementi
THE WATERGARDENS AT CANBERRA,"1,620,000","1,108.69","1,461",09 Mar 2022,51 CANBERRA DRIVE #03-69,New Sale,Strata,103,"15,728",-,Apartment,1,99 yrs from 08/06/2020,Uncompleted,Private,769327,27,76,North Region,Sembawang
CANNINGHILL PIERS,"3,348,000","1,259.39","2,658",09 Mar 2022,5 CLARKE QUAY #21-20,New Sale,Strata,117,"28,615",-,Apartment,1,99 yrs from 17/09/2021,Uncompleted,Private,179884,06,17,Central Region,Singapore River
MORI,"1,357,000",710.42,"1,910",09 Mar 2022,223 GUILLEMARD ROAD #05-10,New Sale,Strata,66,"20,561",-,Apartment,1,Freehold,Uncompleted,N.A,399738,14,39,Central Region,Geylang
CITY GATE,"1,400,000",678.13,"2,064",09 Mar 2022,371 BEACH ROAD #27-07,Resale,Strata,63,"22,222",-,Apartment,1,99 yrs from 15/04/2014,2018,Private,199597,07,19,Central Region,Kallang
STURDEE RESIDENCES,"1,478,000",828.83,"1,783",09 Mar 2022,10 BEATTY ROAD #06-02,Resale,Strata,77,"19,195",-,Condominium,1,99 yrs from 29/06/2015,2019,Private,209955,08,20,Central Region,Kallang
WATERFRONT WAVES,"1,038,000",968.76,"1,071",09 Mar 2022,762 BEDOK RESERVOIR ROAD #05-15,Resale,Strata,90,"11,533",-,Condominium,1,99 yrs from 31/10/2007,2011,Private,479246,16,47,East Region,Bedok
THE MINTON,"1,420,000","1,463.9",970,09 Mar 2022,14A HOUGANG STREET 11 #01-76,Resale,Strata,136,"10,441",-,Condominium,1,99 yrs from 27/07/2007,2013,Private,534070,19,53,North East Region,Hougang
SHERWOOD TOWER,"1,450,000","1,539.25",942,09 Mar 2022,3 JALAN ANAK BUKIT #27-06,Resale,Strata,143,"10,140",-,Apartment,1,99 yrs from 30/08/1976,1980,HDB,588998,21,58,Central Region,Bukit Timah
EUHABITAT,"645,000",516.67,"1,248",09 Mar 2022,228 JALAN EUNOS #04-133,Resale,Strata,48,"13,438",-,Condominium,1,99 yrs from 06/12/2010,2015,Private,415868,14,41,East Region,Bedok
EURO-ASIA LODGE,"2,300,000","1,388.56","1,656",09 Mar 2022,96 JOO CHIAT TERRACE #01-05,Resale,Strata,129,"17,829",-,Apartment,1,Freehold,1998,Private,427253,15,42,Central Region,Geylang
ROCHELLE AT NEWTON,"2,540,000","1,506.96","1,686",09 Mar 2022,188 KENG LEE ROAD #10-05,Resale,Strata,140,"18,143",-,Condominium,1,99 yrs from 10/03/2008,2012,Private,308414,11,30,Central Region,Novena
CASA CAMBIO,"810,000",538.2,"1,505",09 Mar 2022,9 LIM TUA TOW ROAD #04-19,Resale,Strata,50,"16,200",-,Condominium,1,Freehold,2014,HDB,547726,19,54,North East Region,Serangoon
LOYANG VALLEY,"1,720,000","1,905.23",903,09 Mar 2022,210 LOYANG AVENUE #02-05,Resale,Strata,177,"9,718",-,Condominium,1,99 yrs from 20/08/1982,1985,Private,509063,17,50,East Region,Pasir Ris
NV RESIDENCES,"858,000",796.54,"1,077",09 Mar 2022,89 PASIR RIS GROVE #11-22,Resale,Strata,74,"11,595",-,Condominium,1,99 yrs from 07/01/2008,2013,Private,518214,18,51,East Region,Pasir Ris
NASSIM MANSION,"8,450,000","2,852.46","2,962",09 Mar 2022,32 NASSIM HILL #02-36,Resale,Strata,265,"31,887",-,Apartment,1,Freehold,1977,Private,258472,10,25,Central Region,Tanglin
BELLE VUE RESIDENCES,"4,702,000","3,552.12","1,324",09 Mar 2022,25 OXLEY WALK #05-22,Resale,Strata,330,"14,248",-,Condominium,1,Freehold,2010,Private,238595,09,23,Central Region,River Valley
PANDAN VALLEY,"3,300,000","2,669.47","1,236",09 Mar 2022,3 PANDAN VALLEY #08-301,Resale,Strata,248,"13,306",-,Condominium,1,Freehold,1978,Private,597627,21,59,Central Region,Bukit Timah
PEOPLE'S PARK COMPLEX,"965,000","1,119.46",862,09 Mar 2022,1 PARK ROAD #17-823,Resale,Strata,104,"9,279",-,Apartment,1,99 yrs from 25/03/1968,1972,HDB,059108,01,05,Central Region,Outram
THE PALETTE,"1,700,000","1,377.79","1,234",09 Mar 2022,121 PASIR RIS GROVE #12-64,Resale,Strata,128,"13,281",-,Condominium,1,99 yrs from 20/10/2010,2015,Private,518175,18,51,East Region,Pasir Ris
LIVIA,"1,370,000","1,259.39","1,088",09 Mar 2022,61 PASIR RIS GROVE #16-04,Resale,Strata,117,"11,709",-,Condominium,1,99 yrs from 07/01/2008,2011,Private,518215,18,51,East Region,Pasir Ris
V ON SHENTON,"1,860,000",947.23,"1,964",09 Mar 2022,5A SHENTON WAY #25-20,Resale,Strata,88,"21,136",-,Apartment,1,99 yrs from 29/11/2011,2017,Private,068814,01,06,Central Region,Downtown Core
SAVANNAH CONDOPARK,"1,310,000","1,733",756,09 Mar 2022,61 SIMEI RISE #01-64,Resale,Strata,161,"8,137",-,Condominium,1,99 yrs from 29/11/2000,2005,Private,528794,18,52,East Region,Tampines
RESIDENCES AT 338A,"2,640,000","1,205.57","2,190",09 Mar 2022,338A RIVER VALLEY ROAD #02-01,Resale,Strata,112,"23,571",-,Apartment,1,Freehold,2004,HDB,238381,09,23,Central Region,River Valley
BLISS REGALIA,"780,000",645.84,"1,208",09 Mar 2022,80 SING AVENUE #03-02,Resale,Strata,60,"13,000",-,Apartment,1,Freehold,2009,HDB,217920,08,21,Central Region,Kallang
STIRLING RESIDENCES,"2,200,000","1,054.87","2,086",09 Mar 2022,21 STIRLING ROAD #26-02,Sub Sale,Strata,98,"22,449",-,Apartment,1,99 yrs from 18/08/2017,Uncompleted,Private,148960,03,14,Central Region,Queenstown
WHISTLER GRAND,"950,000",602.78,"1,576",09 Mar 2022,107 WEST COAST VALE #09-11,Sub Sale,Strata,56,"16,964",-,Apartment,1,99 yrs from 07/05/2018,Uncompleted,Private,126751,05,12,West Region,Clementi
THE PARC CONDOMINIUM,"1,500,000",979.52,"1,531",09 Mar 2022,9 WEST COAST WALK #18-17,Resale,Strata,91,"16,484",-,Condominium,1,Freehold,2010,HDB,127160,05,12,West Region,Clementi
MAPLE WOODS,"3,480,000","1,786.82","1,948",09 Mar 2022,987 BUKIT TIMAH ROAD #05-20,Resale,Strata,166,"20,964",-,Condominium,1,Freehold,1997,Private,589628,21,58,Central Region,Bukit Timah
YISHUN SAPPHIRE,"1,250,000","1,399.32",893,09 Mar 2022,50 CANBERRA DRIVE #03-19,Resale,Strata,130,"9,615",-,Condominium,1,99 yrs from 16/02/1998,2001,HDB,768438,27,76,North Region,Yishun
SHEARES VILLE,"3,100,000","2,066.69","1,500",09 Mar 2022,9 HOLT ROAD #01-05,Resale,Strata,192,"16,146",-,Apartment,1,Freehold,2003,Private,249446,10,24,Central Region,Tanglin
THE MINTON,"1,315,800","1,237.86","1,063",09 Mar 2022,14A HOUGANG STREET 11 #01-74,Resale,Strata,115,"11,442",-,Condominium,1,99 yrs from 27/07/2007,2013,HDB,534070,19,53,North East Region,Hougang
PARK INFINIA AT WEE NAM,"2,250,000",893.41,"2,518",09 Mar 2022,6A LINCOLN ROAD #28-16,Resale,Strata,83,"27,108",-,Condominium,1,Freehold,2008,HDB,308366,11,30,Central Region,Novena
THE SIXTH AVENUE RESIDENCES,"2,660,000","1,356.26","1,961",09 Mar 2022,172 SIXTH AVENUE #03-36,Resale,Strata,126,"21,111",-,Condominium,1,Freehold,2009,Private,276545,10,27,Central Region,Bukit Timah
CHANGI COURT,"1,180,000",968.76,"1,218",09 Mar 2022,700 UPPER CHANGI ROAD EAST #04-07,Resale,Strata,90,"13,111",-,Condominium,1,Freehold,1997,Private,486830,16,48,East Region,Tampines
V ON SHENTON,"3,350,000","1,517.72","2,207",09 Mar 2022,5A SHENTON WAY #39-19,Resale,Strata,141,"23,759",-,Apartment,1,99 yrs from 29/11/2011,2017,Private,068814,01,06,Central Region,Downtown Core
THE INFINITI,"1,280,000",914.94,"1,399",09 Mar 2022,39D WEST COAST PARK #11-10,Resale,Strata,85,"15,059",-,Condominium,1,Freehold,2008,Private,127715,05,12,West Region,Clementi
HAIG ELEVEN,"1,170,000",818.06,"1,430",09 Mar 2022,11 HAIG AVENUE #03-01,Resale,Strata,76,"15,395",-,Apartment,1,Freehold,2005,Private,438866,15,43,Central Region,Marine Parade
D'LEEDON,"1,850,000","1,205.57","1,535",09 Mar 2022,7 LEEDON HEIGHTS #08-19,Resale,Strata,112,"16,518",-,Condominium,1,99 yrs from 08/04/2010,2014,Private,267953,10,26,Central Region,Bukit Timah
THE HILLIER,"780,000",505.91,"1,542",09 Mar 2022,2 HILLVIEW RISE #21-08,Resale,Strata,47,"16,596",-,Apartment,1,99 yrs from 01/08/2011,2016,Private,667978,23,66,West Region,Bukit Batok
LIVIA,"930,888",882.65,"1,055",09 Mar 2022,81 PASIR RIS GROVE #15-46,Resale,Strata,82,"11,352",-,Condominium,1,99 yrs from 07/01/2008,2011,HDB,518210,18,51,East Region,Pasir Ris
KINGSFORD WATERBAY,"620,000",473.62,"1,309",09 Mar 2022,70 UPPER SERANGOON VIEW #03-35,Resale,Strata,44,"14,091",-,Apartment,1,99 yrs from 03/03/2014,2018,HDB,533883,19,53,North East Region,Hougang
MOOI RESIDENCES,"1,575,000",667.37,"2,360",09 Mar 2022,139 HOLLAND ROAD #04-04,New Sale,Strata,62,"25,403",-,Apartment,1,Freehold,Uncompleted,Private,278573,10,27,Central Region,Bukit Timah
ICON,"1,745,000",936.47,"1,863",09 Mar 2022,10 GOPENG STREET #41-15,Resale,Strata,87,"20,057",-,Apartment,1,99 yrs from 29/01/2002,2007,Private,078878,02,07,Central Region,Downtown Core
THE HYDE,"1,551,000",495.14,"3,132",10 Mar 2022,11 BALMORAL ROAD #11-02,New Sale,Strata,46,"33,717",-,Condominium,1,Freehold,Uncompleted,N.A,259796,10,25,Central Region,Tanglin
ONE PEARL BANK,"2,020,000",839.59,"2,406",10 Mar 2022,1 PEARL BANK #17-11,New Sale,Strata,78,"25,897",-,Apartment,1,99 yrs from 01/03/2019,Uncompleted,Private,169016,03,16,Central Region,Outram
NORMANTON PARK,"1,916,000","1,108.69","1,728",10 Mar 2022,49 NORMANTON PARK #24-24,New Sale,Strata,103,"18,602",-,Apartment,1,99 yrs from 22/07/2019,Uncompleted,Private,117280,05,11,Central Region,Queenstown
NORMANTON PARK,"2,196,000","1,194.8","1,838",10 Mar 2022,57 NORMANTON PARK #04-56,New Sale,Strata,111,"19,784",-,Apartment,1,99 yrs from 22/07/2019,Uncompleted,HDB,117284,05,11,Central Region,Queenstown
SENGKANG GRAND RESIDENCES,"1,849,600","1,022.58","1,809",10 Mar 2022,72 COMPASSVALE BOW #06-06,New Sale,Strata,95,"19,469",-,Apartment,1,99 yrs from 13/11/2018,Uncompleted,HDB,544693,19,54,North East Region,Sengkang
RYMDEN 77,"1,902,700","1,119.46","1,700",10 Mar 2022,77 LORONG H TELOK KURAU #02-07,New Sale,Strata,104,"18,295",-,Apartment,1,Freehold,Uncompleted,Private,426094,15,42,East Region,Bedok
LEEDON GREEN,"1,515,000",538.2,"2,815",10 Mar 2022,28 LEEDON HEIGHTS #08-16,New Sale,Strata,50,"30,300",-,Condominium,1,Freehold,Uncompleted,Private,266222,10,26,Central Region,Bukit Timah
PHOENIX RESIDENCES,"1,983,103","1,367.03","1,451",10 Mar 2022,81 PHOENIX AVENUE #04-02,New Sale,Strata,127,"15,615",-,Apartment,1,99 yrs from 05/11/2019,Uncompleted,N.A,668383,23,66,West Region,Bukit Batok
PENROSE,"2,355,000","1,399.32","1,683",10 Mar 2022,28 SIMS DRIVE #03-27,New Sale,Strata,130,"18,115",-,Apartment,1,99 yrs from 03/07/2019,Uncompleted,N.A,387399,14,38,Central Region,Geylang
AMBER POINT,"2,830,000","1,668.42","1,696",10 Mar 2022,1 AMBER ROAD #05-02,Resale,Strata,155,"18,258",-,Condominium,1,Freehold,1991,Private,439845,15,43,Central Region,Marine Parade
NOUVEL 18,"9,504,000","2,820.17","3,370",10 Mar 2022,18 ANDERSON ROAD #29-03,Resale,Strata,262,"36,275",-,Condominium,1,Freehold,2014,Private,259977,10,25,Central Region,Newton
ARDMORE PARK,"10,888,000","2,884.75","3,774",10 Mar 2022,11 ARDMORE PARK #02-02,Resale,Strata,268,"40,627",-,Condominium,1,Freehold,2001,Private,259957,10,25,Central Region,Newton
AVA TOWERS,"1,620,000","1,227.1","1,320",10 Mar 2022,10 AVA ROAD #10-05,Resale,Strata,114,"14,211",-,Apartment,1,Freehold,1993,Private,329949,12,32,Central Region,Novena
WATERFRONT ISLE,"1,768,000","1,377.79","1,283",10 Mar 2022,736 BEDOK RESERVOIR ROAD #04-21,Resale,Strata,128,"13,813",-,Condominium,1,99 yrs from 26/11/2009,2015,Private,479264,16,47,East Region,Bedok
EIGHT COURTYARDS,"690,000",548.96,"1,257",10 Mar 2022,2 CANBERRA DRIVE #13-01,Resale,Strata,51,"13,529",-,Condominium,1,99 yrs from 20/09/2010,2014,HDB,768138,27,76,North Region,Yishun
OASIS @ ELIAS,"1,072,000","1,302.44",823,10 Mar 2022,72 ELIAS ROAD #04-21,Resale,Strata,121,"8,860",-,Condominium,1,99 yrs from 17/03/2008,2011,Private,519944,18,51,East Region,Pasir Ris
STRATUM,"1,760,000","1,625.36","1,083",10 Mar 2022,86 ELIAS ROAD #05-19,Resale,Strata,151,"11,656",-,Condominium,1,99 yrs from 11/07/2012,2016,Private,519948,18,51,East Region,Pasir Ris
STRATUM,"888,000",775.01,"1,146",10 Mar 2022,90 ELIAS ROAD #05-29,Resale,Strata,72,"12,333",-,Condominium,1,99 yrs from 11/07/2012,2016,Private,519950,18,51,East Region,Pasir Ris
HIGH PARK RESIDENCES,"678,000",452.09,"1,500",10 Mar 2022,31 FERNVALE ROAD #14-52,Resale,Strata,42,"16,143",-,Apartment,1,99 yrs from 05/11/2014,2019,HDB,797417,28,79,North East Region,Sengkang
HEDGES PARK CONDOMINIUM,"1,150,000","1,076.4","1,068",10 Mar 2022,77 FLORA DRIVE #03-21,Resale,Strata,100,"11,500",-,Condominium,1,99 yrs from 28/07/2010,2015,HDB,506884,17,50,East Region,Pasir Ris
HILLINGTON GREEN,"1,880,000","1,356.26","1,386",10 Mar 2022,53 HILLVIEW AVENUE #08-08,Resale,Strata,126,"14,921",-,Condominium,1,999 yrs from 19/05/1883,2002,Private,669566,23,66,West Region,Bukit Batok
EUHABITAT,"1,510,000","1,162.51","1,299",10 Mar 2022,204 JALAN EUNOS #05-46,Resale,Strata,108,"13,981",-,Condominium,1,99 yrs from 06/12/2010,2015,HDB,419546,14,41,East Region,Bedok
THE TRILINQ,"1,530,000",914.94,"1,672",10 Mar 2022,28B JALAN LEMPENG #15-19,Resale,Strata,85,"18,000",-,Condominium,1,99 yrs from 16/04/2012,2017,HDB,128809,05,12,West Region,Clementi
THE PROMENADE@PELIKAT,"635,000",484.38,"1,311",10 Mar 2022,183 JALAN PELIKAT #02-82,Resale,Strata,45,"14,111",-,Apartment,1,Freehold,2015,Private,537643,19,53,North East Region,Hougang
THE ABERDEEN,"1,400,000","1,108.69","1,263",10 Mar 2022,2 JALAN TAMAN #11-11,Resale,Strata,103,"13,592",-,Condominium,1,Freehold,1997,Private,329023,12,32,Central Region,Kallang
LAKEVILLE,"980,000",635.08,"1,543",10 Mar 2022,3 JURONG LAKE LINK #05-10,Resale,Strata,59,"16,610",-,Condominium,1,99 yrs from 30/04/2013,2017,HDB,648161,22,64,West Region,Jurong West
LAKEVILLE,"2,095,000","1,302.44","1,609",10 Mar 2022,9 JURONG LAKE LINK #06-32,Resale,Strata,121,"17,314",-,Condominium,1,99 yrs from 30/04/2013,2017,Private,648164,22,64,West Region,Jurong West
REZI 26,"600,000",452.09,"1,327",10 Mar 2022,5A LORONG 26 GEYLANG #02-05,Resale,Strata,42,"14,286",-,Apartment,1,Freehold,2015,HDB,398504,14,39,Central Region,Geylang
GEM RESIDENCES,"1,300,000",775.01,"1,677",10 Mar 2022,3 LORONG 5 TOA PAYOH #17-11,Sub Sale,Strata,72,"18,056",-,Condominium,1,99 yrs from 21/09/2015,2019,Private,319459,12,31,Central Region,Toa Payoh
FOREST WOODS,"1,068,000",602.78,"1,772",10 Mar 2022,11 LORONG LEW LIAN #04-21,Resale,Strata,56,"19,071",-,Condominium,1,99 yrs from 05/02/2016,2020,Private,536493,19,53,North East Region,Serangoon
MONARCHY APARTMENTS,"1,500,000","1,162.51","1,290",10 Mar 2022,51 MANDALAY ROAD #14-03,Resale,Strata,108,"13,889",-,Apartment,1,Freehold,1997,Private,308231,11,30,Central Region,Novena
THE MEYERISE,"3,200,000","1,313.21","2,437",10 Mar 2022,97 MEYER ROAD #26-06,Resale,Strata,122,"26,230",-,Condominium,1,Freehold,2014,Private,437918,15,43,Central Region,Marine Parade
BARTLEY RIDGE,"765,000",462.85,"1,653",10 Mar 2022,44 MOUNT VERNON ROAD #11-37,Resale,Strata,43,"17,791",-,Condominium,1,99 yrs from 16/04/2012,2016,Private,368062,13,36,Central Region,Toa Payoh
26 NEWTON,"1,765,736",775.01,"2,278",10 Mar 2022,26 NEWTON ROAD #07-03,Resale,Strata,72,"24,524",-,Apartment,1,Freehold,2016,HDB,307957,11,30,Central Region,Novena
PANDAN VALLEY,"2,170,000","1,313.21","1,652",10 Mar 2022,4 PANDAN VALLEY #12-415,Resale,Strata,122,"17,787",-,Condominium,1,Freehold,1978,Private,597628,21,59,Central Region,Bukit Timah
THE PALETTE,"960,000",753.48,"1,274",10 Mar 2022,101 PASIR RIS GROVE #13-01,Resale,Strata,70,"13,714",-,Condominium,1,99 yrs from 20/10/2010,2015,HDB,518195,18,51,East Region,Pasir Ris
AMARANDA GARDENS,"2,150,888","1,259.39","1,708",10 Mar 2022,122 SERANGOON AVENUE 3 #06-01,Resale,Strata,117,"18,384",-,Condominium,1,Freehold,2004,Private,554775,19,55,North East Region,Serangoon
THE SCALA,"815,000",473.62,"1,721",10 Mar 2022,138 SERANGOON AVENUE 3 #10-26,Resale,Strata,44,"18,523",-,Apartment,1,99 yrs from 06/01/2010,2013,Private,554475,19,55,North East Region,Serangoon
MANDARIN GARDENS,"1,276,000","1,001.05","1,275",10 Mar 2022,7 SIGLAP ROAD #02-72,Resale,Strata,93,"13,720",-,Condominium,1,99 yrs from 08/03/1982,1986,Private,448909,15,44,East Region,Bedok
EASTPOINT GREEN,"888,000",958,927,10 Mar 2022,1 SIMEI STREET 3 #03-02,Resale,Strata,89,"9,978",-,Condominium,1,99 yrs from 24/04/1996,1999,Private,529890,18,52,East Region,Tampines
DOUBLE BAY RESIDENCES,"1,380,000","1,270.15","1,086",10 Mar 2022,17 SIMEI STREET 4 #11-02,Resale,Strata,118,"11,695",-,Condominium,1,99 yrs from 07/04/2008,2012,Private,529881,18,52,East Region,Tampines
PRINCIPAL GARDEN,"1,680,000",807.3,"2,081",10 Mar 2022,97 PRINCE CHARLES CRESCENT #15-23,Resale,Strata,75,"22,400",-,Condominium,1,99 yrs from 21/07/2014,2018,HDB,159028,03,15,Central Region,Bukit Merah
SELETARIS,"1,600,000","1,614.6",991,10 Mar 2022,503 SEMBAWANG ROAD #03-35,Resale,Strata,150,"10,667",-,Condominium,1,Freehold,2001,HDB,757707,27,75,North Region,Sembawang
THE TROPICA,"1,290,000","1,237.86","1,042",10 Mar 2022,63 TAMPINES AVENUE 1 #07-04,Resale,Strata,115,"11,217",-,Condominium,1,99 yrs from 04/12/1996,2000,Private,529777,18,52,East Region,Tampines
THE ALPS RESIDENCES,"878,000",699.66,"1,255",10 Mar 2022,107 TAMPINES STREET 86 #02-24,Sub Sale,Strata,65,"13,508",-,Condominium,1,99 yrs from 03/08/2015,2019,HDB,528533,18,52,East Region,Tampines
VARSITY PARK CONDOMINIUM,"2,120,000","1,797.59","1,179",10 Mar 2022,52 WEST COAST ROAD #01-57,Resale,Strata,167,"12,695",-,Condominium,1,99 yrs from 03/05/2004,2008,Private,126838,05,12,West Region,Clementi
SYMPHONY SUITES,"1,220,000","1,022.58","1,193",10 Mar 2022,13 YISHUN CLOSE #11-26,Resale,Strata,95,"12,842",-,Condominium,1,99 yrs from 10/06/2014,2018,HDB,768010,27,76,North Region,Yishun
SYMPHONY SUITES,"823,000",688.9,"1,195",10 Mar 2022,5 YISHUN CLOSE #15-09,Resale,Strata,64,"12,859",-,Condominium,1,99 yrs from 10/06/2014,2018,HDB,768006,27,76,North Region,Yishun
THE TRILINQ,"1,960,000","1,345.5","1,457",10 Mar 2022,28 JALAN LEMPENG #20-05,Resale,Strata,125,"15,680",-,Condominium,1,99 yrs from 16/04/2012,2017,HDB,128807,05,12,West Region,Clementi
CASABLANCA,"970,000","1,130.22",858,10 Mar 2022,21 ROSEWOOD DRIVE #05-06,Resale,Strata,105,"9,238",-,Condominium,1,99 yrs from 02/10/2001,2005,HDB,737917,25,73,North Region,Woodlands
SUNSHINE GROVE,"1,350,000","1,087.16","1,242",10 Mar 2022,2 JALAN LABU MERAH #02-02,Resale,Strata,101,"13,366",-,Apartment,1,Freehold,2003,HDB,537972,19,53,North East Region,Serangoon
N.A.,"1,420,000","1,076.4","1,319",10 Mar 2022,335F JOO CHIAT ROAD,Resale,Strata,100,"14,200",-,Apartment,1,9999 yrs from 01/01/1961,-,Private,427589,15,42,Central Region,Marine Parade
SEAHILL,"720,000",495.14,"1,454",10 Mar 2022,121 WEST COAST CRESCENT #09-14,Resale,Strata,46,"15,652",-,Condominium,1,99 yrs from 26/09/2011,2016,HDB,126778,05,12,West Region,Clementi
THE MERCURY,"1,285,000",635.08,"2,023",10 Mar 2022,38 SHANGHAI ROAD #12-03,Resale,Strata,59,"21,780",-,Apartment,1,Freehold,2012,HDB,248201,10,24,Central Region,Tanglin
HIJAUAN,"1,500,600",731.95,"2,050",10 Mar 2022,63 CAVENAGH ROAD #05-06,Resale,Strata,68,"22,068",-,Apartment,1,Freehold,2015,Private,229618,09,22,Central Region,Newton
H2O RESIDENCES,"849,000",742.72,"1,143",10 Mar 2022,30 FERNVALE LINK #04-05,Resale,Strata,69,"12,304",-,Condominium,1,99 yrs from 10/05/2010,2015,HDB,797530,28,79,North East Region,Sengkang
MENDON SPRING,"1,260,000","1,065.64","1,182",10 Mar 2022,198 PASIR PANJANG ROAD #03-05,Resale,Strata,99,"12,727",-,Apartment,1,Freehold,2002,Private,117526,05,11,Central Region,Queenstown
ST MICHAEL'S CONDOMINIUM,"1,570,000","1,420.85","1,105",10 Mar 2022,19 ST. MICHAEL'S ROAD #09-03,Resale,Strata,132,"11,894",-,Apartment,1,Freehold,2002,HDB,327978,12,32,Central Region,Kallang
GRANDEUR PARK RESIDENCES,"735,000",419.8,"1,751",10 Mar 2022,11 BEDOK SOUTH AVENUE 3 #09-44,Resale,Strata,39,"18,846",-,Condominium,1,99 yrs from 25/05/2016,2020,Private,465466,16,46,East Region,Bedok
THE CALROSE,"1,452,000",925.7,"1,569",10 Mar 2022,511 YIO CHU KANG ROAD #04-08,Resale,Strata,86,"16,884",-,Condominium,1,Freehold,2007,HDB,787066,26,78,North East Region,Ang Mo Kio
AMBER RESIDENCES,"2,123,888","1,162.51","1,827",10 Mar 2022,50 AMBER ROAD #08-05,Resale,Strata,108,"19,666",-,Condominium,1,Freehold,2011,Private,439888,15,43,Central Region,Marine Parade
LE QUEST,"742,000",495.14,"1,499",10 Mar 2022,12 BUKIT BATOK STREET 41 #07-35,Resale,Strata,46,"16,130",-,Apartment,1,99 yrs from 29/08/2016,2020,HDB,657978,23,65,West Region,Bukit Batok
PALM ISLES,"835,000",947.23,882,10 Mar 2022,38 FLORA DRIVE #01-50,Resale,Strata,88,"9,489",-,Condominium,1,99 yrs from 14/09/2011,2015,HDB,506895,17,50,East Region,Pasir Ris
ST REGIS RESIDENCES SINGAPORE,"5,050,000","2,152.8","2,346",10 Mar 2022,33 TANGLIN ROAD #14-08,Resale,Strata,200,"25,250",-,Apartment,1,999 yrs from 24/11/1995,2008,Private,247913,10,24,Central Region,Orchard
KENT RIDGE HILL RESIDENCES,"2,054,000","1,076.4","1,908",11 Mar 2022,66 SOUTH BUONA VISTA ROAD #01-66,New Sale,Strata,100,"20,540",-,Apartment,1,99 yrs from 10/11/2018,Uncompleted,HDB,118175,05,11,Central Region,Queenstown
ONE PEARL BANK,"1,182,000",430.56,"2,745",11 Mar 2022,1 PEARL BANK #28-13,New Sale,Strata,40,"29,550",-,Apartment,1,99 yrs from 01/03/2019,Uncompleted,N.A,169016,03,16,Central Region,Outram
NORMANTON PARK,"1,774,000",958,"1,852",11 Mar 2022,55 NORMANTON PARK #02-51,New Sale,Strata,89,"19,933",-,Apartment,1,99 yrs from 22/07/2019,Uncompleted,N.A,117283,05,11,Central Region,Queenstown
AVENUE SOUTH RESIDENCE,"1,523,000",656.6,"2,320",11 Mar 2022,11 SILAT AVENUE #46-33,New Sale,Strata,61,"24,967",-,Apartment,1,99 yrs from 14/08/2018,Uncompleted,N.A,168877,03,16,Central Region,Bukit Merah
MEYER MANSION,"1,450,000",484.38,"2,994",11 Mar 2022,79 MEYER ROAD #13-01,New Sale,Strata,45,"32,222",-,Apartment,1,Freehold,Uncompleted,Private,437906,15,43,Central Region,Marine Parade
FORETT AT BUKIT TIMAH,"2,014,000",979.52,"2,056",11 Mar 2022,32A TOH TUCK ROAD #02-12,New Sale,Strata,91,"22,132",-,Apartment,1,Freehold,Uncompleted,N.A,596110,21,59,Central Region,Bukit Timah
THE AVENIR,"4,901,000","1,571.54","3,119",11 Mar 2022,10 RIVER VALLEY CLOSE #14-08,New Sale,Strata,146,"33,568",-,Condominium,1,Freehold,Uncompleted,Private,238438,09,23,Central Region,River Valley
PENROSE,"2,349,000","1,388.56","1,692",11 Mar 2022,22 SIMS DRIVE #13-12,New Sale,Strata,129,"18,209",-,Apartment,1,99 yrs from 03/07/2019,Uncompleted,HDB,387396,14,38,Central Region,Geylang
PENROSE,"2,064,000","1,173.28","1,759",11 Mar 2022,28 SIMS DRIVE #17-24,New Sale,Strata,109,"18,936",-,Apartment,1,99 yrs from 03/07/2019,Uncompleted,N.A,387399,14,38,Central Region,Geylang
PENROSE,"2,428,000","1,399.32","1,735",11 Mar 2022,28 SIMS DRIVE #12-27,New Sale,Strata,130,"18,677",-,Apartment,1,99 yrs from 03/07/2019,Uncompleted,Private,387399,14,38,Central Region,Geylang
KI RESIDENCES AT BROOKVALE,"1,839,000",979.52,"1,877",11 Mar 2022,12 BROOKVALE DRIVE #04-23,New Sale,Strata,91,"20,209",-,Condominium,1,999 yrs from 23/03/1885,Uncompleted,N.A,599978,21,59,West Region,Clementi
KI RESIDENCES AT BROOKVALE,"1,570,000",871.88,"1,801",11 Mar 2022,20 BROOKVALE DRIVE #12-45,New Sale,Strata,81,"19,383",-,Condominium,1,999 yrs from 23/03/1885,Uncompleted,HDB,599982,21,59,West Region,Clementi
THE COMMODORE,"1,136,000",742.72,"1,530",11 Mar 2022,65 CANBERRA DRIVE #05-21,New Sale,Strata,69,"16,464",-,Condominium,1,99 yrs from 08/06/2020,Uncompleted,Private,769307,27,76,North Region,Sembawang
ASCENTIA SKY,"1,635,000",947.23,"1,726",11 Mar 2022,1 ALEXANDRA VIEW #12-04,Resale,Strata,88,"18,580",-,Condominium,1,99 yrs from 26/03/2008,2013,HDB,158748,03,15,Central Region,Bukit Merah
MIDTOWN BAY,"1,320,000",462.85,"2,852",11 Mar 2022,122 BEACH ROAD #14-03,Sub Sale,Strata,43,"30,698",-,Apartment,1,99 yrs from 02/01/2018,Uncompleted,Private,189770,07,18,Central Region,Downtown Core
GOODWOOD RESIDENCE,"9,100,000","3,907.33","2,329",11 Mar 2022,263 BUKIT TIMAH ROAD #01-13,Resale,Strata,363,"25,069",-,Condominium,1,Freehold,2013,Private,259704,10,25,Central Region,Newton
FLORAVILLE,"1,520,000","1,205.57","1,261",11 Mar 2022,2 CACTUS ROAD #04-13,Resale,Strata,112,"13,571",-,Apartment,1,Freehold,2017,Private,809578,28,80,North East Region,Ang Mo Kio
HELIOS RESIDENCES,"2,838,000","1,280.92","2,216",11 Mar 2022,17 CAIRNHILL CIRCLE #12-04,Resale,Strata,119,"23,849",-,Apartment,1,Freehold,2011,Private,229816,09,22,Central Region,Newton
MERA EAST,"1,620,000","1,280.92","1,265",11 Mar 2022,338 CHANGI ROAD #04-09,Resale,Strata,119,"13,613",-,Apartment,1,Freehold,2007,HDB,419977,14,41,East Region,Bedok
THE LUXURIE,"990,000",775.01,"1,277",11 Mar 2022,27 COMPASSVALE ROAD #14-33,Resale,Strata,72,"13,750",-,Condominium,1,99 yrs from 15/06/2011,2015,Private,544757,19,54,North East Region,Sengkang
H2O RESIDENCES,"940,000",882.65,"1,065",11 Mar 2022,30 FERNVALE LINK #10-03,Resale,Strata,82,"11,463",-,Condominium,1,99 yrs from 10/05/2010,2015,Private,797530,28,79,North East Region,Sengkang
HIGH PARK RESIDENCES,"990,000",731.95,"1,353",11 Mar 2022,25 FERNVALE ROAD #16-21,Resale,Strata,68,"14,559",-,Apartment,1,99 yrs from 05/11/2014,2019,Private,797639,28,79,North East Region,Sengkang
BARTLEY RESIDENCES,"1,720,000","1,270.15","1,354",11 Mar 2022,1A LORONG HOW SUN #01-07,Resale,Strata,118,"14,576",-,Apartment,1,99 yrs from 29/06/2011,2015,Private,536559,19,53,North East Region,Serangoon
SILAHIS APARTMENTS,"1,715,000","1,291.68","1,328",11 Mar 2022,121 LORONG K TELOK KURAU #02-06,Resale,Strata,120,"14,292",-,Apartment,1,Freehold,1993,Private,425762,15,42,East Region,Bedok
NV RESIDENCES,"1,500,000","1,453.14","1,032",11 Mar 2022,93 PASIR RIS GROVE #06-34,Resale,Strata,135,"11,111",-,Condominium,1,99 yrs from 07/01/2008,2013,Private,518191,18,51,East Region,Pasir Ris
MARTIN NO 38,"2,750,000","1,130.22","2,433",11 Mar 2022,38 MARTIN ROAD #10-07,Resale,Strata,105,"26,190",-,Apartment,1,Freehold,2011,Private,239059,09,23,Central Region,River Valley
HILLSTA,"895,000",753.48,"1,188",11 Mar 2022,68 PHOENIX ROAD #09-10,Resale,Strata,70,"12,786",-,Condominium,1,99 yrs from 03/10/2011,2016,HDB,668202,23,66,West Region,Bukit Batok
LA FIESTA,"962,000",731.95,"1,314",11 Mar 2022,60 SENGKANG SQUARE #04-21,Resale,Strata,68,"14,147",-,Condominium,1,99 yrs from 03/09/2012,2016,Private,544700,19,54,North East Region,Sengkang
LA FIESTA,"940,000",731.95,"1,284",11 Mar 2022,64 SENGKANG SQUARE #05-29,Resale,Strata,68,"13,824",-,Condominium,1,99 yrs from 03/09/2012,2016,Private,544702,19,54,North East Region,Sengkang
MELVILLE PARK,"840,000","1,044.11",805,11 Mar 2022,28 SIMEI STREET 1 #09-03,Resale,Strata,97,"8,660",-,Condominium,1,99 yrs from 01/09/1992,1996,Private,529948,18,52,East Region,Tampines
PRINCIPAL GARDEN,"2,300,000","1,194.8","1,925",11 Mar 2022,93 PRINCE CHARLES CRESCENT #05-06,Resale,Strata,111,"20,721",-,Condominium,1,99 yrs from 21/07/2014,2018,Private,159026,03,15,Central Region,Bukit Merah
2 RVG,"1,900,000",925.7,"2,052",11 Mar 2022,2 RIVER VALLEY GROVE #09-01,Resale,Strata,86,"22,093",-,Apartment,1,Freehold,2006,HDB,238405,09,23,Central Region,River Valley
VALLEY PARK,"3,470,000","1,700.71","2,040",11 Mar 2022,475 RIVER VALLEY ROAD #16-02,Resale,Strata,158,"21,962",-,Condominium,1,999 yrs from 21/06/1877,1997,Private,248360,10,24,Central Region,Tanglin
RIVERVALE CREST,"806,000",968.76,832,11 Mar 2022,5 RIVERVALE CRESCENT #08-11,Resale,Strata,90,"8,956",-,Apartment,1,99 yrs from 06/12/1997,2002,HDB,545084,19,54,North East Region,Sengkang
SCOTTS 28,"2,250,000","1,097.93","2,049",11 Mar 2022,28 SCOTTS ROAD #06-02,Resale,Strata,102,"22,059",-,Condominium,1,Freehold,1998,Private,228223,09,22,Central Region,Newton
PARC ESTA,"1,800,000",958,"1,879",11 Mar 2022,912 SIMS AVENUE #11-55,Sub Sale,Strata,89,"20,225",-,Apartment,1,99 yrs from 12/07/2018,Uncompleted,Private,408972,14,40,Central Region,Geylang
THE LINE @ TANJONG RHU,"2,385,708","1,065.64","2,239",11 Mar 2022,6 TANJONG RHU ROAD #08-02,Resale,Strata,99,"24,098",-,Condominium,1,Freehold,2016,Private,436883,15,43,Central Region,Kallang
VARSITY PARK CONDOMINIUM,"1,900,000","1,496.2","1,270",11 Mar 2022,58 WEST COAST ROAD #04-70,Resale,Strata,139,"13,669",-,Condominium,1,99 yrs from 03/05/2004,2008,HDB,126835,05,12,West Region,Clementi
TWIN VEW,"2,400,000","1,517.72","1,581",11 Mar 2022,91 WEST COAST VALE #13-02,Resale,Strata,141,"17,021",-,Apartment,1,99 yrs from 15/05/2017,2021,Private,126755,05,12,West Region,Clementi
FLORAVIEW,"1,500,000","1,237.86","1,212",11 Mar 2022,5 ANG MO KIO STREET 66 #04-23,Resale,Strata,115,"13,043",-,Apartment,1,Freehold,2017,Private,567707,20,56,North East Region,Ang Mo Kio
REGENT HEIGHTS,"1,065,000","1,162.51",916,11 Mar 2022,56 BUKIT BATOK EAST AVENUE 5 #18-03,Resale,Strata,108,"9,861",-,Condominium,1,99 yrs from 07/11/1995,1999,HDB,659804,23,65,West Region,Bukit Batok
BUTTERWORTH VIEW,"1,820,000","1,227.1","1,483",11 Mar 2022,21 BUTTERWORTH LANE #02-02,Resale,Strata,114,"15,965",-,Apartment,1,Freehold,1999,Private,439431,15,43,Central Region,Geylang
FABER CREST,"1,320,000","1,280.92","1,031",11 Mar 2022,50L FABER HEIGHTS #02-78,Resale,Strata,119,"11,092",-,Condominium,1,99 yrs from 12/06/1996,2001,Private,129205,05,12,West Region,Clementi
HEDGES PARK CONDOMINIUM,"868,000",796.54,"1,090",11 Mar 2022,83 FLORA DRIVE #05-37,Resale,Strata,74,"11,730",-,Condominium,1,99 yrs from 28/07/2010,2015,Private,506887,17,50,East Region,Pasir Ris
THE ASTON,"1,110,000",678.13,"1,637",11 Mar 2022,2 KAY POH ROAD #03-06,Resale,Strata,63,"17,619",-,Apartment,1,Freehold,2002,HDB,248973,10,24,Central Region,Tanglin
57 @ KOVAN,"1,560,000","1,356.26","1,150",11 Mar 2022,57 KOVAN ROAD #03-02,Resale,Strata,126,"12,381",-,Apartment,1,Freehold,2012,HDB,548147,19,54,North East Region,Hougang
SILVERSCAPE,"616,000",409.03,"1,506",11 Mar 2022,39 LORONG 32 GEYLANG #06-05,Resale,Strata,38,"16,211",-,Apartment,1,Freehold,2015,HDB,398299,14,39,Central Region,Geylang
GEM RESIDENCES,"795,000",452.09,"1,759",11 Mar 2022,3 LORONG 5 TOA PAYOH #15-13,Sub Sale,Strata,42,"18,929",-,Condominium,1,99 yrs from 21/09/2015,2019,HDB,319459,12,31,Central Region,Toa Payoh
THE CRISTALLO,"730,000",516.67,"1,413",11 Mar 2022,70 LORONG K TELOK KURAU #02-12,Resale,Strata,48,"15,208",-,Apartment,1,Freehold,2015,HDB,425687,15,42,East Region,Bedok
BALLOTA PARK CONDOMINIUM,"850,000",990.29,858,11 Mar 2022,156 MARIAM WAY #07-10,Resale,Strata,92,"9,239",-,Condominium,1,Freehold,2000,Private,507082,17,50,East Region,Pasir Ris
THE MILTONIA RESIDENCES,"1,900,000","2,077.45",915,11 Mar 2022,522 MILTONIA CLOSE #05-10,Resale,Strata,193,"9,845",-,Condominium,1,99 yrs from 30/11/2010,2014,Private,768105,27,76,North Region,Yishun
THE COAST AT SENTOSA COVE,"3,430,000","2,077.45","1,651",11 Mar 2022,278 OCEAN DRIVE #01-17,Resale,Strata,193,"17,772",-,Condominium,1,99 yrs from 11/04/2006,2009,Private,098450,04,09,Central Region,Southern Islands
TANAMERA CREST,"1,050,000","1,173.28",895,11 Mar 2022,8 PARI DEDAP WALK #10-08,Resale,Strata,109,"9,633",-,Condominium,1,99 yrs from 20/06/2000,2004,HDB,486061,16,48,East Region,Bedok
BLISS@KOVAN,"2,418,888","2,357.32","1,026",11 Mar 2022,6B SIMON LANE #05-27,Resale,Strata,219,"11,045",-,Condominium,1,Freehold,2015,HDB,546057,19,54,North East Region,Hougang
QUEENS,"1,360,000",914.94,"1,486",11 Mar 2022,16 STIRLING ROAD #16-18,Resale,Strata,85,"16,000",-,Condominium,1,99 yrs from 16/02/1998,2002,Private,148957,03,14,Central Region,Queenstown
CASA MERAH,"1,200,000",958,"1,253",11 Mar 2022,64 TANAH MERAH KECHIL AVENUE #12-27,Resale,Strata,89,"13,483",-,Apartment,1,99 yrs from 11/07/2006,2009,Private,465531,16,46,East Region,Bedok
THE WATERSIDE,"4,360,000","2,432.66","1,792",11 Mar 2022,1 TANJONG RHU ROAD #22-01,Resale,Strata,226,"19,292",-,Condominium,1,Freehold,1993,Private,436879,15,43,Central Region,Kallang
SEAHILL,"1,380,000","1,087.16","1,269",11 Mar 2022,119 WEST COAST CRESCENT #06-03,Resale,Strata,101,"13,663",-,Condominium,1,99 yrs from 26/09/2011,2016,HDB,126777,05,12,West Region,Clementi
WOODSVILLE 28,"1,230,000",882.65,"1,394",11 Mar 2022,28 WOODSVILLE CLOSE #13-04,Resale,Strata,82,"15,000",-,Apartment,1,99 yrs from 15/10/2007,2011,Private,357776,13,35,Central Region,Toa Payoh
WATERTOWN,"1,650,000","1,108.69","1,488",11 Mar 2022,75 PUNGGOL CENTRAL #09-77,Resale,Strata,103,"16,019",-,Apartment,1,99 yrs from 18/05/2011,2017,HDB,828757,19,82,North East Region,Punggol
ONE SHENTON,"1,100,000",538.2,"2,044",11 Mar 2022,1 SHENTON WAY #37-10,Resale,Strata,50,"22,000",-,Apartment,1,99 yrs from 14/10/2005,2011,Private,068803,01,06,Central Region,Downtown Core
QUEENS PEAK,"862,888",441.32,"1,955",11 Mar 2022,3 DUNDEE ROAD #13-24,Resale,Strata,41,"21,046",-,Condominium,1,99 yrs from 28/09/2015,2020,Private,149457,03,14,Central Region,Queenstown
GUILLEMARD SUITES,"820,000",635.08,"1,291",11 Mar 2022,213 GUILLEMARD ROAD #01-21,Resale,Strata,59,"13,898",-,Apartment,1,Freehold,2017,HDB,399733,14,39,Central Region,Geylang
RIVERFRONT RESIDENCES,"760,000",462.85,"1,642",11 Mar 2022,51 HOUGANG AVENUE 7 #11-62,Sub Sale,Strata,43,"17,674",-,Apartment,1,99 yrs from 31/05/2018,Uncompleted,HDB,533818,19,53,North East Region,Hougang
MARINA ONE RESIDENCES,"1,678,604",731.95,"2,293",11 Mar 2022,23 MARINA WAY #24-31,Resale,Strata,68,"24,685",-,Apartment,1,99 yrs from 01/07/2011,2017,Private,018979,01,01,Central Region,Downtown Core
THE MAKENA,"3,100,000","1,743.77","1,778",11 Mar 2022,125 MEYER ROAD #23-03,Resale,Strata,162,"19,136",-,Condominium,1,Freehold,1998,Private,437936,15,43,Central Region,Marine Parade
Q BAY RESIDENCES,"850,888",796.54,"1,068",11 Mar 2022,3 TAMPINES STREET 86 #02-12,Resale,Strata,74,"11,498",-,Condominium,1,99 yrs from 21/08/2012,2016,HDB,528584,18,52,East Region,Tampines
MANDARIN GARDENS,"1,000,000",731.95,"1,366",11 Mar 2022,5 SIGLAP ROAD #16-39,Resale,Strata,68,"14,706",-,Condominium,1,99 yrs from 08/03/1982,1986,Private,448908,15,44,East Region,Bedok
EASTPOINT GREEN,"1,070,000","1,140.98",938,11 Mar 2022,1 SIMEI STREET 3 #05-21,Resale,Strata,106,"10,094",-,Condominium,1,99 yrs from 24/04/1996,1999,Private,529890,18,52,East Region,Tampines
DOVER PARKVIEW,"1,155,000",968.76,"1,192",11 Mar 2022,30 DOVER RISE #07-06,Resale,Strata,90,"12,833",-,Condominium,1,99 yrs from 01/12/1993,1997,HDB,138687,05,13,Central Region,Queenstown
111 EMERALD HILL,"5,350,000","2,497.25","2,142",11 Mar 2022,111 EMERALD HILL ROAD #03-01,Resale,Strata,232,"23,060",-,Apartment,1,Freehold,2011,HDB,229391,09,22,Central Region,Newton
THE TRILINQ,"1,900,000","1,356.26","1,401",11 Mar 2022,28A JALAN LEMPENG #10-14,Resale,Strata,126,"15,079",-,Condominium,1,99 yrs from 16/04/2012,2017,Private,128808,05,12,West Region,Clementi
THE POIZ RESIDENCES,"748,000",419.8,"1,782",11 Mar 2022,12 MEYAPPA CHETTIAR ROAD #12-48,Resale,Strata,39,"19,179",-,Apartment,1,99 yrs from 17/11/2014,2018,Private,358474,13,35,Central Region,Toa Payoh
N.A.,"988,000",387.5,"2,550",11 Mar 2022,265 OUTRAM ROAD #03-02,Resale,Strata,36,"27,444",-,Apartment,1,Freehold,2019,Private,169059,03,16,Central Region,Bukit Merah
E MAISON,"1,350,000",904.18,"1,493",11 Mar 2022,32 BRADDELL ROAD #02-23,Resale,Strata,84,"16,071",-,Apartment,1,Freehold,2016,HDB,359967,13,35,North East Region,Serangoon
KINGSFORD . HILLVIEW PEAK,"713,888",516.67,"1,382",11 Mar 2022,103 HILLVIEW RISE #04-15,Resale,Strata,48,"14,873",-,Condominium,1,99 yrs from 04/06/2012,2017,HDB,667982,23,66,West Region,Bukit Batok
AMBER PARK,"3,474,000","1,302.44","2,667",12 Mar 2022,16 AMBER GARDENS #19-06,New Sale,Strata,121,"28,711",-,Condominium,1,Freehold,Uncompleted,N.A,439961,15,43,Central Region,Marine Parade
AMBER PARK,"5,554,000","2,142.04","2,593",12 Mar 2022,18 AMBER GARDENS #16-12,New Sale,Strata,199,"27,910",-,Condominium,1,Freehold,Uncompleted,N.A,439980,15,43,Central Region,Marine Parade
FOURTH AVENUE RESIDENCES,"2,548,340",968.76,"2,631",12 Mar 2022,18 FOURTH AVENUE #06-69,New Sale,Strata,90,"28,315",-,Apartment,1,99 yrs from 07/03/2018,Uncompleted,N.A,268679,10,26,Central Region,Bukit Timah
FOURTH AVENUE RESIDENCES,"2,729,760","1,076.4","2,536",12 Mar 2022,8 FOURTH AVENUE #08-23,New Sale,Strata,100,"27,298",-,Apartment,1,99 yrs from 07/03/2018,Uncompleted,N.A,268674,10,26,Central Region,Bukit Timah
THE FLORENCE RESIDENCES,"2,042,000","1,345.5","1,518",12 Mar 2022,83 HOUGANG AVENUE 2 #15-12,New Sale,Strata,125,"16,336",-,Apartment,1,99 yrs from 24/12/2018,Uncompleted,N.A,538860,19,53,North East Region,Hougang
THE FLORENCE RESIDENCES,"1,207,000",667.37,"1,809",12 Mar 2022,83 HOUGANG AVENUE 2 #17-13,New Sale,Strata,62,"19,468",-,Apartment,1,99 yrs from 24/12/2018,Uncompleted,N.A,538860,19,53,North East Region,Hougang
THE FLORENCE RESIDENCES,"1,011,000",602.78,"1,677",12 Mar 2022,91 HOUGANG AVENUE 2 #18-44,New Sale,Strata,56,"18,054",-,Apartment,1,99 yrs from 24/12/2018,Uncompleted,HDB,538864,19,53,North East Region,Hougang
THE FLORENCE RESIDENCES,"1,281,000",667.37,"1,919",12 Mar 2022,91 HOUGANG AVENUE 2 #16-49,New Sale,Strata,62,"20,661",-,Apartment,1,99 yrs from 24/12/2018,Uncompleted,Private,538864,19,53,North East Region,Hougang
ONE PEARL BANK,"1,166,000",430.56,"2,708",12 Mar 2022,1 PEARL BANK #26-14,New Sale,Strata,40,"29,150",-,Apartment,1,99 yrs from 01/03/2019,Uncompleted,HDB,169016,03,16,Central Region,Outram
NORMANTON PARK,"1,018,000",527.44,"1,930",12 Mar 2022,51 NORMANTON PARK #02-35,New Sale,Strata,49,"20,776",-,Apartment,1,99 yrs from 22/07/2019,Uncompleted,N.A,117281,05,11,Central Region,Queenstown
NORMANTON PARK,"1,032,000",527.44,"1,957",12 Mar 2022,57 NORMANTON PARK #12-62,New Sale,Strata,49,"21,061",-,Apartment,1,99 yrs from 22/07/2019,Uncompleted,HDB,117284,05,11,Central Region,Queenstown
AVENUE SOUTH RESIDENCE,"2,228,000",947.23,"2,352",12 Mar 2022,11 SILAT AVENUE #54-36,New Sale,Strata,88,"25,318",-,Apartment,1,99 yrs from 14/08/2018,Uncompleted,N.A,168877,03,16,Central Region,Bukit Merah
MYRA,"1,580,000",667.37,"2,368",12 Mar 2022,9 MEYAPPA CHETTIAR ROAD #11-07,New Sale,Strata,62,"25,484",-,Apartment,1,Freehold,Uncompleted,N.A,358456,13,35,Central Region,Toa Payoh
PENROSE,"2,040,000","1,173.28","1,739",12 Mar 2022,28 SIMS DRIVE #13-24,New Sale,Strata,109,"18,716",-,Apartment,1,99 yrs from 03/07/2019,Uncompleted,HDB,387399,14,38,Central Region,Geylang
CLAVON,"2,640,000","1,689.95","1,562",12 Mar 2022,8 CLEMENTI AVENUE 1 #02-18,New Sale,Strata,157,"16,815",-,Apartment,1,99 yrs from 07/10/2019,Uncompleted,Private,129964,05,12,West Region,Clementi
M SUITES,"1,783,189","1,044.11","1,708",12 Mar 2022,65 LORONG MELAYU #04-02,New Sale,Strata,97,"18,383",-,Apartment,1,Freehold,Uncompleted,N.A,416952,14,41,East Region,Bedok
KI RESIDENCES AT BROOKVALE,"1,723,000",936.47,"1,840",12 Mar 2022,10 BROOKVALE DRIVE #02-18,New Sale,Strata,87,"19,805",-,Condominium,1,999 yrs from 23/03/1885,Uncompleted,N.A,599977,21,59,West Region,Clementi
KI RESIDENCES AT BROOKVALE,"2,385,000","1,173.28","2,033",12 Mar 2022,2 BROOKVALE DRIVE #11-04,New Sale,Strata,109,"21,881",-,Condominium,1,999 yrs from 23/03/1885,Uncompleted,N.A,599973,21,59,West Region,Clementi
KI RESIDENCES AT BROOKVALE,"1,839,000",979.52,"1,877",12 Mar 2022,20 BROOKVALE DRIVE #04-51,New Sale,Strata,91,"20,209",-,Condominium,1,999 yrs from 23/03/1885,Uncompleted,N.A,599982,21,59,West Region,Clementi
PERFECT TEN,"2,436,750",764.24,"3,188",12 Mar 2022,321 BUKIT TIMAH ROAD #07-01,New Sale,Strata,71,"34,320",-,Apartment,1,Freehold,Uncompleted,N.A,259781,10,25,Central Region,Tanglin
THE WATERGARDENS AT CANBERRA,"1,648,000","1,108.69","1,486",12 Mar 2022,39 CANBERRA DRIVE #01-38,New Sale,Strata,103,"16,000",-,Apartment,1,99 yrs from 08/06/2020,Uncompleted,N.A,769311,27,76,North Region,Sembawang
AFFINITY AT SERANGOON,"1,719,692","1,151.75","1,493",13 Mar 2022,24 SERANGOON NORTH AVENUE 1 #05-36,New Sale,Strata,107,"16,072",-,Apartment,1,99 yrs from 18/05/2018,Uncompleted,HDB,554339,19,55,North East Region,Serangoon
AMBER PARK,"3,899,000","1,571.54","2,481",13 Mar 2022,16 AMBER GARDENS #21-07,New Sale,Strata,146,"26,705",-,Condominium,1,Freehold,Uncompleted,N.A,439961,15,43,Central Region,Marine Parade
AMBER PARK,"3,534,000","1,571.54","2,249",13 Mar 2022,18 AMBER GARDENS #04-17,New Sale,Strata,146,"24,205",-,Condominium,1,Freehold,Uncompleted,N.A,439980,15,43,Central Region,Marine Parade
FOURTH AVENUE RESIDENCES,"1,256,000",505.91,"2,483",13 Mar 2022,12 FOURTH AVENUE #05-40,New Sale,Strata,47,"26,723",-,Apartment,1,99 yrs from 07/03/2018,Uncompleted,N.A,268676,10,26,Central Region,Bukit Timah
FYVE DERBYSHIRE,"1,692,650",656.6,"2,578",13 Mar 2022,5 DERBYSHIRE ROAD #15-01,New Sale,Strata,61,"27,748",-,Apartment,1,Freehold,Uncompleted,N.A,309461,11,30,Central Region,Novena
HAUS ON HANDY,"1,218,000",462.85,"2,632",13 Mar 2022,28 HANDY ROAD #03-04,New Sale,Strata,43,"28,326",-,Condominium,1,99 yrs from 07/05/2018,Uncompleted,N.A,229240,09,22,Central Region,Museum
HAUS ON HANDY,"1,239,000",462.85,"2,677",13 Mar 2022,28 HANDY ROAD #08-04,New Sale,Strata,43,"28,814",-,Condominium,1,99 yrs from 07/05/2018,Uncompleted,N.A,229240,09,22,Central Region,Museum
THE FLORENCE RESIDENCES,"1,854,000","1,087.16","1,705",13 Mar 2022,85 HOUGANG AVENUE 2 #17-20,New Sale,Strata,101,"18,356",-,Apartment,1,99 yrs from 24/12/2018,Uncompleted,N.A,538861,19,53,North East Region,Hougang
ROYALGREEN,"2,748,000",979.52,"2,805",13 Mar 2022,6A ANAMALAI AVENUE #02-44,New Sale,Strata,91,"30,198",-,Condominium,1,Freehold,2021,N.A,279995,10,27,Central Region,Bukit Timah
ONE PEARL BANK,"1,176,000",430.56,"2,731",13 Mar 2022,1 PEARL BANK #20-03,New Sale,Strata,40,"29,400",-,Apartment,1,99 yrs from 01/03/2019,Uncompleted,N.A,169016,03,16,Central Region,Outram
ONE PEARL BANK,"1,176,000",430.56,"2,731",13 Mar 2022,1 PEARL BANK #25-13,New Sale,Strata,40,"29,400",-,Apartment,1,99 yrs from 01/03/2019,Uncompleted,N.A,169016,03,16,Central Region,Outram
ONE PEARL BANK,"1,170,000",430.56,"2,717",13 Mar 2022,1 PEARL BANK #28-14,New Sale,Strata,40,"29,250",-,Apartment,1,99 yrs from 01/03/2019,Uncompleted,N.A,169016,03,16,Central Region,Outram
NORMANTON PARK,"2,647,000","1,496.2","1,769",13 Mar 2022,53 NORMANTON PARK #24-42,New Sale,Strata,139,"19,043",-,Apartment,1,99 yrs from 22/07/2019,Uncompleted,N.A,117282,05,11,Central Region,Queenstown
NORMANTON PARK,"1,033,000",527.44,"1,959",13 Mar 2022,57 NORMANTON PARK #13-62,New Sale,Strata,49,"21,082",-,Apartment,1,99 yrs from 22/07/2019,Uncompleted,HDB,117284,05,11,Central Region,Queenstown
NORMANTON PARK,"1,039,000",527.44,"1,970",13 Mar 2022,57 NORMANTON PARK #16-62,New Sale,Strata,49,"21,204",-,Apartment,1,99 yrs from 22/07/2019,Uncompleted,N.A,117284,05,11,Central Region,Queenstown
AVENUE SOUTH RESIDENCE,"1,362,000",527.44,"2,582",13 Mar 2022,13 SILAT AVENUE #50-39,New Sale,Strata,49,"27,796",-,Apartment,1,99 yrs from 14/08/2018,Uncompleted,N.A,168878,03,16,Central Region,Bukit Merah
MYRA,"1,030,000",473.62,"2,175",13 Mar 2022,9 MEYAPPA CHETTIAR ROAD #03-08,New Sale,Strata,44,"23,409",-,Apartment,1,Freehold,Uncompleted,HDB,358456,13,35,Central Region,Toa Payoh
PENROSE,"2,260,000","1,388.56","1,628",13 Mar 2022,22 SIMS DRIVE #02-12,New Sale,Strata,129,"17,519",-,Apartment,1,99 yrs from 03/07/2019,Uncompleted,Private,387396,14,38,Central Region,Geylang
KI RESIDENCES AT BROOKVALE,"2,057,000",979.52,"2,100",13 Mar 2022,12 BROOKVALE DRIVE #11-27,New Sale,Strata,91,"22,604",-,Condominium,1,999 yrs from 23/03/1885,Uncompleted,N.A,599978,21,59,West Region,Clementi
KI RESIDENCES AT BROOKVALE,"2,238,000","1,173.28","1,907",13 Mar 2022,2 BROOKVALE DRIVE #02-04,New Sale,Strata,109,"20,532",-,Condominium,1,999 yrs from 23/03/1885,Uncompleted,N.A,599973,21,59,West Region,Clementi
KI RESIDENCES AT BROOKVALE,"1,945,000",979.52,"1,986",13 Mar 2022,20 BROOKVALE DRIVE #10-46,New Sale,Strata,91,"21,374",-,Condominium,1,999 yrs from 23/03/1885,Uncompleted,N.A,599982,21,59,West Region,Clementi
KI RESIDENCES AT BROOKVALE,"1,757,000",936.47,"1,876",13 Mar 2022,8 BROOKVALE DRIVE #02-14,New Sale,Strata,87,"20,195",-,Condominium,1,999 yrs from 23/03/1885,Uncompleted,N.A,599976,21,59,West Region,Clementi
THE COMMODORE,"1,523,000","1,151.75","1,322",13 Mar 2022,61 CANBERRA DRIVE #05-11,New Sale,Strata,107,"14,234",-,Condominium,1,99 yrs from 08/06/2020,Uncompleted,HDB,769305,27,76,North Region,Sembawang
THE WATERGARDENS AT CANBERRA,"1,059,000",678.13,"1,562",13 Mar 2022,29 CANBERRA DRIVE #01-11,New Sale,Strata,63,"16,810",-,Apartment,1,99 yrs from 08/06/2020,Uncompleted,HDB,769990,27,76,North Region,Sembawang
D'NEST,"1,680,000","1,410.08","1,191",13 Mar 2022,145 PASIR RIS GROVE #07-67,Resale,Strata,131,"12,824",-,Condominium,1,99 yrs from 20/10/2010,2017,Private,518137,18,51,East Region,Pasir Ris
OKIO,"888,000",592.02,"1,500",14 Mar 2022,262 BALESTIER ROAD #08-03,Resale,Strata,55,"16,145",-,Apartment,1,Freehold,2015,HDB,329714,12,32,Central Region,Novena
CANBERRA RESIDENCES,"680,000",613.55,"1,108",14 Mar 2022,517 CANBERRA DRIVE #04-42,Resale,Strata,57,"11,930",-,Condominium,1,99 yrs from 08/09/2010,2013,HDB,768132,27,76,North Region,Sembawang
YISHUN SAPPHIRE,"1,275,000","1,431.61",891,14 Mar 2022,54 CANBERRA DRIVE #05-28,Resale,Strata,133,"9,586",-,Condominium,1,99 yrs from 16/02/1998,2001,Private,768440,27,76,North Region,Yishun
COMMONWEALTH TOWERS,"2,090,000","1,076.4","1,942",14 Mar 2022,230 COMMONWEALTH AVENUE #23-04,Resale,Strata,100,"20,900",-,Condominium,1,99 yrs from 07/05/2013,2017,HDB,149739,03,14,Central Region,Queenstown
COMMONWEALTH TOWERS,"930,000",473.62,"1,964",14 Mar 2022,232 COMMONWEALTH AVENUE #30-12,Resale,Strata,44,"21,136",-,Condominium,1,99 yrs from 07/05/2013,2017,HDB,149740,03,14,Central Region,Queenstown
COMMONWEALTH TOWERS,"1,565,000",796.54,"1,965",14 Mar 2022,232 COMMONWEALTH AVENUE #37-14,Resale,Strata,74,"21,149",-,Condominium,1,99 yrs from 07/05/2013,2017,Private,149740,03,14,Central Region,Queenstown
QUEENS PEAK,"1,500,000",807.3,"1,858",14 Mar 2022,1 DUNDEE ROAD #18-07,Resale,Strata,75,"20,000",-,Condominium,1,99 yrs from 28/09/2015,2020,Private,149456,03,14,Central Region,Queenstown
RIVERTREES RESIDENCES,"1,722,800","1,270.15","1,356",14 Mar 2022,29 FERNVALE CLOSE #20-22,Resale,Strata,118,"14,600",-,Apartment,1,99 yrs from 28/08/2013,2017,Private,797464,28,79,North East Region,Sengkang
AZALEA PARK CONDOMINIUM,"1,250,000","1,313.21",952,14 Mar 2022,12 FLORA ROAD #06-01,Resale,Strata,122,"10,246",-,Condominium,1,999 yrs from 12/10/1885,1996,HDB,509730,17,50,East Region,Pasir Ris
EVERGREEN PARK,"1,150,000","1,367.03",841,14 Mar 2022,31 HOUGANG AVENUE 7 #09-02,Resale,Strata,127,"9,055",-,Apartment,1,99 yrs from 01/10/1995,1999,HDB,538800,19,53,North East Region,Hougang
THE NAVIAN,"1,450,000",904.18,"1,604",14 Mar 2022,178 JALAN EUNOS #03-01,Resale,Strata,84,"17,262",-,Apartment,1,Freehold,2019,HDB,419530,14,41,East Region,Bedok
THE HILLFORD,"631,000",505.91,"1,247",14 Mar 2022,170 JALAN JURONG KECHIL #04-03,Resale,Strata,47,"13,426",-,Apartment,1,60 yrs from 19/02/2013,2016,HDB,596181,21,59,Central Region,Bukit Timah
RESIDENCES @ KILLINEY,"2,320,000","1,054.87","2,199",14 Mar 2022,147 KILLINEY ROAD #07-04,Resale,Strata,98,"23,673",-,Apartment,1,Freehold,2012,Private,239566,09,23,Central Region,River Valley
CRADELS,"678,000",441.32,"1,536",14 Mar 2022,10 LORONG LIMAU #08-03,Resale,Strata,41,"16,537",-,Apartment,1,Freehold,2015,Private,328754,12,32,Central Region,Novena
THE NCLAVE,"1,710,000","1,517.72","1,127",14 Mar 2022,81 LORONG N TELOK KURAU #02-01,Resale,Strata,141,"12,128",-,Apartment,1,Freehold,2007,Private,425231,15,42,East Region,Bedok
BEACON HEIGHTS,"1,220,000",893.41,"1,366",14 Mar 2022,8 MAR THOMA ROAD #23-04,Resale,Strata,83,"14,699",-,Condominium,1,999 yrs from 02/06/1882,2012,HDB,328689,12,32,Central Region,Kallang
BALLOTA PARK CONDOMINIUM,"850,000",990.29,858,14 Mar 2022,156 MARIAM WAY #07-05,Resale,Strata,92,"9,239",-,Condominium,1,Freehold,2000,Private,507082,17,50,East Region,Pasir Ris
SILVERSEA,"2,780,000","1,571.54","1,769",14 Mar 2022,50 MARINE PARADE ROAD #08-16,Resale,Strata,146,"19,041",-,Condominium,1,99 yrs from 20/07/2007,2014,Private,449307,15,44,Central Region,Marine Parade
NEWTON 18,"1,870,000",925.7,"2,020",14 Mar 2022,18 NEWTON ROAD #27-02,Resale,Strata,86,"21,744",-,Apartment,1,Freehold,2002,Private,307989,11,30,Central Region,Novena
PARK PLACE RESIDENCES AT PLQ,"1,475,000",667.37,"2,210",14 Mar 2022,8 PAYA LEBAR ROAD #14-28,Sub Sale,Strata,62,"23,790",-,Apartment,1,99 yrs from 29/06/2015,2019,Private,409056,14,40,Central Region,Geylang
COSTA RHU,"2,850,000","2,055.92","1,386",14 Mar 2022,1 RHU CROSS #12-06,Resale,Strata,191,"14,921",-,Condominium,1,99 yrs from 30/05/1994,1997,Private,437431,15,43,Central Region,Kallang
SHELFORD SUITES,"2,400,000","1,291.68","1,858",14 Mar 2022,16 SHELFORD ROAD #02-09,Resale,Strata,120,"20,000",-,Condominium,1,Freehold,2011,Private,288383,11,28,Central Region,Bukit Timah
DOUBLE BAY RESIDENCES,"1,068,800",936.47,"1,141",14 Mar 2022,17 SIMEI STREET 4 #09-04,Resale,Strata,87,"12,285",-,Condominium,1,99 yrs from 07/04/2008,2012,HDB,529881,18,52,East Region,Tampines
SIMS URBAN OASIS,"1,070,000",667.37,"1,603",14 Mar 2022,10 SIMS DRIVE #10-43,Resale,Strata,62,"17,258",-,Condominium,1,99 yrs from 29/07/2014,2017,HDB,387390,14,38,Central Region,Geylang
SIMS URBAN OASIS,"1,468,800",958,"1,533",14 Mar 2022,10 SIMS DRIVE #11-32,Resale,Strata,89,"16,503",-,Condominium,1,99 yrs from 29/07/2014,2017,HDB,387390,14,38,Central Region,Geylang
SOLEIL @ SINARAN,"3,408,000","1,722.24","1,979",14 Mar 2022,2 SINARAN DRIVE #26-05,Resale,Strata,160,"21,300",-,Condominium,1,99 yrs from 23/10/2006,2011,Private,307467,11,30,Central Region,Novena
SPOTTISWOODE 18,"850,000",387.5,"2,194",14 Mar 2022,18 SPOTTISWOODE PARK ROAD #12-02,Resale,Strata,36,"23,611",-,Apartment,1,Freehold,2014,HDB,088642,02,08,Central Region,Bukit Merah
Q BAY RESIDENCES,"670,000",516.67,"1,297",14 Mar 2022,1 TAMPINES STREET 86 #08-02,Resale,Strata,48,"13,958",-,Condominium,1,99 yrs from 21/08/2012,2016,Private,528583,18,52,East Region,Tampines
THE ALPS RESIDENCES,"1,460,000","1,065.64","1,370",14 Mar 2022,117 TAMPINES STREET 86 #12-46,Sub Sale,Strata,99,"14,747",-,Condominium,1,99 yrs from 03/08/2015,2019,Private,528538,18,52,East Region,Tampines
EAST MEADOWS,"1,210,000","1,194.8","1,013",14 Mar 2022,32 TANAH MERAH KECHIL ROAD #06-22,Resale,Strata,111,"10,901",-,Condominium,1,99 yrs from 02/03/1998,2002,HDB,465559,16,46,East Region,Bedok
BENG TONG MANSION,"2,320,000","1,151.75","2,014",14 Mar 2022,241A TANJONG KATONG ROAD,Resale,Strata,107,"21,682",-,Apartment,1,Freehold,-,Private,437029,15,43,Central Region,Marine Parade
SUNHAVEN,"1,400,000","1,280.92","1,093",14 Mar 2022,781 UPPER CHANGI ROAD EAST #02-10,Resale,Strata,119,"11,765",-,Condominium,1,Freehold,2002,Private,486069,16,48,East Region,Tampines
THE VUE,"620,000",419.8,"1,477",14 Mar 2022,355 UPPER PAYA LEBAR ROAD #05-01,Resale,Strata,39,"15,897",-,Apartment,1,Freehold,2013,Private,534958,19,53,North East Region,Serangoon
NORTH PARK RESIDENCES,"1,370,000",828.83,"1,653",14 Mar 2022,33 YISHUN CENTRAL 1 #05-69,Resale,Strata,77,"17,792",-,Apartment,1,99 yrs from 19/03/2015,2018,HDB,768806,27,76,North Region,Yishun
THE WOODLEIGH RESIDENCES,"2,100,000",958,"2,192",14 Mar 2022,31 BIDADARI PARK DRIVE #03-57,New Sale,Strata,89,"23,596",-,Apartment,1,99 yrs from 18/09/2017,Uncompleted,N.A,367800,13,36,Central Region,Toa Payoh
AFFINITY AT SERANGOON,"2,403,575","1,711.48","1,404",14 Mar 2022,22 SERANGOON NORTH AVENUE 1 #14-25,New Sale,Strata,159,"15,117",-,Apartment,1,99 yrs from 18/05/2018,Uncompleted,N.A,554338,19,55,North East Region,Serangoon
AMBER PARK,"3,525,000","1,571.54","2,243",14 Mar 2022,18 AMBER GARDENS #03-17,New Sale,Strata,146,"24,144",-,Condominium,1,Freehold,Uncompleted,N.A,439980,15,43,Central Region,Marine Parade
AMBER PARK,"3,202,000","1,302.44","2,458",14 Mar 2022,18A AMBER GARDENS #04-26,New Sale,Strata,121,"26,463",-,Condominium,1,Freehold,Uncompleted,N.A,439981,15,43,Central Region,Marine Parade
35 GILSTEAD,"2,478,000",925.7,"2,677",14 Mar 2022,35 GILSTEAD ROAD #03-05,New Sale,Strata,86,"28,814",-,Apartment,1,Freehold,Uncompleted,N.A,309079,11,30,Central Region,Novena
THE FLORENCE RESIDENCES,"1,516,000",893.41,"1,697",14 Mar 2022,89 HOUGANG AVENUE 2 #04-42,New Sale,Strata,83,"18,265",-,Apartment,1,99 yrs from 24/12/2018,Uncompleted,N.A,538863,19,53,North East Region,Hougang
ROYALGREEN,"2,769,000",979.52,"2,827",14 Mar 2022,6A ANAMALAI AVENUE #02-49,New Sale,Strata,91,"30,429",-,Condominium,1,Freehold,2021,N.A,279995,10,27,Central Region,Bukit Timah
ONE PEARL BANK,"1,172,000",430.56,"2,722",14 Mar 2022,1 PEARL BANK #23-13,New Sale,Strata,40,"29,300",-,Apartment,1,99 yrs from 01/03/2019,Uncompleted,N.A,169016,03,16,Central Region,Outram
NORMANTON PARK,"1,637,000",850.36,"1,925",14 Mar 2022,57 NORMANTON PARK #10-60,New Sale,Strata,79,"20,722",-,Apartment,1,99 yrs from 22/07/2019,Uncompleted,N.A,117284,05,11,Central Region,Queenstown
VERTICUS,"1,889,000",936.47,"2,017",14 Mar 2022,3 JALAN KEMAMAN #18-05,New Sale,Strata,87,"21,713",-,Apartment,1,Freehold,Uncompleted,N.A,329343,12,32,Central Region,Novena
VERDALE,"2,664,100","1,410.08","1,889",14 Mar 2022,2 DE SOUZA AVENUE #01-03,New Sale,Strata,131,"20,337",-,Apartment,1,99 yrs from 05/12/2018,Uncompleted,N.A,599458,21,59,Central Region,Bukit Timah
MYRA,"1,521,800",731.95,"2,079",14 Mar 2022,9 MEYAPPA CHETTIAR ROAD #06-02,New Sale,Strata,68,"22,379",-,Apartment,1,Freehold,Uncompleted,N.A,358456,13,35,Central Region,Toa Payoh
DAIRY FARM RESIDENCES,"1,715,700","1,011.82","1,696",14 Mar 2022,6 DAIRY FARM LANE #01-05,New Sale,Strata,94,"18,252",-,Apartment,1,99 yrs from 05/12/2018,Uncompleted,N.A,677623,23,67,West Region,Bukit Panjang
FORETT AT BUKIT TIMAH,"1,538,000",688.9,"2,233",14 Mar 2022,34A TOH TUCK ROAD #08-41,New Sale,Strata,64,"24,031",-,Apartment,1,Freehold,Uncompleted,N.A,596112,21,59,Central Region,Bukit Timah
THE LANDMARK,"1,188,000",516.67,"2,299",14 Mar 2022,173 CHIN SWEE ROAD #16-03,New Sale,Strata,48,"24,750",-,Condominium,1,99 yrs from 28/08/2020,Uncompleted,N.A,169878,03,16,Central Region,Outram
THE AVENIR,"3,381,000","1,140.98","2,963",14 Mar 2022,8 RIVER VALLEY CLOSE #09-06,New Sale,Strata,106,"31,896",-,Condominium,1,Freehold,Uncompleted,Private,238432,09,23,Central Region,River Valley
PHOENIX RESIDENCES,"1,310,719",861.12,"1,522",14 Mar 2022,85 PHOENIX AVENUE #01-12,New Sale,Strata,80,"16,384",-,Apartment,1,99 yrs from 05/11/2019,Uncompleted,N.A,668385,23,66,West Region,Bukit Batok
PENROSE,"2,436,000","1,399.32","1,741",14 Mar 2022,28 SIMS DRIVE #13-27,New Sale,Strata,130,"18,738",-,Apartment,1,99 yrs from 03/07/2019,Uncompleted,N.A,387399,14,38,Central Region,Geylang
KI RESIDENCES AT BROOKVALE,"1,953,000",979.52,"1,994",14 Mar 2022,18 BROOKVALE DRIVE #11-43,New Sale,Strata,91,"21,462",-,Condominium,1,999 yrs from 23/03/1885,Uncompleted,HDB,599981,21,59,West Region,Clementi
KI RESIDENCES AT BROOKVALE,"2,018,000",979.52,"2,060",14 Mar 2022,6 BROOKVALE DRIVE #07-11,New Sale,Strata,91,"22,176",-,Condominium,1,999 yrs from 23/03/1885,Uncompleted,N.A,599975,21,59,West Region,Clementi
KI RESIDENCES AT BROOKVALE,"1,983,000",979.52,"2,024",14 Mar 2022,6 BROOKVALE DRIVE #05-11,New Sale,Strata,91,"21,791",-,Condominium,1,999 yrs from 23/03/1885,Uncompleted,N.A,599975,21,59,West Region,Clementi
WATERTOWN,"845,000",581.26,"1,454",14 Mar 2022,71 PUNGGOL CENTRAL #04-38,Resale,Strata,54,"15,648",-,Apartment,1,99 yrs from 18/05/2011,2017,HDB,828755,19,82,North East Region,Punggol
CONCOURSE SKYLINE,"2,080,000","1,087.16","1,913",14 Mar 2022,296 BEACH ROAD #26-08,Resale,Strata,101,"20,594",-,Apartment,1,99 yrs from 13/03/2008,2014,HDB,199599,07,19,Central Region,Downtown Core
EIGHT RIVERSUITES,"1,139,998",699.66,"1,629",14 Mar 2022,10 WHAMPOA EAST #24-29,Resale,Strata,65,"17,538",-,Condominium,1,99 yrs from 11/07/2011,2016,HDB,338521,12,33,Central Region,Kallang
ASTON MANSIONS,"1,238,000","1,302.44",951,14 Mar 2022,3 LORONG 42 GEYLANG #04-12,Resale,Strata,121,"10,231",-,Apartment,1,99 yrs from 13/02/1995,1998,HDB,398026,14,39,Central Region,Geylang
LE MERRITT,"1,538,000",990.29,"1,553",14 Mar 2022,64 LORONG M TELOK KURAU #05-03,Resale,Strata,92,"16,717",-,Apartment,1,Freehold,2007,HDB,425365,15,42,East Region,Bedok
BALLOTA PARK CONDOMINIUM,"1,288,800","1,453.14",887,14 Mar 2022,164 MARIAM WAY #02-02,Resale,Strata,135,"9,547",-,Condominium,1,Freehold,2000,Private,507086,17,50,East Region,Pasir Ris
BARTLEY RIDGE,"737,000",441.32,"1,670",14 Mar 2022,44 MOUNT VERNON ROAD #18-39,Resale,Strata,41,"17,976",-,Condominium,1,99 yrs from 16/04/2012,2016,HDB,368062,13,36,Central Region,Toa Payoh
THE CITRON RESIDENCES,"1,490,000",914.94,"1,629",14 Mar 2022,1 MARNE ROAD #03-03,Resale,Strata,85,"17,529",-,Apartment,1,Freehold,2017,Private,208380,08,20,Central Region,Kallang
SKIES MILTONIA,"1,000,000",968.76,"1,032",14 Mar 2022,29 MILTONIA CLOSE #03-19,Resale,Strata,90,"11,111",-,Condominium,1,99 yrs from 20/02/2012,2016,HDB,768062,27,76,North Region,Yishun
THE MILTONIA RESIDENCES,"955,000",936.47,"1,020",14 Mar 2022,556 MILTONIA CLOSE #01-82,Resale,Strata,87,"10,977",-,Condominium,1,99 yrs from 30/11/2010,2014,HDB,768122,27,76,North Region,Yishun
THE BAYSHORE,"1,030,000",947.23,"1,087",14 Mar 2022,34 BAYSHORE ROAD #04-08,Resale,Strata,88,"11,705",-,Condominium,1,99 yrs from 31/05/1993,1997,Private,469976,16,46,East Region,Bedok
PALM GARDENS,"960,000","1,205.57",796,14 Mar 2022,2C HONG SAN WALK #12-01,Resale,Strata,112,"8,571",-,Condominium,1,99 yrs from 12/08/1996,2000,HDB,689049,23,68,West Region,Choa Chu Kang
LANDBAY CONDOMINIUM,"1,700,000","1,184.04","1,436",14 Mar 2022,3 JALAN HAJIJAH #01-04,Resale,Strata,110,"15,455",-,Condominium,1,Freehold,1996,Private,468698,16,46,East Region,Bedok
LEEDON RESIDENCE,"2,680,000","1,044.11","2,567",14 Mar 2022,22 LEEDON HEIGHTS #05-29,Resale,Strata,97,"27,629",-,Condominium,1,Freehold,2015,Private,266219,10,26,Central Region,Bukit Timah
LA FIESTA,"1,210,000",893.41,"1,354",14 Mar 2022,52 SENGKANG SQUARE #12-08,Resale,Strata,83,"14,578",-,Condominium,1,99 yrs from 03/09/2012,2016,HDB,544831,19,54,North East Region,Sengkang
MARINA ONE RESIDENCES,"3,098,180","1,162.51","2,665",14 Mar 2022,23 MARINA WAY #31-34,Resale,Strata,108,"28,687",-,Apartment,1,99 yrs from 01/07/2011,2017,Private,018979,01,01,Central Region,Downtown Core
PRINCIPAL GARDEN,"900,000",495.14,"1,818",14 Mar 2022,95 PRINCE CHARLES CRESCENT #21-12,Resale,Strata,46,"19,565",-,Condominium,1,99 yrs from 21/07/2014,2018,Private,159027,03,15,Central Region,Bukit Merah
1919,"1,575,000",785.77,"2,004",14 Mar 2022,110 SOPHIA ROAD #02-02,Resale,Strata,73,"21,575",-,Apartment,1,Freehold,2015,Private,228175,09,22,Central Region,Rochor
SPACE @ KOVAN,"865,000",635.08,"1,362",14 Mar 2022,11 YIO CHU KANG ROAD #04-23,Resale,Strata,59,"14,661",-,Apartment,1,Freehold,2015,Private,545679,19,54,North East Region,Serangoon
COSTA DEL SOL,"1,900,000","1,313.21","1,447",14 Mar 2022,68 BAYSHORE ROAD #05-02,Resale,Strata,122,"15,574",-,Condominium,1,99 yrs from 05/05/1997,2003,Private,469986,16,46,East Region,Bedok
COSTA DEL SOL,"2,211,111","1,313.21","1,684",15 Mar 2022,70 BAYSHORE ROAD #18-08,Resale,Strata,122,"18,124",-,Condominium,1,99 yrs from 05/05/1997,2004,Private,469987,16,46,East Region,Bedok
BEDOK RESIDENCES,"2,180,000","1,506.96","1,447",15 Mar 2022,20 BEDOK NORTH DRIVE #05-14,Resale,Strata,140,"15,571",-,Apartment,1,99 yrs from 21/11/2011,2015,Private,465496,16,46,East Region,Bedok
THE GLADES,"718,000",473.62,"1,516",15 Mar 2022,18 BEDOK RISE #07-56,Resale,Strata,44,"16,318",-,Condominium,1,99 yrs from 21/01/2013,2016,HDB,465410,16,46,East Region,Bedok
CARDIFF RESIDENCE,"1,520,000","1,550.02",981,15 Mar 2022,101 CARDIFF GROVE #05-17,Resale,Strata,144,"10,556",-,Condominium,1,99 yrs from 04/11/2011,2014,HDB,558961,19,55,North East Region,Serangoon
THE CLEMENT CANOPY,"1,810,000","1,140.98","1,586",15 Mar 2022,16 CLEMENTI AVENUE 1 #14-06,Resale,Strata,106,"17,075",-,Apartment,1,99 yrs from 09/03/2016,2019,Private,129960,05,12,West Region,Clementi
JEWEL @ BUANGKOK,"738,000",495.14,"1,490",15 Mar 2022,89 COMPASSVALE BOW #02-35,Resale,Strata,46,"16,043",-,Condominium,1,99 yrs from 12/09/2012,2016,HDB,544687,19,54,North East Region,Sengkang
TURQUOISE,"3,254,850","2,411.14","1,350",15 Mar 2022,51 COVE DRIVE #02-01,Resale,Strata,224,"14,531",-,Condominium,1,99 yrs from 12/03/2007,2010,HDB,098393,04,09,Central Region,Southern Islands
FABER CREST,"1,420,000","1,248.62","1,137",15 Mar 2022,50D FABER HEIGHTS #04-19,Resale,Strata,116,"12,241",-,Condominium,1,99 yrs from 12/06/1996,2001,Private,129198,05,12,West Region,Clementi
CARISSA PARK CONDOMINIUM,"1,425,888","1,302.44","1,095",15 Mar 2022,2 FLORA DRIVE #08-48,Resale,Strata,121,"11,784",-,Condominium,1,Freehold,2001,HDB,507025,17,50,East Region,Pasir Ris
J GATEWAY,"1,112,000",602.78,"1,845",15 Mar 2022,2 GATEWAY DRIVE #12-15,Resale,Strata,56,"19,857",-,Condominium,1,99 yrs from 28/08/2012,2016,Private,608533,22,60,West Region,Jurong East
KOVAN MELODY,"1,128,000",904.18,"1,248",15 Mar 2022,29 KOVAN ROAD #04-32,Resale,Strata,84,"13,429",-,Condominium,1,99 yrs from 20/01/2004,2006,Private,545022,19,54,North East Region,Hougang
THE PEARL @ MOUNT FABER,"1,580,000","1,173.28","1,347",15 Mar 2022,1 MOUNT FABER ROAD #10-02,Resale,Strata,109,"14,495",-,Condominium,1,99 yrs from 03/12/2002,2005,Private,099206,04,09,Central Region,Bukit Merah
REGENCY PARK,"4,180,000","2,249.68","1,858",15 Mar 2022,3 NATHAN ROAD #01-03,Resale,Strata,209,"20,000",-,Condominium,1,Freehold,1987,Private,248726,10,24,Central Region,Tanglin
L'VIV,"1,295,000",613.55,"2,111",15 Mar 2022,23 NEWTON ROAD #17-01,Resale,Strata,57,"22,719",-,Apartment,1,Freehold,2013,Private,307955,11,30,Central Region,Novena
WATERTOWN,"822,000",527.44,"1,558",15 Mar 2022,69 PUNGGOL CENTRAL #13-24,Resale,Strata,49,"16,776",-,Apartment,1,99 yrs from 18/05/2011,2017,HDB,828754,19,82,North East Region,Punggol
28 RC SUITES,"1,028,000",807.3,"1,273",15 Mar 2022,28 RACE COURSE LANE #06-02,Resale,Strata,75,"13,707",-,Apartment,1,Freehold,2016,Private,218746,08,21,Central Region,Rochor
THE CAPRI,"1,900,000","1,539.25","1,234",15 Mar 2022,78 STEVENS ROAD #04-04,Resale,Strata,143,"13,287",-,Apartment,1,Freehold,1998,Private,257864,10,25,Central Region,Tanglin
KINGSFORD WATERBAY,"790,000",688.9,"1,147",15 Mar 2022,66 UPPER SERANGOON VIEW #16-09,Resale,Strata,64,"12,344",-,Apartment,1,99 yrs from 03/03/2014,2018,HDB,533885,19,53,North East Region,Hougang
EIGHT RIVERSUITES,"1,050,000",699.66,"1,501",15 Mar 2022,8 WHAMPOA EAST #03-17,Resale,Strata,65,"16,154",-,Condominium,1,99 yrs from 11/07/2011,2016,Private,338520,12,33,Central Region,Kallang
AFFINITY AT SERANGOON,"2,271,250","1,453.14","1,563",15 Mar 2022,20 SERANGOON NORTH AVENUE 1 #01-15,New Sale,Strata,135,"16,824",-,Apartment,1,99 yrs from 18/05/2018,Uncompleted,N.A,554337,19,55,North East Region,Serangoon
AFFINITY AT SERANGOON,"1,538,000",893.41,"1,721",15 Mar 2022,30 SERANGOON NORTH AVENUE 1 #01-70,New Sale,Strata,83,"18,530",-,Apartment,1,99 yrs from 18/05/2018,Uncompleted,N.A,554342,19,55,North East Region,Serangoon
AMBER PARK,"5,213,000","2,142.04","2,434",15 Mar 2022,18A AMBER GARDENS #14-22,New Sale,Strata,199,"26,196",-,Condominium,1,Freehold,Uncompleted,N.A,439981,15,43,Central Region,Marine Parade
UPTOWN @ FARRER,"1,975,000","1,291.68","1,529",15 Mar 2022,2 PERUMAL ROAD #04-06,New Sale,Strata,120,"16,458",-,Apartment,1,99 yrs from 17/04/2017,2021,N.A,218773,08,21,Central Region,Kallang
HAUS ON HANDY,"1,404,000",516.67,"2,717",15 Mar 2022,28 HANDY ROAD #11-06,New Sale,Strata,48,"29,250",-,Condominium,1,99 yrs from 07/05/2018,Uncompleted,N.A,229240,09,22,Central Region,Museum
THE FLORENCE RESIDENCES,"1,872,000",990.29,"1,890",15 Mar 2022,87 HOUGANG AVENUE 2 #14-30,New Sale,Strata,92,"20,348",-,Apartment,1,99 yrs from 24/12/2018,Uncompleted,Private,538862,19,53,North East Region,Hougang
THE FLORENCE RESIDENCES,"2,565,000","1,668.42","1,537",15 Mar 2022,97 HOUGANG AVENUE 2 #09-75,New Sale,Strata,155,"16,548",-,Apartment,1,99 yrs from 24/12/2018,Uncompleted,N.A,533753,19,53,North East Region,Hougang
VAN HOLLAND,"5,537,280","1,991.34","2,781",15 Mar 2022,190 HOLLAND ROAD #04-15,New Sale,Strata,185,"29,931",-,Condominium,1,Freehold,Uncompleted,N.A,278585,10,27,Central Region,Bukit Timah
NORMANTON PARK,"1,041,000",527.44,"1,974",15 Mar 2022,57 NORMANTON PARK #17-62,New Sale,Strata,49,"21,245",-,Apartment,1,99 yrs from 22/07/2019,Uncompleted,N.A,117284,05,11,Central Region,Queenstown
15 HOLLAND HILL,"6,424,310","2,045.16","3,141",15 Mar 2022,15 HOLLAND HILL #10-01,New Sale,Strata,190,"33,812",-,Apartment,1,Freehold,Uncompleted,N.A,278735,10,27,Central Region,Bukit Timah
URBAN TREASURES,"1,763,270",882.65,"1,998",15 Mar 2022,207 JALAN EUNOS #09-15,New Sale,Strata,82,"21,503",-,Condominium,1,Freehold,Uncompleted,N.A,415799,14,41,East Region,Bedok
PULLMAN RESIDENCES NEWTON,"2,079,000",667.37,"3,115",15 Mar 2022,18 DUNEARN ROAD #20-10,New Sale,Strata,62,"33,532",-,Apartment,1,Freehold,Uncompleted,N.A,309421,11,30,Central Region,Novena
FORETT AT BUKIT TIMAH,"2,725,000","1,302.44","2,092",15 Mar 2022,38 TOH TUCK ROAD #02-78,New Sale,Strata,121,"22,521",-,Apartment,1,Freehold,Uncompleted,Private,596716,21,59,Central Region,Bukit Timah
THE LANDMARK,"2,425,000","1,140.98","2,125",15 Mar 2022,173 CHIN SWEE ROAD #03-07,New Sale,Strata,106,"22,877",-,Condominium,1,99 yrs from 28/08/2020,Uncompleted,N.A,169878,03,16,Central Region,Outram
THE AVENIR,"1,557,000",527.44,"2,952",15 Mar 2022,8 RIVER VALLEY CLOSE #10-02,New Sale,Strata,49,"31,776",-,Condominium,1,Freehold,Uncompleted,N.A,238432,09,23,Central Region,River Valley
THE AVENIR,"1,631,000",538.2,"3,030",15 Mar 2022,8 RIVER VALLEY CLOSE #11-07,New Sale,Strata,50,"32,620",-,Condominium,1,Freehold,Uncompleted,Private,238432,09,23,Central Region,River Valley
ROYAL HALLMARK,"3,690,000","2,077.45","1,776",15 Mar 2022,1 HAIG LANE #05-01,New Sale,Strata,193,"19,119",-,Apartment,1,Freehold,Uncompleted,N.A,438803,15,43,Central Region,Marine Parade
3 ORCHARD BY-THE-PARK,"6,800,000","1,862.17","3,652",15 Mar 2022,3 ORCHARD BOULEVARD #24-02,Resale,Strata,173,"39,306",-,Condominium,1,Freehold,2017,Private,248653,10,24,Central Region,Orchard
THE MARQ ON PATERSON HILL,"13,600,000","3,089.27","4,402",15 Mar 2022,8A PATERSON HILL #04-03,Resale,Strata,287,"47,387",-,Condominium,1,Freehold,2011,Private,238568,09,23,Central Region,River Valley
FLO RESIDENCE,"840,000",861.12,975,15 Mar 2022,13 PUNGGOL FIELD WALK #05-28,Resale,Strata,80,"10,500",-,Condominium,1,99 yrs from 05/12/2011,2016,Private,828745,19,82,North East Region,Punggol
PARC ROSEWOOD,"585,000",430.56,"1,359",15 Mar 2022,71 ROSEWOOD DRIVE #04-05,Resale,Strata,40,"14,625",-,Condominium,1,99 yrs from 07/09/2011,2014,HDB,737783,25,73,North Region,Woodlands
AMARANDA GARDENS,"1,900,188","1,162.51","1,635",15 Mar 2022,118 SERANGOON AVENUE 3 #04-11,Resale,Strata,108,"17,594",-,Condominium,1,Freehold,2004,Private,554773,19,55,North East Region,Serangoon
SERAYA VILLE,"1,750,000","1,345.5","1,301",15 Mar 2022,19 SERAYA LANE,Resale,Strata,125,"14,000",-,Apartment,1,Freehold,1991,Private,437286,15,43,Central Region,Marine Parade
MELVILLE PARK,"750,000",936.47,801,15 Mar 2022,16 SIMEI STREET 1 #06-02,Resale,Strata,87,"8,621",-,Condominium,1,99 yrs from 01/09/1992,1996,HDB,529942,18,52,East Region,Tampines
THE SPINNAKER,"2,230,000","1,270.15","1,756",15 Mar 2022,13 SUFFOLK ROAD #13-01,Resale,Strata,118,"18,898",-,Apartment,1,Freehold,1999,Private,307788,11,30,Central Region,Novena
THE PLAZA,"900,000",764.24,"1,178",15 Mar 2022,7500A BEACH ROAD #27-315,Resale,Strata,71,"12,676",-,Apartment,1,99 yrs from 03/09/1968,1979,Private,199591,07,19,Central Region,Downtown Core
CHANGI GREEN,"1,150,000","1,001.05","1,149",15 Mar 2022,718 UPPER CHANGI ROAD EAST #04-11,Resale,Strata,93,"12,366",-,Condominium,1,Freehold,1998,Private,486849,16,48,East Region,Tampines
YIKAI COURT,"1,300,000","1,237.86","1,050",15 Mar 2022,371 UPPER PAYA LEBAR ROAD #03-04,Resale,Strata,115,"11,304",-,Apartment,1,Freehold,1993,Private,534969,19,53,North East Region,Serangoon
THE PEAK @ CAIRNHILL II,"1,705,200",904.18,"1,886",15 Mar 2022,61 CAIRNHILL CIRCLE #10-03,Resale,Strata,84,"20,300",-,Apartment,1,Freehold,2015,Private,229789,09,22,Central Region,Newton
ELIAS GREEN,"1,250,000","1,517.72",824,15 Mar 2022,15 ELIAS GREEN #01-02,Resale,Strata,141,"8,865",-,Condominium,1,99 yrs from 23/07/1991,1994,Private,519966,18,51,East Region,Pasir Ris
THE INFLORA,"590,000",462.85,"1,275",15 Mar 2022,53 FLORA DRIVE #08-12,Resale,Strata,43,"13,721",-,Condominium,1,99 yrs from 25/05/2012,2016,HDB,506863,17,50,East Region,Pasir Ris
SELETAR SPRINGS CONDOMINIUM,"1,860,000","2,066.69",900,15 Mar 2022,100 GERALD DRIVE #04-84,Resale,Strata,192,"9,688",-,Condominium,1,99 yrs from 12/08/1997,2000,HDB,798592,28,79,North East Region,Hougang
HILLS TWOONE,"900,000",710.42,"1,267",15 Mar 2022,21 HILLVIEW TERRACE #02-07,Resale,Strata,66,"13,636",-,Apartment,1,Freehold,2016,Private,669232,23,66,West Region,Bukit Batok
VERSILIA ON HAIG,"1,920,000","1,130.22","1,699",15 Mar 2022,33 IPOH LANE #09-06,Resale,Strata,105,"18,286",-,Condominium,1,Freehold,2010,Private,438641,15,43,Central Region,Geylang
HIGHLINE RESIDENCES,"1,480,000",667.37,"2,218",15 Mar 2022,9 KIM TIAN ROAD #10-14,Resale,Strata,62,"23,871",-,Condominium,1,99 yrs from 22/07/2013,2018,Private,168593,03,16,Central Region,Bukit Merah
CASPIAN,"1,108,000",871.88,"1,271",15 Mar 2022,54 LAKESIDE DRIVE #16-20,Resale,Strata,81,"13,679",-,Condominium,1,99 yrs from 17/03/2008,2012,HDB,648317,22,64,West Region,Jurong West
BARTLEY RESIDENCES,"720,000",462.85,"1,556",15 Mar 2022,7 LORONG HOW SUN #04-39,Resale,Strata,43,"16,744",-,Apartment,1,99 yrs from 29/06/2011,2015,Private,536564,19,53,North East Region,Serangoon
FOREST WOODS,"840,000",516.67,"1,626",15 Mar 2022,15 LORONG LEW LIAN #03-27,Resale,Strata,48,"17,500",-,Condominium,1,99 yrs from 05/02/2016,2020,Private,533853,19,53,North East Region,Serangoon
RIVERBAY,"595,000",387.5,"1,535",15 Mar 2022,23 MAR THOMA ROAD #09-03,Resale,Strata,36,"16,528",-,Apartment,1,999 yrs from 02/06/1882,2014,Private,328704,12,32,Central Region,Kallang
THOMSON GRAND,"2,300,000","1,410.08","1,631",15 Mar 2022,19 SIN MING WALK #18-09,Resale,Strata,131,"17,557",-,Condominium,1,99 yrs from 08/02/2010,2015,Private,573914,20,57,Central Region,Bishan
ESTELLA GARDENS,"1,100,000","1,119.46",983,15 Mar 2022,27 FLORA ROAD #02-03,Resale,Strata,104,"10,577",-,Condominium,1,Freehold,1999,Private,509741,17,50,East Region,Pasir Ris
BARTLEY RIDGE,"710,000",462.85,"1,534",15 Mar 2022,44 MOUNT VERNON ROAD #09-41,Resale,Strata,43,"16,512",-,Condominium,1,99 yrs from 16/04/2012,2016,Private,368062,13,36,Central Region,Toa Payoh
ADANA @ THOMSON,"1,030,000",559.73,"1,840",15 Mar 2022,8 OLD UPPER THOMSON ROAD #01-02,Resale,Strata,52,"19,808",-,Apartment,1,Freehold,2018,Private,573868,20,57,North East Region,Ang Mo Kio
SANT RITZ,"875,000",527.44,"1,659",15 Mar 2022,1 PHENG GECK AVENUE #12-24,Resale,Strata,49,"17,857",-,Condominium,1,99 yrs from 01/10/2012,2016,HDB,348196,13,34,Central Region,Toa Payoh
THE TENNERY,"730,000",613.55,"1,190",15 Mar 2022,5A WOODLANDS ROAD #06-26,Resale,Strata,57,"12,807",-,Apartment,1,99 yrs from 24/05/2010,2014,HDB,677728,23,67,West Region,Choa Chu Kang
RIPPLE BAY,"875,000",785.77,"1,114",15 Mar 2022,16 PASIR RIS LINK #05-58,Resale,Strata,73,"11,986",-,Condominium,1,99 yrs from 10/08/2011,2015,Private,518166,18,51,East Region,Pasir Ris
PALM ISLES,"938,000",990.29,947,15 Mar 2022,34 FLORA DRIVE #03-24,Resale,Strata,92,"10,196",-,Condominium,1,99 yrs from 14/09/2011,2015,HDB,506893,17,50,East Region,Pasir Ris
SYMPHONY SUITES,"790,000",688.9,"1,147",15 Mar 2022,7 YISHUN CLOSE #03-13,Resale,Strata,64,"12,344",-,Condominium,1,99 yrs from 10/06/2014,2018,HDB,768007,27,76,North Region,Yishun
SIN MING PLAZA,"1,980,000","1,517.72","1,305",15 Mar 2022,6 SIN MING ROAD #03-15,Resale,Strata,141,"14,043",-,Apartment,1,Freehold,1992,Private,575585,20,57,Central Region,Bishan
35 GILSTEAD,"1,236,000",473.62,"2,610",16 Mar 2022,35 GILSTEAD ROAD #03-04,New Sale,Strata,44,"28,091",-,Apartment,1,Freehold,Uncompleted,N.A,309079,11,30,Central Region,Novena
HAUS ON HANDY,"1,218,000",462.85,"2,632",16 Mar 2022,28 HANDY ROAD #03-05,New Sale,Strata,43,"28,326",-,Condominium,1,99 yrs from 07/05/2018,Uncompleted,N.A,229240,09,22,Central Region,Museum
THE FLORENCE RESIDENCES,"1,674,000","1,011.82","1,654",16 Mar 2022,91 HOUGANG AVENUE 2 #03-46,New Sale,Strata,94,"17,809",-,Apartment,1,99 yrs from 24/12/2018,Uncompleted,N.A,538864,19,53,North East Region,Hougang
ONE PEARL BANK,"1,923,000",699.66,"2,748",16 Mar 2022,1 PEARL BANK #37-04,New Sale,Strata,65,"29,585",-,Apartment,1,99 yrs from 01/03/2019,Uncompleted,N.A,169016,03,16,Central Region,Outram
NORMANTON PARK,"1,824,000",968.76,"1,883",16 Mar 2022,49 NORMANTON PARK #22-24,New Sale,Strata,90,"20,267",-,Apartment,1,99 yrs from 22/07/2019,Uncompleted,N.A,117280,05,11,Central Region,Queenstown
URBAN TREASURES,"1,306,130",635.08,"2,057",16 Mar 2022,207 JALAN EUNOS #11-13,New Sale,Strata,59,"22,138",-,Condominium,1,Freehold,Uncompleted,N.A,415799,14,41,East Region,Bedok
VERDALE,"1,338,900",731.95,"1,829",16 Mar 2022,16 DE SOUZA AVENUE #03-52,New Sale,Strata,68,"19,690",-,Apartment,1,99 yrs from 05/12/2018,Uncompleted,N.A,599464,21,59,Central Region,Bukit Timah
VERDALE,"2,786,000","1,528.49","1,823",16 Mar 2022,16 DE SOUZA AVENUE #05-53,New Sale,Strata,142,"19,620",-,Apartment,1,99 yrs from 05/12/2018,Uncompleted,N.A,599464,21,59,Central Region,Bukit Timah
MEYER MANSION,"2,911,000","1,108.69","2,626",16 Mar 2022,79 MEYER ROAD #17-06,New Sale,Strata,103,"28,262",-,Apartment,1,Freehold,Uncompleted,Private,437906,15,43,Central Region,Marine Parade
MIDWOOD,"1,610,000",990.29,"1,626",16 Mar 2022,10 HILLVIEW RISE #02-18,New Sale,Strata,92,"17,500",-,Condominium,1,99 yrs from 01/10/2018,Uncompleted,N.A,667972,23,66,West Region,Bukit Batok
DAIRY FARM RESIDENCES,"1,349,800",721.19,"1,872",16 Mar 2022,6 DAIRY FARM LANE #14-01,New Sale,Strata,67,"20,146",-,Apartment,1,99 yrs from 05/12/2018,Uncompleted,N.A,677623,23,67,West Region,Bukit Panjang
KOPAR AT NEWTON,"2,747,000","1,097.93","2,502",16 Mar 2022,8 MAKEWAY AVENUE #19-11,New Sale,Strata,102,"26,931",-,Apartment,1,99 yrs from 22/04/2019,Uncompleted,N.A,228607,09,22,Central Region,Novena
CLAVON,"2,688,000","1,582.31","1,699",16 Mar 2022,6 CLEMENTI AVENUE 1 #24-05,New Sale,Strata,147,"18,286",-,Apartment,1,99 yrs from 07/10/2019,Uncompleted,N.A,129963,05,12,West Region,Clementi
M SUITES,"2,081,649","1,291.68","1,612",16 Mar 2022,65 LORONG MELAYU #04-04,New Sale,Strata,120,"17,347",-,Apartment,1,Freehold,Uncompleted,N.A,416952,14,41,East Region,Bedok
IRWELL HILL RESIDENCES,"1,963,000",678.13,"2,895",16 Mar 2022,6 IRWELL HILL #33-11,New Sale,Strata,63,"31,159",-,Apartment,1,99 yrs from 13/04/2020,Uncompleted,N.A,239590,09,23,Central Region,River Valley
RIPPLE BAY,"1,220,000","1,022.58","1,193",16 Mar 2022,6 PASIR RIS LINK #02-21,Resale,Strata,95,"12,842",-,Condominium,1,99 yrs from 10/08/2011,2015,Private,518161,18,51,East Region,Pasir Ris
HILLSTA,"950,000",861.12,"1,103",16 Mar 2022,66 PHOENIX ROAD #13-07,Resale,Strata,80,"11,875",-,Condominium,1,99 yrs from 03/10/2011,2016,HDB,668201,23,66,West Region,Bukit Batok
UE SQUARE,"3,430,000","1,915.99","1,790",16 Mar 2022,205 RIVER VALLEY ROAD #05-61,Resale,Strata,178,"19,270",-,Apartment,1,929 yrs from 01/01/1953,1997,Private,238274,09,23,Central Region,Singapore River
RIVERVALE CREST,"1,105,000","1,388.56",796,16 Mar 2022,7 RIVERVALE CRESCENT #08-17,Resale,Strata,129,"8,566",-,Apartment,1,99 yrs from 06/12/1997,2002,HDB,545085,19,54,North East Region,Sengkang
PARC ROSEWOOD,"1,045,000","1,270.15",823,16 Mar 2022,75 ROSEWOOD DRIVE #05-26,Resale,Strata,118,"8,856",-,Condominium,1,99 yrs from 07/09/2011,2014,Private,737785,25,73,North Region,Woodlands
PARC ROSEWOOD,"840,000",828.83,"1,013",16 Mar 2022,85 ROSEWOOD DRIVE #02-75,Resale,Strata,77,"10,909",-,Condominium,1,99 yrs from 07/09/2011,2014,HDB,737790,25,73,North Region,Woodlands
ONE AKYAB,"2,400,000","1,829.88","1,312",16 Mar 2022,1 AKYAB ROAD #05-02,Resale,Strata,170,"14,118",-,Apartment,1,Freehold,1984,Private,309972,11,30,Central Region,Novena
THE ALPS RESIDENCES,"910,000",699.66,"1,301",16 Mar 2022,109 TAMPINES STREET 86 #08-30,Sub Sale,Strata,65,"14,000",-,Condominium,1,99 yrs from 03/08/2015,2019,Private,528534,18,52,East Region,Tampines
EAST MEADOWS,"1,250,000","1,248.62","1,001",16 Mar 2022,32 TANAH MERAH KECHIL ROAD #01-19,Resale,Strata,116,"10,776",-,Condominium,1,99 yrs from 02/03/1998,2002,Private,465559,16,46,East Region,Bedok
VIBES @ EAST COAST,"851,000",656.6,"1,296",16 Mar 2022,308 TELOK KURAU ROAD #05-16,Resale,Strata,61,"13,951",-,Apartment,1,Freehold,2014,HDB,423858,15,42,East Region,Bedok
UBER 388,"1,820,000","1,130.22","1,610",16 Mar 2022,388 UPPER EAST COAST ROAD #02-11,Resale,Strata,105,"17,333",-,Condominium,1,Freehold,2014,HDB,466477,16,46,East Region,Bedok
THE MADEIRA,"910,000",936.47,972,16 Mar 2022,50 BUKIT BATOK STREET 31 #09-01,Resale,Strata,87,"10,460",-,Condominium,1,99 yrs from 14/08/2000,2003,Private,659442,23,65,West Region,Bukit Batok
PARC VISTA,"1,000,000","1,280.92",781,16 Mar 2022,450 CORPORATION ROAD #03-07,Resale,Strata,119,"8,403",-,Condominium,1,99 yrs from 01/03/1995,1998,Private,649810,22,64,West Region,Jurong West
ANGULLIA PARK RESIDENCES @ ORCHARD,"2,650,000","1,001.05","2,647",16 Mar 2022,5 CUSCADEN WALK #13-02,Resale,Strata,93,"28,495",-,Apartment,1,Freehold,2010,Private,249696,10,24,Central Region,River Valley
CHELSEA GARDENS,"3,375,000","1,786.82","1,889",16 Mar 2022,8 WALSHE ROAD #01-02,Resale,Strata,166,"20,331",-,Condominium,1,Freehold,2000,Private,257652,10,25,Central Region,Tanglin
WATERBANK AT DAKOTA,"1,060,000",624.31,"1,698",16 Mar 2022,76 DAKOTA CRESCENT #03-13,Resale,Strata,58,"18,276",-,Condominium,1,99 yrs from 07/12/2009,2013,Private,399944,14,39,Central Region,Geylang
WATERBANK AT DAKOTA,"1,995,000","1,140.98","1,748",16 Mar 2022,78 DAKOTA CRESCENT #03-18,Resale,Strata,106,"18,821",-,Condominium,1,99 yrs from 07/12/2009,2013,Private,399945,14,39,Central Region,Geylang
REGENTVILLE,"1,110,000","1,151.75",964,16 Mar 2022,6 HOUGANG STREET 92 #13-08,Resale,Strata,107,"10,374",-,Apartment,1,99 yrs from 24/04/1996,1999,HDB,538685,19,53,North East Region,Hougang
REFLECTIONS AT KEPPEL BAY,"1,730,000","1,011.82","1,710",16 Mar 2022,33 KEPPEL BAY VIEW #15-94,Resale,Strata,94,"18,404",-,Condominium,1,99 yrs from 15/03/2006,2011,Private,098419,04,09,Central Region,Bukit Merah
EDENZ LOFT,"600,000",441.32,"1,360",16 Mar 2022,11 LORONG 24 GEYLANG #04-05,Resale,Strata,41,"14,634",-,Apartment,1,Freehold,2015,Private,398623,14,39,Central Region,Geylang
CENTRA RESIDENCE,"642,000",462.85,"1,387",16 Mar 2022,8 LORONG 7 GEYLANG #04-12,Resale,Strata,43,"14,930",-,Apartment,1,Freehold,2014,HDB,388792,14,38,Central Region,Geylang
BEACON HEIGHTS,"840,000",667.37,"1,259",16 Mar 2022,8 MAR THOMA ROAD #02-08,Resale,Strata,62,"13,548",-,Condominium,1,999 yrs from 02/06/1882,2012,HDB,328689,12,32,Central Region,Kallang
MARINA ONE RESIDENCES,"2,854,088","1,173.28","2,433",16 Mar 2022,23 MARINA WAY #31-33,Resale,Strata,109,"26,184",-,Apartment,1,99 yrs from 01/07/2011,2017,Private,018979,01,01,Central Region,Downtown Core
THE VIEW @ MEYER,"3,370,000","1,689.95","1,994",16 Mar 2022,46 MEYER ROAD #03-01,Resale,Strata,157,"21,465",-,Apartment,1,Freehold,2009,HDB,437871,15,43,Central Region,Marine Parade
THE PIER AT ROBERTSON,"2,305,800","1,097.93","2,100",16 Mar 2022,80 MOHAMED SULTAN ROAD #08-09,Resale,Strata,102,"22,606",-,Apartment,1,Freehold,2006,Private,239013,09,23,Central Region,Singapore River
WEST BAY CONDOMINIUM,"1,290,000","1,291.68",999,16 Mar 2022,52 WEST COAST CRESCENT #05-01,Resale,Strata,120,"10,750",-,Condominium,1,99 yrs from 01/03/1991,1993,Private,128036,05,12,West Region,Clementi
OKIO,"710,000",430.56,"1,649",16 Mar 2022,262 BALESTIER ROAD #06-07,Resale,Strata,40,"17,750",-,Apartment,1,Freehold,2015,HDB,329714,12,32,Central Region,Novena
THE TRILINQ,"1,530,000",936.47,"1,634",16 Mar 2022,28 JALAN LEMPENG #17-07,Resale,Strata,87,"17,586",-,Condominium,1,99 yrs from 16/04/2012,2017,HDB,128807,05,12,West Region,Clementi
THE PARC CONDOMINIUM,"2,218,888","1,410.08","1,574",16 Mar 2022,7 WEST COAST WALK #22-16,Resale,Strata,131,"16,938",-,Condominium,1,Freehold,2010,Private,127159,05,12,West Region,Clementi
CENTRO RESIDENCES,"1,350,000",871.88,"1,548",16 Mar 2022,59 ANG MO KIO AVENUE 8 #12-10,Resale,Strata,81,"16,667",-,Condominium,1,99 yrs from 11/12/2007,2014,HDB,567752,20,56,North East Region,Ang Mo Kio
WATERFRONT WAVES,"1,650,000","1,377.79","1,198",16 Mar 2022,760 BEDOK RESERVOIR ROAD #01-10,Resale,Strata,128,"12,891",-,Condominium,1,99 yrs from 31/10/2007,2011,Private,479245,16,47,East Region,Bedok
THE MINTON,"710,000",548.96,"1,293",16 Mar 2022,10C HOUGANG STREET 11 #14-45,Resale,Strata,51,"13,922",-,Condominium,1,99 yrs from 27/07/2007,2013,Private,534077,19,53,North East Region,Hougang
CAVENDISH PARK,"1,940,000","1,410.08","1,376",16 Mar 2022,16 PINE GROVE #11-06,Resale,Strata,131,"14,809",-,Condominium,1,99 yrs from 18/11/1991,1996,Private,597593,21,59,Central Region,Bukit Timah
LUTHERAN TOWERS,"2,035,000","1,915.99","1,062",16 Mar 2022,25 TAN KIM CHENG ROAD #20-27,Resale,Strata,178,"11,433",-,Apartment,1,103 yrs from 01/05/1974,-,Private,266625,10,26,Central Region,Bukit Timah
THE WISTERIA,"1,450,000","1,173.28","1,236",16 Mar 2022,596 YISHUN RING ROAD #10-22,Resale,Strata,109,"13,303",-,Apartment,1,99 yrs from 27/04/2015,2018,Private,768697,27,76,North Region,Yishun
JEWEL @ BUANGKOK,"740,000",484.38,"1,528",16 Mar 2022,85 COMPASSVALE BOW #12-21,Resale,Strata,45,"16,444",-,Condominium,1,99 yrs from 12/09/2012,2016,HDB,544685,19,54,North East Region,Sengkang
KILAT CENTRE,"1,500,000","1,259.39","1,191",16 Mar 2022,33 LORONG KILAT #04-03,Resale,Strata,117,"12,821",-,Apartment,1,Freehold,1989,Private,598132,21,59,Central Region,Bukit Timah
SPOTTISWOODE RESIDENCES,"1,250,000",624.31,"2,002",16 Mar 2022,48 SPOTTISWOODE PARK ROAD #06-04,Resale,Strata,58,"21,552",-,Condominium,1,Freehold,2013,Private,088660,02,08,Central Region,Bukit Merah
BOTANIQUE AT BARTLEY,"1,205,000",721.19,"1,671",16 Mar 2022,235 UPPER PAYA LEBAR ROAD #09-41,Resale,Strata,67,"17,985",-,Condominium,1,99 yrs from 14/04/2014,2019,Private,533868,19,53,North East Region,Serangoon
THE SHORE RESIDENCES,"2,170,000","1,291.68","1,680",16 Mar 2022,85 AMBER ROAD #04-16,Resale,Strata,120,"18,083",-,Condominium,1,103 yrs from 18/08/2009,2014,Private,439895,15,43,Central Region,Marine Parade
N.A.,"1,767,780",731.95,"2,415",16 Mar 2022,265 OUTRAM ROAD #04-06,Resale,Strata,68,"25,997",-,Apartment,1,Freehold,2019,Private,169059,03,16,Central Region,Bukit Merah
THE PALETTE,"1,020,000",893.41,"1,142",16 Mar 2022,117 PASIR RIS GROVE #06-56,Resale,Strata,83,"12,289",-,Condominium,1,99 yrs from 20/10/2010,2015,Private,518173,18,51,East Region,Pasir Ris
KINGSFORD WATERBAY,"635,000",484.38,"1,311",16 Mar 2022,68 UPPER SERANGOON VIEW #06-26,Resale,Strata,45,"14,111",-,Apartment,1,99 yrs from 03/03/2014,2018,HDB,533884,19,53,North East Region,Hougang
THE WOODLEIGH RESIDENCES,"1,926,000",958,"2,010",17 Mar 2022,17 BIDADARI PARK DRIVE #03-11,New Sale,Strata,89,"21,640",-,Apartment,1,99 yrs from 18/09/2017,Uncompleted,N.A,367806,13,36,Central Region,Toa Payoh
THE WOODLEIGH RESIDENCES,"1,771,000",742.72,"2,384",17 Mar 2022,23 BIDADARI PARK DRIVE #10-33,New Sale,Strata,69,"25,667",-,Apartment,1,99 yrs from 18/09/2017,Uncompleted,N.A,367796,13,36,Central Region,Toa Payoh
THE WOODLEIGH RESIDENCES,"2,128,000","1,076.4","1,977",17 Mar 2022,29 BIDADARI PARK DRIVE #04-50,New Sale,Strata,100,"21,280",-,Apartment,1,99 yrs from 18/09/2017,Uncompleted,N.A,367799,13,36,Central Region,Toa Payoh
THE WOODLEIGH RESIDENCES,"2,344,000","1,076.4","2,178",17 Mar 2022,29 BIDADARI PARK DRIVE #05-53,New Sale,Strata,100,"23,440",-,Apartment,1,99 yrs from 18/09/2017,Uncompleted,N.A,367799,13,36,Central Region,Toa Payoh
THE WOODLEIGH RESIDENCES,"2,424,000","1,076.4","2,252",17 Mar 2022,29 BIDADARI PARK DRIVE #12-53,New Sale,Strata,100,"24,240",-,Apartment,1,99 yrs from 18/09/2017,Uncompleted,N.A,367799,13,36,Central Region,Toa Payoh
THE FLORENCE RESIDENCES,"1,197,000",635.08,"1,885",17 Mar 2022,85 HOUGANG AVENUE 2 #14-19,New Sale,Strata,59,"20,288",-,Apartment,1,99 yrs from 24/12/2018,Uncompleted,N.A,538861,19,53,North East Region,Hougang
THE FLORENCE RESIDENCES,"1,680,000","1,011.82","1,660",17 Mar 2022,91 HOUGANG AVENUE 2 #04-46,New Sale,Strata,94,"17,872",-,Apartment,1,99 yrs from 24/12/2018,Uncompleted,N.A,538864,19,53,North East Region,Hougang
ONE PEARL BANK,"2,598,000","1,151.75","2,256",17 Mar 2022,1 PEARL BANK #05-01,New Sale,Strata,107,"24,280",-,Apartment,1,99 yrs from 01/03/2019,Uncompleted,N.A,169016,03,16,Central Region,Outram
ONE PEARL BANK,"2,634,000","1,097.93","2,399",17 Mar 2022,1 PEARL BANK #08-01,New Sale,Strata,102,"25,824",-,Apartment,1,99 yrs from 01/03/2019,Uncompleted,N.A,169016,03,16,Central Region,Outram
NORMANTON PARK,"2,391,000","1,345.5","1,777",17 Mar 2022,57 NORMANTON PARK #24-56,New Sale,Strata,125,"19,128",-,Apartment,1,99 yrs from 22/07/2019,Uncompleted,N.A,117284,05,11,Central Region,Queenstown
NORMANTON PARK,"1,041,000",527.44,"1,974",17 Mar 2022,57 NORMANTON PARK #17-61,New Sale,Strata,49,"21,245",-,Apartment,1,99 yrs from 22/07/2019,Uncompleted,N.A,117284,05,11,Central Region,Queenstown
NORMANTON PARK,"1,051,000",527.44,"1,993",17 Mar 2022,57 NORMANTON PARK #23-62,New Sale,Strata,49,"21,449",-,Apartment,1,99 yrs from 22/07/2019,Uncompleted,N.A,117284,05,11,Central Region,Queenstown
VERTICUS,"1,373,000",635.08,"2,162",17 Mar 2022,3 JALAN KEMAMAN #17-03,New Sale,Strata,59,"23,271",-,Apartment,1,Freehold,Uncompleted,N.A,329343,12,32,Central Region,Novena
AVENUE SOUTH RESIDENCE,"2,676,000","1,108.69","2,414",17 Mar 2022,13 SILAT AVENUE #54-41,New Sale,Strata,103,"25,981",-,Apartment,1,99 yrs from 14/08/2018,Uncompleted,N.A,168878,03,16,Central Region,Bukit Merah
MEYER MANSION,"4,513,600","1,722.24","2,621",17 Mar 2022,79 MEYER ROAD #08-08,New Sale,Strata,160,"28,210",-,Apartment,1,Freehold,Uncompleted,N.A,437906,15,43,Central Region,Marine Parade
MIDWOOD,"2,020,000","1,248.62","1,618",17 Mar 2022,10 HILLVIEW RISE #01-17,New Sale,Strata,116,"17,414",-,Condominium,1,99 yrs from 01/10/2018,Uncompleted,N.A,667972,23,66,West Region,Bukit Batok
MIDWOOD,"2,008,000","1,248.62","1,608",17 Mar 2022,10 HILLVIEW RISE #02-17,New Sale,Strata,116,"17,310",-,Condominium,1,99 yrs from 01/10/2018,Uncompleted,N.A,667972,23,66,West Region,Bukit Batok
MIDWOOD,"1,625,000",990.29,"1,641",17 Mar 2022,8 HILLVIEW RISE #03-03,New Sale,Strata,92,"17,663",-,Condominium,1,99 yrs from 01/10/2018,Uncompleted,N.A,667971,23,66,West Region,Bukit Batok
PULLMAN RESIDENCES NEWTON,"3,245,000","1,162.51","2,791",17 Mar 2022,18 DUNEARN ROAD #08-03,New Sale,Strata,108,"30,046",-,Apartment,1,Freehold,Uncompleted,N.A,309421,11,30,Central Region,Novena
PULLMAN RESIDENCES NEWTON,"3,970,000","1,377.79","2,881",17 Mar 2022,18 DUNEARN ROAD #14-09,New Sale,Strata,128,"31,016",-,Apartment,1,Freehold,Uncompleted,N.A,309421,11,30,Central Region,Novena
FORETT AT BUKIT TIMAH,"1,690,000",764.24,"2,211",17 Mar 2022,34 TOH TUCK ROAD #05-32,New Sale,Strata,71,"23,803",-,Apartment,1,Freehold,Uncompleted,N.A,596712,21,59,Central Region,Bukit Timah
FORETT AT BUKIT TIMAH,"1,637,000",904.18,"1,810",17 Mar 2022,36A TOH TUCK ROAD #05-62,New Sale,Strata,84,"19,488",-,Apartment,1,Freehold,Uncompleted,N.A,596114,21,59,Central Region,Bukit Timah
THE AVENIR,"6,804,000","2,066.69","3,292",17 Mar 2022,10 RIVER VALLEY CLOSE #13-10,New Sale,Strata,192,"35,438",-,Condominium,1,Freehold,Uncompleted,Private,238438,09,23,Central Region,River Valley
THE AVENIR,"1,537,000",527.44,"2,914",17 Mar 2022,8 RIVER VALLEY CLOSE #08-02,New Sale,Strata,49,"31,367",-,Condominium,1,Freehold,Uncompleted,N.A,238432,09,23,Central Region,River Valley
LEEDON GREEN,"3,899,000","1,356.26","2,875",17 Mar 2022,30 LEEDON HEIGHTS #08-19,New Sale,Strata,126,"30,944",-,Condominium,1,Freehold,Uncompleted,N.A,266223,10,26,Central Region,Bukit Timah
MIDTOWN MODERN,"2,903,670","1,065.64","2,725",17 Mar 2022,18 TAN QUEE LAN STREET #24-16,New Sale,Strata,99,"29,330",-,Apartment,1,99 yrs from 10/12/2019,Uncompleted,N.A,188105,07,18,Central Region,Downtown Core
BARTLEY VUE,"1,383,000",731.95,"1,889",17 Mar 2022,8 JALAN BUNGA RAMPAI #08-05,New Sale,Strata,68,"20,338",-,Apartment,1,99 yrs from 13/04/2020,Uncompleted,N.A,538311,19,53,Central Region,Toa Payoh
THE WATERGARDENS AT CANBERRA,"1,390,000",958,"1,451",17 Mar 2022,27 CANBERRA DRIVE #01-03,New Sale,Strata,89,"15,618",-,Apartment,1,99 yrs from 08/06/2020,Uncompleted,N.A,769989,27,76,North Region,Sembawang
NV RESIDENCES,"916,000",904.18,"1,013",17 Mar 2022,83 PASIR RIS GROVE #02-02,Resale,Strata,84,"10,905",-,Condominium,1,99 yrs from 07/01/2008,2013,Private,518211,18,51,East Region,Pasir Ris
THREE THREE ROBIN,"3,780,000","1,582.31","2,389",17 Mar 2022,33 ROBIN ROAD #08-01,Resale,Strata,147,"25,714",-,Apartment,1,Freehold,2005,Private,258208,10,25,Central Region,Tanglin
PARC ROSEWOOD,"570,000",430.56,"1,324",17 Mar 2022,71 ROSEWOOD DRIVE #04-07,Resale,Strata,40,"14,250",-,Condominium,1,99 yrs from 07/09/2011,2014,HDB,737783,25,73,North Region,Woodlands
ROSEWOOD,"998,000","1,173.28",851,17 Mar 2022,9 ROSEWOOD DRIVE #13-19,Resale,Strata,109,"9,156",-,Condominium,1,99 yrs from 20/06/2000,2003,HDB,737938,25,73,North Region,Woodlands
DOUBLE BAY RESIDENCES,"1,420,000","1,270.15","1,118",17 Mar 2022,19 SIMEI STREET 4 #10-18,Resale,Strata,118,"12,034",-,Condominium,1,99 yrs from 07/04/2008,2012,Private,529885,18,52,East Region,Tampines
SOLEIL @ SINARAN,"2,820,000","1,485.43","1,898",17 Mar 2022,2 SINARAN DRIVE #25-03,Resale,Strata,138,"20,435",-,Condominium,1,99 yrs from 23/10/2006,2011,Private,307467,11,30,Central Region,Novena
SIGNATURE PARK,"1,600,000","1,033.34","1,548",17 Mar 2022,48A TOH TUCK ROAD #08-01,Resale,Strata,96,"16,667",-,Condominium,1,Freehold,1998,Private,596740,21,59,Central Region,Bukit Timah
CHANGI GREEN,"1,115,000","1,001.05","1,114",17 Mar 2022,712A UPPER CHANGI ROAD EAST #03-04,Resale,Strata,93,"11,989",-,Condominium,1,Freehold,1998,Private,486843,16,48,East Region,Tampines
CHANGI GREEN,"1,100,000","1,001.05","1,099",17 Mar 2022,718A UPPER CHANGI ROAD EAST #02-04,Resale,Strata,93,"11,828",-,Condominium,1,Freehold,1998,Private,486850,16,48,East Region,Tampines
RIVERSAILS,"2,800,000","2,970.86",942,17 Mar 2022,16 UPPER SERANGOON CRESCENT #18-41,Resale,Strata,276,"10,145",-,Condominium,1,99 yrs from 07/12/2011,2016,HDB,534028,19,53,North East Region,Hougang
HILLVIEW REGENCY,"1,100,000","1,108.69",992,17 Mar 2022,28 BUKIT BATOK EAST AVENUE 2 #20-14,Resale,Strata,103,"10,680",-,Condominium,1,99 yrs from 20/06/2000,2005,Private,659921,23,65,West Region,Bukit Batok
THE CLEMENT CANOPY,"1,600,000",990.29,"1,616",17 Mar 2022,16 CLEMENTI AVENUE 1 #16-02,Resale,Strata,92,"17,391",-,Apartment,1,99 yrs from 09/03/2016,2019,HDB,129960,05,12,West Region,Clementi
COMMONWEALTH TOWERS,"2,020,000","1,054.87","1,915",17 Mar 2022,232 COMMONWEALTH AVENUE #30-15,Resale,Strata,98,"20,612",-,Condominium,1,99 yrs from 07/05/2013,2017,Private,149740,03,14,Central Region,Queenstown
CLEMENTIWOODS CONDOMINIUM,"765,000",559.73,"1,367",17 Mar 2022,78 WEST COAST ROAD #03-08,Resale,Strata,52,"14,712",-,Condominium,1,99 yrs from 07/02/2006,2010,HDB,126815,05,12,West Region,Clementi
PARC RIVIERA,"1,428,000",990.29,"1,442",17 Mar 2022,103 WEST COAST VALE #29-17,Resale,Strata,92,"15,522",-,Condominium,1,99 yrs from 11/11/2015,2019,HDB,126754,05,12,West Region,Clementi
DAKOTA RESIDENCES,"1,580,000","1,022.58","1,545",17 Mar 2022,38 DAKOTA CRESCENT #07-11,Resale,Strata,95,"16,632",-,Condominium,1,99 yrs from 11/09/2007,2010,Private,399938,14,39,Central Region,Geylang
AURA 83,"1,955,000","1,593.07","1,227",17 Mar 2022,83 DUKU ROAD #05-05,Resale,Strata,148,"13,209",-,Apartment,1,Freehold,2015,Private,429247,15,42,Central Region,Marine Parade
RIVERBANK @ FERNVALE,"1,163,888",947.23,"1,229",17 Mar 2022,13 FERNVALE CLOSE #12-18,Resale,Strata,88,"13,226",-,Condominium,1,99 yrs from 10/07/2013,2017,Private,797476,28,79,North East Region,Sengkang
THE INFLORA,"590,000",462.85,"1,275",17 Mar 2022,67 FLORA DRIVE #07-46,Resale,Strata,43,"13,721",-,Condominium,1,99 yrs from 25/05/2012,2016,HDB,506850,17,50,East Region,Pasir Ris
NICOLE GREEN,"1,680,000","1,237.86","1,357",17 Mar 2022,68 GUILLEMARD ROAD #05-01,Resale,Strata,115,"14,609",-,Apartment,1,Freehold,2002,Private,399710,14,39,Central Region,Geylang
HAIG LODGE,"1,200,000","1,140.98","1,052",17 Mar 2022,139 HAIG ROAD #03-02,Resale,Strata,106,"11,321",-,Apartment,1,Freehold,1996,Private,438768,15,43,Central Region,Marine Parade
HILLVIEW GREEN,"1,750,000","1,270.15","1,378",17 Mar 2022,65 HUME AVENUE #07-05,Resale,Strata,118,"14,831",-,Condominium,1,999 yrs from 19/05/1883,1998,HDB,598743,21,59,West Region,Bukit Batok
PARK EAST,"2,000,000","1,291.68","1,548",17 Mar 2022,77 JALAN TUA KONG #04-02,Resale,Strata,120,"16,667",-,Condominium,1,Freehold,1994,Private,457268,15,45,East Region,Bedok
TREVISTA,"1,770,000","1,140.98","1,551",17 Mar 2022,21 LORONG 3 TOA PAYOH #12-05,Resale,Strata,106,"16,698",-,Condominium,1,99 yrs from 15/07/2008,2011,HDB,319581,12,31,Central Region,Toa Payoh
TREVISTA,"2,098,000","1,270.15","1,652",17 Mar 2022,25 LORONG 3 TOA PAYOH #34-12,Resale,Strata,118,"17,780",-,Condominium,1,99 yrs from 15/07/2008,2011,HDB,319583,12,31,Central Region,Toa Payoh
FLORAVILLE,"1,150,000",818.06,"1,406",17 Mar 2022,2 CACTUS ROAD #02-08,Resale,Strata,76,"15,132",-,Apartment,1,Freehold,2017,Private,809578,28,80,North East Region,Ang Mo Kio
THE CLEMENT CANOPY,"2,250,000","1,345.5","1,672",17 Mar 2022,16 CLEMENTI AVENUE 1 #37-01,Resale,Strata,125,"18,000",-,Apartment,1,99 yrs from 09/03/2016,2019,HDB,129960,05,12,West Region,Clementi
RIVER ISLES,"1,720,888","1,679.18","1,025",17 Mar 2022,66 EDGEDALE PLAINS #01-31,Resale,Strata,156,"11,031",-,Condominium,1,99 yrs from 06/02/2012,2015,HDB,828732,19,82,North East Region,Punggol
H2O RESIDENCES,"816,000",742.72,"1,099",17 Mar 2022,34 FERNVALE LINK #03-14,Resale,Strata,69,"11,826",-,Condominium,1,99 yrs from 10/05/2010,2015,HDB,797532,28,79,North East Region,Sengkang
D'HIRO@HILLSIDE,"1,010,000",904.18,"1,117",17 Mar 2022,61 HILLSIDE DRIVE #02-02,Resale,Strata,84,"12,024",-,Apartment,1,999 yrs from 01/09/1876,2011,HDB,549010,19,54,North East Region,Hougang
THE CENTRIS,"1,200,000",968.76,"1,239",17 Mar 2022,77 JURONG WEST CENTRAL 3 #10-27,Resale,Strata,90,"13,333",-,Apartment,1,99 yrs from 21/06/2006,2009,Private,648338,22,64,West Region,Jurong West
PRINCIPAL GARDEN,"850,000",484.38,"1,755",17 Mar 2022,95 PRINCE CHARLES CRESCENT #05-11,Resale,Strata,45,"18,889",-,Condominium,1,99 yrs from 21/07/2014,2018,Private,159027,03,15,Central Region,Bukit Merah
THE GREENWICH,"668,000",602.78,"1,108",17 Mar 2022,7 SELETAR ROAD #04-20,Resale,Strata,56,"11,929",-,Condominium,1,99 yrs from 21/12/2009,2014,Private,807014,28,80,North East Region,Serangoon
RIVERSAILS,"1,270,000","1,033.34","1,229",17 Mar 2022,18 UPPER SERANGOON CRESCENT #06-46,Resale,Strata,96,"13,229",-,Condominium,1,99 yrs from 07/12/2011,2016,HDB,534027,19,53,North East Region,Hougang
6 DERBYSHIRE,"1,583,000",731.95,"2,163",17 Mar 2022,6 DERBYSHIRE ROAD #08-03,Resale,Strata,68,"23,279",-,Condominium,1,Freehold,2017,Private,309462,11,30,Central Region,Novena
THE CENTRIS,"1,185,000",914.94,"1,295",17 Mar 2022,65 JURONG WEST CENTRAL 3 #06-04,Resale,Strata,85,"13,941",-,Apartment,1,99 yrs from 21/06/2006,2009,Private,648332,22,64,West Region,Jurong West
KENSINGTON SQUARE,"642,000",430.56,"1,491",17 Mar 2022,2 JALAN LOKAM #03-22,Resale,Strata,40,"16,050",-,Apartment,1,Freehold,2016,Private,537846,19,53,North East Region,Hougang
HUNDRED TREES,"1,210,000",785.77,"1,540",17 Mar 2022,95 WEST COAST DRIVE #07-32,Resale,Strata,73,"16,575",-,Condominium,1,956 yrs from 27/05/1928,2013,HDB,128002,05,12,West Region,Clementi
OASIS @ ELIAS,"1,168,000","1,216.33",960,17 Mar 2022,68 ELIAS ROAD #14-15,Resale,Strata,113,"10,336",-,Condominium,1,99 yrs from 17/03/2008,2011,Private,519942,18,51,East Region,Pasir Ris
HIGH PARK RESIDENCES,"1,500,000","1,237.86","1,212",17 Mar 2022,23 FERNVALE ROAD #23-14,Resale,Strata,115,"13,043",-,Apartment,1,99 yrs from 05/11/2014,2019,HDB,797638,28,79,North East Region,Sengkang
RIVERFRONT RESIDENCES,"680,000",462.85,"1,469",17 Mar 2022,47 HOUGANG AVENUE 7 #03-35,Sub Sale,Strata,43,"15,814",-,Apartment,1,99 yrs from 31/05/2018,Uncompleted,HDB,533816,19,53,North East Region,Hougang
NEPTUNE COURT,"1,268,000","1,270.15",998,17 Mar 2022,8 MARINE VISTA #16-33,Resale,Strata,118,"10,746",-,Apartment,1,99 yrs from 01/11/1975,1975,HDB,449032,15,44,East Region,Bedok
CHELSEA LODGE,"1,580,000","1,227.1","1,288",17 Mar 2022,300 TANJONG KATONG ROAD #02-07,Resale,Strata,114,"13,860",-,Apartment,1,Freehold,2000,Private,437083,15,43,Central Region,Marine Parade
EIGHT RIVERSUITES,"1,460,000",979.52,"1,491",17 Mar 2022,6 WHAMPOA EAST #07-12,Resale,Strata,91,"16,044",-,Condominium,1,99 yrs from 11/07/2011,2016,HDB,338519,12,33,Central Region,Kallang
35 GILSTEAD,"1,775,000",699.66,"2,537",18 Mar 2022,35 GILSTEAD ROAD #03-13,New Sale,Strata,65,"27,308",-,Apartment,1,Freehold,Uncompleted,N.A,309079,11,30,Central Region,Novena
MAYFAIR GARDENS,"1,175,000",570.49,"2,060",18 Mar 2022,8 RIFLE RANGE ROAD #03-04,New Sale,Strata,53,"22,170",-,Condominium,1,99 yrs from 26/09/2018,Uncompleted,Private,588376,21,58,Central Region,Bukit Timah
ONE MEYER,"2,442,000",925.7,"2,638",18 Mar 2022,1 MEYER PLACE #10-02,New Sale,Strata,86,"28,395",-,Apartment,1,Freehold,Uncompleted,N.A,437988,15,43,Central Region,Marine Parade
THE HYDE,"4,375,800","1,474.67","2,967",18 Mar 2022,11 BALMORAL ROAD #12-05,New Sale,Strata,137,"31,940",-,Condominium,1,Freehold,Uncompleted,N.A,259796,10,25,Central Region,Tanglin
HAUS ON HANDY,"1,234,000",462.85,"2,666",18 Mar 2022,28 HANDY ROAD #07-04,New Sale,Strata,43,"28,698",-,Condominium,1,99 yrs from 07/05/2018,Uncompleted,N.A,229240,09,22,Central Region,Museum
THE FLORENCE RESIDENCES,"1,226,000",635.08,"1,930",18 Mar 2022,85 HOUGANG AVENUE 2 #17-19,New Sale,Strata,59,"20,780",-,Apartment,1,99 yrs from 24/12/2018,Uncompleted,N.A,538861,19,53,North East Region,Hougang
THE FLORENCE RESIDENCES,"2,003,000","1,184.04","1,692",18 Mar 2022,87 HOUGANG AVENUE 2 #18-30,New Sale,Strata,110,"18,209",-,Apartment,1,99 yrs from 24/12/2018,Uncompleted,N.A,538862,19,53,North East Region,Hougang
THE FLORENCE RESIDENCES,"1,218,000",635.08,"1,918",18 Mar 2022,97 HOUGANG AVENUE 2 #16-73,New Sale,Strata,59,"20,644",-,Apartment,1,99 yrs from 24/12/2018,Uncompleted,N.A,533753,19,53,North East Region,Hougang
THE FLORENCE RESIDENCES,"944,000",484.38,"1,949",18 Mar 2022,97 HOUGANG AVENUE 2 #16-80,New Sale,Strata,45,"20,978",-,Apartment,1,99 yrs from 24/12/2018,Uncompleted,N.A,533753,19,53,North East Region,Hougang
ONE PEARL BANK,"1,864,000",699.66,"2,664",18 Mar 2022,1 PEARL BANK #30-04,New Sale,Strata,65,"28,677",-,Apartment,1,99 yrs from 01/03/2019,Uncompleted,N.A,169016,03,16,Central Region,Outram
ONE PEARL BANK,"1,827,000",699.66,"2,611",18 Mar 2022,1 PEARL BANK #25-05,New Sale,Strata,65,"28,108",-,Apartment,1,99 yrs from 01/03/2019,Uncompleted,N.A,169016,03,16,Central Region,Outram
ONE PEARL BANK,"2,931,000","1,151.75","2,545",18 Mar 2022,1 PEARL BANK #28-12,New Sale,Strata,107,"27,393",-,Apartment,1,99 yrs from 01/03/2019,Uncompleted,N.A,169016,03,16,Central Region,Outram
NORMANTON PARK,"1,035,000",527.44,"1,962",18 Mar 2022,57 NORMANTON PARK #14-62,New Sale,Strata,49,"21,122",-,Apartment,1,99 yrs from 22/07/2019,Uncompleted,Private,117284,05,11,Central Region,Queenstown
1953,"980,000",548.96,"1,785",18 Mar 2022,1 TESSENSOHN ROAD #02-12,New Sale,Strata,51,"19,216",-,Apartment,1,Freehold,Uncompleted,N.A,217701,08,21,Central Region,Kallang
VERTICUS,"1,581,000",753.48,"2,098",18 Mar 2022,3 JALAN KEMAMAN #18-02,New Sale,Strata,70,"22,586",-,Apartment,1,Freehold,Uncompleted,Private,329343,12,32,Central Region,Novena
VERDALE,"1,724,500",947.23,"1,821",18 Mar 2022,16 DE SOUZA AVENUE #04-49,New Sale,Strata,88,"19,597",-,Apartment,1,99 yrs from 05/12/2018,Uncompleted,N.A,599464,21,59,Central Region,Bukit Timah
AVENUE SOUTH RESIDENCE,"2,235,000",947.23,"2,360",18 Mar 2022,11 SILAT AVENUE #55-36,New Sale,Strata,88,"25,398",-,Apartment,1,99 yrs from 14/08/2018,Uncompleted,N.A,168877,03,16,Central Region,Bukit Merah
PULLMAN RESIDENCES NEWTON,"3,312,400","1,162.51","2,849",18 Mar 2022,18 DUNEARN ROAD #13-02,New Sale,Strata,108,"30,670",-,Apartment,1,Freehold,Uncompleted,N.A,309421,11,30,Central Region,Novena
PULLMAN RESIDENCES NEWTON,"1,903,000",667.37,"2,852",18 Mar 2022,18 DUNEARN ROAD #09-07,New Sale,Strata,62,"30,694",-,Apartment,1,Freehold,Uncompleted,N.A,309421,11,30,Central Region,Novena
FORETT AT BUKIT TIMAH,"2,028,000",979.52,"2,070",18 Mar 2022,32 TOH TUCK ROAD #03-04,New Sale,Strata,91,"22,286",-,Apartment,1,Freehold,Uncompleted,N.A,596710,21,59,Central Region,Bukit Timah
FORETT AT BUKIT TIMAH,"1,740,000",764.24,"2,277",18 Mar 2022,34 TOH TUCK ROAD #08-32,New Sale,Strata,71,"24,507",-,Apartment,1,Freehold,Uncompleted,N.A,596712,21,59,Central Region,Bukit Timah
THE AVENIR,"7,748,000","2,411.14","3,213",18 Mar 2022,10 RIVER VALLEY CLOSE #07-11,New Sale,Strata,224,"34,589",-,Condominium,1,Freehold,Uncompleted,N.A,238438,09,23,Central Region,River Valley
LEEDON GREEN,"4,007,000","1,356.26","2,954",18 Mar 2022,36 LEEDON HEIGHTS #03-44,New Sale,Strata,126,"31,802",-,Condominium,1,Freehold,Uncompleted,N.A,266077,10,26,Central Region,Bukit Timah
LES MAISONS NASSIM,"59,768,640","12,066.44","4,953",18 Mar 2022,14A NASSIM ROAD #05-01,New Sale,Strata,"1,121","53,317",-,Condominium,1,Freehold,Uncompleted,Private,258385,10,25,Central Region,Tanglin
PHOENIX RESIDENCES,"1,149,635",721.19,"1,594",18 Mar 2022,83 PHOENIX AVENUE #02-09,New Sale,Strata,67,"17,159",-,Apartment,1,99 yrs from 05/11/2019,Uncompleted,N.A,668384,23,66,West Region,Bukit Batok
CLAVON,"2,229,000","1,280.92","1,740",18 Mar 2022,8 CLEMENTI AVENUE 1 #24-14,New Sale,Strata,119,"18,731",-,Apartment,1,99 yrs from 07/10/2019,Uncompleted,N.A,129964,05,12,West Region,Clementi
THE WATERGARDENS AT CANBERRA,"1,448,000",958,"1,511",18 Mar 2022,47 CANBERRA DRIVE #03-56,New Sale,Strata,89,"16,270",-,Apartment,1,99 yrs from 08/06/2020,Uncompleted,N.A,769325,27,76,North Region,Sembawang
CANNINGHILL PIERS,"2,250,000",828.83,"2,715",18 Mar 2022,1 CLARKE QUAY #08-05,New Sale,Strata,77,"29,221",-,Apartment,1,99 yrs from 17/09/2021,Uncompleted,N.A,179882,06,17,Central Region,Singapore River
CANNINGHILL PIERS,"2,825,000",893.41,"3,162",18 Mar 2022,1 CLARKE QUAY #44-07,New Sale,Strata,83,"34,036",-,Apartment,1,99 yrs from 17/09/2021,Uncompleted,N.A,179882,06,17,Central Region,Singapore River
ORANGE GROVE RESIDENCES,"4,250,000","2,002.1","2,123",18 Mar 2022,35 ORANGE GROVE ROAD #02-09,Resale,Strata,186,"22,849",-,Condominium,1,Freehold,2009,Private,258360,10,25,Central Region,Tanglin
HILLSTA,"1,220,000","1,087.16","1,122",18 Mar 2022,66 PHOENIX ROAD #03-06,Resale,Strata,101,"12,079",-,Condominium,1,99 yrs from 03/10/2011,2016,Private,668201,23,66,West Region,Bukit Batok
THE ROCHESTER RESIDENCES,"2,750,000","1,948.28","1,411",18 Mar 2022,33 ROCHESTER DRIVE #31-02,Resale,Strata,181,"15,193",-,Apartment,1,99 yrs from 02/02/2005,2011,Private,138638,05,13,Central Region,Queenstown
MANDARIN GARDENS,"950,000",731.95,"1,298",18 Mar 2022,5 SIGLAP ROAD #04-40,Resale,Strata,68,"13,971",-,Condominium,1,99 yrs from 08/03/1982,1986,Private,448908,15,44,East Region,Bedok
MODENA,"1,300,000","1,410.08",922,18 Mar 2022,35 SIMEI STREET 4 #03-06,Resale,Strata,131,"9,924",-,Condominium,1,99 yrs from 06/12/1997,2001,Private,529869,18,52,East Region,Tampines
THE GARDENS AT BISHAN,"1,438,000","1,151.75","1,249",18 Mar 2022,3 SIN MING WALK #03-21,Resale,Strata,107,"13,439",-,Condominium,1,99 yrs from 22/03/1997,2004,Private,575575,20,57,Central Region,Bishan
THE LINCOLN RESIDENCES,"2,700,000","1,323.97","2,039",18 Mar 2022,28 SURREY ROAD #11-03,Resale,Strata,123,"21,951",-,Condominium,1,Freehold,2011,HDB,307762,11,30,Central Region,Novena
ECHELON,"958,000",452.09,"2,119",18 Mar 2022,9 ALEXANDRA VIEW #41-13,Resale,Strata,42,"22,810",-,Condominium,1,99 yrs from 06/03/2012,2016,Private,158742,03,15,Central Region,Bukit Merah
WATERFRONT KEY,"1,880,000","1,442.38","1,303",18 Mar 2022,772 BEDOK RESERVOIR ROAD #05-09,Resale,Strata,134,"14,030",-,Condominium,1,99 yrs from 31/10/2007,2012,Private,479251,16,47,East Region,Bedok
URBAN VISTA,"1,025,000",688.9,"1,488",18 Mar 2022,6 TANAH MERAH KECHIL LINK #10-10,Resale,Strata,64,"16,016",-,Condominium,1,99 yrs from 05/11/2012,2016,Private,465419,16,46,East Region,Bedok
THE WATERSIDE,"3,780,000","2,142.04","1,765",18 Mar 2022,9 TANJONG RHU ROAD #11-04,Resale,Strata,199,"18,995",-,Condominium,1,Freehold,1992,Private,436894,15,43,Central Region,Kallang
KINGSFORD WATERBAY,"638,888",473.62,"1,349",18 Mar 2022,70 UPPER SERANGOON VIEW #06-35,Resale,Strata,44,"14,520",-,Apartment,1,99 yrs from 03/03/2014,2018,HDB,533883,19,53,North East Region,Hougang
THOMSON THREE,"840,000",495.14,"1,696",18 Mar 2022,41 BRIGHT HILL DRIVE #12-04,Resale,Strata,46,"18,261",-,Apartment,1,99 yrs from 07/11/2012,2016,Private,573893,20,57,Central Region,Bishan
HELIOS RESIDENCES,"3,950,000","1,668.42","2,368",18 Mar 2022,15 CAIRNHILL CIRCLE #15-03,Resale,Strata,155,"25,484",-,Apartment,1,Freehold,2011,Private,229815,09,22,Central Region,Newton
JEWEL @ BUANGKOK,"705,000",462.85,"1,523",18 Mar 2022,87 COMPASSVALE BOW #07-25,Resale,Strata,43,"16,395",-,Condominium,1,99 yrs from 12/09/2012,2016,HDB,544686,19,54,North East Region,Sengkang
THE VISION,"1,150,000",818.06,"1,406",18 Mar 2022,79 WEST COAST CRESCENT #05-03,Resale,Strata,76,"15,132",-,Condominium,1,99 yrs from 25/06/2008,2014,HDB,126793,05,12,West Region,Clementi
DOMAIN 21,"2,030,000","1,280.92","1,585",18 Mar 2022,23 DELTA ROAD #03-05,Resale,Strata,119,"17,059",-,Condominium,1,99 yrs from 02/07/2004,2007,Private,169814,03,16,Central Region,Bukit Merah
DOVER PARKVIEW,"1,128,000",936.47,"1,205",18 Mar 2022,36 DOVER RISE #02-04,Resale,Strata,87,"12,966",-,Condominium,1,99 yrs from 01/12/1993,1997,Private,138685,05,13,Central Region,Queenstown
HIGH PARK RESIDENCES,"1,700,000","1,367.03","1,244",18 Mar 2022,21 FERNVALE ROAD #03-02,Resale,Strata,127,"13,386",-,Apartment,1,99 yrs from 05/11/2014,2019,Private,797637,28,79,North East Region,Sengkang
PARC CENTENNIAL,"2,350,000","1,550.02","1,516",18 Mar 2022,100 KAMPONG JAVA ROAD #12-03,Resale,Strata,144,"16,319",-,Apartment,1,Freehold,2011,HDB,228867,09,22,Central Region,Novena
KOVAN RESIDENCES,"2,460,000","1,765.3","1,394",18 Mar 2022,7A KOVAN ROAD #05-31,Resale,Strata,164,"15,000",-,Condominium,1,99 yrs from 31/12/2007,2011,HDB,544897,19,54,North East Region,Hougang
TREVISTA,"2,927,000","1,808.35","1,619",18 Mar 2022,23 LORONG 3 TOA PAYOH #32-09,Resale,Strata,168,"17,423",-,Condominium,1,99 yrs from 15/07/2008,2011,Private,319582,12,31,Central Region,Toa Payoh
NESS,"1,120,000","1,054.87","1,062",18 Mar 2022,38 LORONG 32 GEYLANG #07-10,Resale,Strata,98,"11,429",-,Apartment,1,Freehold,2015,Private,398298,14,39,Central Region,Geylang
SKIES MILTONIA,"800,000",721.19,"1,109",18 Mar 2022,21 MILTONIA CLOSE #02-04,Resale,Strata,67,"11,940",-,Condominium,1,99 yrs from 20/02/2012,2016,Private,768058,27,76,North Region,Yishun
SKIES MILTONIA,"855,000",742.72,"1,151",18 Mar 2022,21 MILTONIA CLOSE #07-01,Resale,Strata,69,"12,391",-,Condominium,1,99 yrs from 20/02/2012,2016,HDB,768058,27,76,North Region,Yishun
BOATHOUSE RESIDENCES,"1,150,000","1,001.05","1,149",18 Mar 2022,29 UPPER SERANGOON VIEW #12-17,Resale,Strata,93,"12,366",-,Condominium,1,99 yrs from 09/02/2011,2015,Private,534044,19,53,North East Region,Hougang
KINGSFORD WATERBAY,"628,000",484.38,"1,297",18 Mar 2022,66 UPPER SERANGOON VIEW #04-10,Resale,Strata,45,"13,956",-,Apartment,1,99 yrs from 03/03/2014,2018,Private,533885,19,53,North East Region,Hougang
THE ALPS RESIDENCES,"760,000",505.91,"1,502",18 Mar 2022,107 TAMPINES STREET 86 #14-14,Sub Sale,Strata,47,"16,170",-,Condominium,1,99 yrs from 03/08/2015,2019,HDB,528533,18,52,East Region,Tampines
CASA MERAH,"1,550,000","1,227.1","1,263",18 Mar 2022,54 TANAH MERAH KECHIL AVENUE #11-10,Resale,Strata,114,"13,596",-,Apartment,1,99 yrs from 11/07/2006,2009,Private,465526,16,46,East Region,Bedok
URBAN VISTA,"1,030,000",678.13,"1,519",18 Mar 2022,14 TANAH MERAH KECHIL LINK #09-28,Resale,Strata,63,"16,349",-,Condominium,1,99 yrs from 05/11/2012,2016,Private,465423,16,46,East Region,Bedok
SIMS URBAN OASIS,"1,260,000",785.77,"1,604",18 Mar 2022,8 SIMS DRIVE #09-28,Resale,Strata,73,"17,260",-,Condominium,1,99 yrs from 29/07/2014,2017,HDB,387389,14,38,Central Region,Geylang
PAVILION 11,"2,780,000","1,485.43","1,872",18 Mar 2022,25 AKYAB ROAD #24-05,Resale,Strata,138,"20,145",-,Condominium,1,Freehold,2009,Private,309979,11,30,Central Region,Novena
NOUVEL 18,"5,720,000","1,679.18","3,406",18 Mar 2022,18 ANDERSON ROAD #28-04,Resale,Strata,156,"36,667",-,Condominium,1,Freehold,2014,HDB,259977,10,25,Central Region,Newton
STURDEE RESIDENCES,"1,230,000",656.6,"1,873",18 Mar 2022,10 BEATTY ROAD #13-07,Resale,Strata,61,"20,164",-,Condominium,1,99 yrs from 29/06/2015,2019,Private,209955,08,20,Central Region,Kallang
THE GLADES,"1,100,000",721.19,"1,525",18 Mar 2022,6 BEDOK RISE #04-17,Resale,Strata,67,"16,418",-,Condominium,1,99 yrs from 21/01/2013,2016,HDB,469599,16,46,East Region,Bedok
ECO,"840,000",635.08,"1,323",18 Mar 2022,275 BEDOK SOUTH AVENUE 3 #04-23,Resale,Strata,59,"14,237",-,Condominium,1,99 yrs from 14/05/2012,2017,HDB,465491,16,46,East Region,Bedok
SIMS EDGE,"1,310,000","1,194.8","1,096",18 Mar 2022,1 GEYLANG EAST AVENUE 2 #15-01,Resale,Strata,111,"11,802",-,Apartment,1,Freehold,2014,HDB,389760,14,38,Central Region,Geylang
HILLINGTON GREEN,"2,188,000","1,528.49","1,431",18 Mar 2022,49 HILLVIEW AVENUE #07-06,Resale,Strata,142,"15,408",-,Condominium,1,999 yrs from 19/05/1883,2002,HDB,669615,23,66,West Region,Bukit Batok
VILLA MARINA,"1,500,000","1,280.92","1,171",18 Mar 2022,23 JALAN SEMPADAN #02-02,Resale,Strata,119,"12,605",-,Condominium,1,99 yrs from 13/02/1995,1999,Private,457399,15,45,East Region,Bedok
KAP RESIDENCES,"1,500,000",925.7,"1,620",18 Mar 2022,11 KING ALBERT PARK #06-30,Resale,Strata,86,"17,442",-,Apartment,1,Freehold,2016,Private,598292,21,59,Central Region,Bukit Timah
VACANZA @ EAST,"1,340,000","1,022.58","1,310",18 Mar 2022,50 LENGKONG TUJOH #07-35,Resale,Strata,95,"14,105",-,Condominium,1,Freehold,2014,Private,417398,14,41,East Region,Bedok
MIRO,"2,650,000","1,700.71","1,558",18 Mar 2022,1 LINCOLN ROAD #05-02,Resale,Strata,158,"16,772",-,Apartment,1,Freehold,2012,Private,308365,11,30,Central Region,Novena
BARTLEY RESIDENCES,"2,295,000","1,625.36","1,412",18 Mar 2022,7 LORONG HOW SUN #17-36,Resale,Strata,151,"15,199",-,Apartment,1,99 yrs from 29/06/2011,2015,Private,536564,19,53,North East Region,Serangoon
THE POIZ RESIDENCES,"768,000",441.32,"1,740",18 Mar 2022,10 MEYAPPA CHETTIAR ROAD #16-24,Resale,Strata,41,"18,732",-,Apartment,1,99 yrs from 17/11/2014,2018,HDB,358473,13,35,Central Region,Toa Payoh
NATHAN PLACE,"1,720,000","1,367.03","1,258",18 Mar 2022,16 NATHAN ROAD #05-03,Resale,Strata,127,"13,543",-,Condominium,1,Freehold,2006,Private,248742,10,24,Central Region,Tanglin
N.A.,"988,000",376.74,"2,622",18 Mar 2022,265 OUTRAM ROAD #02-02,Resale,Strata,35,"28,229",-,Apartment,1,Freehold,2019,HDB,169059,03,16,Central Region,Bukit Merah
THE WISTERIA,"1,190,000",968.76,"1,228",18 Mar 2022,592 YISHUN RING ROAD #10-15,Resale,Strata,90,"13,222",-,Apartment,1,99 yrs from 27/04/2015,2018,HDB,768695,27,76,North Region,Yishun
ONE BERNAM,"2,032,520",828.83,"2,452",18 Mar 2022,1 BERNAM STREET #11-10,New Sale,Strata,77,"26,396",-,Apartment,1,99 yrs from 10/12/2019,Uncompleted,N.A,078852,02,07,Central Region,Downtown Core
CASA FORTUNA,"888,000",710.42,"1,250",18 Mar 2022,38 AH HOOD ROAD #08-05,Resale,Strata,66,"13,455",-,Apartment,1,Freehold,2011,Private,329981,12,32,Central Region,Novena
JEWEL @ BUANGKOK,"1,040,000",775.01,"1,342",18 Mar 2022,87 COMPASSVALE BOW #04-28,Resale,Strata,72,"14,444",-,Condominium,1,99 yrs from 12/09/2012,2016,Private,544686,19,54,North East Region,Sengkang
THE NAUTICAL,"1,088,000",990.29,"1,099",18 Mar 2022,95 JALAN SENDUDOK #04-50,Resale,Strata,92,"11,826",-,Condominium,1,99 yrs from 29/08/2011,2015,Private,769473,27,76,North Region,Sembawang
CORALIS,"1,700,000",861.12,"1,974",18 Mar 2022,530 JOO CHIAT ROAD #04-02,Resale,Strata,80,"21,250",-,Condominium,1,Freehold,2013,Private,427710,15,42,Central Region,Marine Parade
RIVERVALE CREST,"920,000","1,194.8",770,18 Mar 2022,9 RIVERVALE CRESCENT #06-28,Resale,Strata,111,"8,288",-,Apartment,1,99 yrs from 06/12/1997,2002,Private,545086,19,54,North East Region,Sengkang
REGENT RESIDENCES,"1,200,000",818.06,"1,467",18 Mar 2022,1091 SERANGOON ROAD #07-02,Resale,Strata,76,"15,789",-,Apartment,1,Freehold,2015,Private,328190,12,32,Central Region,Kallang
3 ORCHARD BY-THE-PARK,"6,826,000","1,862.17","3,666",18 Mar 2022,3 ORCHARD BOULEVARD #14-02,Resale,Strata,173,"39,457",-,Condominium,1,Freehold,2017,Private,248653,10,24,Central Region,Orchard
N.A.,"1,730,000",731.95,"2,364",18 Mar 2022,265 OUTRAM ROAD #03-06,Resale,Strata,68,"25,441",-,Apartment,1,Freehold,2019,Private,169059,03,16,Central Region,Bukit Merah
PARKVIEW APARTMENTS,"888,000","1,119.46",793,18 Mar 2022,1 BUKIT BATOK STREET 25 #02-26,Resale,Strata,104,"8,538",-,Apartment,1,99 yrs from 01/05/1994,1998,HDB,658882,23,65,West Region,Bukit Batok
YISHUN EMERALD,"1,010,000","1,205.57",838,18 Mar 2022,32 CANBERRA DRIVE #04-25,Resale,Strata,112,"9,018",-,Condominium,1,99 yrs from 16/02/1998,2002,Private,768431,27,76,North Region,Yishun
YISHUN SAPPHIRE,"885,000","1,033.34",856,18 Mar 2022,46 CANBERRA DRIVE #03-11,Resale,Strata,96,"9,219",-,Condominium,1,99 yrs from 16/02/1998,2001,HDB,768436,27,76,North Region,Yishun
HERITAGE VIEW,"1,234,000",968.76,"1,274",18 Mar 2022,10 DOVER RISE #11-12,Resale,Strata,90,"13,711",-,Condominium,1,99 yrs from 12/08/1996,2000,Private,138680,05,13,Central Region,Queenstown
SEVEN HOLT ROAD,"3,200,000","1,872.94","1,709",18 Mar 2022,7 HOLT ROAD #06-02,Resale,Strata,174,"18,391",-,Apartment,1,Freehold,2000,Private,249445,10,24,Central Region,Tanglin
PALM GARDENS,"1,120,000","1,216.33",921,18 Mar 2022,2C HONG SAN WALK #07-05,Resale,Strata,113,"9,912",-,Condominium,1,99 yrs from 12/08/1996,2000,HDB,689049,23,68,West Region,Choa Chu Kang
KOVAN REGENCY,"1,328,000",893.41,"1,486",18 Mar 2022,4 KOVAN RISE #02-10,Resale,Strata,83,"16,000",-,Condominium,1,99 yrs from 24/04/2012,2015,Private,544735,19,54,North East Region,Hougang
NESS,"642,888",430.56,"1,493",18 Mar 2022,38 LORONG 32 GEYLANG #03-11,Resale,Strata,40,"16,072",-,Apartment,1,Freehold,2015,HDB,398298,14,39,Central Region,Geylang
BARTLEY RESIDENCES,"1,300,000",904.18,"1,438",18 Mar 2022,3 LORONG HOW SUN #07-09,Resale,Strata,84,"15,476",-,Apartment,1,99 yrs from 29/06/2011,2015,Private,536560,19,53,North East Region,Serangoon
PRESTO@UPPER SERANGOON,"630,000",430.56,"1,463",18 Mar 2022,528 UPPER SERANGOON ROAD #02-02,Resale,Strata,40,"15,750",-,Apartment,1,Freehold,2016,HDB,534543,19,53,North East Region,Serangoon
BOATHOUSE RESIDENCES,"1,180,000","1,001.05","1,179",18 Mar 2022,29 UPPER SERANGOON VIEW #13-17,Resale,Strata,93,"12,688",-,Condominium,1,99 yrs from 09/02/2011,2015,Private,534044,19,53,North East Region,Hougang
LANGSTON VILLE,"1,685,000",936.47,"1,799",18 Mar 2022,15 KIM YAM ROAD #06-06,Resale,Strata,87,"19,368",-,Apartment,1,999 yrs from 01/07/1841,2000,Private,239328,09,23,Central Region,River Valley
THE INTERLACE,"2,500,000","1,765.3","1,416",18 Mar 2022,188 DEPOT ROAD #17-15,Resale,Strata,164,"15,244",-,Condominium,1,99 yrs from 11/02/2009,2013,HDB,109688,04,10,Central Region,Bukit Merah
PARC OASIS,"1,400,000","1,388.56","1,008",18 Mar 2022,37 JURONG EAST AVENUE 1 #09-04,Resale,Strata,129,"10,853",-,Condominium,1,99 yrs from 01/12/1991,1994,HDB,609775,22,60,West Region,Jurong East
THE WOODLEIGH RESIDENCES,"2,075,000",958,"2,166",19 Mar 2022,15 BIDADARI PARK DRIVE #03-06,New Sale,Strata,89,"23,315",-,Apartment,1,99 yrs from 18/09/2017,Uncompleted,N.A,367805,13,36,Central Region,Toa Payoh
PARKWOOD RESIDENCES,"1,639,000","1,076.4","1,523",19 Mar 2022,208 YIO CHU KANG ROAD #02-01,New Sale,Strata,100,"16,390",-,Apartment,1,99 yrs from 26/04/2018,Uncompleted,N.A,545653,19,54,North East Region,Hougang
AFFINITY AT SERANGOON,"2,201,138","1,453.14","1,515",19 Mar 2022,22 SERANGOON NORTH AVENUE 1 #04-25,New Sale,Strata,135,"16,305",-,Apartment,1,99 yrs from 18/05/2018,Uncompleted,HDB,554338,19,55,North East Region,Serangoon
MAYFAIR GARDENS,"1,701,810",839.59,"2,027",19 Mar 2022,12 RIFLE RANGE ROAD #05-30,New Sale,Strata,78,"21,818",-,Condominium,1,99 yrs from 26/09/2018,Uncompleted,N.A,588378,21,58,Central Region,Bukit Timah
PETIT JERVOIS,"2,537,000",914.94,"2,773",19 Mar 2022,33 JERVOIS ROAD #05-09,New Sale,Strata,85,"29,847",-,Apartment,1,Freehold,2022,N.A,247657,10,24,Central Region,Tanglin
HAUS ON HANDY,"1,562,000",592.02,"2,638",19 Mar 2022,30 HANDY ROAD #09-19,New Sale,Strata,55,"28,400",-,Condominium,1,99 yrs from 07/05/2018,Uncompleted,N.A,229241,09,22,Central Region,Museum
NORMANTON PARK,"1,030,000",527.44,"1,953",19 Mar 2022,57 NORMANTON PARK #11-61,New Sale,Strata,49,"21,020",-,Apartment,1,99 yrs from 22/07/2019,Uncompleted,N.A,117284,05,11,Central Region,Queenstown
NORMANTON PARK,"1,033,000",527.44,"1,959",19 Mar 2022,57 NORMANTON PARK #13-61,New Sale,Strata,49,"21,082",-,Apartment,1,99 yrs from 22/07/2019,Uncompleted,N.A,117284,05,11,Central Region,Queenstown
NORMANTON PARK,"1,038,000",527.44,"1,968",19 Mar 2022,57 NORMANTON PARK #15-62,New Sale,Strata,49,"21,184",-,Apartment,1,99 yrs from 22/07/2019,Uncompleted,N.A,117284,05,11,Central Region,Queenstown
NORMANTON PARK,"1,047,000",527.44,"1,985",19 Mar 2022,57 NORMANTON PARK #21-62,New Sale,Strata,49,"21,367",-,Apartment,1,99 yrs from 22/07/2019,Uncompleted,HDB,117284,05,11,Central Region,Queenstown
NORMANTON PARK,"1,046,000",527.44,"1,983",19 Mar 2022,57 NORMANTON PARK #20-62,New Sale,Strata,49,"21,347",-,Apartment,1,99 yrs from 22/07/2019,Uncompleted,N.A,117284,05,11,Central Region,Queenstown
PARC KOMO,"2,215,865","1,302.44","1,701",19 Mar 2022,971 UPPER CHANGI ROAD NORTH #01-49,New Sale,Strata,121,"18,313",-,Apartment,1,Freehold,Uncompleted,N.A,507668,17,50,East Region,Pasir Ris
VERTICUS,"1,593,000",753.48,"2,114",19 Mar 2022,3 JALAN KEMAMAN #20-02,New Sale,Strata,70,"22,757",-,Apartment,1,Freehold,Uncompleted,N.A,329343,12,32,Central Region,Novena
AVENUE SOUTH RESIDENCE,"1,534,000",656.6,"2,336",19 Mar 2022,11 SILAT AVENUE #48-33,New Sale,Strata,61,"25,148",-,Apartment,1,99 yrs from 14/08/2018,Uncompleted,N.A,168877,03,16,Central Region,Bukit Merah
AVENUE SOUTH RESIDENCE,"1,632,000",656.6,"2,486",19 Mar 2022,13 SILAT AVENUE #45-40,New Sale,Strata,61,"26,754",-,Apartment,1,99 yrs from 14/08/2018,Uncompleted,N.A,168878,03,16,Central Region,Bukit Merah
MEYER MANSION,"1,958,600",688.9,"2,843",19 Mar 2022,79 MEYER ROAD #10-05,New Sale,Strata,64,"30,603",-,Apartment,1,Freehold,Uncompleted,N.A,437906,15,43,Central Region,Marine Parade
PULLMAN RESIDENCES NEWTON,"4,129,000","1,377.79","2,997",19 Mar 2022,18 DUNEARN ROAD #20-09,New Sale,Strata,128,"32,258",-,Apartment,1,Freehold,Uncompleted,N.A,309421,11,30,Central Region,Novena
PULLMAN RESIDENCES NEWTON,"2,059,000",667.37,"3,085",19 Mar 2022,18 DUNEARN ROAD #18-10,New Sale,Strata,62,"33,210",-,Apartment,1,Freehold,Uncompleted,N.A,309421,11,30,Central Region,Novena
THE AVENIR,"1,499,000",527.44,"2,842",19 Mar 2022,8 RIVER VALLEY CLOSE #04-02,New Sale,Strata,49,"30,592",-,Condominium,1,Freehold,Uncompleted,N.A,238432,09,23,Central Region,River Valley
KOPAR AT NEWTON,"2,626,470","1,054.87","2,490",19 Mar 2022,6 MAKEWAY AVENUE #22-07,New Sale,Strata,98,"26,801",-,Apartment,1,99 yrs from 22/04/2019,Uncompleted,N.A,228606,09,22,Central Region,Novena
KOPAR AT NEWTON,"1,837,000",688.9,"2,667",19 Mar 2022,8 MAKEWAY AVENUE #17-13,New Sale,Strata,64,"28,703",-,Apartment,1,99 yrs from 22/04/2019,Uncompleted,N.A,228607,09,22,Central Region,Novena
PENROSE,"2,387,000","1,388.56","1,719",19 Mar 2022,20 SIMS DRIVE #14-03,New Sale,Strata,129,"18,504",-,Apartment,1,99 yrs from 03/07/2019,Uncompleted,N.A,387395,14,38,Central Region,Geylang
ONE-NORTH EDEN,"2,825,000","1,399.32","2,019",19 Mar 2022,10 SLIM BARRACKS RISE #14-12,New Sale,Strata,130,"21,731",-,Apartment,1,99 yrs from 10/12/2019,Uncompleted,N.A,138493,05,13,Central Region,Queenstown
THE WATERGARDENS AT CANBERRA,"1,640,000","1,108.69","1,479",19 Mar 2022,41 CANBERRA DRIVE #01-41,New Sale,Strata,103,"15,922",-,Apartment,1,99 yrs from 08/06/2020,Uncompleted,N.A,769322,27,76,North Region,Sembawang
WILSHIRE RESIDENCES,"2,013,000",742.72,"2,710",19 Mar 2022,30 FARRER ROAD #02-05,New Sale,Strata,69,"29,174",-,Apartment,1,Freehold,Uncompleted,N.A,268832,10,26,Central Region,Tanglin
WILSHIRE RESIDENCES,"1,738,000",645.84,"2,691",19 Mar 2022,30 FARRER ROAD #09-07,New Sale,Strata,60,"28,967",-,Apartment,1,Freehold,Uncompleted,HDB,268832,10,26,Central Region,Tanglin
THE WOODLEIGH RESIDENCES,"3,167,000","1,474.67","2,148",20 Mar 2022,33 BIDADARI PARK DRIVE #08-59,New Sale,Strata,137,"23,117",-,Apartment,1,99 yrs from 18/09/2017,Uncompleted,N.A,367801,13,36,Central Region,Toa Payoh
AMBER PARK,"3,833,000","1,571.54","2,439",20 Mar 2022,16 AMBER GARDENS #13-07,New Sale,Strata,146,"26,253",-,Condominium,1,Freehold,Uncompleted,HDB,439961,15,43,Central Region,Marine Parade
KENT RIDGE HILL RESIDENCES,"1,798,960",882.65,"2,038",20 Mar 2022,68 SOUTH BUONA VISTA ROAD #01-90,New Sale,Strata,82,"21,939",-,Apartment,1,99 yrs from 10/11/2018,Uncompleted,N.A,117328,05,11,Central Region,Queenstown
MAYFAIR GARDENS,"1,669,863",828.83,"2,015",20 Mar 2022,16 RIFLE RANGE ROAD #05-43,New Sale,Strata,77,"21,687",-,Condominium,1,99 yrs from 26/09/2018,Uncompleted,N.A,588407,21,58,Central Region,Bukit Timah
THE HYDE,"1,415,000",495.14,"2,858",20 Mar 2022,11 BALMORAL ROAD #06-06,New Sale,Strata,46,"30,761",-,Condominium,1,Freehold,Uncompleted,N.A,259796,10,25,Central Region,Tanglin
HAUS ON HANDY,"1,584,000",602.78,"2,628",20 Mar 2022,30 HANDY ROAD #09-17,New Sale,Strata,56,"28,286",-,Condominium,1,99 yrs from 07/05/2018,Uncompleted,N.A,229241,09,22,Central Region,Museum
THE FLORENCE RESIDENCES,"1,785,000","1,011.82","1,764",20 Mar 2022,91 HOUGANG AVENUE 2 #14-47,New Sale,Strata,94,"18,989",-,Apartment,1,99 yrs from 24/12/2018,Uncompleted,N.A,538864,19,53,North East Region,Hougang
THE FLORENCE RESIDENCES,"1,846,000","1,097.93","1,681",20 Mar 2022,93 HOUGANG AVENUE 2 #15-56,New Sale,Strata,102,"18,098",-,Apartment,1,99 yrs from 24/12/2018,Uncompleted,N.A,538865,19,53,North East Region,Hougang
NORMANTON PARK,"1,770,000",936.47,"1,890",20 Mar 2022,51 NORMANTON PARK #11-32,New Sale,Strata,87,"20,345",-,Apartment,1,99 yrs from 22/07/2019,Uncompleted,N.A,117281,05,11,Central Region,Queenstown
NORMANTON PARK,"2,512,000","1,334.74","1,882",20 Mar 2022,53 NORMANTON PARK #15-42,New Sale,Strata,124,"20,258",-,Apartment,1,99 yrs from 22/07/2019,Uncompleted,N.A,117282,05,11,Central Region,Queenstown
NORMANTON PARK,"2,069,000","1,087.16","1,903",20 Mar 2022,55 NORMANTON PARK #17-46,New Sale,Strata,101,"20,485",-,Apartment,1,99 yrs from 22/07/2019,Uncompleted,Private,117283,05,11,Central Region,Queenstown
NORMANTON PARK,"1,833,000",958,"1,913",20 Mar 2022,55 NORMANTON PARK #22-51,New Sale,Strata,89,"20,596",-,Apartment,1,99 yrs from 22/07/2019,Uncompleted,N.A,117283,05,11,Central Region,Queenstown
NORMANTON PARK,"1,991,000","1,065.64","1,868",20 Mar 2022,57 NORMANTON PARK #07-55,New Sale,Strata,99,"20,111",-,Apartment,1,99 yrs from 22/07/2019,Uncompleted,N.A,117284,05,11,Central Region,Queenstown
NORMANTON PARK,"1,035,000",527.44,"1,962",20 Mar 2022,57 NORMANTON PARK #14-61,New Sale,Strata,49,"21,122",-,Apartment,1,99 yrs from 22/07/2019,Uncompleted,N.A,117284,05,11,Central Region,Queenstown
NORMANTON PARK,"1,039,000",527.44,"1,970",20 Mar 2022,57 NORMANTON PARK #16-61,New Sale,Strata,49,"21,204",-,Apartment,1,99 yrs from 22/07/2019,Uncompleted,N.A,117284,05,11,Central Region,Queenstown
NORMANTON PARK,"1,047,000",527.44,"1,985",20 Mar 2022,57 NORMANTON PARK #21-61,New Sale,Strata,49,"21,367",-,Apartment,1,99 yrs from 22/07/2019,Uncompleted,N.A,117284,05,11,Central Region,Queenstown
NORMANTON PARK,"1,044,000",527.44,"1,979",20 Mar 2022,57 NORMANTON PARK #19-61,New Sale,Strata,49,"21,306",-,Apartment,1,99 yrs from 22/07/2019,Uncompleted,HDB,117284,05,11,Central Region,Queenstown
NORMANTON PARK,"1,050,000",527.44,"1,991",20 Mar 2022,57 NORMANTON PARK #22-62,New Sale,Strata,49,"21,429",-,Apartment,1,99 yrs from 22/07/2019,Uncompleted,N.A,117284,05,11,Central Region,Queenstown
VERTICUS,"2,756,000","1,248.62","2,207",20 Mar 2022,3 JALAN KEMAMAN #27-01,New Sale,Strata,116,"23,759",-,Apartment,1,Freehold,Uncompleted,N.A,329343,12,32,Central Region,Novena
VERTICUS,"1,502,000",699.66,"2,147",20 Mar 2022,3 JALAN KEMAMAN #09-06,New Sale,Strata,65,"23,108",-,Apartment,1,Freehold,Uncompleted,Private,329343,12,32,Central Region,Novena
VERDALE,"1,393,700",731.95,"1,904",20 Mar 2022,2 DE SOUZA AVENUE #05-02,New Sale,Strata,68,"20,496",-,Apartment,1,99 yrs from 05/12/2018,Uncompleted,Private,599458,21,59,Central Region,Bukit Timah
AVENUE SOUTH RESIDENCE,"1,659,000",656.6,"2,527",20 Mar 2022,11 SILAT AVENUE #49-28,New Sale,Strata,61,"27,197",-,Apartment,1,99 yrs from 14/08/2018,Uncompleted,N.A,168877,03,16,Central Region,Bukit Merah
AVENUE SOUTH RESIDENCE,"1,545,000",656.6,"2,353",20 Mar 2022,11 SILAT AVENUE #50-33,New Sale,Strata,61,"25,328",-,Apartment,1,99 yrs from 14/08/2018,Uncompleted,N.A,168877,03,16,Central Region,Bukit Merah
FORETT AT BUKIT TIMAH,"1,606,000",764.24,"2,101",20 Mar 2022,36 TOH TUCK ROAD #04-55,New Sale,Strata,71,"22,620",-,Apartment,1,Freehold,Uncompleted,Private,596714,21,59,Central Region,Bukit Timah
FORETT AT BUKIT TIMAH,"1,597,000",764.24,"2,090",20 Mar 2022,36 TOH TUCK ROAD #03-55,New Sale,Strata,71,"22,493",-,Apartment,1,Freehold,Uncompleted,Private,596714,21,59,Central Region,Bukit Timah
THE LANDMARK,"1,188,000",516.67,"2,299",20 Mar 2022,173 CHIN SWEE ROAD #15-03,New Sale,Strata,48,"24,750",-,Condominium,1,99 yrs from 28/08/2020,Uncompleted,Private,169878,03,16,Central Region,Outram
PENROSE,"2,373,000","1,388.56","1,709",20 Mar 2022,22 SIMS DRIVE #15-12,New Sale,Strata,129,"18,395",-,Apartment,1,99 yrs from 03/07/2019,Uncompleted,N.A,387396,14,38,Central Region,Geylang
KI RESIDENCES AT BROOKVALE,"1,693,000",861.12,"1,966",20 Mar 2022,2 BROOKVALE DRIVE #03-02,New Sale,Strata,80,"21,163",-,Condominium,1,999 yrs from 23/03/1885,Uncompleted,N.A,599973,21,59,West Region,Clementi
KI RESIDENCES AT BROOKVALE,"1,997,000",979.52,"2,039",20 Mar 2022,6 BROOKVALE DRIVE #03-11,New Sale,Strata,91,"21,945",-,Condominium,1,999 yrs from 23/03/1885,Uncompleted,Private,599975,21,59,West Region,Clementi
THE WATERGARDENS AT CANBERRA,"1,602,000","1,108.69","1,445",20 Mar 2022,53 CANBERRA DRIVE #02-73,New Sale,Strata,103,"15,553",-,Apartment,1,99 yrs from 08/06/2020,Uncompleted,N.A,769328,27,76,North Region,Sembawang
SANCTUARY GREEN,"1,520,000","1,140.98","1,332",21 Mar 2022,181 TANJONG RHU ROAD #06-11,Resale,Strata,106,"14,340",-,Condominium,1,99 yrs from 17/03/1997,2004,Private,436922,15,43,Central Region,Kallang
THOMSON EURO-ASIA,"2,655,000","1,291.68","2,055",21 Mar 2022,150 THOMSON ROAD #08-02,Resale,Strata,120,"22,125",-,Condominium,1,Freehold,2002,Private,307605,11,30,Central Region,Novena
SUNHAVEN,"1,150,000","1,065.64","1,079",21 Mar 2022,781 UPPER CHANGI ROAD EAST #04-12,Resale,Strata,99,"11,616",-,Condominium,1,Freehold,2002,Private,486069,16,48,East Region,Tampines
BOTANIQUE AT BARTLEY,"1,078,000",656.6,"1,642",21 Mar 2022,233 UPPER PAYA LEBAR ROAD #14-35,Resale,Strata,61,"17,672",-,Condominium,1,99 yrs from 14/04/2014,2019,HDB,533869,19,53,North East Region,Serangoon
RIVERSAILS,"978,000",882.65,"1,108",21 Mar 2022,14 UPPER SERANGOON CRESCENT #03-39,Resale,Strata,82,"11,927",-,Condominium,1,99 yrs from 07/12/2011,2016,HDB,534029,19,53,North East Region,Hougang
BLUE HORIZON,"1,470,000","1,216.33","1,209",21 Mar 2022,25 WEST COAST CRESCENT #20-17,Resale,Strata,113,"13,009",-,Condominium,1,99 yrs from 14/08/2000,2005,HDB,128047,05,12,West Region,Clementi
CLEMENTIWOODS CONDOMINIUM,"2,035,000","1,625.36","1,252",21 Mar 2022,90 WEST COAST ROAD #03-48,Resale,Strata,151,"13,477",-,Condominium,1,99 yrs from 07/02/2006,2010,Private,126810,05,12,West Region,Clementi
ROBERTSON 100,"2,110,000","1,033.34","2,042",21 Mar 2022,100 ROBERTSON QUAY #03-02,Resale,Strata,96,"21,979",-,Apartment,1,Freehold,2004,Private,238250,09,23,Central Region,Singapore River
LA FIESTA,"1,108,000",828.83,"1,337",21 Mar 2022,60 SENGKANG SQUARE #03-22,Resale,Strata,77,"14,390",-,Condominium,1,99 yrs from 03/09/2012,2016,Private,544700,19,54,North East Region,Sengkang
MIDTOWN RESIDENCES,"1,020,000",796.54,"1,281",21 Mar 2022,1189 SERANGOON ROAD #03-14,Resale,Strata,74,"13,784",-,Apartment,1,99 yrs from 24/01/2013,-,Private,534785,19,53,North East Region,Hougang
THE BAYSHORE,"1,490,000","1,184.04","1,258",21 Mar 2022,22 BAYSHORE ROAD #25-08,Resale,Strata,110,"13,545",-,Condominium,1,99 yrs from 31/05/1993,1996,HDB,469970,16,46,East Region,Bedok
EIGHT COURTYARDS,"935,000",861.12,"1,086",21 Mar 2022,6 CANBERRA DRIVE #07-05,Resale,Strata,80,"11,688",-,Condominium,1,99 yrs from 20/09/2010,2014,HDB,768140,27,76,North Region,Yishun
TREE HOUSE,"1,180,000","1,076.4","1,096",21 Mar 2022,62 CHESTNUT AVENUE #01-07,Resale,Strata,100,"11,800",-,Condominium,1,99 yrs from 23/11/2009,2013,Private,679518,23,67,West Region,Bukit Panjang
PALM ISLES,"950,000",990.29,959,21 Mar 2022,34 FLORA DRIVE #04-24,Resale,Strata,92,"10,326",-,Condominium,1,99 yrs from 14/09/2011,2015,HDB,506893,17,50,East Region,Pasir Ris
HEDGES PARK CONDOMINIUM,"785,000",796.54,986,21 Mar 2022,89 FLORA DRIVE #07-64,Resale,Strata,74,"10,608",-,Condominium,1,99 yrs from 28/07/2010,2015,HDB,506890,17,50,East Region,Pasir Ris
GUILLEMARD SUITES,"978,000",721.19,"1,356",21 Mar 2022,213 GUILLEMARD ROAD #05-05,Resale,Strata,67,"14,597",-,Apartment,1,Freehold,2017,Private,399733,14,39,Central Region,Geylang
THE MINTON,"2,050,000","2,238.91",916,21 Mar 2022,12C HOUGANG STREET 11 #01-65,Resale,Strata,208,"9,856",-,Condominium,1,99 yrs from 27/07/2007,2013,Private,534072,19,53,North East Region,Hougang
HILLVIEW GREEN,"1,830,000","1,302.44","1,405",21 Mar 2022,67 HUME AVENUE #08-03,Resale,Strata,121,"15,124",-,Condominium,1,999 yrs from 19/05/1883,1998,Private,598744,21,59,West Region,Bukit Batok
MERAPRIME,"2,020,000","1,119.46","1,804",21 Mar 2022,301 JALAN BUKIT HO SWEE #24-05,Resale,Strata,104,"19,423",-,Condominium,1,99 yrs from 20/06/2003,2006,Private,169568,03,16,Central Region,Bukit Merah
REFLECTIONS AT KEPPEL BAY,"1,700,000",968.76,"1,755",21 Mar 2022,29 KEPPEL BAY VIEW #21-86,Resale,Strata,90,"18,889",-,Condominium,1,99 yrs from 15/03/2006,2011,HDB,098417,04,09,Central Region,Bukit Merah
MIRAGE TOWER,"1,180,000",570.49,"2,068",21 Mar 2022,80 KIM SENG ROAD #08-04,Resale,Strata,53,"22,264",-,Condominium,1,Freehold,1996,Private,239426,09,23,Central Region,Singapore River
CASPIAN,"1,505,000","1,205.57","1,248",21 Mar 2022,60 LAKESIDE DRIVE #05-43,Resale,Strata,112,"13,438",-,Condominium,1,99 yrs from 17/03/2008,2012,Private,648320,22,64,West Region,Jurong West
THE LUMOS,"3,911,420","1,754.53","2,229",21 Mar 2022,9 LEONIE HILL #02-01,Resale,Strata,163,"23,996",-,Apartment,1,Freehold,2011,Private,239220,09,23,Central Region,River Valley
JADE RESIDENCES,"950,000",548.96,"1,731",21 Mar 2022,1 LEW LIAN VALE #02-04,Resale,Strata,51,"18,627",-,Apartment,1,Freehold,2017,HDB,537016,19,53,North East Region,Serangoon
THE OCTET,"620,000",419.8,"1,477",21 Mar 2022,23 LORONG 24 GEYLANG #02-03,Resale,Strata,39,"15,897",-,Apartment,1,Freehold,2016,Private,398628,14,39,Central Region,Geylang
ATRIUM RESIDENCES,"1,638,000","1,302.44","1,258",21 Mar 2022,7 LORONG 28 GEYLANG #06-13,Resale,Strata,121,"13,537",-,Apartment,1,Freehold,2008,HDB,398412,14,39,Central Region,Geylang
BARTLEY RIDGE,"1,270,000",828.83,"1,532",21 Mar 2022,46 MOUNT VERNON ROAD #08-50,Resale,Strata,77,"16,494",-,Condominium,1,99 yrs from 16/04/2012,2016,HDB,368063,13,36,Central Region,Toa Payoh
COCO PALMS,"1,630,000","1,377.79","1,183",21 Mar 2022,11 PASIR RIS GROVE #05-03,Resale,Strata,128,"12,734",-,Condominium,1,99 yrs from 07/01/2008,2018,Private,518140,18,51,East Region,Pasir Ris
SEA ESTA,"863,000",818.06,"1,055",21 Mar 2022,18 PASIR RIS LINK #03-07,Resale,Strata,76,"11,355",-,Condominium,1,99 yrs from 09/01/2012,2015,HDB,518156,18,51,East Region,Pasir Ris
LIV ON WILKIE,"1,290,000",602.78,"2,140",21 Mar 2022,9 WILKIE TERRACE #05-02,Resale,Strata,56,"23,036",-,Apartment,1,Freehold,2017,Private,228025,09,22,Central Region,Rochor
WOODSVILLE 28,"1,186,000",828.83,"1,431",21 Mar 2022,28 WOODSVILLE CLOSE #13-05,Resale,Strata,77,"15,403",-,Apartment,1,99 yrs from 15/10/2007,2011,Private,357776,13,35,Central Region,Toa Payoh
CASTLE GREEN,"955,000",947.23,"1,008",21 Mar 2022,487 YIO CHU KANG ROAD #02-08,Resale,Strata,88,"10,852",-,Condominium,1,99 yrs from 01/12/1993,1997,HDB,787059,26,78,North East Region,Ang Mo Kio
THE ESTUARY,"688,000",592.02,"1,162",21 Mar 2022,87 YISHUN AVENUE 1 #06-04,Resale,Strata,55,"12,509",-,Condominium,1,99 yrs from 25/06/2008,2013,HDB,769133,27,76,North Region,Yishun
NINE RESIDENCES,"1,020,000",925.7,"1,102",21 Mar 2022,12 YISHUN AVENUE 9 #05-05,Resale,Strata,86,"11,860",-,Apartment,1,99 yrs from 30/04/2013,2015,Private,768894,27,76,North Region,Yishun
THE WOODLEIGH RESIDENCES,"2,344,000","1,076.4","2,178",21 Mar 2022,29 BIDADARI PARK DRIVE #03-52,New Sale,Strata,100,"23,440",-,Apartment,1,99 yrs from 18/09/2017,Uncompleted,N.A,367799,13,36,Central Region,Toa Payoh
35 GILSTEAD,"1,434,000",559.73,"2,562",21 Mar 2022,35 GILSTEAD ROAD #02-03,New Sale,Strata,52,"27,577",-,Apartment,1,Freehold,Uncompleted,N.A,309079,11,30,Central Region,Novena
NYON,"1,840,000",721.19,"2,551",21 Mar 2022,12 AMBER ROAD #17-01,New Sale,Strata,67,"27,463",-,Apartment,1,Freehold,Uncompleted,N.A,439858,15,43,Central Region,Marine Parade
THE FLORENCE RESIDENCES,"1,279,000",764.24,"1,674",21 Mar 2022,95 HOUGANG AVENUE 2 #18-68,New Sale,Strata,71,"18,014",-,Apartment,1,99 yrs from 24/12/2018,Uncompleted,N.A,533754,19,53,North East Region,Hougang
PEAK RESIDENCE,"1,310,000",538.2,"2,434",21 Mar 2022,337 THOMSON ROAD #04-16,New Sale,Strata,50,"26,200",-,Condominium,1,Freehold,Uncompleted,N.A,307676,11,30,Central Region,Novena
NORMANTON PARK,"1,051,000",527.44,"1,993",21 Mar 2022,57 NORMANTON PARK #23-61,New Sale,Strata,49,"21,449",-,Apartment,1,99 yrs from 22/07/2019,Uncompleted,N.A,117284,05,11,Central Region,Queenstown
NORMANTON PARK,"1,118,000",645.84,"1,731",21 Mar 2022,59 NORMANTON PARK #24-71,New Sale,Strata,60,"18,633",-,Apartment,1,99 yrs from 22/07/2019,Uncompleted,N.A,117285,05,11,Central Region,Queenstown
PARC KOMO,"2,100,445","1,410.08","1,490",21 Mar 2022,965 UPPER CHANGI ROAD NORTH #02-33,New Sale,Strata,131,"16,034",-,Apartment,1,Freehold,Uncompleted,N.A,507665,17,50,East Region,Pasir Ris
VERTICUS,"1,678,000",775.01,"2,165",21 Mar 2022,3 JALAN KEMAMAN #21-01,New Sale,Strata,72,"23,306",-,Apartment,1,Freehold,Uncompleted,N.A,329343,12,32,Central Region,Novena
VERTICUS,"1,581,000",753.48,"2,098",21 Mar 2022,3 JALAN KEMAMAN #19-02,New Sale,Strata,70,"22,586",-,Apartment,1,Freehold,Uncompleted,N.A,329343,12,32,Central Region,Novena
VERTICUS,"1,606,000",753.48,"2,131",21 Mar 2022,3 JALAN KEMAMAN #21-02,New Sale,Strata,70,"22,943",-,Apartment,1,Freehold,Uncompleted,N.A,329343,12,32,Central Region,Novena
RIVIERE,"2,220,000",818.06,"2,714",21 Mar 2022,1 JIAK KIM STREET #20-06,New Sale,Strata,76,"29,211",-,Apartment,1,99 yrs from 07/03/2018,Uncompleted,N.A,169423,03,16,Central Region,Singapore River
RIVIERE,"2,223,800",818.06,"2,718",21 Mar 2022,3 JIAK KIM STREET #15-12,New Sale,Strata,76,"29,261",-,Apartment,1,99 yrs from 07/03/2018,Uncompleted,N.A,169424,03,16,Central Region,Singapore River
HYLL ON HOLLAND,"1,550,000",570.49,"2,717",21 Mar 2022,89 HOLLAND ROAD #09-08,New Sale,Strata,53,"29,245",-,Condominium,1,Freehold,Uncompleted,N.A,275750,10,27,Central Region,Bukit Timah
HYLL ON HOLLAND,"2,335,500",936.47,"2,494",21 Mar 2022,91 HOLLAND ROAD #04-10,New Sale,Strata,87,"26,845",-,Condominium,1,Freehold,Uncompleted,N.A,278536,10,27,Central Region,Bukit Timah
VERDALE,"1,387,900",731.95,"1,896",21 Mar 2022,16 DE SOUZA AVENUE #01-54,New Sale,Strata,68,"20,410",-,Apartment,1,99 yrs from 05/12/2018,Uncompleted,N.A,599464,21,59,Central Region,Bukit Timah
AVENUE SOUTH RESIDENCE,"1,295,000",527.44,"2,455",21 Mar 2022,11 SILAT AVENUE #40-29,New Sale,Strata,49,"26,429",-,Apartment,1,99 yrs from 14/08/2018,Uncompleted,N.A,168877,03,16,Central Region,Bukit Merah
AVENUE SOUTH RESIDENCE,"1,529,000",656.6,"2,329",21 Mar 2022,11 SILAT AVENUE #47-33,New Sale,Strata,61,"25,066",-,Apartment,1,99 yrs from 14/08/2018,Uncompleted,N.A,168877,03,16,Central Region,Bukit Merah
FORETT AT BUKIT TIMAH,"2,583,000","1,313.21","1,967",21 Mar 2022,34A TOH TUCK ROAD #09-39,New Sale,Strata,122,"21,172",-,Apartment,1,Freehold,Uncompleted,N.A,596112,21,59,Central Region,Bukit Timah
THE LANDMARK,"1,688,888",764.24,"2,210",21 Mar 2022,173 CHIN SWEE ROAD #12-01,New Sale,Strata,71,"23,787",-,Condominium,1,99 yrs from 28/08/2020,Uncompleted,N.A,169878,03,16,Central Region,Outram
THE AVENIR,"2,732,000",828.83,"3,296",21 Mar 2022,8 RIVER VALLEY CLOSE #26-01,New Sale,Strata,77,"35,481",-,Condominium,1,Freehold,Uncompleted,Private,238432,09,23,Central Region,River Valley
SUMMERHILL,"2,448,000","1,603.84","1,526",21 Mar 2022,52 HUME AVENUE #06-11,Resale,Strata,149,"16,430",-,Condominium,1,Freehold,2002,Private,596230,21,59,West Region,Bukit Batok
PARC OLYMPIA,"830,000",775.01,"1,071",21 Mar 2022,60 FLORA DRIVE #04-34,Resale,Strata,72,"11,528",-,Condominium,1,99 yrs from 25/01/2012,2015,Private,506858,17,50,East Region,Pasir Ris
THE TRUMPS,"1,320,000",979.52,"1,348",21 Mar 2022,1 JALAN KEMBANGAN #04-02,Resale,Strata,91,"14,505",-,Condominium,1,99 yrs from 14/08/2000,2005,HDB,419154,14,41,East Region,Bedok
HIGHLINE RESIDENCES,"1,100,000",505.91,"2,174",21 Mar 2022,9 KIM TIAN ROAD #06-15,Resale,Strata,47,"23,404",-,Condominium,1,99 yrs from 22/07/2013,2018,Private,168593,03,16,Central Region,Bukit Merah
CHANGI RISE CONDOMINIUM,"1,220,000","1,259.39",969,21 Mar 2022,10 SIMEI RISE #03-29,Resale,Strata,117,"10,427",-,Condominium,1,99 yrs from 29/11/2000,2004,Private,528804,18,52,East Region,Tampines
STIRLING RESIDENCES,"1,500,000",764.24,"1,963",21 Mar 2022,25 STIRLING ROAD #08-26,Sub Sale,Strata,71,"21,127",-,Apartment,1,99 yrs from 18/08/2017,Uncompleted,Private,148962,03,14,Central Region,Queenstown
CLEMENTI PARK,"2,910,000","1,959.05","1,485",21 Mar 2022,137 SUNSET WAY #06-08,Resale,Strata,182,"15,989",-,Condominium,1,Freehold,1986,Private,597159,21,59,West Region,Clementi
ECO,"765,000",548.96,"1,394",21 Mar 2022,283 BEDOK SOUTH AVENUE 3 #14-49,Resale,Strata,51,"15,000",-,Condominium,1,99 yrs from 14/05/2012,2017,HDB,465460,16,46,East Region,Bedok
RIVERTREES RESIDENCES,"1,450,000","1,119.46","1,295",21 Mar 2022,27 FERNVALE CLOSE #17-15,Resale,Strata,104,"13,942",-,Apartment,1,99 yrs from 28/08/2013,2017,HDB,797463,28,79,North East Region,Sengkang
THE ESTUARY,"1,368,888","1,302.44","1,051",21 Mar 2022,95 YISHUN AVENUE 1 #04-26,Resale,Strata,121,"11,313",-,Condominium,1,99 yrs from 25/06/2008,2013,HDB,769137,27,76,North Region,Yishun
DAIRY FARM RESIDENCES,"1,274,700",721.19,"1,768",21 Mar 2022,8 DAIRY FARM LANE #01-14,New Sale,Strata,67,"19,025",-,Apartment,1,99 yrs from 05/12/2018,Uncompleted,N.A,677624,23,67,West Region,Bukit Panjang
THE SKYWOODS,"1,700,000","1,248.62","1,361",21 Mar 2022,5 DAIRY FARM HEIGHTS #04-11,Resale,Strata,116,"14,655",-,Condominium,1,99 yrs from 21/12/2012,2016,HDB,677668,23,67,West Region,Bukit Panjang
THE ROCHESTER RESIDENCES,"1,160,000","1,022.58","1,134",21 Mar 2022,33 ROCHESTER DRIVE #27-12,Resale,Strata,95,"12,211",-,Apartment,1,99 yrs from 02/02/2005,2011,Private,138638,05,13,Central Region,Queenstown
KINGSFORD WATERBAY,"1,800,000","1,356.26","1,327",21 Mar 2022,78 UPPER SERANGOON VIEW #04-65,Resale,Strata,126,"14,286",-,Apartment,1,99 yrs from 03/03/2014,2018,Private,533879,19,53,North East Region,Hougang
EIGHT COURTYARDS,"1,308,000","1,140.98","1,146",21 Mar 2022,18 CANBERRA DRIVE #06-40,Resale,Strata,106,"12,340",-,Condominium,1,99 yrs from 20/09/2010,2014,HDB,768098,27,76,North Region,Yishun
D'NEST,"640,000",484.38,"1,321",21 Mar 2022,127 PASIR RIS GROVE #08-04,Resale,Strata,45,"14,222",-,Condominium,1,99 yrs from 20/10/2010,2017,HDB,518178,18,51,East Region,Pasir Ris
THE TRE VER,"1,272,000",699.66,"1,818",21 Mar 2022,64 POTONG PASIR AVENUE 1 #17-24,Sub Sale,Strata,65,"19,569",-,Condominium,1,99 yrs from 27/03/2018,Uncompleted,Private,358393,13,35,Central Region,Toa Payoh
THE TROPICA,"1,650,000","1,517.72","1,087",21 Mar 2022,57 TAMPINES AVENUE 1 #14-02,Resale,Strata,141,"11,702",-,Condominium,1,99 yrs from 04/12/1996,2000,HDB,529774,18,52,East Region,Tampines
GRANDEUR 8,"1,450,800","1,194.8","1,214",21 Mar 2022,14 ANG MO KIO CENTRAL 3 #03-23,Resale,Strata,111,"13,070",-,Condominium,1,99 yrs from 16/07/2002,2005,HDB,567747,20,56,North East Region,Ang Mo Kio
TOMLINSON HEIGHTS,"10,129,000","2,744.82","3,690",22 Mar 2022,31 TOMLINSON ROAD #27-01,Resale,Strata,255,"39,722",-,Condominium,1,Freehold,2014,Private,247855,10,24,Central Region,River Valley
NOUVEL 18,"5,944,000","1,679.18","3,540",22 Mar 2022,18 ANDERSON ROAD #27-04,Resale,Strata,156,"38,103",-,Condominium,1,Freehold,2014,Private,259977,10,25,Central Region,Newton
THE SOLITAIRE,"3,480,000","1,625.36","2,141",22 Mar 2022,5A BALMORAL PARK #07-02,Resale,Strata,151,"23,046",-,Condominium,1,Freehold,2009,Private,259829,10,25,Central Region,Tanglin
ARCHIPELAGO,"1,030,000",839.59,"1,227",22 Mar 2022,513 BEDOK RESERVOIR ROAD #04-49,Resale,Strata,78,"13,205",-,Condominium,1,99 yrs from 01/06/2011,2015,Private,479273,16,47,East Region,Bedok
THE METZ,"1,680,000",581.26,"2,890",22 Mar 2022,83 DEVONSHIRE ROAD #17-02,Resale,Strata,54,"31,111",-,Condominium,1,Freehold,2007,Private,239864,09,23,Central Region,River Valley
THE MINTON,"1,223,000",979.52,"1,249",22 Mar 2022,2A HOUGANG STREET 11 #09-08,Resale,Strata,91,"13,440",-,Condominium,1,99 yrs from 27/07/2007,2013,Private,538752,19,53,North East Region,Hougang
HILLVIEW GREEN,"1,640,000","1,270.15","1,291",22 Mar 2022,65 HUME AVENUE #01-05,Resale,Strata,118,"13,898",-,Condominium,1,999 yrs from 19/05/1883,1998,Private,598743,21,59,West Region,Bukit Batok
CORONA VILLE,"2,420,000","1,528.49","1,583",22 Mar 2022,35 JALAN HAJI ALIAS #01-05,Resale,Strata,142,"17,042",-,Condominium,1,Freehold,1983,HDB,268535,10,26,Central Region,Bukit Timah
REFLECTIONS AT KEPPEL BAY,"1,562,800",818.06,"1,910",22 Mar 2022,27 KEPPEL BAY VIEW #11-83,Resale,Strata,76,"20,563",-,Condominium,1,99 yrs from 15/03/2006,2011,Private,098416,04,09,Central Region,Bukit Merah
ASTON MANSIONS,"1,158,000","1,140.98","1,015",22 Mar 2022,7 LORONG 42 GEYLANG #05-03,Resale,Strata,106,"10,925",-,Apartment,1,99 yrs from 13/02/1995,1998,HDB,398028,14,39,Central Region,Geylang
ASTON MANSIONS,"1,020,000","1,162.51",877,22 Mar 2022,7 LORONG 42 GEYLANG #08-05,Resale,Strata,108,"9,444",-,Apartment,1,99 yrs from 13/02/1995,1998,HDB,398028,14,39,Central Region,Geylang
SOUTHBANK,"1,665,000",904.18,"1,841",22 Mar 2022,881 NORTH BRIDGE ROAD #24-12,Resale,Strata,84,"19,821",-,Apartment,1,99 yrs from 27/01/2006,2010,Private,198784,07,19,Central Region,Kallang
THE BERTH BY THE COVE,"2,725,000","1,668.42","1,633",22 Mar 2022,220 OCEAN DRIVE #03-25,Resale,Strata,155,"17,581",-,Condominium,1,99 yrs from 18/03/2004,2006,Private,098620,04,09,Central Region,Southern Islands
THE PARC CONDOMINIUM,"2,085,000","1,302.44","1,601",22 Mar 2022,5 WEST COAST WALK #04-12,Resale,Strata,121,"17,231",-,Condominium,1,Freehold,2010,Private,127146,05,12,West Region,Clementi
JIA,"3,100,000","3,218.44",963,22 Mar 2022,65 WILKIE ROAD #01-01,Resale,Strata,299,"10,368",-,Apartment,1,Freehold,2011,Private,228068,09,22,Central Region,Rochor
THE WOODGROVE,"800,000",893.41,895,22 Mar 2022,3 WOODGROVE DRIVE #08-03,Resale,Strata,83,"9,639",-,Apartment,1,99 yrs from 26/06/1996,1998,HDB,738230,25,73,North Region,Woodlands
THE WOODLEIGH RESIDENCES,"1,711,000",742.72,"2,304",22 Mar 2022,23 BIDADARI PARK DRIVE #05-33,New Sale,Strata,69,"24,797",-,Apartment,1,99 yrs from 18/09/2017,Uncompleted,N.A,367796,13,36,Central Region,Toa Payoh
AFFINITY AT SERANGOON,"1,730,100","1,151.75","1,502",22 Mar 2022,22 SERANGOON NORTH AVENUE 1 #07-31,New Sale,Strata,107,"16,169",-,Apartment,1,99 yrs from 18/05/2018,Uncompleted,N.A,554338,19,55,North East Region,Serangoon
KENT RIDGE HILL RESIDENCES,"2,102,000","1,044.11","2,013",22 Mar 2022,62A SOUTH BUONA VISTA ROAD #01-44,New Sale,Strata,97,"21,670",-,Apartment,1,99 yrs from 10/11/2018,Uncompleted,N.A,117325,05,11,Central Region,Queenstown
VAN HOLLAND,"3,886,231","1,345.5","2,888",22 Mar 2022,186 HOLLAND ROAD #04-01,New Sale,Strata,125,"31,090",-,Condominium,1,Freehold,Uncompleted,N.A,278583,10,27,Central Region,Bukit Timah
ONE PEARL BANK,"1,198,000",430.56,"2,782",22 Mar 2022,1 PEARL BANK #30-14,New Sale,Strata,40,"29,950",-,Apartment,1,99 yrs from 01/03/2019,Uncompleted,HDB,169016,03,16,Central Region,Outram
NORMANTON PARK,"1,831,000",958,"1,911",22 Mar 2022,55 NORMANTON PARK #21-51,New Sale,Strata,89,"20,573",-,Apartment,1,99 yrs from 22/07/2019,Uncompleted,N.A,117283,05,11,Central Region,Queenstown
1953,"1,254,000",613.55,"2,044",22 Mar 2022,1 TESSENSOHN ROAD #04-13,New Sale,Strata,57,"22,000",-,Apartment,1,Freehold,Uncompleted,N.A,217701,08,21,Central Region,Kallang
SENGKANG GRAND RESIDENCES,"1,841,100","1,022.58","1,800",22 Mar 2022,72 COMPASSVALE BOW #05-06,New Sale,Strata,95,"19,380",-,Apartment,1,99 yrs from 13/11/2018,Uncompleted,N.A,544693,19,54,North East Region,Sengkang
PARC KOMO,"2,021,800","1,291.68","1,565",22 Mar 2022,969 UPPER CHANGI ROAD NORTH #02-42,New Sale,Strata,120,"16,848",-,Apartment,1,Freehold,Uncompleted,N.A,507667,17,50,East Region,Pasir Ris
LEEDON GREEN,"2,742,000",958,"2,862",22 Mar 2022,36 LEEDON HEIGHTS #07-45,New Sale,Strata,89,"30,809",-,Condominium,1,Freehold,Uncompleted,N.A,266077,10,26,Central Region,Bukit Timah
PENROSE,"2,290,000","1,388.56","1,649",22 Mar 2022,20 SIMS DRIVE #02-03,New Sale,Strata,129,"17,752",-,Apartment,1,99 yrs from 03/07/2019,Uncompleted,N.A,387395,14,38,Central Region,Geylang
PENROSE,"1,964,000","1,184.04","1,659",22 Mar 2022,20 SIMS DRIVE #01-07,New Sale,Strata,110,"17,855",-,Apartment,1,99 yrs from 03/07/2019,Uncompleted,N.A,387395,14,38,Central Region,Geylang
CLAVON,"2,293,000","1,280.92","1,790",22 Mar 2022,8 CLEMENTI AVENUE 1 #34-14,New Sale,Strata,119,"19,269",-,Apartment,1,99 yrs from 07/10/2019,Uncompleted,N.A,129964,05,12,West Region,Clementi
COSTA DEL SOL,"2,600,000","1,474.67","1,763",22 Mar 2022,76 BAYSHORE ROAD #28-20,Resale,Strata,137,"18,978",-,Condominium,1,99 yrs from 05/05/1997,2003,Private,469990,16,46,East Region,Bedok
SUITES@BRADDELL,"588,000",441.32,"1,332",22 Mar 2022,56 BRADDELL ROAD #01-06,Resale,Strata,41,"14,341",-,Apartment,1,Freehold,2015,Private,359965,13,35,North East Region,Serangoon
HILLVIEW REGENCY,"1,170,000","1,108.69","1,055",22 Mar 2022,28 BUKIT BATOK EAST AVENUE 2 #14-14,Resale,Strata,103,"11,359",-,Condominium,1,99 yrs from 20/06/2000,2005,HDB,659921,23,65,West Region,Bukit Batok
HERITAGE VIEW,"1,678,000","1,194.8","1,404",22 Mar 2022,6 DOVER RISE #07-11,Resale,Strata,111,"15,117",-,Condominium,1,99 yrs from 12/08/1996,2000,HDB,138678,05,13,Central Region,Queenstown
GRANGE INFINITE,"5,800,000","2,572.6","2,255",22 Mar 2022,27 GRANGE ROAD #19-03,Resale,Strata,239,"24,268",-,Condominium,1,Freehold,2011,Private,239700,09,23,Central Region,River Valley
EUHABITAT,"777,000",624.31,"1,245",22 Mar 2022,206 JALAN EUNOS #01-57,Resale,Strata,58,"13,397",-,Condominium,1,99 yrs from 06/12/2010,2015,Private,419547,14,41,East Region,Bedok
THE BOUTIQ,"1,750,000","1,173.28","1,492",22 Mar 2022,145 KILLINEY ROAD #10-11,Resale,Strata,109,"16,055",-,Apartment,1,Freehold,2014,Private,239565,09,23,Central Region,River Valley
CASPIAN,"1,938,000","1,603.84","1,208",22 Mar 2022,60 LAKESIDE DRIVE #07-41,Resale,Strata,149,"13,007",-,Condominium,1,99 yrs from 17/03/2008,2012,Private,648320,22,64,West Region,Jurong West
CASPIAN,"1,500,000","1,216.33","1,233",22 Mar 2022,60 LAKESIDE DRIVE #15-39,Resale,Strata,113,"13,274",-,Condominium,1,99 yrs from 17/03/2008,2012,Private,648320,22,64,West Region,Jurong West
D'LEEDON,"2,410,000","1,270.15","1,897",22 Mar 2022,11 LEEDON HEIGHTS #11-29,Resale,Strata,118,"20,424",-,Condominium,1,99 yrs from 08/04/2010,2014,Private,267955,10,26,Central Region,Bukit Timah
THE LINCOLN MODERN,"2,350,000","1,377.79","1,706",22 Mar 2022,20 LINCOLN ROAD #12-04,Resale,Strata,128,"18,359",-,Apartment,1,Freehold,2003,Private,308353,11,30,Central Region,Novena
THE MAKENA,"2,686,000","1,506.96","1,782",22 Mar 2022,121 MEYER ROAD #15-05,Resale,Strata,140,"19,186",-,Condominium,1,Freehold,1998,Private,437932,15,43,Central Region,Marine Parade
RIPPLE BAY,"698,000",613.55,"1,138",22 Mar 2022,4 PASIR RIS LINK #02-15,Resale,Strata,57,"12,246",-,Condominium,1,99 yrs from 10/08/2011,2015,HDB,518160,18,51,East Region,Pasir Ris
SENNETT RESIDENCE,"1,350,000",828.83,"1,629",22 Mar 2022,33 PHENG GECK AVENUE #13-10,Resale,Strata,77,"17,532",-,Condominium,1,99 yrs from 28/11/2011,2016,HDB,348228,13,34,Central Region,Toa Payoh
ONE ROBIN,"2,200,000","1,905.23","1,155",22 Mar 2022,1 ROBIN ROAD #09-01,Resale,Strata,177,"12,429",-,Apartment,1,Freehold,2009,Private,258176,10,25,Central Region,Tanglin
THE SCALA,"1,660,000","1,044.11","1,590",22 Mar 2022,130 SERANGOON AVENUE 3 #05-01,Resale,Strata,97,"17,113",-,Apartment,1,99 yrs from 06/01/2010,2013,HDB,554479,19,55,North East Region,Serangoon
DOUBLE BAY RESIDENCES,"1,500,000","1,259.39","1,191",22 Mar 2022,19D SIMEI STREET 4 #08-36,Resale,Strata,117,"12,821",-,Condominium,1,99 yrs from 07/04/2008,2012,HDB,528716,18,52,East Region,Tampines
SPOTTISWOODE PARK,"868,000",850.36,"1,021",22 Mar 2022,102 SPOTTISWOODE PARK ROAD #10-86,Resale,Strata,79,"10,987",-,Apartment,1,99 yrs from 10/04/1973,-,Private,080102,02,08,Central Region,Bukit Merah
RIVERSIDE MELODIES,"2,190,000","1,743.77","1,256",22 Mar 2022,26A ST. MICHAEL'S ROAD #15-01,Resale,Strata,162,"13,519",-,Apartment,1,Freehold,2014,Private,327995,12,32,Central Region,Kallang
KERRISDALE,"1,708,000","1,259.39","1,356",22 Mar 2022,30 STURDEE ROAD #23-06,Resale,Strata,117,"14,598",-,Condominium,1,99 yrs from 02/04/1998,2005,Private,207852,08,20,Central Region,Kallang
THE ARC AT DRAYCOTT,"2,930,000","1,130.22","2,592",22 Mar 2022,5 DRAYCOTT DRIVE #10-02,Resale,Strata,105,"27,905",-,Apartment,1,Freehold,2008,Private,259420,10,25,Central Region,Newton
KINGSFORD WATERBAY,"863,888",678.13,"1,274",22 Mar 2022,68 UPPER SERANGOON VIEW #06-21,Resale,Strata,63,"13,713",-,Apartment,1,99 yrs from 03/03/2014,2018,HDB,533884,19,53,North East Region,Hougang
EIGHT RIVERSUITES,"1,150,000",699.66,"1,644",22 Mar 2022,8 WHAMPOA EAST #15-17,Resale,Strata,65,"17,692",-,Condominium,1,99 yrs from 11/07/2011,2016,HDB,338520,12,33,Central Region,Kallang
QUEENS PEAK,"945,000",495.14,"1,909",22 Mar 2022,3 DUNDEE ROAD #17-15,Resale,Strata,46,"20,543",-,Condominium,1,99 yrs from 28/09/2015,2020,HDB,149457,03,14,Central Region,Queenstown
HEDGES PARK CONDOMINIUM,"900,000",871.88,"1,032",22 Mar 2022,89 FLORA DRIVE #08-66,Resale,Strata,81,"11,111",-,Condominium,1,99 yrs from 28/07/2010,2015,HDB,506890,17,50,East Region,Pasir Ris
SELETAR SPRINGS CONDOMINIUM,"1,350,000","1,539.25",877,22 Mar 2022,110 GERALD DRIVE #04-55,Resale,Strata,143,"9,441",-,Condominium,1,99 yrs from 12/08/1997,2000,HDB,799036,28,79,North East Region,Hougang
RIVERFRONT RESIDENCES,"925,000",613.55,"1,508",22 Mar 2022,53 HOUGANG AVENUE 7 #12-69,Sub Sale,Strata,57,"16,228",-,Apartment,1,99 yrs from 31/05/2018,Uncompleted,Private,533819,19,53,North East Region,Hougang
FOREST WOODS,"1,160,000",635.08,"1,827",22 Mar 2022,15 LORONG LEW LIAN #08-24,Resale,Strata,59,"19,661",-,Condominium,1,99 yrs from 05/02/2016,2020,Private,533853,19,53,North East Region,Serangoon
REFLECTIONS AT KEPPEL BAY,"1,620,000",785.77,"2,062",22 Mar 2022,31 KEPPEL BAY VIEW #13-89,Resale,Strata,73,"22,192",-,Condominium,1,99 yrs from 15/03/2006,2011,Private,098418,04,09,Central Region,Bukit Merah
3 CUSCADEN,"4,684,000","1,270.15","3,688",23 Mar 2022,3 CUSCADEN WALK #23-03,New Sale,Strata,118,"39,695",-,Apartment,1,Freehold,Uncompleted,N.A,249690,10,24,Central Region,River Valley
3 CUSCADEN,"4,725,000","1,280.92","3,689",23 Mar 2022,3 CUSCADEN WALK #23-05,New Sale,Strata,119,"39,706",-,Apartment,1,Freehold,Uncompleted,N.A,249690,10,24,Central Region,River Valley
AMBER PARK,"3,491,000","1,302.44","2,680",23 Mar 2022,16 AMBER GARDENS #21-06,New Sale,Strata,121,"28,851",-,Condominium,1,Freehold,Uncompleted,N.A,439961,15,43,Central Region,Marine Parade
ROYALGREEN,"1,815,450",635.08,"2,859",23 Mar 2022,6 ANAMALAI AVENUE #02-39,New Sale,Strata,59,"30,770",-,Condominium,1,Freehold,2021,N.A,279994,10,27,Central Region,Bukit Timah
ROYALGREEN,"2,298,000",775.01,"2,965",23 Mar 2022,6B ANAMALAI AVENUE #05-51,New Sale,Strata,72,"31,917",-,Condominium,1,Freehold,2021,N.A,279996,10,27,Central Region,Bukit Timah
ONE PEARL BANK,"3,327,000","1,431.61","2,324",23 Mar 2022,1 PEARL BANK #10-18,New Sale,Strata,133,"25,015",-,Apartment,1,99 yrs from 01/03/2019,Uncompleted,N.A,169016,03,16,Central Region,Outram
ONE PEARL BANK,"3,282,000","1,399.32","2,345",23 Mar 2022,1 PEARL BANK #07-18,New Sale,Strata,130,"25,246",-,Apartment,1,99 yrs from 01/03/2019,Uncompleted,N.A,169016,03,16,Central Region,Outram
NORMANTON PARK,"1,764,000",968.76,"1,821",23 Mar 2022,49 NORMANTON PARK #02-24,New Sale,Strata,90,"19,600",-,Apartment,1,99 yrs from 22/07/2019,Uncompleted,N.A,117280,05,11,Central Region,Queenstown
AVENUE SOUTH RESIDENCE,"1,300,000",527.44,"2,465",23 Mar 2022,11 SILAT AVENUE #41-29,New Sale,Strata,49,"26,531",-,Apartment,1,99 yrs from 14/08/2018,Uncompleted,N.A,168877,03,16,Central Region,Bukit Merah
PULLMAN RESIDENCES NEWTON,"2,019,000",667.37,"3,025",23 Mar 2022,18 DUNEARN ROAD #16-10,New Sale,Strata,62,"32,565",-,Apartment,1,Freehold,Uncompleted,N.A,309421,11,30,Central Region,Novena
PARK NOVA,"10,200,000","2,206.62","4,622",23 Mar 2022,18 TOMLINSON ROAD #06-03,New Sale,Strata,205,"49,756",-,Apartment,1,Freehold,Uncompleted,N.A,247858,10,24,Central Region,Orchard
KOPAR AT NEWTON,"2,356,200",914.94,"2,575",23 Mar 2022,8 MAKEWAY AVENUE #21-16,New Sale,Strata,85,"27,720",-,Apartment,1,99 yrs from 22/04/2019,Uncompleted,N.A,228607,09,22,Central Region,Novena
PENROSE,"2,365,000","1,388.56","1,703",23 Mar 2022,22 SIMS DRIVE #14-12,New Sale,Strata,129,"18,333",-,Apartment,1,99 yrs from 03/07/2019,Uncompleted,N.A,387396,14,38,Central Region,Geylang
KI RESIDENCES AT BROOKVALE,"2,090,000",979.52,"2,134",23 Mar 2022,12 BROOKVALE DRIVE #10-27,New Sale,Strata,91,"22,967",-,Condominium,1,999 yrs from 23/03/1885,Uncompleted,N.A,599978,21,59,West Region,Clementi
KI RESIDENCES AT BROOKVALE,"2,373,000","1,173.28","2,023",23 Mar 2022,2 BROOKVALE DRIVE #09-04,New Sale,Strata,109,"21,771",-,Condominium,1,999 yrs from 23/03/1885,Uncompleted,N.A,599973,21,59,West Region,Clementi
CANNINGHILL PIERS,"1,750,000",538.2,"3,252",23 Mar 2022,1 CLARKE QUAY #37-04,New Sale,Strata,50,"35,000",-,Apartment,1,99 yrs from 17/09/2021,Uncompleted,N.A,179882,06,17,Central Region,Singapore River
THE SHORE RESIDENCES,"2,050,000","1,291.68","1,587",23 Mar 2022,83 AMBER ROAD #05-11,Resale,Strata,120,"17,083",-,Condominium,1,103 yrs from 18/08/2009,2014,HDB,439894,15,43,Central Region,Marine Parade
WATERFRONT ISLE,"1,650,000","1,216.33","1,357",23 Mar 2022,736 BEDOK RESERVOIR ROAD #11-24,Resale,Strata,113,"14,602",-,Condominium,1,99 yrs from 26/11/2009,2015,HDB,479264,16,47,East Region,Bedok
THOMSON THREE,"1,895,000","1,044.11","1,815",23 Mar 2022,45 BRIGHT HILL DRIVE #20-17,Resale,Strata,97,"19,536",-,Apartment,1,99 yrs from 07/11/2012,2016,Private,573895,20,57,Central Region,Bishan
JEWEL @ BUANGKOK,"1,930,000","1,356.26","1,423",23 Mar 2022,91 COMPASSVALE BOW #06-38,Resale,Strata,126,"15,317",-,Condominium,1,99 yrs from 12/09/2012,2016,Private,544688,19,54,North East Region,Sengkang
THE HILLIER,"863,000",613.55,"1,407",23 Mar 2022,2 HILLVIEW RISE #07-04,Resale,Strata,57,"15,140",-,Apartment,1,99 yrs from 01/08/2011,2016,HDB,667978,23,66,West Region,Bukit Batok
HUME PARK II,"1,520,000","1,237.86","1,228",23 Mar 2022,27 HUME AVENUE #01-02,Resale,Strata,115,"13,217",-,Condominium,1,Freehold,1997,Private,598731,21,59,West Region,Bukit Batok
THE TRILINQ,"888,000",538.2,"1,650",23 Mar 2022,28B JALAN LEMPENG #26-20,Resale,Strata,50,"17,760",-,Condominium,1,99 yrs from 16/04/2012,2017,Private,128809,05,12,West Region,Clementi
REFLECTIONS AT KEPPEL BAY,"1,870,000","1,076.4","1,737",23 Mar 2022,19 KEPPEL BAY VIEW #03-62,Resale,Strata,100,"18,700",-,Condominium,1,99 yrs from 15/03/2006,2011,Private,098412,04,09,Central Region,Bukit Merah
THE BENTLY RESIDENCES@KOVAN,"1,240,000",882.65,"1,405",23 Mar 2022,28 KOVAN ROAD #03-02,Resale,Strata,82,"15,122",-,Apartment,1,Freehold,2016,HDB,544694,19,54,North East Region,Hougang
THE OCTET,"620,000",527.44,"1,175",23 Mar 2022,23 LORONG 24 GEYLANG #07-01,Resale,Strata,49,"12,653",-,Apartment,1,Freehold,2016,HDB,398628,14,39,Central Region,Geylang
REZI 26,"625,000",430.56,"1,452",23 Mar 2022,5A LORONG 26 GEYLANG #05-12,Resale,Strata,40,"15,625",-,Apartment,1,Freehold,2015,Private,398504,14,39,Central Region,Geylang
TREVISTA,"1,468,888",947.23,"1,551",23 Mar 2022,21 LORONG 3 TOA PAYOH #39-03,Resale,Strata,88,"16,692",-,Condominium,1,99 yrs from 15/07/2008,2011,HDB,319581,12,31,Central Region,Toa Payoh
NESS,"505,000",441.32,"1,144",23 Mar 2022,38 LORONG 32 GEYLANG #06-12,Resale,Strata,41,"12,317",-,Apartment,1,Freehold,2015,HDB,398298,14,39,Central Region,Geylang
FOREST WOODS,"1,655,000",936.47,"1,767",23 Mar 2022,9 LORONG LEW LIAN #03-07,Resale,Strata,87,"19,023",-,Condominium,1,99 yrs from 05/02/2016,2020,HDB,536494,19,53,North East Region,Serangoon
THE CLIFT,"1,570,000",818.06,"1,919",23 Mar 2022,21 MCCALLUM STREET #21-12,Resale,Strata,76,"20,658",-,Apartment,1,99 yrs from 28/04/2004,2011,Private,069047,01,06,Central Region,Downtown Core
THE MILTONIA RESIDENCES,"930,000","1,001.05",929,23 Mar 2022,548 MILTONIA CLOSE #05-62,Resale,Strata,93,"10,000",-,Condominium,1,99 yrs from 30/11/2010,2014,HDB,768118,27,76,North Region,Yishun
BARTLEY RIDGE,"1,120,000",731.95,"1,530",23 Mar 2022,36 MOUNT VERNON ROAD #03-24,Resale,Strata,68,"16,471",-,Condominium,1,99 yrs from 16/04/2012,2016,HDB,368058,13,36,Central Region,Toa Payoh
ONE-NORTH RESIDENCES,"1,350,000","1,108.69","1,218",23 Mar 2022,9 ONE-NORTH GATEWAY #01-58,Resale,Strata,103,"13,107",-,Apartment,1,99 yrs from 15/09/2005,2009,Private,138643,05,13,Central Region,Queenstown
THE PALETTE,"930,000",731.95,"1,271",23 Mar 2022,119 PASIR RIS GROVE #11-60,Resale,Strata,68,"13,676",-,Condominium,1,99 yrs from 20/10/2010,2015,HDB,518174,18,51,East Region,Pasir Ris
MAYSPRINGS,"1,200,000","1,291.68",929,23 Mar 2022,2 PETIR ROAD #02-11,Resale,Strata,120,"10,000",-,Apartment,1,99 yrs from 01/12/1994,1998,Private,678265,23,67,West Region,Bukit Panjang
SENNETT RESIDENCE,"1,370,000",893.41,"1,533",23 Mar 2022,35 PHENG GECK AVENUE #05-21,Resale,Strata,83,"16,506",-,Condominium,1,99 yrs from 28/11/2011,2016,HDB,348230,13,34,Central Region,Toa Payoh
NOUVELLE PARK,"1,900,000","1,808.35","1,051",23 Mar 2022,137 POH HUAT ROAD WEST #01-04,Resale,Strata,168,"11,310",-,Condominium,1,Freehold,1994,Private,546687,19,54,North East Region,Hougang
THE TRE VER,"1,070,000",613.55,"1,744",23 Mar 2022,60 POTONG PASIR AVENUE 1 #07-02,Sub Sale,Strata,57,"18,772",-,Condominium,1,99 yrs from 27/03/2018,Uncompleted,Private,358391,13,35,Central Region,Toa Payoh
PRINCIPAL GARDEN,"915,000",495.14,"1,848",23 Mar 2022,97 PRINCE CHARLES CRESCENT #08-20,Resale,Strata,46,"19,891",-,Condominium,1,99 yrs from 21/07/2014,2018,Private,159028,03,15,Central Region,Bukit Merah
PARC ROSEWOOD,"610,000",505.91,"1,206",23 Mar 2022,71 ROSEWOOD DRIVE #01-10,Resale,Strata,47,"12,979",-,Condominium,1,99 yrs from 07/09/2011,2014,HDB,737783,25,73,North Region,Woodlands
SHANGHAI ONE,"950,000",559.73,"1,697",23 Mar 2022,1 SHANGHAI ROAD #08-04,Resale,Strata,52,"18,269",-,Apartment,1,Freehold,2007,HDB,248180,10,24,Central Region,Tanglin
PEBBLE BAY,"3,160,000","1,894.46","1,668",23 Mar 2022,132 TANJONG RHU ROAD #05-12,Resale,Strata,176,"17,955",-,Condominium,1,99 yrs from 09/03/1994,1997,Private,436919,15,43,Central Region,Kallang
VIBES @ EAST COAST,"868,800",667.37,"1,302",23 Mar 2022,308 TELOK KURAU ROAD #05-15,Resale,Strata,62,"14,013",-,Apartment,1,Freehold,2014,Private,423858,15,42,East Region,Bedok
SIMS URBAN OASIS,"1,250,000",785.77,"1,591",23 Mar 2022,6 SIMS DRIVE #11-23,Resale,Strata,73,"17,123",-,Condominium,1,99 yrs from 29/07/2014,2017,HDB,387388,14,38,Central Region,Geylang
STIRLING RESIDENCES,"1,500,000",678.13,"2,212",23 Mar 2022,21 STIRLING ROAD #13-11,Sub Sale,Strata,63,"23,810",-,Apartment,1,99 yrs from 18/08/2017,Uncompleted,HDB,148960,03,14,Central Region,Queenstown
THE STRADIA,"1,161,000","1,259.39",922,23 Mar 2022,78 YIO CHU KANG ROAD #02-04,Resale,Strata,117,"9,923",-,Apartment,1,Freehold,1993,Private,545571,19,54,North East Region,Hougang
BOATHOUSE RESIDENCES,"1,021,000",914.94,"1,116",23 Mar 2022,23 UPPER SERANGOON VIEW #07-02,Resale,Strata,85,"12,012",-,Condominium,1,99 yrs from 09/02/2011,2015,HDB,534047,19,53,North East Region,Hougang
BOATHOUSE RESIDENCES,"1,288,000","1,076.4","1,197",23 Mar 2022,25 UPPER SERANGOON VIEW #03-09,Resale,Strata,100,"12,880",-,Condominium,1,99 yrs from 09/02/2011,2015,HDB,534046,19,53,North East Region,Hougang
MEADOWS @ PEIRCE,"1,645,000","1,194.8","1,377",23 Mar 2022,628 UPPER THOMSON ROAD #05-46,Resale,Strata,111,"14,820",-,Condominium,1,Freehold,2012,HDB,787131,26,78,North East Region,Ang Mo Kio
WILKIE 80,"735,000",398.27,"1,845",23 Mar 2022,80 WILKIE ROAD #02-04,Resale,Strata,37,"19,865",-,Apartment,1,Freehold,2010,Private,228079,09,22,Central Region,Rochor
HILLVIEW GREEN,"1,918,000","1,453.14","1,320",23 Mar 2022,69 HUME AVENUE #06-06,Resale,Strata,135,"14,207",-,Condominium,1,999 yrs from 19/05/1883,1998,Private,598745,21,59,West Region,Bukit Batok
RYMDEN 77,"1,994,600","1,108.69","1,799",23 Mar 2022,77 LORONG H TELOK KURAU #03-07,New Sale,Strata,103,"19,365",-,Apartment,1,Freehold,Uncompleted,N.A,426094,15,42,East Region,Bedok
THOMSON THREE,"1,260,000",731.95,"1,721",23 Mar 2022,43 BRIGHT HILL DRIVE #07-12,Resale,Strata,68,"18,529",-,Apartment,1,99 yrs from 07/11/2012,2016,HDB,573894,20,57,Central Region,Bishan
KINGSFORD . HILLVIEW PEAK,"720,000",516.67,"1,394",23 Mar 2022,103 HILLVIEW RISE #10-14,Resale,Strata,48,"15,000",-,Condominium,1,99 yrs from 04/06/2012,2017,Private,667982,23,66,West Region,Bukit Batok
TREASURES@G6,"620,000",462.85,"1,340",23 Mar 2022,35 LORONG 6 GEYLANG #05-06,Resale,Strata,43,"14,419",-,Apartment,1,Freehold,2017,HDB,399187,14,39,Central Region,Geylang
MAYSPRINGS,"1,430,000","1,560.78",916,23 Mar 2022,2 PETIR ROAD #20-08,Resale,Strata,145,"9,862",-,Apartment,1,99 yrs from 01/12/1994,1998,Private,678265,23,67,West Region,Bukit Panjang
THE LUXURIE,"1,350,000","1,011.82","1,334",23 Mar 2022,15 COMPASSVALE ROAD #10-08,Resale,Strata,94,"14,362",-,Condominium,1,99 yrs from 15/06/2011,2015,HDB,544751,19,54,North East Region,Sengkang
MELVILLE PARK,"980,000","1,205.57",813,23 Mar 2022,16 SIMEI STREET 1 #02-13,Resale,Strata,112,"8,750",-,Condominium,1,99 yrs from 01/09/1992,1996,Private,529942,18,52,East Region,Tampines
COTE D'AZUR,"1,750,000","1,151.75","1,519",23 Mar 2022,68 MARINE PARADE ROAD #09-17,Resale,Strata,107,"16,355",-,Condominium,1,99 yrs from 25/07/2001,2004,Private,449301,15,44,Central Region,Marine Parade
TWENTYONE ANGULLIA PARK,"10,200,000","2,260.44","4,512",23 Mar 2022,21 ANGULLIA PARK #21-02,Resale,Strata,210,"48,571",-,Condominium,1,Freehold,2014,Private,239974,09,23,Central Region,River Valley
MIRO,"3,150,000","1,937.52","1,626",23 Mar 2022,1 LINCOLN ROAD #19-02,Resale,Strata,180,"17,500",-,Apartment,1,Freehold,2012,Private,308365,11,30,Central Region,Novena
PARKWOOD RESIDENCES,"1,609,625","1,076.4","1,495",24 Mar 2022,208 YIO CHU KANG ROAD #03-01,New Sale,Strata,100,"16,096",-,Apartment,1,99 yrs from 26/04/2018,Uncompleted,N.A,545653,19,54,North East Region,Hougang
AFFINITY AT SERANGOON,"2,203,113","1,453.14","1,516",24 Mar 2022,22 SERANGOON NORTH AVENUE 1 #09-25,New Sale,Strata,135,"16,319",-,Apartment,1,99 yrs from 18/05/2018,Uncompleted,N.A,554338,19,55,North East Region,Serangoon
AFFINITY AT SERANGOON,"1,782,438","1,151.75","1,548",24 Mar 2022,24 SERANGOON NORTH AVENUE 1 #13-36,New Sale,Strata,107,"16,658",-,Apartment,1,99 yrs from 18/05/2018,Uncompleted,N.A,554339,19,55,North East Region,Serangoon
KENT RIDGE HILL RESIDENCES,"1,913,000",947.23,"2,020",24 Mar 2022,64 SOUTH BUONA VISTA ROAD #01-50,New Sale,Strata,88,"21,739",-,Apartment,1,99 yrs from 10/11/2018,Uncompleted,N.A,118174,05,11,Central Region,Queenstown
FOURTH AVENUE RESIDENCES,"1,732,000",710.42,"2,438",24 Mar 2022,12 FOURTH AVENUE #03-39,New Sale,Strata,66,"26,242",-,Apartment,1,99 yrs from 07/03/2018,Uncompleted,N.A,268676,10,26,Central Region,Bukit Timah
FOURTH AVENUE RESIDENCES,"2,290,000",947.23,"2,418",24 Mar 2022,4 FOURTH AVENUE #04-10,New Sale,Strata,88,"26,023",-,Apartment,1,99 yrs from 07/03/2018,Uncompleted,N.A,268672,10,26,Central Region,Bukit Timah
MIDTOWN BAY,"2,023,800",753.48,"2,657",24 Mar 2022,122 BEACH ROAD #13-01,New Sale,Strata,70,"28,603","2,002,200",Apartment,1,99 yrs from 02/01/2018,Uncompleted,N.A,189770,07,18,Central Region,Downtown Core
SENGKANG GRAND RESIDENCES,"1,727,200",936.47,"1,844",24 Mar 2022,72 COMPASSVALE BOW #09-03,New Sale,Strata,87,"19,853",-,Apartment,1,99 yrs from 13/11/2018,Uncompleted,N.A,544693,19,54,North East Region,Sengkang
SENGKANG GRAND RESIDENCES,"1,736,550",936.47,"1,854",24 Mar 2022,72 COMPASSVALE BOW #10-03,New Sale,Strata,87,"19,960",-,Apartment,1,99 yrs from 13/11/2018,Uncompleted,N.A,544693,19,54,North East Region,Sengkang
SENGKANG GRAND RESIDENCES,"1,710,200",936.47,"1,826",24 Mar 2022,72 COMPASSVALE BOW #07-03,New Sale,Strata,87,"19,657",-,Apartment,1,99 yrs from 13/11/2018,Uncompleted,N.A,544693,19,54,North East Region,Sengkang
RIVIERE,"2,898,000","1,173.28","2,470",24 Mar 2022,1 JIAK KIM STREET #08-05,New Sale,Strata,109,"26,587",-,Apartment,1,99 yrs from 07/03/2018,Uncompleted,N.A,169423,03,16,Central Region,Singapore River
RIVIERE,"5,428,000","2,002.1","2,711",24 Mar 2022,3 JIAK KIM STREET #07-08,New Sale,Strata,186,"29,183",-,Apartment,1,99 yrs from 07/03/2018,Uncompleted,N.A,169424,03,16,Central Region,Singapore River
VERDALE,"1,449,900",731.95,"1,981",24 Mar 2022,14 DE SOUZA AVENUE #05-46,New Sale,Strata,68,"21,322",-,Apartment,1,99 yrs from 05/12/2018,Uncompleted,N.A,599463,21,59,Central Region,Bukit Timah
MEYER MANSION,"4,423,600","1,722.24","2,569",24 Mar 2022,79 MEYER ROAD #11-08,New Sale,Strata,160,"27,648",-,Apartment,1,Freehold,Uncompleted,N.A,437906,15,43,Central Region,Marine Parade
FORETT AT BUKIT TIMAH,"1,599,000",721.19,"2,217",24 Mar 2022,34 TOH TUCK ROAD #03-24,New Sale,Strata,67,"23,866",-,Apartment,1,Freehold,Uncompleted,N.A,596712,21,59,Central Region,Bukit Timah
FORETT AT BUKIT TIMAH,"1,536,000",731.95,"2,098",24 Mar 2022,40 TOH TUCK ROAD #04-92,New Sale,Strata,68,"22,588",-,Apartment,1,Freehold,Uncompleted,N.A,596717,21,59,Central Region,Bukit Timah
THE AVENIR,"3,346,000","1,140.98","2,933",24 Mar 2022,8 RIVER VALLEY CLOSE #07-06,New Sale,Strata,106,"31,566",-,Condominium,1,Freehold,Uncompleted,N.A,238432,09,23,Central Region,River Valley
KOPAR AT NEWTON,"2,621,520","1,054.87","2,485",24 Mar 2022,6 MAKEWAY AVENUE #14-02,New Sale,Strata,98,"26,750",-,Apartment,1,99 yrs from 22/04/2019,Uncompleted,N.A,228606,09,22,Central Region,Novena
KI RESIDENCES AT BROOKVALE,"2,025,000",979.52,"2,067",24 Mar 2022,12 BROOKVALE DRIVE #07-27,New Sale,Strata,91,"22,253",-,Condominium,1,999 yrs from 23/03/1885,Uncompleted,N.A,599978,21,59,West Region,Clementi
MORI,"1,015,000",495.14,"2,050",24 Mar 2022,223 GUILLEMARD ROAD #06-06,New Sale,Strata,46,"22,065",-,Apartment,1,Freehold,Uncompleted,N.A,399738,14,39,Central Region,Geylang
BALESTIER 288,"1,300,000","1,216.33","1,069",24 Mar 2022,288 BALESTIER ROAD #04-02,Resale,Strata,113,"11,504",-,Apartment,1,Freehold,2004,HDB,329731,12,32,Central Region,Novena
COSTA DEL SOL,"2,150,000","1,313.21","1,637",24 Mar 2022,68 BAYSHORE ROAD #22-02,Resale,Strata,122,"17,623",-,Condominium,1,99 yrs from 05/05/1997,2003,Private,469986,16,46,East Region,Bedok
GUILIN VIEW,"1,290,000","1,259.39","1,024",24 Mar 2022,22 BUKIT BATOK STREET 52 #27-06,Resale,Strata,117,"11,026",-,Condominium,1,99 yrs from 24/04/1996,1999,HDB,659245,23,65,West Region,Bukit Batok
NORTHVALE,"1,092,500","1,323.97",825,24 Mar 2022,71 CHOA CHU KANG LOOP #07-07,Resale,Strata,123,"8,882",-,Apartment,1,99 yrs from 01/03/1995,1998,Private,689673,23,68,West Region,Choa Chu Kang
THE QUARTZ,"1,638,800","1,302.44","1,258",24 Mar 2022,69 COMPASSVALE BOW #17-37,Resale,Strata,121,"13,544",-,Condominium,1,99 yrs from 18/04/2005,2009,HDB,544993,19,54,North East Region,Sengkang
HIGH PARK RESIDENCES,"850,000",592.02,"1,436",24 Mar 2022,23 FERNVALE ROAD #19-09,Resale,Strata,55,"15,455",-,Apartment,1,99 yrs from 05/11/2014,2019,HDB,797638,28,79,North East Region,Sengkang
HIGH PARK RESIDENCES,"1,200,000",871.88,"1,376",24 Mar 2022,31 FERNVALE ROAD #19-57,Resale,Strata,81,"14,815",-,Apartment,1,99 yrs from 05/11/2014,2019,HDB,797417,28,79,North East Region,Sengkang
HAIG COURT,"2,400,000","1,442.38","1,664",24 Mar 2022,160 HAIG ROAD #10-04,Resale,Strata,134,"17,910",-,Condominium,1,Freehold,2004,Private,438795,15,43,Central Region,Marine Parade
NATURA@HILLVIEW,"780,000",527.44,"1,479",24 Mar 2022,22 HILLVIEW TERRACE #06-21,Resale,Strata,49,"15,918",-,Apartment,1,Freehold,2015,HDB,669233,23,66,West Region,Bukit Batok
PALM GARDENS,"1,000,000","1,205.57",829,24 Mar 2022,2B HONG SAN WALK #12-01,Resale,Strata,112,"8,929",-,Condominium,1,99 yrs from 12/08/1996,2000,Private,689048,23,68,West Region,Choa Chu Kang
EUHABITAT,"1,185,000",904.18,"1,311",24 Mar 2022,202 JALAN EUNOS #05-42,Resale,Strata,84,"14,107",-,Condominium,1,99 yrs from 06/12/2010,2015,Private,419545,14,41,East Region,Bedok
D' FRESCO,"1,423,000","1,119.46","1,271",24 Mar 2022,58 JOO CHIAT LANE #02-04,Resale,Strata,104,"13,683",-,Apartment,1,Freehold,2010,Private,428109,15,42,Central Region,Geylang
CARIBBEAN AT KEPPEL BAY,"2,250,000","1,227.1","1,834",24 Mar 2022,42 KEPPEL BAY DRIVE #07-105,Resale,Strata,114,"19,737",-,Condominium,1,99 yrs from 16/08/1999,2004,Private,098656,04,09,Central Region,Bukit Merah
WATERFORD RESIDENCE,"2,050,000","1,054.87","1,943",24 Mar 2022,21 KIM YAM ROAD #09-02,Resale,Strata,98,"20,918",-,Apartment,1,999 yrs from 01/07/1841,2010,HDB,239332,09,23,Central Region,River Valley
CITY SQUARE RESIDENCES,"1,080,000",570.49,"1,893",24 Mar 2022,2 KITCHENER LINK #20-01,Resale,Strata,53,"20,377",-,Condominium,1,Freehold,2009,Private,207229,08,20,Central Region,Kallang
BARTLEY RESIDENCES,"725,000",462.85,"1,566",24 Mar 2022,3 LORONG HOW SUN #02-10,Resale,Strata,43,"16,860",-,Apartment,1,99 yrs from 29/06/2011,2015,HDB,536560,19,53,North East Region,Serangoon
BEACON HEIGHTS,"835,000",667.37,"1,251",24 Mar 2022,8 MAR THOMA ROAD #14-08,Resale,Strata,62,"13,468",-,Condominium,1,999 yrs from 02/06/1882,2012,Private,328689,12,32,Central Region,Kallang
THE SEAFRONT ON MEYER,"5,000,000","2,292.73","2,181",24 Mar 2022,59 MEYER ROAD #19-13,Resale,Strata,213,"23,474",-,Condominium,1,Freehold,2010,Private,437880,15,43,Central Region,Marine Parade
THE COAST AT SENTOSA COVE,"4,000,000","2,927.81","1,366",24 Mar 2022,280 OCEAN DRIVE #01-02,Resale,Strata,272,"14,706",-,Condominium,1,99 yrs from 11/04/2006,2009,Private,098451,04,09,Central Region,Southern Islands
N.A.,"1,731,180",731.95,"2,365",24 Mar 2022,265 OUTRAM ROAD #03-03,Resale,Strata,68,"25,459",-,Apartment,1,Freehold,2019,Private,169059,03,16,Central Region,Bukit Merah
PRINCIPAL GARDEN,"3,230,000","1,571.54","2,055",24 Mar 2022,93 PRINCE CHARLES CRESCENT #21-01,Resale,Strata,146,"22,123",-,Condominium,1,99 yrs from 21/07/2014,2018,Private,159026,03,15,Central Region,Bukit Merah
MELVILLE PARK,"750,000","1,065.64",704,24 Mar 2022,28 SIMEI STREET 1 #04-11,Resale,Strata,99,"7,576",-,Condominium,1,99 yrs from 01/09/1992,1996,Private,529948,18,52,East Region,Tampines
MY MANHATTAN,"1,800,000","1,334.74","1,349",24 Mar 2022,35 SIMEI STREET 3 #06-26,Resale,Strata,124,"14,516",-,Condominium,1,99 yrs from 11/08/2010,2014,Private,529904,18,52,East Region,Tampines
PRINCIPAL GARDEN,"950,000",484.38,"1,961",24 Mar 2022,99 PRINCE CHARLES CRESCENT #20-27,Resale,Strata,45,"21,111",-,Condominium,1,99 yrs from 21/07/2014,2018,HDB,159029,03,15,Central Region,Bukit Merah
WATERTOWN,"1,200,000",807.3,"1,486",24 Mar 2022,71 PUNGGOL CENTRAL #12-55,Resale,Strata,75,"16,000",-,Apartment,1,99 yrs from 18/05/2011,2017,Private,828755,19,82,North East Region,Punggol
THE GREENWICH,"1,650,000","1,474.67","1,119",24 Mar 2022,11 SELETAR ROAD #01-48,Resale,Strata,137,"12,044",-,Condominium,1,99 yrs from 21/12/2009,2014,HDB,807016,28,80,North East Region,Serangoon
THE GREENWICH,"1,010,000",882.65,"1,144",24 Mar 2022,3 SELETAR ROAD #05-01,Resale,Strata,82,"12,317",-,Condominium,1,99 yrs from 21/12/2009,2014,HDB,807012,28,80,North East Region,Serangoon
THE SANTORINI,"890,000",753.48,"1,181",24 Mar 2022,35 TAMPINES STREET 86 #12-39,Resale,Strata,70,"12,714",-,Condominium,1,99 yrs from 16/10/2013,2017,HDB,528574,18,52,East Region,Tampines
PARC ELEGANCE,"610,000",452.09,"1,349",24 Mar 2022,13 TELOK KURAU ROAD #03-07,Resale,Strata,42,"14,524",-,Apartment,1,Freehold,2013,HDB,423912,15,42,East Region,Bedok
KERRISDALE,"1,300,000",990.29,"1,313",24 Mar 2022,30 STURDEE ROAD #18-03,Resale,Strata,92,"14,130",-,Condominium,1,99 yrs from 02/04/1998,2005,Private,207852,08,20,Central Region,Kallang
KERRISDALE,"1,888,000","1,485.43","1,271",24 Mar 2022,30 STURDEE ROAD #22-05,Resale,Strata,138,"13,681",-,Condominium,1,99 yrs from 02/04/1998,2005,Private,207852,08,20,Central Region,Kallang
THE TREVOSE,"1,962,500","1,280.92","1,532",24 Mar 2022,60 TREVOSE CRESCENT #04-31,Resale,Strata,119,"16,492",-,Condominium,1,99 yrs from 14/12/1996,2001,Private,298090,11,29,Central Region,Novena
RIVERSAILS,"1,020,000",882.65,"1,156",24 Mar 2022,24 UPPER SERANGOON CRESCENT #16-56,Resale,Strata,82,"12,439",-,Condominium,1,99 yrs from 07/12/2011,2016,HDB,534024,19,53,North East Region,Hougang
BOATHOUSE RESIDENCES,"888,000",731.95,"1,213",24 Mar 2022,23 UPPER SERANGOON VIEW #09-03,Resale,Strata,68,"13,059",-,Condominium,1,99 yrs from 09/02/2011,2015,Private,534047,19,53,North East Region,Hougang
THREE 11,"1,480,000",764.24,"1,937",24 Mar 2022,311 UPPER THOMSON ROAD #02-13,Resale,Strata,71,"20,845",-,Apartment,1,Freehold,2015,HDB,574409,20,57,Central Region,Bishan
PARC RIVIERA,"938,000",645.84,"1,452",24 Mar 2022,103 WEST COAST VALE #15-13,Resale,Strata,60,"15,633",-,Condominium,1,99 yrs from 11/11/2015,2019,Private,126754,05,12,West Region,Clementi
SYMPHONY SUITES,"915,000",785.77,"1,164",24 Mar 2022,1 YISHUN CLOSE #09-03,Resale,Strata,73,"12,534",-,Condominium,1,99 yrs from 10/06/2014,2018,HDB,768004,27,76,North Region,Yishun
THE PANORAMA,"1,750,000",990.29,"1,767",24 Mar 2022,18 ANG MO KIO AVENUE 2 #07-29,Resale,Strata,92,"19,022",-,Condominium,1,99 yrs from 08/04/2013,2017,Private,567700,20,56,North East Region,Ang Mo Kio
THE DRAYCOTT,"5,300,000","2,637.18","2,010",24 Mar 2022,50 DRAYCOTT PARK #08-01,Resale,Strata,245,"21,633",-,Apartment,1,Freehold,1980,Private,259396,10,25,Central Region,Newton
PALM SPRING,"4,000,000","1,883.7","2,123",24 Mar 2022,22 EWE BOON ROAD #02-07,Resale,Strata,175,"22,857",-,Condominium,1,Freehold,1997,Private,259328,10,25,Central Region,Tanglin
NINETEEN SHELFORD ROAD,"1,560,000",947.23,"1,647",24 Mar 2022,19 SHELFORD ROAD #03-34,Resale,Strata,88,"17,727",-,Condominium,1,Freehold,1997,Private,288408,11,28,Central Region,Bukit Timah
SYMPHONY SUITES,"1,180,000","1,022.58","1,154",24 Mar 2022,19 YISHUN CLOSE #07-38,Resale,Strata,95,"12,421",-,Condominium,1,99 yrs from 10/06/2014,2018,Private,768013,27,76,North Region,Yishun
INTERNATIONAL PLAZA,"1,300,000","1,033.34","1,258",24 Mar 2022,10 ANSON ROAD #45-05,Resale,Strata,96,"13,542",-,Apartment,1,99 yrs from 02/06/1970,1976,HDB,079903,02,07,Central Region,Downtown Core
EIGHT COURTYARDS,"1,038,000","1,001.05","1,037",24 Mar 2022,6 CANBERRA DRIVE #04-06,Resale,Strata,93,"11,161",-,Condominium,1,99 yrs from 20/09/2010,2014,Private,768140,27,76,North Region,Yishun
DOVER PARKVIEW,"1,190,000",936.47,"1,271",24 Mar 2022,38 DOVER RISE #13-03,Resale,Strata,87,"13,678",-,Condominium,1,99 yrs from 01/12/1993,1997,HDB,138684,05,13,Central Region,Queenstown
CORONA VILLE,"2,390,000","1,528.49","1,564",24 Mar 2022,35 JALAN HAJI ALIAS #01-11,Resale,Strata,142,"16,831",-,Condominium,1,Freehold,1983,HDB,268535,10,26,Central Region,Bukit Timah
CITYLIGHTS,"1,080,000",559.73,"1,930",24 Mar 2022,86 JELLICOE ROAD #31-19,Resale,Strata,52,"20,769",-,Condominium,1,99 yrs from 05/01/2004,2007,HDB,208745,08,20,Central Region,Kallang
VACANZA @ EAST,"1,110,000",807.3,"1,375",24 Mar 2022,48 LENGKONG TUJOH #06-30,Resale,Strata,75,"14,800",-,Condominium,1,Freehold,2014,Private,417397,14,41,East Region,Bedok
BLOSSOM VIEW,"980,000",979.52,"1,000",24 Mar 2022,31 LORONG 26 GEYLANG #07-02,Resale,Strata,91,"10,769",-,Apartment,1,Freehold,1997,Private,398498,14,39,Central Region,Geylang
THE SAIL @ MARINA BAY,"1,370,000",613.55,"2,233",24 Mar 2022,6 MARINA BOULEVARD #53-20,Resale,Strata,57,"24,035",-,Apartment,1,99 yrs from 12/08/2002,2008,Private,018985,01,01,Central Region,Downtown Core
LUCKY PLAZA,"1,800,000",828.83,"2,172",24 Mar 2022,304 ORCHARD ROAD #21-04,Resale,Strata,77,"23,377",-,Apartment,1,Freehold,1981,Private,238863,09,23,Central Region,Orchard
JOOL SUITES,"708,000",484.38,"1,462",24 Mar 2022,2 SING JOO WALK #02-04,Resale,Strata,45,"15,733",-,Apartment,1,Freehold,2013,Private,217811,08,21,Central Region,Kallang
AQUARIUS BY THE PARK,"868,000",893.41,972,24 Mar 2022,11 BEDOK RESERVOIR VIEW #05-01,Resale,Strata,83,"10,458",-,Condominium,1,99 yrs from 12/06/1996,2001,Private,478931,16,47,East Region,Bedok
HILLVIEW REGENCY,"880,000",968.76,908,24 Mar 2022,26 BUKIT BATOK EAST AVENUE 2 #07-02,Resale,Strata,90,"9,778",-,Condominium,1,99 yrs from 20/06/2000,2005,HDB,659920,23,65,West Region,Bukit Batok
FERRARIA PARK CONDOMINIUM,"1,920,000","1,894.46","1,013",24 Mar 2022,26 FLORA DRIVE #08-50,Resale,Strata,176,"10,909",-,Condominium,1,Freehold,2009,Private,506950,17,50,East Region,Pasir Ris
SPOTTISWOODE PARK,"885,000",850.36,"1,041",24 Mar 2022,102 SPOTTISWOODE PARK ROAD #16-82,Resale,Strata,79,"11,203",-,Apartment,1,99 yrs from 23/10/1973,-,Private,080102,02,08,Central Region,Bukit Merah
PENANG SERVICE APARTMENTS,"1,180,888","1,151.75","1,025",24 Mar 2022,16 LORONG 34 GEYLANG #06-01,Resale,Strata,107,"11,036",-,Apartment,1,Freehold,1994,Private,398213,14,39,Central Region,Geylang
HERTFORD COLLECTION,"1,265,000",968.76,"1,306",24 Mar 2022,40 HERTFORD ROAD #05-05,Resale,Strata,90,"14,056",-,Apartment,1,Freehold,2013,Private,219408,08,21,Central Region,Kallang
ECHELON,"2,800,000","1,474.67","1,899",24 Mar 2022,9 ALEXANDRA VIEW #28-09,Resale,Strata,137,"20,438",-,Condominium,1,99 yrs from 06/03/2012,2016,Private,158742,03,15,Central Region,Bukit Merah
AMBER PARK,"1,789,000",678.13,"2,638",25 Mar 2022,16 AMBER GARDENS #03-08,New Sale,Strata,63,"28,397",-,Condominium,1,Freehold,Uncompleted,N.A,439961,15,43,Central Region,Marine Parade
ROYALGREEN,"2,316,450",828.83,"2,795",25 Mar 2022,2B ANAMALAI AVENUE #05-16,New Sale,Strata,77,"30,084",-,Condominium,1,Freehold,2021,N.A,279990,10,27,Central Region,Bukit Timah
AVENUE SOUTH RESIDENCE,"1,627,000",656.6,"2,478",25 Mar 2022,13 SILAT AVENUE #44-40,New Sale,Strata,61,"26,672",-,Apartment,1,99 yrs from 14/08/2018,Uncompleted,N.A,168878,03,16,Central Region,Bukit Merah
PULLMAN RESIDENCES NEWTON,"3,343,760","1,162.51","2,876",25 Mar 2022,18 DUNEARN ROAD #15-02,New Sale,Strata,108,"30,961",-,Apartment,1,Freehold,Uncompleted,N.A,309421,11,30,Central Region,Novena
FORETT AT BUKIT TIMAH,"1,600,000",721.19,"2,219",25 Mar 2022,32B TOH TUCK ROAD #08-19,New Sale,Strata,67,"23,881",-,Apartment,1,Freehold,Uncompleted,N.A,596111,21,59,Central Region,Bukit Timah
MIDTOWN MODERN,"2,415,600",904.18,"2,672",25 Mar 2022,18 TAN QUEE LAN STREET #12-12,New Sale,Strata,84,"28,757",-,Apartment,1,99 yrs from 10/12/2019,Uncompleted,N.A,188105,07,18,Central Region,Downtown Core
MIDTOWN MODERN,"2,433,420",904.18,"2,691",25 Mar 2022,18 TAN QUEE LAN STREET #13-12,New Sale,Strata,84,"28,969",-,Apartment,1,99 yrs from 10/12/2019,Uncompleted,N.A,188105,07,18,Central Region,Downtown Core
IRWELL HILL RESIDENCES,"1,945,000",678.13,"2,868",25 Mar 2022,6 IRWELL HILL #31-11,New Sale,Strata,63,"30,873",-,Apartment,1,99 yrs from 13/04/2020,Uncompleted,N.A,239590,09,23,Central Region,River Valley
THE MADEIRA,"1,220,000","1,237.86",986,25 Mar 2022,52 BUKIT BATOK STREET 31 #23-07,Resale,Strata,115,"10,609",-,Condominium,1,99 yrs from 14/08/2000,2003,HDB,659443,23,65,West Region,Bukit Batok
THE INFLORA,"1,500,000","1,334.74","1,124",25 Mar 2022,53 FLORA DRIVE #01-08,Resale,Strata,124,"12,097",-,Condominium,1,99 yrs from 25/05/2012,2016,Private,506863,17,50,East Region,Pasir Ris
CENTRAL VIEW,"1,200,000","1,216.33",987,25 Mar 2022,50 HOUGANG STREET 11 #13-04,Resale,Strata,113,"10,619",-,Condominium,1,99 yrs from 20/03/1998,2002,Private,538749,19,53,North East Region,Hougang
CASPIAN,"1,835,000","1,528.49","1,201",25 Mar 2022,54 LAKESIDE DRIVE #09-18,Resale,Strata,142,"12,923",-,Condominium,1,99 yrs from 17/03/2008,2012,HDB,648317,22,64,West Region,Jurong West
ASTON MANSIONS,"990,000","1,011.82",978,25 Mar 2022,3 LORONG 42 GEYLANG #02-08,Resale,Strata,94,"10,532",-,Apartment,1,99 yrs from 13/02/1995,1998,Private,398026,14,39,Central Region,Geylang
SKIES MILTONIA,"1,445,000","1,313.21","1,100",25 Mar 2022,33 MILTONIA CLOSE #05-28,Resale,Strata,122,"11,844",-,Condominium,1,99 yrs from 20/02/2012,2016,Private,768064,27,76,North Region,Yishun
CITY EDGE,"1,480,000",828.83,"1,786",25 Mar 2022,18 MOULMEIN RISE #12-03,Resale,Strata,77,"19,221",-,Apartment,1,Freehold,2007,Private,308133,11,30,Central Region,Novena
WHITEHAVEN,"930,000",538.2,"1,728",25 Mar 2022,332 PASIR PANJANG ROAD #03-02,Resale,Strata,50,"18,600",-,Apartment,1,Freehold,2016,HDB,117395,05,11,Central Region,Queenstown
VUE 8 RESIDENCE,"2,025,000","1,614.6","1,254",25 Mar 2022,97 PASIR RIS HEIGHTS #13-27,Resale,Strata,150,"13,500",-,Condominium,1,99 yrs from 10/09/2012,2017,Private,519290,18,51,East Region,Pasir Ris
URBAN VISTA,"950,000",721.19,"1,317",25 Mar 2022,18 TANAH MERAH KECHIL LINK #01-36,Resale,Strata,67,"14,179",-,Condominium,1,99 yrs from 05/11/2012,2016,HDB,465425,16,46,East Region,Bedok
URBAN VISTA,"760,000",559.73,"1,358",25 Mar 2022,4 TANAH MERAH KECHIL LINK #02-06,Resale,Strata,52,"14,615",-,Condominium,1,99 yrs from 05/11/2012,2016,Private,465418,16,46,East Region,Bedok
SOLEIL @ SINARAN,"1,042,000",581.26,"1,793",25 Mar 2022,2 SINARAN DRIVE #05-02,Resale,Strata,54,"19,296",-,Condominium,1,99 yrs from 23/10/2006,2011,Private,307467,11,30,Central Region,Novena
QUEENS,"2,180,000","1,410.08","1,546",25 Mar 2022,12 STIRLING ROAD #33-08,Resale,Strata,131,"16,641",-,Condominium,1,99 yrs from 16/02/1998,2002,Private,148955,03,14,Central Region,Queenstown
STIRLING RESIDENCES,"1,338,888",656.6,"2,039",25 Mar 2022,21 STIRLING ROAD #06-06,Sub Sale,Strata,61,"21,949",-,Apartment,1,99 yrs from 18/08/2017,Uncompleted,Private,148960,03,14,Central Region,Queenstown
HIGHGATE,"2,050,000","1,485.43","1,380",25 Mar 2022,68 TOH TUCK ROAD #02-06,Resale,Strata,138,"14,855",-,Condominium,1,Freehold,1995,Private,596733,21,59,Central Region,Bukit Timah
8@WOODLEIGH,"1,700,000","1,151.75","1,476",25 Mar 2022,8 WOODLEIGH CLOSE #07-18,Resale,Strata,107,"15,888",-,Condominium,1,99 yrs from 22/09/2008,2012,HDB,357903,13,35,Central Region,Toa Payoh
AMBER RESIDENCES,"2,470,000","1,248.62","1,978",25 Mar 2022,50 AMBER ROAD #16-04,Resale,Strata,116,"21,293",-,Condominium,1,Freehold,2011,Private,439888,15,43,Central Region,Marine Parade
THE BAYSHORE,"1,150,000",979.52,"1,174",25 Mar 2022,26 BAYSHORE ROAD #25-04,Resale,Strata,91,"12,637",-,Condominium,1,99 yrs from 31/05/1993,1996,Private,469972,16,46,East Region,Bedok
THE BAYSHORE,"1,180,000","1,011.82","1,166",25 Mar 2022,30 BAYSHORE ROAD #24-01,Resale,Strata,94,"12,553",-,Condominium,1,99 yrs from 31/05/1993,1997,Private,469974,16,46,East Region,Bedok
GUILIN VIEW,"810,000",861.12,941,25 Mar 2022,22 BUKIT BATOK STREET 52 #07-04,Resale,Strata,80,"10,125",-,Condominium,1,99 yrs from 24/04/1996,1999,HDB,659245,23,65,West Region,Bukit Batok
SIGLAP V,"830,000",559.73,"1,483",25 Mar 2022,2 FIRST STREET #02-09,Resale,Strata,52,"15,962",-,Apartment,1,Freehold,2013,Private,458278,15,45,East Region,Bedok
KINGSFORD . HILLVIEW PEAK,"1,100,000",785.77,"1,400",25 Mar 2022,105 HILLVIEW RISE #09-33,Resale,Strata,73,"15,068",-,Condominium,1,99 yrs from 04/06/2012,2017,HDB,667968,23,66,West Region,Bukit Batok
CHARISMA VIEW,"860,000",656.6,"1,310",25 Mar 2022,167 JALAN JURONG KECHIL #07-02,Resale,Strata,61,"14,098",-,Apartment,1,Freehold,2002,Private,598671,21,59,Central Region,Bukit Timah
THE MAYFAIR,"902,000",925.7,974,25 Mar 2022,7 JURONG EAST STREET 32 #11-02,Resale,Strata,86,"10,488",-,Condominium,1,99 yrs from 04/12/1996,2000,Private,609480,22,60,West Region,Jurong East
LAKE GRANDE,"1,010,000",613.55,"1,646",25 Mar 2022,2 JURONG LAKE LINK #05-02,Resale,Strata,57,"17,719",-,Condominium,1,99 yrs from 09/06/2015,2019,HDB,648157,22,64,West Region,Jurong West
GEM RESIDENCES,"1,600,000",979.52,"1,633",25 Mar 2022,1 LORONG 5 TOA PAYOH #19-04,Sub Sale,Strata,91,"17,582",-,Condominium,1,99 yrs from 21/09/2015,2019,Private,319458,12,31,Central Region,Toa Payoh
AALTO,"4,000,000","1,959.05","2,042",25 Mar 2022,193 MEYER ROAD #04-06,Resale,Strata,182,"21,978",-,Condominium,1,Freehold,2010,Private,437981,15,43,Central Region,Marine Parade
FLO RESIDENCE,"1,200,000","1,011.82","1,186",25 Mar 2022,3 PUNGGOL FIELD WALK #17-07,Resale,Strata,94,"12,766",-,Condominium,1,99 yrs from 05/12/2011,2016,HDB,828740,19,82,North East Region,Punggol
SPOTTISWOODE PARK,"1,093,000","1,313.21",832,25 Mar 2022,107 SPOTTISWOODE PARK ROAD #15-118,Resale,Strata,122,"8,959",-,Apartment,1,85 yrs from 01/08/1990,-,Private,080107,02,08,Central Region,Bukit Merah
SEVENTY SAINT PATRICK'S,"1,700,000",839.59,"2,025",25 Mar 2022,76 ST. PATRICK'S ROAD #04-16,Resale,Strata,78,"21,795",-,Condominium,1,Freehold,2016,HDB,424179,15,42,East Region,Bedok
THE DAFFODIL,"945,000",731.95,"1,291",25 Mar 2022,568 UPPER EAST COAST ROAD #04-03,Resale,Strata,68,"13,897",-,Apartment,1,Freehold,1998,Private,466584,16,46,East Region,Bedok
EIGHT RIVERSUITES,"730,000",441.32,"1,654",25 Mar 2022,6 WHAMPOA EAST #10-13,Resale,Strata,41,"17,805",-,Condominium,1,99 yrs from 11/07/2011,2016,Private,338519,12,33,Central Region,Kallang
DAIRY FARM RESIDENCES,"1,342,000",710.42,"1,889",25 Mar 2022,6 DAIRY FARM LANE #13-12,New Sale,Strata,66,"20,333",-,Apartment,1,99 yrs from 05/12/2018,Uncompleted,N.A,677623,23,67,West Region,Bukit Panjang
DAIRY FARM RESIDENCES,"1,346,300",710.42,"1,895",25 Mar 2022,6 DAIRY FARM LANE #14-12,New Sale,Strata,66,"20,398",-,Apartment,1,99 yrs from 05/12/2018,Uncompleted,N.A,677623,23,67,West Region,Bukit Panjang
DAIRY FARM RESIDENCES,"1,335,900",710.42,"1,880",25 Mar 2022,6 DAIRY FARM LANE #14-13,New Sale,Strata,66,"20,241",-,Apartment,1,99 yrs from 05/12/2018,Uncompleted,N.A,677623,23,67,West Region,Bukit Panjang
THE SKYWOODS,"1,188,000",839.59,"1,415",25 Mar 2022,7 DAIRY FARM HEIGHTS #01-17,Resale,Strata,78,"15,231",-,Condominium,1,99 yrs from 21/12/2012,2016,HDB,677669,23,67,West Region,Bukit Panjang
H2O RESIDENCES,"1,500,000","1,227.1","1,222",25 Mar 2022,38 FERNVALE LINK #19-23,Resale,Strata,114,"13,158",-,Condominium,1,99 yrs from 10/05/2010,2015,Private,797534,28,79,North East Region,Sengkang
THE MINTON,"1,238,000",979.52,"1,264",25 Mar 2022,14A HOUGANG STREET 11 #12-75,Resale,Strata,91,"13,604",-,Condominium,1,99 yrs from 27/07/2007,2013,HDB,534070,19,53,North East Region,Hougang
COTE D'AZUR,"1,620,000","1,108.69","1,461",25 Mar 2022,60 MARINE PARADE ROAD #10-01,Resale,Strata,103,"15,728",-,Condominium,1,99 yrs from 25/07/2001,2004,Private,449297,15,44,Central Region,Marine Parade
ORANGE GROVE RESIDENCES,"4,250,000","1,991.34","2,134",25 Mar 2022,37 ORANGE GROVE ROAD #04-11,Resale,Strata,185,"22,973",-,Condominium,1,Freehold,2009,Private,258361,10,25,Central Region,Tanglin
THOMSON 800,"2,595,000","1,625.36","1,597",25 Mar 2022,808 THOMSON ROAD #03-18,Resale,Strata,151,"17,185",-,Condominium,1,Freehold,1999,Private,298190,11,29,Central Region,Toa Payoh
ECO,"1,280,000",914.94,"1,399",25 Mar 2022,271 BEDOK SOUTH AVENUE 3 #14-08,Resale,Strata,85,"15,059",-,Condominium,1,99 yrs from 14/05/2012,2017,HDB,465489,16,46,East Region,Bedok
BRADDELL VIEW,"1,488,888","1,582.31",941,25 Mar 2022,10R BRADDELL HILL #02-77,Resale,Strata,147,"10,128",-,Apartment,1,102 yrs from 01/02/1978,1981,HDB,579735,20,57,Central Region,Toa Payoh
WATERTOWN,"850,000",602.78,"1,410",25 Mar 2022,71 PUNGGOL CENTRAL #08-36,Resale,Strata,56,"15,179",-,Apartment,1,99 yrs from 18/05/2011,2017,HDB,828755,19,82,North East Region,Punggol
HIGHLINE RESIDENCES,"1,086,000",505.91,"2,147",25 Mar 2022,9 KIM TIAN ROAD #12-15,Resale,Strata,47,"23,106",-,Condominium,1,99 yrs from 22/07/2013,2018,Private,168593,03,16,Central Region,Bukit Merah
THE CLEARWATER,"1,580,000","1,377.79","1,147",25 Mar 2022,12 BEDOK RESERVOIR VIEW #11-32,Resale,Strata,128,"12,344",-,Condominium,1,99 yrs from 18/07/1997,2001,HDB,479237,16,47,East Region,Bedok
GUILIN VIEW,"1,280,000","1,259.39","1,016",25 Mar 2022,26 BUKIT BATOK STREET 52 #21-06,Resale,Strata,117,"10,940",-,Condominium,1,99 yrs from 24/04/1996,2000,Private,659247,23,65,West Region,Bukit Batok
SPRINGDALE CONDOMINIUM,"1,540,000","1,130.22","1,363",25 Mar 2022,51 HINDHEDE WALK #09-03,Resale,Strata,105,"14,667",-,Condominium,1,999 yrs from 21/06/1877,1998,Private,587975,21,58,West Region,Bukit Panjang
HILLSTA,"965,000",850.36,"1,135",25 Mar 2022,66 PHOENIX ROAD #07-01,Resale,Strata,79,"12,215",-,Condominium,1,99 yrs from 03/10/2011,2016,HDB,668201,23,66,West Region,Bukit Batok
ORCHID PARK CONDOMINIUM,"800,000",979.52,817,25 Mar 2022,93 YISHUN STREET 81 #08-07,Resale,Strata,91,"8,791",-,Condominium,1,99 yrs from 01/09/1991,1994,HDB,768451,27,76,North Region,Yishun
ROBERTSON BLUE,"2,650,000","1,237.86","2,141",25 Mar 2022,88 ROBERTSON QUAY #04-07,Resale,Strata,115,"23,043",-,Apartment,1,Freehold,2006,Private,238247,09,23,Central Region,Singapore River
THE HILLSIDE,"1,900,000","1,302.44","1,459",25 Mar 2022,341 UPPER BUKIT TIMAH ROAD #05-12,Resale,Strata,121,"15,702",-,Condominium,1,Freehold,2001,Private,588195,21,58,West Region,Bukit Batok
THE WOODLEIGH RESIDENCES,"2,492,000","1,119.46","2,226",26 Mar 2022,23 BIDADARI PARK DRIVE #13-32,New Sale,Strata,104,"23,962",-,Apartment,1,99 yrs from 18/09/2017,Uncompleted,N.A,367796,13,36,Central Region,Toa Payoh
THE FLORENCE RESIDENCES,"2,624,000","1,679.18","1,563",26 Mar 2022,85 HOUGANG AVENUE 2 #04-21,New Sale,Strata,156,"16,821",-,Apartment,1,99 yrs from 24/12/2018,Uncompleted,N.A,538861,19,53,North East Region,Hougang
THE FLORENCE RESIDENCES,"1,610,000",979.52,"1,644",26 Mar 2022,87 HOUGANG AVENUE 2 #02-33,New Sale,Strata,91,"17,692",-,Apartment,1,99 yrs from 24/12/2018,Uncompleted,N.A,538862,19,53,North East Region,Hougang
NORMANTON PARK,"2,508,000","1,334.74","1,879",26 Mar 2022,53 NORMANTON PARK #14-42,New Sale,Strata,124,"20,226",-,Apartment,1,99 yrs from 22/07/2019,Uncompleted,N.A,117282,05,11,Central Region,Queenstown
NORMANTON PARK,"2,504,000","1,334.74","1,876",26 Mar 2022,53 NORMANTON PARK #13-42,New Sale,Strata,124,"20,194",-,Apartment,1,99 yrs from 22/07/2019,Uncompleted,N.A,117282,05,11,Central Region,Queenstown
NORMANTON PARK,"1,780,000",958,"1,858",26 Mar 2022,55 NORMANTON PARK #04-51,New Sale,Strata,89,"20,000",-,Apartment,1,99 yrs from 22/07/2019,Uncompleted,N.A,117283,05,11,Central Region,Queenstown
VERDALE,"1,404,200",731.95,"1,918",26 Mar 2022,16 DE SOUZA AVENUE #04-47,New Sale,Strata,68,"20,650",-,Apartment,1,99 yrs from 05/12/2018,Uncompleted,N.A,599464,21,59,Central Region,Bukit Timah
AVENUE SOUTH RESIDENCE,"3,175,000","1,496.2","2,122",26 Mar 2022,11 SILAT AVENUE #31-31,New Sale,Strata,139,"22,842",-,Apartment,1,99 yrs from 14/08/2018,Uncompleted,N.A,168877,03,16,Central Region,Bukit Merah
MIDWOOD,"2,154,000","1,259.39","1,710",26 Mar 2022,10 HILLVIEW RISE #25-12,New Sale,Strata,117,"18,410",-,Condominium,1,99 yrs from 01/10/2018,Uncompleted,N.A,667972,23,66,West Region,Bukit Batok
THE AVENIR,"5,160,000","1,571.54","3,283",26 Mar 2022,10 RIVER VALLEY CLOSE #25-08,New Sale,Strata,146,"35,342",-,Condominium,1,Freehold,Uncompleted,N.A,238438,09,23,Central Region,River Valley
THE AVENIR,"2,490,000",807.3,"3,084",26 Mar 2022,8 RIVER VALLEY CLOSE #16-04,New Sale,Strata,75,"33,200",-,Condominium,1,Freehold,Uncompleted,N.A,238432,09,23,Central Region,River Valley
THE AVENIR,"3,540,000","1,140.98","3,103",26 Mar 2022,8 RIVER VALLEY CLOSE #18-06,New Sale,Strata,106,"33,396",-,Condominium,1,Freehold,Uncompleted,N.A,238432,09,23,Central Region,River Valley
THE ATELIER,"2,978,000","1,173.28","2,538",26 Mar 2022,2 MAKEWAY AVENUE #09-05,New Sale,Strata,109,"27,321",-,Apartment,1,Freehold,Uncompleted,N.A,228599,09,22,Central Region,Novena
MIDTOWN MODERN,"4,646,070","1,808.35","2,569",26 Mar 2022,18 TAN QUEE LAN STREET #09-17,New Sale,Strata,168,"27,655",-,Apartment,1,99 yrs from 10/12/2019,Uncompleted,Private,188105,07,18,Central Region,Downtown Core
THE REEF AT KING'S DOCK,"2,350,000",979.52,"2,399",26 Mar 2022,14 HARBOURFRONT AVENUE #01-35,New Sale,Strata,91,"25,824",-,Condominium,1,99 yrs from 12/01/2021,Uncompleted,N.A,097997,04,09,Central Region,Bukit Merah
RYMDEN 77,"1,974,100","1,130.22","1,747",26 Mar 2022,77 LORONG H TELOK KURAU #03-01,New Sale,Strata,105,"18,801",-,Apartment,1,Freehold,Uncompleted,N.A,426094,15,42,East Region,Bedok
DAIRY FARM RESIDENCES,"1,458,700",914.94,"1,594",26 Mar 2022,10 DAIRY FARM LANE #02-32,New Sale,Strata,85,"17,161",-,Apartment,1,99 yrs from 05/12/2018,Uncompleted,N.A,677625,23,67,West Region,Bukit Panjang
THE WOODLEIGH RESIDENCES,"1,706,000",742.72,"2,297",27 Mar 2022,23 BIDADARI PARK DRIVE #04-33,New Sale,Strata,69,"24,725",-,Apartment,1,99 yrs from 18/09/2017,Uncompleted,N.A,367796,13,36,Central Region,Toa Payoh
AMBER PARK,"3,299,000","1,302.44","2,533",27 Mar 2022,16 AMBER GARDENS #08-06,New Sale,Strata,121,"27,264",-,Condominium,1,Freehold,Uncompleted,N.A,439961,15,43,Central Region,Marine Parade
AMBER PARK,"3,776,000","1,571.54","2,403",27 Mar 2022,16 AMBER GARDENS #06-07,New Sale,Strata,146,"25,863",-,Condominium,1,Freehold,Uncompleted,N.A,439961,15,43,Central Region,Marine Parade
AMBER PARK,"3,203,000","1,302.44","2,459",27 Mar 2022,18 AMBER GARDENS #12-16,New Sale,Strata,121,"26,471",-,Condominium,1,Freehold,Uncompleted,N.A,439980,15,43,Central Region,Marine Parade
FOURTH AVENUE RESIDENCES,"2,607,560","1,076.4","2,422",27 Mar 2022,8 FOURTH AVENUE #04-23,New Sale,Strata,100,"26,076",-,Apartment,1,99 yrs from 07/03/2018,Uncompleted,N.A,268674,10,26,Central Region,Bukit Timah
35 GILSTEAD,"1,798,000",742.72,"2,421",27 Mar 2022,35 GILSTEAD ROAD #01-08,New Sale,Strata,69,"26,058",-,Apartment,1,Freehold,Uncompleted,Private,309079,11,30,Central Region,Novena
35 GILSTEAD,"1,790,000",742.72,"2,410",27 Mar 2022,35 GILSTEAD ROAD #01-13,New Sale,Strata,69,"25,942",-,Apartment,1,Freehold,Uncompleted,N.A,309079,11,30,Central Region,Novena
THE FLORENCE RESIDENCES,"1,006,000",602.78,"1,669",27 Mar 2022,87 HOUGANG AVENUE 2 #18-36,New Sale,Strata,56,"17,964",-,Apartment,1,99 yrs from 24/12/2018,Uncompleted,N.A,538862,19,53,North East Region,Hougang
THE FLORENCE RESIDENCES,"1,530,000",936.47,"1,634",27 Mar 2022,97 HOUGANG AVENUE 2 #02-79,New Sale,Strata,87,"17,586",-,Apartment,1,99 yrs from 24/12/2018,Uncompleted,N.A,533753,19,53,North East Region,Hougang
NORMANTON PARK,"1,825,000",958,"1,905",27 Mar 2022,55 NORMANTON PARK #19-51,New Sale,Strata,89,"20,506",-,Apartment,1,99 yrs from 22/07/2019,Uncompleted,N.A,117283,05,11,Central Region,Queenstown
NORMANTON PARK,"1,828,000",958,"1,908",27 Mar 2022,55 NORMANTON PARK #20-51,New Sale,Strata,89,"20,539",-,Apartment,1,99 yrs from 22/07/2019,Uncompleted,N.A,117283,05,11,Central Region,Queenstown
15 HOLLAND HILL,"6,392,300","2,045.16","3,126",27 Mar 2022,15 HOLLAND HILL #09-01,New Sale,Strata,190,"33,644",-,Apartment,1,Freehold,Uncompleted,N.A,278735,10,27,Central Region,Bukit Timah
VERTICUS,"2,029,000",936.47,"2,167",27 Mar 2022,3 JALAN KEMAMAN #26-05,New Sale,Strata,87,"23,322",-,Apartment,1,Freehold,Uncompleted,N.A,329343,12,32,Central Region,Novena
RIVIERE,"3,020,000","1,140.98","2,647",27 Mar 2022,1 JIAK KIM STREET #15-01,New Sale,Strata,106,"28,491",-,Apartment,1,99 yrs from 07/03/2018,Uncompleted,N.A,169423,03,16,Central Region,Singapore River
RIVIERE,"1,593,000",559.73,"2,846",27 Mar 2022,1 JIAK KIM STREET #21-03,New Sale,Strata,52,"30,635",-,Apartment,1,99 yrs from 07/03/2018,Uncompleted,N.A,169423,03,16,Central Region,Singapore River
RIVIERE,"1,599,000",559.73,"2,857",27 Mar 2022,1 JIAK KIM STREET #22-03,New Sale,Strata,52,"30,750",-,Apartment,1,99 yrs from 07/03/2018,Uncompleted,N.A,169423,03,16,Central Region,Singapore River
VERDALE,"3,398,100","1,872.94","1,814",27 Mar 2022,14 DE SOUZA AVENUE #05-45,New Sale,Strata,174,"19,529",-,Apartment,1,99 yrs from 05/12/2018,Uncompleted,N.A,599463,21,59,Central Region,Bukit Timah
VERDALE,"1,368,000",731.95,"1,869",27 Mar 2022,2 DE SOUZA AVENUE #04-01,New Sale,Strata,68,"20,118",-,Apartment,1,99 yrs from 05/12/2018,Uncompleted,N.A,599458,21,59,Central Region,Bukit Timah
VERDALE,"1,363,900",742.72,"1,836",27 Mar 2022,2 DE SOUZA AVENUE #04-04,New Sale,Strata,69,"19,767",-,Apartment,1,99 yrs from 05/12/2018,Uncompleted,N.A,599458,21,59,Central Region,Bukit Timah
VERDALE,"1,314,400",742.72,"1,770",27 Mar 2022,2 DE SOUZA AVENUE #03-05,New Sale,Strata,69,"19,049",-,Apartment,1,99 yrs from 05/12/2018,Uncompleted,N.A,599458,21,59,Central Region,Bukit Timah
VERDALE,"1,358,500",742.72,"1,829",27 Mar 2022,2 DE SOUZA AVENUE #05-05,New Sale,Strata,69,"19,688",-,Apartment,1,99 yrs from 05/12/2018,Uncompleted,N.A,599458,21,59,Central Region,Bukit Timah
AVENUE SOUTH RESIDENCE,"1,861,000",882.65,"2,108",27 Mar 2022,13 SILAT AVENUE #56-46,New Sale,Strata,82,"22,695",-,Apartment,1,99 yrs from 14/08/2018,Uncompleted,N.A,168878,03,16,Central Region,Bukit Merah
MEYER MANSION,"3,000,000","1,108.69","2,706",27 Mar 2022,79 MEYER ROAD #24-06,New Sale,Strata,103,"29,126",-,Apartment,1,Freehold,Uncompleted,N.A,437906,15,43,Central Region,Marine Parade
FORETT AT BUKIT TIMAH,"2,166,000","1,162.51","1,863",27 Mar 2022,32A TOH TUCK ROAD #05-12,New Sale,Strata,108,"20,056",-,Apartment,1,Freehold,Uncompleted,N.A,596110,21,59,Central Region,Bukit Timah
THE AVENIR,"1,528,000",527.44,"2,897",27 Mar 2022,8 RIVER VALLEY CLOSE #07-02,New Sale,Strata,49,"31,184",-,Condominium,1,Freehold,Uncompleted,N.A,238432,09,23,Central Region,River Valley
LEEDON GREEN,"1,515,000",538.2,"2,815",27 Mar 2022,28 LEEDON HEIGHTS #09-16,New Sale,Strata,50,"30,300",-,Condominium,1,Freehold,Uncompleted,N.A,266222,10,26,Central Region,Bukit Timah
LEEDON GREEN,"1,745,000",613.55,"2,844",27 Mar 2022,30 LEEDON HEIGHTS #08-24,New Sale,Strata,57,"30,614",-,Condominium,1,Freehold,Uncompleted,N.A,266223,10,26,Central Region,Bukit Timah
MIDTOWN MODERN,"14,000,000","3,272.26","4,278",27 Mar 2022,18 TAN QUEE LAN STREET #30-17,New Sale,Strata,304,"46,053",-,Apartment,1,99 yrs from 10/12/2019,Uncompleted,N.A,188105,07,18,Central Region,Downtown Core
IRWELL HILL RESIDENCES,"1,681,000",613.55,"2,740",27 Mar 2022,6 IRWELL HILL #23-14,New Sale,Strata,57,"29,491",-,Apartment,1,99 yrs from 13/04/2020,Uncompleted,N.A,239590,09,23,Central Region,River Valley
THE COMMODORE,"1,144,000",742.72,"1,540",27 Mar 2022,61 CANBERRA DRIVE #01-09,New Sale,Strata,69,"16,580",-,Condominium,1,99 yrs from 08/06/2020,Uncompleted,N.A,769305,27,76,North Region,Sembawang
THE WATERGARDENS AT CANBERRA,"1,630,000","1,108.69","1,470",27 Mar 2022,51 CANBERRA DRIVE #04-69,New Sale,Strata,103,"15,825",-,Apartment,1,99 yrs from 08/06/2020,Uncompleted,N.A,769327,27,76,North Region,Sembawang
CANNINGHILL PIERS,"2,330,000",796.54,"2,925",27 Mar 2022,1 CLARKE QUAY #40-05,New Sale,Strata,74,"31,486",-,Apartment,1,99 yrs from 17/09/2021,Uncompleted,N.A,179882,06,17,Central Region,Singapore River
RYMDEN 77,"2,045,600","1,151.75","1,776",27 Mar 2022,77 LORONG H TELOK KURAU #03-04,New Sale,Strata,107,"19,118",-,Apartment,1,Freehold,Uncompleted,HDB,426094,15,42,East Region,Bedok
RYMDEN 77,"2,060,900","1,151.75","1,789",27 Mar 2022,77 LORONG H TELOK KURAU #04-04,New Sale,Strata,107,"19,261",-,Apartment,1,Freehold,Uncompleted,N.A,426094,15,42,East Region,Bedok
PAVILION 11,"2,850,000","1,485.43","1,919",28 Mar 2022,25 AKYAB ROAD #23-05,Resale,Strata,138,"20,652",-,Condominium,1,Freehold,2009,HDB,309979,11,30,Central Region,Novena
ALESSANDREA,"1,800,000","1,097.93","1,639",28 Mar 2022,31 ALEXANDRA ROAD #04-04,Resale,Strata,102,"17,647",-,Apartment,1,Freehold,2003,Private,159967,03,15,Central Region,Bukit Merah
NOUVEL 18,"5,648,000","1,582.31","3,569",28 Mar 2022,18 ANDERSON ROAD #16-05,Resale,Strata,147,"38,422",-,Condominium,1,Freehold,2014,Private,259977,10,25,Central Region,Newton
WATERFRONT WAVES,"1,950,000","1,474.67","1,322",28 Mar 2022,762 BEDOK RESERVOIR ROAD #08-17,Resale,Strata,137,"14,234",-,Condominium,1,99 yrs from 31/10/2007,2011,Private,479246,16,47,East Region,Bedok
REGENT HEIGHTS,"880,000","1,022.58",861,28 Mar 2022,50 BUKIT BATOK EAST AVENUE 5 #18-05,Resale,Strata,95,"9,263",-,Condominium,1,99 yrs from 07/11/1995,1999,HDB,659801,23,65,West Region,Bukit Batok
GOODWOOD RESIDENCE,"7,050,000","2,454.19","2,873",28 Mar 2022,263 BUKIT TIMAH ROAD #09-10,Resale,Strata,228,"30,921",-,Condominium,1,Freehold,2013,Private,259704,10,25,Central Region,Newton
ASTRID MEADOWS,"4,200,000","2,045.16","2,054",28 Mar 2022,38 CORONATION ROAD WEST #05-02,Resale,Strata,190,"22,105",-,Condominium,1,Freehold,1990,Private,269257,10,26,Central Region,Bukit Timah
SEASCAPE,"4,529,100","2,163.56","2,093",28 Mar 2022,59 COVE WAY #06-17,Resale,Strata,201,"22,533",-,Condominium,1,99 yrs from 09/06/2007,2011,Private,098309,04,09,Central Region,Southern Islands
DAKOTA RESIDENCES,"1,980,000","1,291.68","1,533",28 Mar 2022,42 DAKOTA CRESCENT #02-20,Resale,Strata,120,"16,500",-,Condominium,1,99 yrs from 11/09/2007,2010,HDB,399940,14,39,Central Region,Geylang
WATERBANK AT DAKOTA,"845,000",484.38,"1,744",28 Mar 2022,84 DAKOTA CRESCENT #18-27,Resale,Strata,45,"18,778",-,Condominium,1,99 yrs from 07/12/2009,2013,Private,399948,14,39,Central Region,Geylang
THE INTERLACE,"3,480,000","3,422.95","1,017",28 Mar 2022,206 DEPOT ROAD #02-52,Resale,Strata,318,"10,943",-,Condominium,1,99 yrs from 11/02/2009,2013,Private,109697,04,10,Central Region,Bukit Merah
REGENT GROVE,"925,000","1,194.8",774,28 Mar 2022,50 CHOA CHU KANG NORTH 7 #12-11,Resale,Strata,111,"8,333",-,Condominium,1,99 yrs from 17/05/1997,2000,HDB,689527,23,68,West Region,Choa Chu Kang
HIGH PARK RESIDENCES,"1,080,000",893.41,"1,209",28 Mar 2022,23 FERNVALE ROAD #06-15,Resale,Strata,83,"13,012",-,Apartment,1,99 yrs from 05/11/2014,2019,Private,797638,28,79,North East Region,Sengkang
J GATEWAY,"2,100,000","1,162.51","1,806",28 Mar 2022,2 GATEWAY DRIVE #32-13,Resale,Strata,108,"19,444",-,Condominium,1,99 yrs from 28/08/2012,2016,HDB,608533,22,60,West Region,Jurong East
JLB RESIDENCES,"850,000",753.48,"1,128",28 Mar 2022,169 JALAN LOYANG BESAR #03-05,Resale,Strata,70,"12,143",-,Apartment,1,946 yrs from 27/11/1937,2008,HDB,509422,17,50,East Region,Pasir Ris
CITYLIGHTS,"1,129,888",678.13,"1,666",28 Mar 2022,88 JELLICOE ROAD #09-26,Resale,Strata,63,"17,935",-,Condominium,1,99 yrs from 05/01/2004,2007,Private,208747,08,20,Central Region,Kallang
LAKEVILLE,"1,230,000",871.88,"1,411",28 Mar 2022,9 JURONG LAKE LINK #11-34,Resale,Strata,81,"15,185",-,Condominium,1,99 yrs from 30/04/2013,2017,Private,648164,22,64,West Region,Jurong West
LE REVE,"2,600,000","2,400.37","1,083",28 Mar 2022,29 KAMPONG EUNOS,Resale,Strata,223,"11,659",-,Condominium,1,Freehold,2007,Private,417784,14,41,East Region,Bedok
CASPIAN,"1,530,000","1,194.8","1,281",28 Mar 2022,50 LAKESIDE DRIVE #13-03,Resale,Strata,111,"13,784",-,Condominium,1,99 yrs from 17/03/2008,2012,HDB,648315,22,64,West Region,Jurong West
BULLION PARK,"1,658,000","1,259.39","1,317",28 Mar 2022,168 LENTOR LOOP #08-06,Resale,Strata,117,"14,171",-,Condominium,1,Freehold,1993,Private,789098,26,78,North East Region,Ang Mo Kio
ROSEVALE,"2,550,000","1,399.32","1,822",28 Mar 2022,32 LINCOLN ROAD #03-03,Resale,Strata,130,"19,615",-,Apartment,1,Freehold,2001,Private,308362,11,30,Central Region,Novena
IDYLLIC RESIDENCES,"2,070,000","1,926.76","1,074",28 Mar 2022,52 LORONG M TELOK KURAU #05-03,Resale,Strata,179,"11,564",-,Apartment,1,Freehold,2009,HDB,425346,15,42,East Region,Bedok
THE POIZ RESIDENCES,"780,000",441.32,"1,767",28 Mar 2022,10 MEYAPPA CHETTIAR ROAD #13-24,Resale,Strata,41,"19,024",-,Apartment,1,99 yrs from 17/11/2014,2018,HDB,358473,13,35,Central Region,Toa Payoh
THE SEAFRONT ON MEYER,"2,950,000","1,603.84","1,839",28 Mar 2022,57 MEYER ROAD #02-09,Resale,Strata,149,"19,799",-,Condominium,1,Freehold,2010,Private,437878,15,43,Central Region,Marine Parade
N.A.,"1,017,724",387.5,"2,626",28 Mar 2022,265 OUTRAM ROAD #02-04,Resale,Strata,36,"28,270",-,Apartment,1,Freehold,2019,Private,169059,03,16,Central Region,Bukit Merah
TANAMERA CREST,"1,180,000","1,173.28","1,006",28 Mar 2022,6 PARI DEDAP WALK #12-07,Resale,Strata,109,"10,826",-,Condominium,1,99 yrs from 20/06/2000,2004,Private,486060,16,48,East Region,Bedok
THE GRANDHILL,"2,761,000","1,829.88","1,509",28 Mar 2022,39 PASIR PANJANG HILL #05-09,Resale,Strata,170,"16,241",-,Condominium,1,Freehold,2006,HDB,118860,05,11,Central Region,Queenstown
THE MAYLEA,"840,000",527.44,"1,593",28 Mar 2022,242E PASIR PANJANG ROAD #03-01,Resale,Strata,49,"17,143",-,Condominium,1,Freehold,2008,HDB,117494,05,11,Central Region,Queenstown
THE CREST,"3,580,000","1,872.94","1,911",28 Mar 2022,101 PRINCE CHARLES CRESCENT #20-03,Resale,Strata,174,"20,575",-,Condominium,1,99 yrs from 21/12/2012,2017,Private,159017,03,15,Central Region,Bukit Merah
RIVERSOUND RESIDENCE,"858,000",753.48,"1,139",28 Mar 2022,5 SENGKANG EAST AVENUE #03-15,Resale,Strata,70,"12,257",-,Condominium,1,99 yrs from 26/08/2011,2015,HDB,544740,19,54,North East Region,Sengkang
SUNGLADE,"1,520,000","1,205.57","1,261",28 Mar 2022,3 SERANGOON AVENUE 2 #02-06,Resale,Strata,112,"13,571",-,Condominium,1,99 yrs from 09/10/2000,2003,Private,556131,19,55,North East Region,Serangoon
MANDARIN GARDENS,"1,150,000",828.83,"1,388",28 Mar 2022,5 SIGLAP ROAD #15-41,Resale,Strata,77,"14,935",-,Condominium,1,99 yrs from 08/03/1982,1986,Private,448908,15,44,East Region,Bedok
MELVILLE PARK,"888,000","1,044.11",850,28 Mar 2022,18 SIMEI STREET 1 #11-15,Resale,Strata,97,"9,155",-,Condominium,1,99 yrs from 01/09/1992,1996,Private,529943,18,52,East Region,Tampines
THE GARDENS AT BISHAN,"1,200,000",882.65,"1,360",28 Mar 2022,1 SIN MING WALK #14-34,Resale,Strata,82,"14,634",-,Condominium,1,99 yrs from 22/03/1997,2004,HDB,575574,20,57,Central Region,Bishan
THE SPINNAKER,"2,100,000","1,280.92","1,639",28 Mar 2022,13 SUFFOLK ROAD #08-01,Resale,Strata,119,"17,647",-,Apartment,1,Freehold,1999,Private,307788,11,30,Central Region,Novena
RIVERSAILS,"1,660,000","1,367.03","1,214",28 Mar 2022,12 UPPER SERANGOON CRESCENT #04-31,Resale,Strata,127,"13,071",-,Condominium,1,99 yrs from 07/12/2011,2016,HDB,534030,19,53,North East Region,Hougang
SEAHILL,"670,000",495.14,"1,353",28 Mar 2022,121 WEST COAST CRESCENT #13-11,Resale,Strata,46,"14,565",-,Condominium,1,99 yrs from 26/09/2011,2016,Private,126778,05,12,West Region,Clementi
PARC RIVIERA,"1,020,000",710.42,"1,436",28 Mar 2022,101 WEST COAST VALE #16-10,Resale,Strata,66,"15,455",-,Condominium,1,99 yrs from 11/11/2015,2019,HDB,126753,05,12,West Region,Clementi
EIGHT RIVERSUITES,"1,300,000",839.59,"1,548",28 Mar 2022,10 WHAMPOA EAST #26-27,Resale,Strata,78,"16,667",-,Condominium,1,99 yrs from 11/07/2011,2016,HDB,338521,12,33,Central Region,Kallang
AFFINITY AT SERANGOON,"1,723,563","1,151.75","1,496",28 Mar 2022,22 SERANGOON NORTH AVENUE 1 #12-31,New Sale,Strata,107,"16,108",-,Apartment,1,99 yrs from 18/05/2018,Uncompleted,N.A,554338,19,55,North East Region,Serangoon
FOURTH AVENUE RESIDENCES,"2,323,000",968.76,"2,398",28 Mar 2022,18 FOURTH AVENUE #01-69,New Sale,Strata,90,"25,811",-,Apartment,1,99 yrs from 07/03/2018,Uncompleted,N.A,268679,10,26,Central Region,Bukit Timah
MAYFAIR MODERN,"1,191,000",624.31,"1,908",28 Mar 2022,6 RIFLE RANGE ROAD #08-19,New Sale,Strata,58,"20,534",-,Condominium,1,99 yrs from 18/09/2018,Uncompleted,N.A,588375,21,58,Central Region,Bukit Timah
HAUS ON HANDY,"1,574,000",602.78,"2,611",28 Mar 2022,30 HANDY ROAD #07-17,New Sale,Strata,56,"28,107",-,Condominium,1,99 yrs from 07/05/2018,Uncompleted,N.A,229241,09,22,Central Region,Museum
VAN HOLLAND,"2,933,677","1,001.05","2,931",28 Mar 2022,190 HOLLAND ROAD #04-13,New Sale,Strata,93,"31,545",-,Condominium,1,Freehold,Uncompleted,N.A,278585,10,27,Central Region,Bukit Timah
ONE PEARL BANK,"2,179,000",893.41,"2,439",28 Mar 2022,1 PEARL BANK #29-11,New Sale,Strata,83,"26,253",-,Apartment,1,99 yrs from 01/03/2019,Uncompleted,N.A,169016,03,16,Central Region,Outram
NORMANTON PARK,"1,097,000",645.84,"1,699",28 Mar 2022,47 NORMANTON PARK #24-16,New Sale,Strata,60,"18,283",-,Apartment,1,99 yrs from 22/07/2019,Uncompleted,N.A,119028,05,11,Central Region,Queenstown
NORMANTON PARK,"1,851,000","1,054.87","1,755",28 Mar 2022,61 NORMANTON PARK #24-74,New Sale,Strata,98,"18,888",-,Apartment,1,99 yrs from 22/07/2019,Uncompleted,N.A,117286,05,11,Central Region,Queenstown
SENGKANG GRAND RESIDENCES,"1,710,200",936.47,"1,826",28 Mar 2022,82 COMPASSVALE BOW #09-43,New Sale,Strata,87,"19,657",-,Apartment,1,99 yrs from 13/11/2018,Uncompleted,N.A,544571,19,54,North East Region,Sengkang
MEYER MANSION,"3,665,000","1,399.32","2,619",28 Mar 2022,79 MEYER ROAD #12-04,New Sale,Strata,130,"28,192",-,Apartment,1,Freehold,Uncompleted,N.A,437906,15,43,Central Region,Marine Parade
THE M,"1,480,000",527.44,"2,806",28 Mar 2022,38 MIDDLE ROAD #19-41,New Sale,Strata,49,"30,204",-,Apartment,1,99 yrs from 03/07/2019,Uncompleted,N.A,188947,07,18,Central Region,Downtown Core
LEEDON GREEN,"1,852,688",699.66,"2,648",28 Mar 2022,32 LEEDON HEIGHTS #04-27,New Sale,Strata,65,"28,503",-,Condominium,1,Freehold,Uncompleted,N.A,266075,10,26,Central Region,Bukit Timah
LEEDON GREEN,"1,575,000",538.2,"2,926",28 Mar 2022,32 LEEDON HEIGHTS #11-31,New Sale,Strata,50,"31,500",-,Condominium,1,Freehold,Uncompleted,N.A,266075,10,26,Central Region,Bukit Timah
KI RESIDENCES AT BROOKVALE,"2,423,000","1,173.28","2,065",28 Mar 2022,2 BROOKVALE DRIVE #10-04,New Sale,Strata,109,"22,229",-,Condominium,1,999 yrs from 23/03/1885,Uncompleted,N.A,599973,21,59,West Region,Clementi
ONE BERNAM,"2,020,000",828.83,"2,437",28 Mar 2022,1 BERNAM STREET #07-11,New Sale,Strata,77,"26,234",-,Apartment,1,99 yrs from 10/12/2019,Uncompleted,N.A,078852,02,07,Central Region,Downtown Core
ARTRA,"1,520,000",785.77,"1,934",28 Mar 2022,10 ALEXANDRA VIEW #20-05,Sub Sale,Strata,73,"20,822",-,Apartment,1,99 yrs from 15/02/2016,2020,Private,158745,03,15,Central Region,Bukit Merah
THE LENOX,"630,000",430.56,"1,463",28 Mar 2022,398 CHANGI ROAD #02-05,Resale,Strata,40,"15,750",-,Apartment,1,Freehold,2014,Private,419845,14,41,East Region,Bedok
BLUWATERS 2,"1,360,000","1,496.2",909,28 Mar 2022,205 JALAN LOYANG BESAR #01-12,Resale,Strata,139,"9,784",-,Condominium,1,946 yrs from 01/01/1938,2010,Private,509456,17,50,East Region,Pasir Ris
PARC HAVEN,"918,000",688.9,"1,333",28 Mar 2022,12 LORONG LIMAU #08-06,Resale,Strata,64,"14,344",-,Apartment,1,Freehold,2004,Private,328741,12,32,Central Region,Novena
RANGOON VIEW,"1,260,000","1,334.74",944,28 Mar 2022,223 RANGOON ROAD #06-01,Resale,Strata,124,"10,161",-,Apartment,1,Freehold,-,HDB,218460,08,21,Central Region,Kallang
JADESCAPE,"1,500,000",775.01,"1,935",28 Mar 2022,2 SHUNFU ROAD #15-03,Sub Sale,Strata,72,"20,833",-,Condominium,1,99 yrs from 19/06/2018,Uncompleted,HDB,575742,20,57,Central Region,Bishan
STIRLING RESIDENCES,"1,358,000",678.13,"2,003",28 Mar 2022,21 STIRLING ROAD #03-11,Sub Sale,Strata,63,"21,556",-,Apartment,1,99 yrs from 18/08/2017,Uncompleted,Private,148960,03,14,Central Region,Queenstown
THE ALPS RESIDENCES,"1,360,000","1,065.64","1,276",28 Mar 2022,117 TAMPINES STREET 86 #05-46,Sub Sale,Strata,99,"13,737",-,Condominium,1,99 yrs from 03/08/2015,2019,Private,528538,18,52,East Region,Tampines
NEWEST,"980,000",635.08,"1,543",28 Mar 2022,3 WEST COAST DRIVE #08-03,Resale,Strata,59,"16,610",-,Apartment,1,956 yrs from 27/05/1928,2016,HDB,128021,05,12,West Region,Clementi
WATERFRONT ISLE,"1,190,000",904.18,"1,316",28 Mar 2022,730 BEDOK RESERVOIR ROAD #11-08,Resale,Strata,84,"14,167",-,Condominium,1,99 yrs from 26/11/2009,2015,Private,479261,16,47,East Region,Bedok
RIZ HAVEN,"1,185,000","1,076.4","1,101",28 Mar 2022,193A JALAN LOYANG BESAR #02-09,Resale,Strata,100,"11,850",-,Apartment,1,946 yrs from 01/01/1938,2010,Private,506929,17,50,East Region,Pasir Ris
PALM VISTA,"1,148,000",861.12,"1,333",28 Mar 2022,47 LORONG G TELOK KURAU #03-04,Resale,Strata,80,"14,350",-,Apartment,1,Freehold,2008,HDB,426224,15,42,East Region,Bedok
THE MAYFAIR,"1,300,000","1,388.56",936,28 Mar 2022,1 JURONG EAST STREET 32 #06-06,Resale,Strata,129,"10,078",-,Condominium,1,99 yrs from 04/12/1996,2000,Private,609477,22,60,West Region,Jurong East
CORALS AT KEPPEL BAY,"6,920,000","2,647.94","2,613",28 Mar 2022,3 KEPPEL BAY DRIVE #06-05,Resale,Strata,246,"28,130",-,Condominium,1,99 yrs from 26/02/2007,2016,Private,098013,04,09,Central Region,Bukit Merah
DUCHESS CREST,"2,228,000","1,345.5","1,656",28 Mar 2022,58 DUCHESS AVENUE #02-07,Resale,Strata,125,"17,824",-,Condominium,1,99 yrs from 24/06/1995,1998,Private,269200,10,26,Central Region,Bukit Timah
HAIG 162,"942,888",581.26,"1,622",28 Mar 2022,162 HAIG ROAD #07-01,Resale,Strata,54,"17,461",-,Apartment,1,Freehold,2013,HDB,438773,15,43,Central Region,Marine Parade
BISHAN PARK CONDOMINIUM,"1,660,000","1,506.96","1,102",28 Mar 2022,22 SIN MING WALK #01-01,Resale,Strata,140,"11,857",-,Condominium,1,99 yrs from 01/03/1991,1994,HDB,575571,20,57,Central Region,Bishan
SUITES @ EASTCOAST,"840,000",570.49,"1,472",28 Mar 2022,171 UPPER EAST COAST ROAD #03-06,Resale,Strata,53,"15,849",-,Condominium,1,Freehold,2012,Private,455273,15,45,East Region,Bedok
THE TENNERY,"775,000",613.55,"1,263",28 Mar 2022,5A WOODLANDS ROAD #10-27,Resale,Strata,57,"13,596",-,Apartment,1,99 yrs from 24/05/2010,2014,HDB,677728,23,67,West Region,Choa Chu Kang
THE INTERLACE,"1,280,000",807.3,"1,586",28 Mar 2022,198 DEPOT ROAD #08-37,Resale,Strata,75,"17,067",-,Condominium,1,99 yrs from 11/02/2009,2013,HDB,109693,04,10,Central Region,Bukit Merah
APOLLO GARDENS,"1,908,888","1,840.64","1,037",28 Mar 2022,615A UPPER CHANGI ROAD,Resale,Strata,171,"11,163",-,Apartment,1,Freehold,1984,HDB,487028,16,48,East Region,Tampines
ONE LEICESTER,"1,520,000","1,054.87","1,441",28 Mar 2022,1 LEICESTER ROAD #17-07,Resale,Strata,98,"15,510",-,Condominium,1,Freehold,2008,Private,358828,13,35,Central Region,Toa Payoh
NIN RESIDENCE,"725,000",505.91,"1,433",28 Mar 2022,83 PHENG GECK AVENUE #01-03,Resale,Strata,47,"15,426",-,Apartment,1,99 yrs from 13/09/2010,2014,Private,348270,13,34,Central Region,Toa Payoh
GOODWOOD GRAND,"3,100,000","1,227.1","2,526",29 Mar 2022,16 BALMORAL ROAD #09-05,Resale,Strata,114,"27,193",-,Apartment,1,Freehold,2017,Private,259802,10,25,Central Region,Newton
PARKVIEW APARTMENTS,"810,000",979.52,827,29 Mar 2022,3 BUKIT BATOK STREET 25 #12-08,Resale,Strata,91,"8,901",-,Apartment,1,99 yrs from 01/05/1994,1998,HDB,658881,23,65,West Region,Bukit Batok
THE LUXURIE,"1,290,000","1,001.05","1,289",29 Mar 2022,29 COMPASSVALE ROAD #02-38,Resale,Strata,93,"13,871",-,Condominium,1,99 yrs from 15/06/2011,2015,HDB,544758,19,54,North East Region,Sengkang
HERITAGE VIEW,"1,630,000","1,194.8","1,364",29 Mar 2022,8 DOVER RISE #07-10,Resale,Strata,111,"14,685",-,Condominium,1,99 yrs from 12/08/1996,2000,Private,138679,05,13,Central Region,Queenstown
MARINA BAY SUITES,"2,850,000","1,614.6","1,765",29 Mar 2022,3 CENTRAL BOULEVARD #11-04,Resale,Strata,150,"19,000",-,Condominium,1,99 yrs from 08/03/2007,2013,Private,018965,01,01,Central Region,Downtown Core
MAYFAIR RESIDENCES,"1,950,000","1,184.04","1,647",29 Mar 2022,531 EAST COAST ROAD #05-01,Resale,Strata,110,"17,727",-,Apartment,1,Freehold,2017,HDB,429065,15,42,East Region,Bedok
HIGH PARK RESIDENCES,"670,000",452.09,"1,482",29 Mar 2022,31 FERNVALE ROAD #11-42,Resale,Strata,42,"15,952",-,Apartment,1,99 yrs from 05/11/2014,2019,HDB,797417,28,79,North East Region,Sengkang
ONE EIGHTIES RESIDENCES,"1,866,000","1,237.86","1,507",29 Mar 2022,186 JOO CHIAT TERRACE #05-04,Resale,Strata,115,"16,226",-,Apartment,1,Freehold,2015,HDB,427332,15,42,Central Region,Geylang
OLEANDER TOWERS,"1,880,000","1,463.9","1,284",29 Mar 2022,913 LORONG 1 TOA PAYOH #09-07,Resale,Strata,136,"13,824",-,Apartment,1,99 yrs from 01/03/1995,1998,Private,319772,12,31,Central Region,Toa Payoh
FOREST WOODS,"945,000",516.67,"1,829",29 Mar 2022,9B LORONG LEW LIAN #07-19,Resale,Strata,48,"19,688",-,Condominium,1,99 yrs from 05/02/2016,2020,HDB,536496,19,53,North East Region,Serangoon
VILLAGE TOWER,"4,600,000","2,615.65","1,759",29 Mar 2022,35 MOUNT SINAI RISE #12-03,Resale,Strata,243,"18,930",-,Condominium,1,Freehold,1983,Private,276955,10,27,Central Region,Bukit Timah
VUE 8 RESIDENCE,"1,010,000",775.01,"1,303",29 Mar 2022,91 PASIR RIS HEIGHTS #12-18,Resale,Strata,72,"14,028",-,Condominium,1,99 yrs from 10/09/2012,2017,HDB,519287,18,51,East Region,Pasir Ris
PINE GROVE,"1,980,000","1,754.53","1,129",29 Mar 2022,1B PINE GROVE #15-08,Resale,Strata,163,"12,147",-,Condominium,1,99 yrs from 01/11/1984,-,Private,591001,21,59,Central Region,Bukit Timah
ASPEN HEIGHTS,"1,850,000",882.65,"2,096",29 Mar 2022,263 RIVER VALLEY ROAD #04-02,Resale,Strata,82,"22,561",-,Condominium,1,999 yrs from 01/07/1841,1998,Private,238309,09,23,Central Region,River Valley
MELVILLE PARK,"1,110,000","1,474.67",753,29 Mar 2022,24 SIMEI STREET 1 #03-01,Resale,Strata,137,"8,102",-,Condominium,1,99 yrs from 01/09/1992,1996,Private,529946,18,52,East Region,Tampines
BOTANIQUE AT BARTLEY,"828,000",516.67,"1,603",29 Mar 2022,237 UPPER PAYA LEBAR ROAD #16-45,Resale,Strata,48,"17,250",-,Condominium,1,99 yrs from 14/04/2014,2019,Private,533867,19,53,North East Region,Serangoon
RIVERFRONT RESIDENCES,"2,046,120","1,410.08","1,451",29 Mar 2022,45 HOUGANG AVENUE 7 #14-28,New Sale,Strata,131,"15,619",-,Apartment,1,99 yrs from 31/05/2018,Uncompleted,N.A,533815,19,53,North East Region,Hougang
THE FLORENCE RESIDENCES,"2,394,000","1,280.92","1,869",29 Mar 2022,89 HOUGANG AVENUE 2 #17-41,New Sale,Strata,119,"20,118",-,Apartment,1,99 yrs from 24/12/2018,Uncompleted,N.A,538863,19,53,North East Region,Hougang
THE FLORENCE RESIDENCES,"1,382,000",667.37,"2,071",29 Mar 2022,91 HOUGANG AVENUE 2 #17-49,New Sale,Strata,62,"22,290",-,Apartment,1,99 yrs from 24/12/2018,Uncompleted,N.A,538864,19,53,North East Region,Hougang
THE FLORENCE RESIDENCES,"2,466,000","1,388.56","1,776",29 Mar 2022,93 HOUGANG AVENUE 2 #13-62,New Sale,Strata,129,"19,116",-,Apartment,1,99 yrs from 24/12/2018,Uncompleted,N.A,538865,19,53,North East Region,Hougang
ROYALGREEN,"2,240,000",775.01,"2,890",29 Mar 2022,2D ANAMALAI AVENUE #01-34,New Sale,Strata,72,"31,111",-,Condominium,1,Freehold,2021,N.A,279992,10,27,Central Region,Bukit Timah
NORMANTON PARK,"1,819,000",958,"1,899",29 Mar 2022,55 NORMANTON PARK #17-51,New Sale,Strata,89,"20,438",-,Apartment,1,99 yrs from 22/07/2019,Uncompleted,N.A,117283,05,11,Central Region,Queenstown
SENGKANG GRAND RESIDENCES,"1,745,900",936.47,"1,864",29 Mar 2022,72 COMPASSVALE BOW #11-03,New Sale,Strata,87,"20,068",-,Apartment,1,99 yrs from 13/11/2018,Uncompleted,N.A,544693,19,54,North East Region,Sengkang
URBAN TREASURES,"1,316,230",645.84,"2,038",29 Mar 2022,207 JALAN EUNOS #09-16,New Sale,Strata,60,"21,937",-,Condominium,1,Freehold,Uncompleted,N.A,415799,14,41,East Region,Bedok
MEYER MANSION,"2,878,000","1,108.69","2,596",29 Mar 2022,79 MEYER ROAD #01-06,New Sale,Strata,103,"27,942",-,Apartment,1,Freehold,Uncompleted,N.A,437906,15,43,Central Region,Marine Parade
PULLMAN RESIDENCES NEWTON,"1,372,000",462.85,"2,964",29 Mar 2022,18 DUNEARN ROAD #13-12,New Sale,Strata,43,"31,907",-,Apartment,1,Freehold,Uncompleted,N.A,309421,11,30,Central Region,Novena
THE AVENIR,"6,931,000","2,055.92","3,371",29 Mar 2022,10 RIVER VALLEY CLOSE #30-09,New Sale,Strata,191,"36,288",-,Condominium,1,Freehold,Uncompleted,N.A,238438,09,23,Central Region,River Valley
THE AVENIR,"2,451,000",807.3,"3,036",29 Mar 2022,8 RIVER VALLEY CLOSE #13-04,New Sale,Strata,75,"32,680",-,Condominium,1,Freehold,Uncompleted,N.A,238432,09,23,Central Region,River Valley
LEEDON GREEN,"2,069,000",699.66,"2,957",29 Mar 2022,28 LEEDON HEIGHTS #09-10,New Sale,Strata,65,"31,831",-,Condominium,1,Freehold,Uncompleted,N.A,266222,10,26,Central Region,Bukit Timah
LEEDON GREEN,"2,475,000",818.06,"3,025",29 Mar 2022,30 LEEDON HEIGHTS #07-23,New Sale,Strata,76,"32,566",-,Condominium,1,Freehold,Uncompleted,N.A,266223,10,26,Central Region,Bukit Timah
LEEDON GREEN,"1,869,000",699.66,"2,671",29 Mar 2022,32 LEEDON HEIGHTS #06-27,New Sale,Strata,65,"28,754",-,Condominium,1,Freehold,Uncompleted,N.A,266075,10,26,Central Region,Bukit Timah
LEEDON GREEN,"1,755,000",613.55,"2,860",29 Mar 2022,38 LEEDON HEIGHTS #02-51,New Sale,Strata,57,"30,789",-,Condominium,1,Freehold,Uncompleted,N.A,266078,10,26,Central Region,Bukit Timah
LEEDON GREEN,"1,972,000",710.42,"2,776",29 Mar 2022,38 LEEDON HEIGHTS #11-54,New Sale,Strata,66,"29,879",-,Condominium,1,Freehold,Uncompleted,N.A,266078,10,26,Central Region,Bukit Timah
KOPAR AT NEWTON,"3,683,790","1,528.49","2,410",29 Mar 2022,8 MAKEWAY AVENUE #11-15,New Sale,Strata,142,"25,942",-,Apartment,1,99 yrs from 22/04/2019,Uncompleted,N.A,228607,09,22,Central Region,Novena
MOOI RESIDENCES,"1,580,000",592.02,"2,669",29 Mar 2022,139 HOLLAND ROAD #01-02,New Sale,Strata,55,"28,727",-,Apartment,1,Freehold,Uncompleted,N.A,278573,10,27,Central Region,Bukit Timah
THE WATERGARDENS AT CANBERRA,"1,247,000",936.47,"1,332",29 Mar 2022,57 CANBERRA DRIVE #05-91,New Sale,Strata,87,"14,333",-,Apartment,1,99 yrs from 08/06/2020,Uncompleted,N.A,769330,27,76,North Region,Sembawang
CANNINGHILL PIERS,"5,621,000","1,948.28","2,885",29 Mar 2022,1 CLARKE QUAY #13-01,New Sale,Strata,181,"31,055",-,Apartment,1,99 yrs from 17/09/2021,Uncompleted,N.A,179882,06,17,Central Region,Singapore River
THE INFLORA,"1,110,000","1,033.34","1,074",29 Mar 2022,53 FLORA DRIVE #02-11,Resale,Strata,96,"11,563",-,Condominium,1,99 yrs from 25/05/2012,2016,Private,506863,17,50,East Region,Pasir Ris
ICON,"1,393,000",871.88,"1,598",29 Mar 2022,10 GOPENG STREET #02-07,Resale,Strata,81,"17,198",-,Apartment,1,99 yrs from 29/01/2002,2007,Private,078878,02,07,Central Region,Downtown Core
HAIG APARTMENTS,"1,450,000","1,291.68","1,123",29 Mar 2022,185 HAIG ROAD #01-01,Resale,Strata,120,"12,083",-,Apartment,1,Freehold,1991,HDB,438782,15,43,Central Region,Marine Parade
LIVIA,"900,000",914.94,984,29 Mar 2022,79 PASIR RIS GROVE #05-41,Resale,Strata,85,"10,588",-,Condominium,1,99 yrs from 07/01/2008,2011,HDB,518209,18,51,East Region,Pasir Ris
PARC ROSEWOOD,"565,000",430.56,"1,312",29 Mar 2022,77 ROSEWOOD DRIVE #02-41,Resale,Strata,40,"14,125",-,Condominium,1,99 yrs from 07/09/2011,2014,HDB,737786,25,73,North Region,Woodlands
SIMS URBAN OASIS,"760,000",484.38,"1,569",29 Mar 2022,12 SIMS DRIVE #04-50,Resale,Strata,45,"16,889",-,Condominium,1,99 yrs from 29/07/2014,2017,Private,387391,14,38,Central Region,Geylang
EAST MEADOWS,"1,300,000","1,194.8","1,088",29 Mar 2022,30 TANAH MERAH KECHIL ROAD #09-03,Resale,Strata,111,"11,712",-,Condominium,1,99 yrs from 02/03/1998,2001,HDB,465558,16,46,East Region,Bedok
THE TENNERY,"735,000",613.55,"1,198",29 Mar 2022,3 WOODLANDS ROAD #12-12,Resale,Strata,57,"12,895",-,Apartment,1,99 yrs from 24/05/2010,2014,HDB,677901,23,67,West Region,Choa Chu Kang
PARC ELEGANCE,"1,180,000","1,173.28","1,006",29 Mar 2022,17 TELOK KURAU ROAD #05-35,Resale,Strata,109,"10,826",-,Apartment,1,Freehold,2013,Private,423763,15,42,East Region,Bedok
THE YARDLEY,"2,000,000","1,280.92","1,561",29 Mar 2022,571 UPPER SERANGOON ROAD #06-03,Resale,Strata,119,"16,807",-,Apartment,1,Freehold,2005,Private,534798,19,53,North East Region,Serangoon
BOATHOUSE RESIDENCES,"840,000",775.01,"1,084",29 Mar 2022,33 UPPER SERANGOON VIEW #01-27,Resale,Strata,72,"11,667",-,Condominium,1,99 yrs from 09/02/2011,2015,HDB,534042,19,53,North East Region,Hougang
THE SILVER FIR,"1,420,000",947.23,"1,499",29 Mar 2022,9 BUTTERWORTH LANE #10-01,Resale,Strata,88,"16,136",-,Apartment,1,Freehold,2013,HDB,439424,15,43,Central Region,Geylang
LAKE GRANDE,"1,475,000","1,076.4","1,370",29 Mar 2022,2 JURONG LAKE LINK #01-03,Resale,Strata,100,"14,750",-,Condominium,1,99 yrs from 09/06/2015,2019,HDB,648157,22,64,West Region,Jurong West
BLUE HORIZON,"1,400,000","1,151.75","1,216",29 Mar 2022,29 WEST COAST CRESCENT #09-26,Resale,Strata,107,"13,084",-,Condominium,1,99 yrs from 14/08/2000,2005,HDB,128049,05,12,West Region,Clementi
DAIRY FARM RESIDENCES,"1,600,700","1,011.82","1,582",29 Mar 2022,8 DAIRY FARM LANE #07-16,New Sale,Strata,94,"17,029",-,Apartment,1,99 yrs from 05/12/2018,Uncompleted,N.A,677624,23,67,West Region,Bukit Panjang
THE PANORAMA,"1,910,000","1,140.98","1,674",29 Mar 2022,10 ANG MO KIO AVENUE 2 #03-11,Resale,Strata,106,"18,019",-,Condominium,1,99 yrs from 08/04/2013,2017,Private,567696,20,56,North East Region,Ang Mo Kio
THE LAKEFRONT RESIDENCES,"738,000",505.91,"1,459",29 Mar 2022,48 LAKESIDE DRIVE #07-30,Resale,Strata,47,"15,702",-,Condominium,1,99 yrs from 03/08/2010,2014,Private,648305,22,64,West Region,Jurong West
LA FLEUR,"580,000",409.03,"1,418",29 Mar 2022,8 LORONG 26 GEYLANG #08-10,Resale,Strata,38,"15,263",-,Apartment,1,Freehold,2014,HDB,398483,14,39,Central Region,Geylang
MARTIN MODERN,"3,700,000","1,399.32","2,644",29 Mar 2022,10 MARTIN PLACE #11-08,Sub Sale,Strata,130,"28,462",-,Condominium,1,99 yrs from 28/09/2016,2021,Private,237963,09,23,Central Region,River Valley
GRANDEUR PARK RESIDENCES,"1,038,000",850.36,"1,221",29 Mar 2022,1 BEDOK SOUTH AVENUE 3 #15-10,Resale,Strata,79,"13,139",-,Condominium,1,99 yrs from 25/05/2016,2020,Private,465461,16,46,East Region,Bedok
THE TREVOSE,"2,050,000","1,270.15","1,614",29 Mar 2022,58 TREVOSE CRESCENT #02-16,Resale,Strata,118,"17,373",-,Condominium,1,99 yrs from 14/12/1996,2001,Private,298089,11,29,Central Region,Novena
THE MINTON,"1,560,000","1,216.33","1,283",29 Mar 2022,14 HOUGANG STREET 11 #02-69,Resale,Strata,113,"13,805",-,Condominium,1,99 yrs from 27/07/2007,2013,HDB,534071,19,53,North East Region,Hougang
WATERVIEW,"1,518,888","1,130.22","1,344",29 Mar 2022,77 TAMPINES AVENUE 1 #13-12,Resale,Strata,105,"14,466",-,Condominium,1,99 yrs from 16/06/2010,2014,Private,529782,18,52,East Region,Tampines
THE WOODLEIGH RESIDENCES,"2,415,000","1,076.4","2,244",30 Mar 2022,29 BIDADARI PARK DRIVE #11-53,New Sale,Strata,100,"24,150",-,Apartment,1,99 yrs from 18/09/2017,Uncompleted,N.A,367799,13,36,Central Region,Toa Payoh
JUNIPER HILL,"1,650,000",581.26,"2,839",30 Mar 2022,39 EWE BOON ROAD #02-03,New Sale,Strata,54,"30,556",-,Apartment,1,Freehold,2022,N.A,259334,10,25,Central Region,Tanglin
35 GILSTEAD,"3,388,000","1,646.89","2,057",30 Mar 2022,35 GILSTEAD ROAD #05-08,New Sale,Strata,153,"22,144",-,Apartment,1,Freehold,Uncompleted,N.A,309079,11,30,Central Region,Novena
MAYFAIR MODERN,"2,774,470","1,291.68","2,148",30 Mar 2022,2 RIFLE RANGE ROAD #05-11,New Sale,Strata,120,"23,121",-,Condominium,1,99 yrs from 18/09/2018,Uncompleted,N.A,588373,21,58,Central Region,Bukit Timah
HAUS ON HANDY,"1,230,000",462.85,"2,657",30 Mar 2022,28 HANDY ROAD #06-04,New Sale,Strata,43,"28,605",-,Condominium,1,99 yrs from 07/05/2018,Uncompleted,N.A,229240,09,22,Central Region,Museum
HAUS ON HANDY,"1,222,000",462.85,"2,640",30 Mar 2022,28 HANDY ROAD #04-04,New Sale,Strata,43,"28,419",-,Condominium,1,99 yrs from 07/05/2018,Uncompleted,N.A,229240,09,22,Central Region,Museum
THE FLORENCE RESIDENCES,"2,702,000","1,679.18","1,609",30 Mar 2022,85 HOUGANG AVENUE 2 #11-21,New Sale,Strata,156,"17,321",-,Apartment,1,99 yrs from 24/12/2018,Uncompleted,N.A,538861,19,53,North East Region,Hougang
THE FLORENCE RESIDENCES,"2,045,000","1,270.15","1,610",30 Mar 2022,91 HOUGANG AVENUE 2 #18-51,New Sale,Strata,118,"17,331",-,Apartment,1,99 yrs from 24/12/2018,Uncompleted,N.A,538864,19,53,North East Region,Hougang
ROYALGREEN,"2,106,000",721.19,"2,920",30 Mar 2022,6 ANAMALAI AVENUE #05-35,New Sale,Strata,67,"31,433",-,Condominium,1,Freehold,2021,N.A,279994,10,27,Central Region,Bukit Timah
THE IVERIA,"2,301,000",904.18,"2,545",30 Mar 2022,2 KIM YAM ROAD #14-02,New Sale,Strata,84,"27,393",-,Apartment,1,Freehold,Uncompleted,N.A,239320,09,23,Central Region,River Valley
NORMANTON PARK,"1,120,000",645.84,"1,734",30 Mar 2022,51 NORMANTON PARK #24-27,New Sale,Strata,60,"18,667",-,Apartment,1,99 yrs from 22/07/2019,Uncompleted,N.A,117281,05,11,Central Region,Queenstown
NORMANTON PARK,"1,808,000",958,"1,887",30 Mar 2022,55 NORMANTON PARK #13-51,New Sale,Strata,89,"20,315",-,Apartment,1,99 yrs from 22/07/2019,Uncompleted,N.A,117283,05,11,Central Region,Queenstown
NORMANTON PARK,"1,810,000",958,"1,889",30 Mar 2022,55 NORMANTON PARK #14-51,New Sale,Strata,89,"20,337",-,Apartment,1,99 yrs from 22/07/2019,Uncompleted,N.A,117283,05,11,Central Region,Queenstown
PARC KOMO,"1,580,000",968.76,"1,631",30 Mar 2022,967 UPPER CHANGI ROAD NORTH #04-39,New Sale,Strata,90,"17,556",-,Apartment,1,Freehold,Uncompleted,N.A,507666,17,50,East Region,Pasir Ris
VERTICUS,"1,704,000",775.01,"2,199",30 Mar 2022,3 JALAN KEMAMAN #22-01,New Sale,Strata,72,"23,667",-,Apartment,1,Freehold,Uncompleted,N.A,329343,12,32,Central Region,Novena
VERTICUS,"1,917,000",936.47,"2,047",30 Mar 2022,3 JALAN KEMAMAN #20-05,New Sale,Strata,87,"22,034",-,Apartment,1,Freehold,Uncompleted,N.A,329343,12,32,Central Region,Novena
VERTICUS,"1,367,000",678.13,"2,016",30 Mar 2022,3 JALAN KEMAMAN #12-08,New Sale,Strata,63,"21,698",-,Apartment,1,Freehold,Uncompleted,N.A,329343,12,32,Central Region,Novena
VERTICUS,"1,373,000",678.13,"2,025",30 Mar 2022,3 JALAN KEMAMAN #13-08,New Sale,Strata,63,"21,794",-,Apartment,1,Freehold,Uncompleted,N.A,329343,12,32,Central Region,Novena
VERTICUS,"1,429,000",678.13,"2,107",30 Mar 2022,3 JALAN KEMAMAN #17-08,New Sale,Strata,63,"22,683",-,Apartment,1,Freehold,Uncompleted,N.A,329343,12,32,Central Region,Novena
AVENUE SOUTH RESIDENCE,"1,280,000",527.44,"2,427",30 Mar 2022,11 SILAT AVENUE #35-29,New Sale,Strata,49,"26,122",-,Apartment,1,99 yrs from 14/08/2018,Uncompleted,N.A,168877,03,16,Central Region,Bukit Merah
AVENUE SOUTH RESIDENCE,"1,736,000",731.95,"2,372",30 Mar 2022,11 SILAT AVENUE #55-32,New Sale,Strata,68,"25,529",-,Apartment,1,99 yrs from 14/08/2018,Uncompleted,N.A,168877,03,16,Central Region,Bukit Merah
AVENUE SOUTH RESIDENCE,"2,357,000","1,119.46","2,105",30 Mar 2022,13 SILAT AVENUE #56-42,New Sale,Strata,104,"22,663",-,Apartment,1,99 yrs from 14/08/2018,Uncompleted,N.A,168878,03,16,Central Region,Bukit Merah
AVENUE SOUTH RESIDENCE,"1,562,000",656.6,"2,379",30 Mar 2022,13 SILAT AVENUE #53-45,New Sale,Strata,61,"25,607",-,Apartment,1,99 yrs from 14/08/2018,Uncompleted,N.A,168878,03,16,Central Region,Bukit Merah
RYMDEN 77,"1,760,700",979.52,"1,798",30 Mar 2022,77 LORONG H TELOK KURAU #04-06,New Sale,Strata,91,"19,348",-,Apartment,1,Freehold,Uncompleted,N.A,426094,15,42,East Region,Bedok
MIDWOOD,"2,080,000","1,259.39","1,652",30 Mar 2022,10 HILLVIEW RISE #15-12,New Sale,Strata,117,"17,778",-,Condominium,1,99 yrs from 01/10/2018,Uncompleted,N.A,667972,23,66,West Region,Bukit Batok
THE AVENIR,"5,348,000","1,571.54","3,403",30 Mar 2022,10 RIVER VALLEY CLOSE #33-08,New Sale,Strata,146,"36,630",-,Condominium,1,Freehold,Uncompleted,N.A,238438,09,23,Central Region,River Valley
THE AVENIR,"2,502,000",807.3,"3,099",30 Mar 2022,8 RIVER VALLEY CLOSE #17-04,New Sale,Strata,75,"33,360",-,Condominium,1,Freehold,Uncompleted,N.A,238432,09,23,Central Region,River Valley
LEEDON GREEN,"2,448,000",818.06,"2,992",30 Mar 2022,30 LEEDON HEIGHTS #03-23,New Sale,Strata,76,"32,211",-,Condominium,1,Freehold,Uncompleted,N.A,266223,10,26,Central Region,Bukit Timah
CLAVON,"2,312,000","1,280.92","1,805",30 Mar 2022,8 CLEMENTI AVENUE 1 #37-14,New Sale,Strata,119,"19,429",-,Apartment,1,99 yrs from 07/10/2019,Uncompleted,N.A,129964,05,12,West Region,Clementi
THE SHORE RESIDENCES,"2,450,000","1,377.79","1,778",30 Mar 2022,85 AMBER ROAD #15-16,Resale,Strata,128,"19,141",-,Condominium,1,103 yrs from 18/08/2009,2014,Private,439895,15,43,Central Region,Marine Parade
ARCHIPELAGO,"700,000",527.44,"1,327",30 Mar 2022,511 BEDOK RESERVOIR ROAD #02-39,Resale,Strata,49,"14,286",-,Condominium,1,99 yrs from 01/06/2011,2015,Private,479272,16,47,East Region,Bedok
FLORIDIAN,"3,225,000","1,657.66","1,946",30 Mar 2022,969 BUKIT TIMAH ROAD #01-17,Resale,Strata,154,"20,942",-,Condominium,1,Freehold,2012,Private,589664,21,58,Central Region,Bukit Timah
THE INTERLACE,"2,000,000","1,754.53","1,140",30 Mar 2022,198 DEPOT ROAD #14-35,Resale,Strata,163,"12,270",-,Condominium,1,99 yrs from 11/02/2009,2013,Private,109693,04,10,Central Region,Bukit Merah
DUKES RESIDENCE,"3,228,000","1,711.48","1,886",30 Mar 2022,27 DUKE'S ROAD #05-11,Resale,Strata,159,"20,302",-,Apartment,1,Freehold,2011,Private,268908,10,26,Central Region,Bukit Timah
SPANISH VILLAGE,"3,000,000","1,603.84","1,871",30 Mar 2022,62 FARRER ROAD #05-06,Resale,Strata,149,"20,134",-,Condominium,1,Freehold,1987,Private,268847,10,26,Central Region,Tanglin
TROPIKA EAST,"665,000",441.32,"1,507",30 Mar 2022,1 FOO KIM LIN ROAD #04-12,Resale,Strata,41,"16,220",-,Condominium,1,Freehold,2016,Private,419684,14,41,East Region,Bedok
LE REGAL,"699,000",785.77,890,30 Mar 2022,340 GEYLANG ROAD #05-14,Resale,Strata,73,"9,575",-,Apartment,1,Freehold,2015,Private,389365,14,38,Central Region,Geylang
THE MINTON,"803,000",699.66,"1,148",30 Mar 2022,10D HOUGANG STREET 11 #13-48,Resale,Strata,65,"12,354",-,Condominium,1,99 yrs from 27/07/2007,2013,Private,534076,19,53,North East Region,Hougang
SIMS GREEN,"1,225,000","1,237.86",990,30 Mar 2022,7 LORONG 27A GEYLANG #05-02,Resale,Strata,115,"10,652",-,Apartment,1,99 yrs from 06/02/2001,2003,Private,388133,14,38,Central Region,Geylang
8M RESIDENCES,"1,650,000",775.01,"2,129",30 Mar 2022,8 MARGATE ROAD #19-01,Resale,Strata,72,"22,917",-,Apartment,1,Freehold,2016,Private,438049,15,43,Central Region,Marine Parade
TRESALVEO,"1,760,000","1,001.05","1,758",30 Mar 2022,7 MARYMOUNT TERRACE #18-04,Resale,Strata,93,"18,925",-,Condominium,1,Freehold,2012,Private,573963,20,57,Central Region,Bishan
THE SEAFRONT ON MEYER,"3,220,000","1,603.84","2,008",30 Mar 2022,57 MEYER ROAD #07-09,Resale,Strata,149,"21,611",-,Condominium,1,Freehold,2010,HDB,437878,15,43,Central Region,Marine Parade
WHITEHAVEN,"860,000",538.2,"1,598",30 Mar 2022,334A PASIR PANJANG ROAD #02-22,Resale,Strata,50,"17,200",-,Apartment,1,Freehold,2016,Private,117382,05,11,Central Region,Queenstown
COCO PALMS,"1,760,000","1,259.39","1,398",30 Mar 2022,23 PASIR RIS GROVE #09-38,Resale,Strata,117,"15,043",-,Condominium,1,99 yrs from 07/01/2008,2018,Private,518071,18,51,East Region,Pasir Ris
RANGOON 88,"710,000",635.08,"1,118",30 Mar 2022,88 RANGOON ROAD #05-05,Resale,Strata,59,"12,034",-,Apartment,1,Freehold,2014,HDB,218374,08,21,Central Region,Kallang
MANDARIN GARDENS,"2,030,000","1,528.49","1,328",30 Mar 2022,7 SIGLAP ROAD #08-60,Resale,Strata,142,"14,296",-,Condominium,1,99 yrs from 08/03/1982,1986,Private,448909,15,44,East Region,Bedok
SAVANNAH CONDOPARK,"1,230,000","1,237.86",994,30 Mar 2022,45 SIMEI RISE #04-32,Resale,Strata,115,"10,696",-,Condominium,1,99 yrs from 29/11/2000,2005,HDB,528786,18,52,East Region,Tampines
PARC ESTA,"1,330,000",699.66,"1,901",30 Mar 2022,908 SIMS AVENUE #05-41,Sub Sale,Strata,65,"20,462",-,Apartment,1,99 yrs from 12/07/2018,Uncompleted,HDB,408970,14,40,Central Region,Geylang
THE VENUE RESIDENCES,"1,480,000",968.76,"1,528",30 Mar 2022,6 TAI THONG CRESCENT #02-01,Resale,Strata,90,"16,444",-,Apartment,1,99 yrs from 05/12/2012,2017,HDB,347840,13,34,Central Region,Toa Payoh
WATERVIEW,"958,000",785.77,"1,219",30 Mar 2022,85 TAMPINES AVENUE 1 #07-26,Resale,Strata,73,"13,123",-,Condominium,1,99 yrs from 16/06/2010,2014,HDB,528687,18,52,East Region,Tampines
TRILIVE,"1,500,000",904.18,"1,659",30 Mar 2022,113 TAMPINES ROAD #12-06,Resale,Strata,84,"17,857",-,Condominium,1,Freehold,2018,HDB,533902,19,53,North East Region,Hougang
THE ALPS RESIDENCES,"900,000",699.66,"1,286",30 Mar 2022,105 TAMPINES STREET 86 #15-11,Sub Sale,Strata,65,"13,846",-,Condominium,1,99 yrs from 03/08/2015,2019,HDB,528577,18,52,East Region,Tampines
TEMBELING CENTRE,"1,635,000","1,323.97","1,235",30 Mar 2022,252 TEMBELING ROAD #04-10,Resale,Strata,123,"13,293",-,Apartment,1,Freehold,1985,HDB,423731,15,42,Central Region,Marine Parade
FOREST HILLS CONDOMINIUM,"1,600,000","1,894.46",845,30 Mar 2022,29 TRANSIT ROAD #05-21,Resale,Strata,176,"9,091",-,Condominium,1,99 yrs from 10/02/2000,2003,HDB,778905,26,77,North Region,Yishun
BOTANIQUE AT BARTLEY,"1,145,000",731.95,"1,564",30 Mar 2022,229 UPPER PAYA LEBAR ROAD #06-19,Resale,Strata,68,"16,838",-,Condominium,1,99 yrs from 14/04/2014,2019,Private,533871,19,53,North East Region,Serangoon
STARS OF KOVAN,"1,235,000",742.72,"1,663",30 Mar 2022,984 UPPER SERANGOON ROAD #06-16,Resale,Strata,69,"17,899",-,Apartment,1,99 yrs from 25/02/2015,2019,HDB,533854,19,53,North East Region,Hougang
RESIDENCES BOTANIQUE,"1,550,000","1,151.75","1,346",30 Mar 2022,30 YIO CHU KANG ROAD #04-01,Resale,Strata,107,"14,486",-,Condominium,1,Freehold,2012,Private,545550,19,54,North East Region,Hougang
SYMPHONY SUITES,"928,000",785.77,"1,181",30 Mar 2022,21 YISHUN CLOSE #08-42,Resale,Strata,73,"12,712",-,Condominium,1,99 yrs from 10/06/2014,2018,HDB,768014,27,76,North Region,Yishun
ARCHIPELAGO,"1,270,000","1,033.34","1,229",30 Mar 2022,529 BEDOK RESERVOIR ROAD #01-106,Resale,Strata,96,"13,229",-,Condominium,1,99 yrs from 01/06/2011,2015,Private,479281,16,47,East Region,Bedok
BEDOK COURT,"2,100,000","2,411.14",871,30 Mar 2022,299 BEDOK SOUTH AVENUE 3 #02-05,Resale,Strata,224,"9,375",-,Condominium,1,99 yrs from 10/04/1982,1985,HDB,469298,16,46,East Region,Bedok
SUNSHINE REGENCY,"1,200,000",893.41,"1,343",30 Mar 2022,11 RAMBAI ROAD #03-07,Resale,Strata,83,"14,458",-,Apartment,1,Freehold,2007,Private,424331,15,42,Central Region,Marine Parade
THE SCALA,"1,448,000",828.83,"1,747",30 Mar 2022,132 SERANGOON AVENUE 3 #05-09,Resale,Strata,77,"18,805",-,Apartment,1,99 yrs from 06/01/2010,2013,Private,554478,19,55,North East Region,Serangoon
JADESCAPE,"1,490,000",764.24,"1,950",30 Mar 2022,6 SHUNFU ROAD #11-23,Sub Sale,Strata,71,"20,986",-,Condominium,1,99 yrs from 19/06/2018,Uncompleted,Private,575744,20,57,Central Region,Bishan
REGENTVILLE,"1,500,000","2,077.45",722,30 Mar 2022,8 HOUGANG STREET 92 #14-02,Resale,Strata,193,"7,772",-,Apartment,1,99 yrs from 24/04/1996,1999,Private,538686,19,53,North East Region,Hougang
THE NAUTICAL,"1,720,000","1,808.35",951,30 Mar 2022,97 JALAN SENDUDOK #05-59,Resale,Strata,168,"10,238",-,Condominium,1,99 yrs from 29/08/2011,2015,HDB,769474,27,76,North Region,Sembawang
TOMLINSON HEIGHTS,"9,600,000","2,744.82","3,497",30 Mar 2022,31 TOMLINSON ROAD #31-02,Resale,Strata,255,"37,647",-,Condominium,1,Freehold,2014,Private,247855,10,24,Central Region,River Valley
KENT RIDGE HILL RESIDENCES,"1,913,000",947.23,"2,020",31 Mar 2022,64A SOUTH BUONA VISTA ROAD #01-61,New Sale,Strata,88,"21,739",-,Apartment,1,99 yrs from 10/11/2018,Uncompleted,N.A,117326,05,11,Central Region,Queenstown
MAYFAIR MODERN,"2,793,000","1,291.68","2,162",31 Mar 2022,2 RIFLE RANGE ROAD #04-11,New Sale,Strata,120,"23,275",-,Condominium,1,99 yrs from 18/09/2018,Uncompleted,N.A,588373,21,58,Central Region,Bukit Timah
PETIT JERVOIS,"2,886,000","1,011.82","2,852",31 Mar 2022,33 JERVOIS ROAD #05-08,New Sale,Strata,94,"30,702",-,Apartment,1,Freehold,2022,Private,247657,10,24,Central Region,Tanglin
HAUS ON HANDY,"1,226,000",462.85,"2,649",31 Mar 2022,28 HANDY ROAD #05-04,New Sale,Strata,43,"28,512",-,Condominium,1,99 yrs from 07/05/2018,Uncompleted,N.A,229240,09,22,Central Region,Museum
HAUS ON HANDY,"1,547,000",592.02,"2,613",31 Mar 2022,30 HANDY ROAD #06-19,New Sale,Strata,55,"28,127",-,Condominium,1,99 yrs from 07/05/2018,Uncompleted,N.A,229241,09,22,Central Region,Museum
THE FLORENCE RESIDENCES,"2,793,000","1,679.18","1,663",31 Mar 2022,85 HOUGANG AVENUE 2 #14-21,New Sale,Strata,156,"17,904",-,Apartment,1,99 yrs from 24/12/2018,Uncompleted,N.A,538861,19,53,North East Region,Hougang
THE FLORENCE RESIDENCES,"2,681,000","1,915.99","1,399",31 Mar 2022,85 HOUGANG AVENUE 2 #18-21,New Sale,Strata,178,"15,062",-,Apartment,1,99 yrs from 24/12/2018,Uncompleted,N.A,538861,19,53,North East Region,Hougang
THE FLORENCE RESIDENCES,"1,578,000",914.94,"1,725",31 Mar 2022,89 HOUGANG AVENUE 2 #13-39,New Sale,Strata,85,"18,565",-,Apartment,1,99 yrs from 24/12/2018,Uncompleted,N.A,538863,19,53,North East Region,Hougang
THE FLORENCE RESIDENCES,"2,091,000","1,280.92","1,632",31 Mar 2022,89 HOUGANG AVENUE 2 #12-41,New Sale,Strata,119,"17,571",-,Apartment,1,99 yrs from 24/12/2018,Uncompleted,N.A,538863,19,53,North East Region,Hougang
PEAK RESIDENCE,"2,556,800","1,087.16","2,352",31 Mar 2022,337 THOMSON ROAD #02-13,New Sale,Strata,101,"25,315",-,Condominium,1,Freehold,Uncompleted,N.A,307676,11,30,Central Region,Novena
THE IVERIA,"2,261,000",904.18,"2,501",31 Mar 2022,2 KIM YAM ROAD #10-02,New Sale,Strata,84,"26,917",-,Apartment,1,Freehold,Uncompleted,N.A,239320,09,23,Central Region,River Valley
THE IVERIA,"2,271,000",904.18,"2,512",31 Mar 2022,2 KIM YAM ROAD #11-02,New Sale,Strata,84,"27,036",-,Apartment,1,Freehold,Uncompleted,N.A,239320,09,23,Central Region,River Valley
NORMANTON PARK,"2,495,000","1,334.74","1,869",31 Mar 2022,53 NORMANTON PARK #11-42,New Sale,Strata,124,"20,121",-,Apartment,1,99 yrs from 22/07/2019,Uncompleted,N.A,117282,05,11,Central Region,Queenstown
NORMANTON PARK,"2,434,000","1,313.21","1,853",31 Mar 2022,55 NORMANTON PARK #03-50,New Sale,Strata,122,"19,951",-,Apartment,1,99 yrs from 22/07/2019,Uncompleted,N.A,117283,05,11,Central Region,Queenstown
NORMANTON PARK,"2,192,000","1,194.8","1,835",31 Mar 2022,57 NORMANTON PARK #03-56,New Sale,Strata,111,"19,748",-,Apartment,1,99 yrs from 22/07/2019,Uncompleted,N.A,117284,05,11,Central Region,Queenstown
NORMANTON PARK,"1,139,000",656.6,"1,735",31 Mar 2022,57 NORMANTON PARK #24-62,New Sale,Strata,61,"18,672",-,Apartment,1,99 yrs from 22/07/2019,Uncompleted,N.A,117284,05,11,Central Region,Queenstown
SKY EVERTON,"7,106,000","2,228.15","3,189",31 Mar 2022,50 EVERTON ROAD #36-03,New Sale,Strata,207,"34,329",-,Apartment,1,Freehold,Uncompleted,N.A,089396,02,08,Central Region,Bukit Merah
MIDWOOD,"1,750,000",990.29,"1,767",31 Mar 2022,8 HILLVIEW RISE #28-03,New Sale,Strata,92,"19,022",-,Condominium,1,99 yrs from 01/10/2018,Uncompleted,N.A,667971,23,66,West Region,Bukit Batok
PULLMAN RESIDENCES NEWTON,"1,904,000",667.37,"2,853",31 Mar 2022,18 DUNEARN ROAD #09-04,New Sale,Strata,62,"30,710",-,Apartment,1,Freehold,Uncompleted,N.A,309421,11,30,Central Region,Novena
LEEDON GREEN,"1,849,000",613.55,"3,014",31 Mar 2022,26 LEEDON HEIGHTS #11-01,New Sale,Strata,57,"32,439",-,Condominium,1,Freehold,Uncompleted,N.A,266221,10,26,Central Region,Bukit Timah
PENROSE,"2,475,000","1,399.32","1,769",31 Mar 2022,28 SIMS DRIVE #16-27,New Sale,Strata,130,"19,038",-,Apartment,1,99 yrs from 03/07/2019,Uncompleted,N.A,387399,14,38,Central Region,Geylang
PENROSE,"2,467,000","1,399.32","1,763",31 Mar 2022,28 SIMS DRIVE #15-27,New Sale,Strata,130,"18,977",-,Apartment,1,99 yrs from 03/07/2019,Uncompleted,N.A,387399,14,38,Central Region,Geylang
KLIMT CAIRNHILL,"7,348,250","2,055.92","3,574",31 Mar 2022,71 CAIRNHILL ROAD #08-01,New Sale,Strata,191,"38,473",-,Apartment,1,Freehold,Uncompleted,N.A,229725,09,22,Central Region,Newton
KI RESIDENCES AT BROOKVALE,"1,501,000",699.66,"2,145",31 Mar 2022,12 BROOKVALE DRIVE #09-21,New Sale,Strata,65,"23,092",-,Condominium,1,999 yrs from 23/03/1885,Uncompleted,N.A,599978,21,59,West Region,Clementi
STURDEE RESIDENCES,"1,250,000",656.6,"1,904",31 Mar 2022,10 BEATTY ROAD #24-07,Resale,Strata,61,"20,492",-,Condominium,1,99 yrs from 29/06/2015,2019,Private,209955,08,20,Central Region,Kallang
WATERFRONT ISLE,"843,000",635.08,"1,327",31 Mar 2022,738 BEDOK RESERVOIR ROAD #15-32,Resale,Strata,59,"14,288",-,Condominium,1,99 yrs from 26/11/2009,2015,Private,479265,16,47,East Region,Bedok
CAIRNHILL RESIDENCES,"2,770,000","1,162.51","2,383",31 Mar 2022,33 CAIRNHILL CIRCLE #06-05,Resale,Strata,108,"25,648",-,Apartment,1,Freehold,2009,Private,229775,09,22,Central Region,Newton
THE CLAYMORE,"11,188,888","3,347.6","3,342",31 Mar 2022,27 CLAYMORE ROAD #26-02,Resale,Strata,311,"35,977",-,Condominium,1,Freehold,1985,Private,229544,09,22,Central Region,Newton
DERBYSHIRE HEIGHTS,"1,870,000","1,291.68","1,448",31 Mar 2022,3 DERBYSHIRE ROAD #08-01,Resale,Strata,120,"15,583",-,Apartment,1,Freehold,2004,Private,309459,11,30,Central Region,Novena
THE INFLORA,"1,420,000","1,582.31",897,31 Mar 2022,59 FLORA DRIVE #07-29,Resale,Strata,147,"9,660",-,Condominium,1,99 yrs from 25/05/2012,2016,Private,506846,17,50,East Region,Pasir Ris
HEDGES PARK CONDOMINIUM,"1,150,000","1,076.4","1,068",31 Mar 2022,75 FLORA DRIVE #04-15,Resale,Strata,100,"11,500",-,Condominium,1,99 yrs from 28/07/2010,2015,Private,506883,17,50,East Region,Pasir Ris
GLENDALE PARK,"1,910,000","1,248.62","1,530",31 Mar 2022,25A HILLVIEW AVENUE #08-12,Resale,Strata,116,"16,466",-,Condominium,1,Freehold,2000,Private,669617,23,66,West Region,Bukit Batok
PARC PALAIS,"1,800,000","1,388.56","1,296",31 Mar 2022,53 HUME AVENUE #01-01,Resale,Strata,129,"13,953",-,Condominium,1,Freehold,1999,Private,598751,21,59,West Region,Bukit Batok
DOMUS,"850,000",473.62,"1,795",31 Mar 2022,8 IRRAWADDY ROAD #21-02,Resale,Strata,44,"19,318",-,Apartment,1,Freehold,2012,Private,329564,12,32,Central Region,Novena
EUHABITAT,"1,180,000",947.23,"1,246",31 Mar 2022,230 JALAN EUNOS #01-137,Resale,Strata,88,"13,409",-,Condominium,1,99 yrs from 06/12/2010,2015,Private,415867,14,41,East Region,Bedok
THE TRILINQ,"1,180,000",710.42,"1,661",31 Mar 2022,28A JALAN LEMPENG #35-12,Resale,Strata,66,"17,879",-,Condominium,1,99 yrs from 16/04/2012,2017,HDB,128808,05,12,West Region,Clementi
SKYSUITES17,"1,090,000",613.55,"1,777",31 Mar 2022,17 JALAN RAJAH #27-05,Resale,Strata,57,"19,123",-,Apartment,1,Freehold,2014,Private,329137,12,32,Central Region,Novena
CARIBBEAN AT KEPPEL BAY,"2,090,000","1,280.92","1,632",31 Mar 2022,40 KEPPEL BAY DRIVE #06-97,Resale,Strata,119,"17,563",-,Condominium,1,99 yrs from 16/08/1999,2004,Private,098655,04,09,Central Region,Bukit Merah
SPRING @ LANGSAT,"1,508,000","1,140.98","1,322",31 Mar 2022,5 LANGSAT ROAD #02-04,Resale,Strata,106,"14,226",-,Apartment,1,Freehold,2010,Private,426691,15,42,Central Region,Geylang
TREVISTA,"1,680,000","1,119.46","1,501",31 Mar 2022,25 LORONG 3 TOA PAYOH #02-16,Resale,Strata,104,"16,154",-,Condominium,1,99 yrs from 15/07/2008,2011,HDB,319583,12,31,Central Region,Toa Payoh
THE AMBROSIA,"2,230,000","1,506.96","1,480",31 Mar 2022,106 LORONG N TELOK KURAU #03-06,Resale,Strata,140,"15,929",-,Apartment,1,Freehold,2010,Private,425261,15,42,East Region,Bedok
MARINA ONE RESIDENCES,"6,368,000","2,034.4","3,130",31 Mar 2022,23 MARINA WAY #21-35,Resale,Strata,189,"33,693",-,Apartment,1,99 yrs from 01/07/2011,2017,Private,018979,01,01,Central Region,Downtown Core
THE POIZ RESIDENCES,"1,468,888",839.59,"1,750",31 Mar 2022,10 MEYAPPA CHETTIAR ROAD #09-19,Resale,Strata,78,"18,832",-,Apartment,1,99 yrs from 17/11/2014,2018,HDB,358473,13,35,Central Region,Toa Payoh
NV RESIDENCES,"868,000",904.18,960,31 Mar 2022,95 PASIR RIS GROVE #02-38,Resale,Strata,84,"10,333",-,Condominium,1,99 yrs from 07/01/2008,2013,HDB,518192,18,51,East Region,Pasir Ris
RV RESIDENCES,"2,680,000","1,291.68","2,075",31 Mar 2022,469 RIVER VALLEY ROAD #07-30,Resale,Strata,120,"22,333",-,Condominium,1,999 yrs from 21/06/1877,2015,Private,248354,10,24,Central Region,Tanglin
ARIVA ON SHAN SERVICED RESIDENCE,"86,499,999","21,940.26","3,943",31 Mar 2022,12 SHAN ROAD,Resale,Land,"2,038.3","42,437",-,Apartment,1,Freehold,-,Private,328105,12,32,Central Region,Novena
TROPICAL SPRING,"1,312,000","1,356.26",967,31 Mar 2022,23 SIMEI STREET 4 #02-03,Resale,Strata,126,"10,413",-,Condominium,1,99 yrs from 06/12/1997,2002,Private,529880,18,52,East Region,Tampines
WHARTON VALE,"2,521,000","1,991.34","1,266",31 Mar 2022,68 SOPHIA ROAD #08-02,Resale,Strata,185,"13,627",-,Apartment,1,Freehold,2001,Private,228187,09,22,Central Region,Rochor
STILL MANSIONS,"1,288,000","1,087.16","1,185",31 Mar 2022,2F STILL ROAD,Resale,Strata,101,"12,752",-,Apartment,1,Freehold,1967,Private,423950,15,42,East Region,Bedok
URBAN VISTA,"1,475,000","1,097.93","1,343",31 Mar 2022,22 TANAH MERAH KECHIL LINK #10-45,Resale,Strata,102,"14,461",-,Condominium,1,99 yrs from 05/11/2012,2016,Private,465427,16,46,East Region,Bedok
WATER PLACE,"1,870,000","1,227.1","1,524",31 Mar 2022,177 TANJONG RHU ROAD #17-20,Resale,Strata,114,"16,404",-,Condominium,1,99 yrs from 02/03/1998,2004,Private,436607,15,43,Central Region,Kallang
BOTANIQUE AT BARTLEY,"1,110,000",656.6,"1,691",31 Mar 2022,229 UPPER PAYA LEBAR ROAD #17-22,Resale,Strata,61,"18,197",-,Condominium,1,99 yrs from 14/04/2014,2019,Private,533871,19,53,North East Region,Serangoon
BOATHOUSE RESIDENCES,"965,000",914.94,"1,055",31 Mar 2022,33 UPPER SERANGOON VIEW #02-24,Resale,Strata,85,"11,353",-,Condominium,1,99 yrs from 09/02/2011,2015,HDB,534042,19,53,North East Region,Hougang
LIV ON WILKIE,"1,220,000",527.44,"2,313",31 Mar 2022,9 WILKIE TERRACE #04-12,Resale,Strata,49,"24,898",-,Apartment,1,Freehold,2017,Private,228025,09,22,Central Region,Rochor
NORTH PARK RESIDENCES,"880,000",559.73,"1,572",31 Mar 2022,15 YISHUN CENTRAL 1 #06-03,Resale,Strata,52,"16,923",-,Apartment,1,99 yrs from 19/03/2015,2018,HDB,768797,27,76,North Region,Yishun
THE QUINN,"2,380,000","1,808.35","1,316",31 Mar 2022,11 BARTLEY ROAD #05-09,Resale,Strata,168,"14,167",-,Apartment,1,Freehold,2016,HDB,539765,19,53,North East Region,Serangoon
RIVER PLACE,"1,248,000",807.3,"1,546",31 Mar 2022,60 HAVELOCK ROAD #04-20,Resale,Strata,75,"16,640",-,Condominium,1,99 yrs from 07/11/1995,2000,Private,169658,03,16,Central Region,Singapore River
PINEHURST CONDOMINIUM,"1,868,000","1,593.07","1,173",31 Mar 2022,132 LORONG L TELOK KURAU #04-05,Resale,Strata,148,"12,622",-,Condominium,1,Freehold,1993,Private,425569,15,42,East Region,Bedok
MELROSE VILLE,"730,000",516.67,"1,413",31 Mar 2022,10 ROSE LANE #03-05,Resale,Strata,48,"15,208",-,Apartment,1,Freehold,2011,Private,437370,15,43,Central Region,Geylang
Q BAY RESIDENCES,"705,000",516.67,"1,365",31 Mar 2022,1 TAMPINES STREET 86 #15-08,Resale,Strata,48,"14,688",-,Condominium,1,99 yrs from 21/08/2012,2016,HDB,528583,18,52,East Region,Tampines
CASA MERAH,"1,184,000",947.23,"1,250",31 Mar 2022,64 TANAH MERAH KECHIL AVENUE #05-27,Resale,Strata,88,"13,455",-,Apartment,1,99 yrs from 11/07/2006,2009,Private,465531,16,46,East Region,Bedok
NORTH PARK RESIDENCES,"1,600,000","1,054.87","1,517",31 Mar 2022,21 YISHUN CENTRAL 1 #04-43,Resale,Strata,98,"16,327",-,Apartment,1,99 yrs from 19/03/2015,2018,Private,768800,27,76,North Region,Yishun
JADESCAPE,"1,360,000",764.24,"1,780",31 Mar 2022,16 SHUNFU ROAD #17-54,New Sale,Strata,71,"19,155",-,Condominium,1,99 yrs from 19/06/2018,Uncompleted,N.A,575749,20,57,Central Region,Bishan
DAIRY FARM RESIDENCES,"1,259,400",721.19,"1,746",31 Mar 2022,8 DAIRY FARM LANE #11-23,New Sale,Strata,67,"18,797",-,Apartment,1,99 yrs from 05/12/2018,Uncompleted,N.A,677624,23,67,West Region,Bukit Panjang
KOVAN MELODY,"1,680,000","1,291.68","1,301",31 Mar 2022,25 KOVAN ROAD #14-24,Resale,Strata,120,"14,000",-,Condominium,1,99 yrs from 20/01/2004,2006,Private,545024,19,54,North East Region,Hougang
THE INTERLACE,"2,183,500","1,539.25","1,419",31 Mar 2022,218 DEPOT ROAD #12-74,Resale,Strata,143,"15,269",-,Condominium,1,99 yrs from 11/02/2009,2013,Private,109703,04,10,Central Region,Bukit Merah
SKIES MILTONIA,"1,268,000","1,205.57","1,052",31 Mar 2022,35 MILTONIA CLOSE #06-30,Resale,Strata,112,"11,321",-,Condominium,1,99 yrs from 20/02/2012,2016,HDB,768065,27,76,North Region,Yishun
A TREASURE TROVE,"1,420,000","1,044.11","1,360",31 Mar 2022,74 PUNGGOL WALK #13-50,Resale,Strata,97,"14,639",-,Condominium,1,99 yrs from 09/03/2011,2015,Private,828787,19,82,North East Region,Punggol
GOODWOOD RESIDENCE,"5,600,000","2,142.04","2,614",31 Mar 2022,261 BUKIT TIMAH ROAD #11-07,Resale,Strata,199,"28,141",-,Condominium,1,Freehold,2013,Private,259703,10,25,Central Region,Newton
ST THOMAS SUITES,"7,280,000","3,756.64","1,938",31 Mar 2022,33 ST. THOMAS WALK #31-04,Resale,Strata,349,"20,860",-,Condominium,1,Freehold,2010,Private,238113,09,23,Central Region,River Valley
EASTPOINT GREEN,"1,120,000","1,119.46","1,000",31 Mar 2022,5 SIMEI STREET 3 #02-08,Resale,Strata,104,"10,769",-,Condominium,1,99 yrs from 24/04/1996,1999,HDB,529892,18,52,East Region,Tampines
FLORAVIEW,"960,000",678.13,"1,416",31 Mar 2022,3 ANG MO KIO STREET 66 #03-15,Resale,Strata,63,"15,238",-,Apartment,1,Freehold,2017,Private,567706,20,56,North East Region,Ang Mo Kio
THE QUARTZ,"1,695,000","1,356.26","1,250",31 Mar 2022,61 COMPASSVALE BOW #19-24,Resale,Strata,126,"13,452",-,Condominium,1,99 yrs from 18/04/2005,2009,HDB,544989,19,54,North East Region,Sengkang
SELETAR SPRINGS CONDOMINIUM,"1,316,000","1,593.07",826,31 Mar 2022,106 GERALD DRIVE #01-01,Resale,Strata,148,"8,892",-,Condominium,1,99 yrs from 12/08/1997,2000,HDB,798595,28,79,North East Region,Hougang
WATER PLACE,"1,830,000","1,216.33","1,505",31 Mar 2022,175 TANJONG RHU ROAD #14-09,Resale,Strata,113,"16,195",-,Condominium,1,99 yrs from 02/03/1998,2004,Private,436606,15,43,Central Region,Kallang
WEST BAY CONDOMINIUM,"1,310,000","1,345.5",974,31 Mar 2022,56 WEST COAST CRESCENT #01-07,Resale,Strata,125,"10,480",-,Condominium,1,99 yrs from 01/03/1991,1993,HDB,128038,05,12,West Region,Clementi
EIGHT RIVERSUITES,"1,680,000","1,033.34","1,626",31 Mar 2022,10 WHAMPOA EAST #21-31,Resale,Strata,96,"17,500",-,Condominium,1,99 yrs from 11/07/2011,2016,HDB,338521,12,33,Central Region,Kallang
THE WOODLEIGH RESIDENCES,"2,397,000","1,119.46","2,141",01 Apr 2022,23 BIDADARI PARK DRIVE #06-32,New Sale,Strata,104,"23,048",-,Apartment,1,99 yrs from 18/09/2017,Uncompleted,N.A,367796,13,36,Central Region,Toa Payoh
RIVERFRONT RESIDENCES,"1,825,592","1,410.08","1,295",01 Apr 2022,45 HOUGANG AVENUE 7 #13-28,New Sale,Strata,131,"13,936",-,Apartment,1,99 yrs from 31/05/2018,Uncompleted,N.A,533815,19,53,North East Region,Hougang
FOURTH AVENUE RESIDENCES,"2,833,160","1,119.46","2,531",01 Apr 2022,12 FOURTH AVENUE #08-37,New Sale,Strata,104,"27,242",-,Apartment,1,99 yrs from 07/03/2018,Uncompleted,N.A,268676,10,26,Central Region,Bukit Timah
UPTOWN @ FARRER,"3,000,000","1,948.28","1,540",01 Apr 2022,2 PERUMAL ROAD #04-02,New Sale,Strata,181,"16,575",-,Apartment,1,99 yrs from 17/04/2017,2021,N.A,218773,08,21,Central Region,Kallang
MAYFAIR MODERN,"2,728,000","1,291.68","2,112",01 Apr 2022,2 RIFLE RANGE ROAD #03-11,New Sale,Strata,120,"22,733",-,Condominium,1,99 yrs from 18/09/2018,Uncompleted,N.A,588373,21,58,Central Region,Bukit Timah
HAUS ON HANDY,"1,355,000",516.67,"2,623",01 Apr 2022,28 HANDY ROAD #04-07,New Sale,Strata,48,"28,229",-,Condominium,1,99 yrs from 07/05/2018,Uncompleted,N.A,229240,09,22,Central Region,Museum
HAUS ON HANDY,"1,569,000",602.78,"2,603",01 Apr 2022,30 HANDY ROAD #06-17,New Sale,Strata,56,"28,018",-,Condominium,1,99 yrs from 07/05/2018,Uncompleted,N.A,229241,09,22,Central Region,Museum
HAUS ON HANDY,"1,186,000",452.09,"2,623",01 Apr 2022,30 HANDY ROAD #04-20,New Sale,Strata,42,"28,238",-,Condominium,1,99 yrs from 07/05/2018,Uncompleted,N.A,229241,09,22,Central Region,Museum
THE FLORENCE RESIDENCES,"1,726,000","1,108.69","1,557",01 Apr 2022,83 HOUGANG AVENUE 2 #18-15,New Sale,Strata,103,"16,757",-,Apartment,1,99 yrs from 24/12/2018,Uncompleted,N.A,538860,19,53,North East Region,Hougang
THE FLORENCE RESIDENCES,"2,049,000","1,280.92","1,600",01 Apr 2022,89 HOUGANG AVENUE 2 #08-41,New Sale,Strata,119,"17,218",-,Apartment,1,99 yrs from 24/12/2018,Uncompleted,N.A,538863,19,53,North East Region,Hougang
THE FLORENCE RESIDENCES,"1,540,000",936.47,"1,644",01 Apr 2022,95 HOUGANG AVENUE 2 #02-70,New Sale,Strata,87,"17,701",-,Apartment,1,99 yrs from 24/12/2018,Uncompleted,N.A,533754,19,53,North East Region,Hougang
ROYALGREEN,"2,795,000",990.29,"2,822",01 Apr 2022,6 ANAMALAI AVENUE #01-41,New Sale,Strata,92,"30,380",-,Condominium,1,Freehold,2021,N.A,279994,10,27,Central Region,Bukit Timah
ROYALGREEN,"2,811,850",990.29,"2,839",01 Apr 2022,6B ANAMALAI AVENUE #01-52,New Sale,Strata,92,"30,564",-,Condominium,1,Freehold,2021,N.A,279996,10,27,Central Region,Bukit Timah
THE IVERIA,"2,251,000",904.18,"2,490",01 Apr 2022,2 KIM YAM ROAD #09-02,New Sale,Strata,84,"26,798",-,Apartment,1,Freehold,Uncompleted,N.A,239320,09,23,Central Region,River Valley
NEU AT NOVENA,"2,195,550",861.12,"2,550",01 Apr 2022,27 MOULMEIN RISE #03-05,New Sale,Strata,80,"27,444",-,Apartment,1,Freehold,Uncompleted,N.A,308140,11,30,Central Region,Novena
URBAN TREASURES,"1,242,860",635.08,"1,957",01 Apr 2022,207 JALAN EUNOS #04-13,New Sale,Strata,59,"21,065",-,Condominium,1,Freehold,Uncompleted,N.A,415799,14,41,East Region,Bedok
VERTICUS,"1,925,000",936.47,"2,056",01 Apr 2022,3 JALAN KEMAMAN #21-05,New Sale,Strata,87,"22,126",-,Apartment,1,Freehold,Uncompleted,N.A,329343,12,32,Central Region,Novena
MEYER MANSION,"1,435,800",484.38,"2,964",01 Apr 2022,79 MEYER ROAD #12-01,New Sale,Strata,45,"31,907",-,Apartment,1,Freehold,Uncompleted,N.A,437906,15,43,Central Region,Marine Parade
THE M,"1,787,000",742.72,"2,406",01 Apr 2022,36 MIDDLE ROAD #20-36,New Sale,Strata,69,"25,899",-,Apartment,1,99 yrs from 03/07/2019,Uncompleted,N.A,188945,07,18,Central Region,Downtown Core
THE M,"1,787,000",742.72,"2,406",01 Apr 2022,36 MIDDLE ROAD #20-37,New Sale,Strata,69,"25,899",-,Apartment,1,99 yrs from 03/07/2019,Uncompleted,N.A,188945,07,18,Central Region,Downtown Core
PULLMAN RESIDENCES NEWTON,"1,882,580",667.37,"2,821",01 Apr 2022,18 DUNEARN ROAD #09-01,New Sale,Strata,62,"30,364",-,Apartment,1,Freehold,Uncompleted,N.A,309421,11,30,Central Region,Novena
LEEDON GREEN,"1,694,000",613.55,"2,761",01 Apr 2022,28 LEEDON HEIGHTS #03-09,New Sale,Strata,57,"29,719",-,Condominium,1,Freehold,Uncompleted,N.A,266222,10,26,Central Region,Bukit Timah
KI RESIDENCES AT BROOKVALE,"2,304,000","1,173.28","1,964",01 Apr 2022,2 BROOKVALE DRIVE #04-04,New Sale,Strata,109,"21,138",-,Condominium,1,999 yrs from 23/03/1885,Uncompleted,N.A,599973,21,59,West Region,Clementi
IRWELL HILL RESIDENCES,"1,723,000",613.55,"2,808",01 Apr 2022,2 IRWELL HILL #27-03,New Sale,Strata,57,"30,228",-,Apartment,1,99 yrs from 13/04/2020,Uncompleted,N.A,239588,09,23,Central Region,River Valley
IRWELL HILL RESIDENCES,"1,679,000",602.78,"2,785",01 Apr 2022,6 IRWELL HILL #25-13,New Sale,Strata,56,"29,982",-,Apartment,1,99 yrs from 13/04/2020,Uncompleted,N.A,239590,09,23,Central Region,River Valley
THE WATERGARDENS AT CANBERRA,"1,530,000","1,151.75","1,328",01 Apr 2022,29 CANBERRA DRIVE #05-12,New Sale,Strata,107,"14,299",-,Apartment,1,99 yrs from 08/06/2020,Uncompleted,N.A,769990,27,76,North Region,Sembawang
THE ANCHORAGE,"1,738,000",958,"1,814",01 Apr 2022,370 ALEXANDRA ROAD #02-16,Resale,Strata,89,"19,528",-,Condominium,1,Freehold,1997,Private,159953,03,15,Central Region,Queenstown
BEDOK RESIDENCES,"1,580,888","1,173.28","1,347",01 Apr 2022,30 BEDOK NORTH DRIVE #12-49,Resale,Strata,109,"14,504",-,Apartment,1,99 yrs from 21/11/2011,2015,HDB,465501,16,46,East Region,Bedok
ARCHIPELAGO,"1,950,000","1,560.78","1,249",01 Apr 2022,527 BEDOK RESERVOIR ROAD #01-100,Resale,Strata,145,"13,448",-,Condominium,1,99 yrs from 01/06/2011,2015,Private,479280,16,47,East Region,Bedok
GRANDEUR PARK RESIDENCES,"1,160,000",624.31,"1,858",01 Apr 2022,1 BEDOK SOUTH AVENUE 3 #10-14,Resale,Strata,58,"20,000",-,Condominium,1,99 yrs from 25/05/2016,2020,Private,465461,16,46,East Region,Bedok
SKY VUE,"1,200,000",678.13,"1,770",01 Apr 2022,3 BISHAN STREET 15 #09-15,Resale,Strata,63,"19,048",-,Condominium,1,99 yrs from 04/03/2013,2016,Private,573911,20,57,Central Region,Bishan
YISHUN EMERALD,"992,000","1,216.33",816,01 Apr 2022,30 CANBERRA DRIVE #06-23,Resale,Strata,113,"8,779",-,Condominium,1,99 yrs from 16/02/1998,2002,HDB,768430,27,76,North Region,Yishun
SEASCAPE,"4,519,800","2,174.33","2,079",01 Apr 2022,57 COVE WAY #04-03,Resale,Strata,202,"22,375",-,Condominium,1,99 yrs from 09/06/2007,2011,Private,098308,04,09,Central Region,Southern Islands
THE INTERLACE,"1,800,000","1,302.44","1,382",01 Apr 2022,180 DEPOT ROAD #05-02,Resale,Strata,121,"14,876",-,Condominium,1,99 yrs from 11/02/2009,2013,Private,109684,04,10,Central Region,Bukit Merah
J GATEWAY,"940,018",505.91,"1,858",01 Apr 2022,6 GATEWAY DRIVE #20-26,Resale,Strata,47,"20,000",-,Condominium,1,99 yrs from 28/08/2012,2016,Private,608535,22,60,West Region,Jurong East
THE MINTON,"1,700,000","1,216.33","1,398",01 Apr 2022,6A HOUGANG STREET 11 #13-14,Resale,Strata,113,"15,044",-,Condominium,1,99 yrs from 27/07/2007,2013,HDB,538756,19,53,North East Region,Hougang
BIRCHWOOD MANSIONS,"1,550,000","1,259.39","1,231",01 Apr 2022,3 JALAN AMPAS #06-02,Resale,Strata,117,"13,248",-,Apartment,1,Freehold,1990,HDB,329504,12,32,Central Region,Novena
HILLION RESIDENCES,"740,000",473.62,"1,562",01 Apr 2022,8 JELEBU ROAD #16-06,Resale,Strata,44,"16,818",-,Apartment,1,99 yrs from 04/01/2013,2017,HDB,677671,23,67,West Region,Bukit Panjang
JOO CHIAT MANSIONS,"1,700,000","1,237.86","1,373",01 Apr 2022,156 JOO CHIAT TERRACE #04-02,Resale,Strata,115,"14,783",-,Apartment,1,Freehold,1986,Private,427303,15,42,Central Region,Geylang
REFLECTIONS AT KEPPEL BAY,"2,565,000","1,345.5","1,906",01 Apr 2022,33 KEPPEL BAY VIEW #29-95,Resale,Strata,125,"20,520",-,Condominium,1,99 yrs from 15/03/2006,2011,Private,098419,04,09,Central Region,Bukit Merah
KOVAN REGENCY,"918,000",592.02,"1,551",01 Apr 2022,2 KOVAN RISE #09-03,Resale,Strata,55,"16,691",-,Condominium,1,99 yrs from 24/04/2012,2015,HDB,544734,19,54,North East Region,Hougang
THE POIZ RESIDENCES,"760,000",419.8,"1,810",01 Apr 2022,12 MEYAPPA CHETTIAR ROAD #13-41,Resale,Strata,39,"19,487",-,Apartment,1,99 yrs from 17/11/2014,2018,HDB,358474,13,35,Central Region,Toa Payoh
THE POIZ RESIDENCES,"1,150,000",850.36,"1,352",01 Apr 2022,12 MEYAPPA CHETTIAR ROAD #18-34,Resale,Strata,79,"14,557",-,Apartment,1,99 yrs from 17/11/2014,2018,Private,358474,13,35,Central Region,Toa Payoh
THE ORCHARD RESIDENCES,"10,250,000","2,852.46","3,593",01 Apr 2022,238 ORCHARD BOULEVARD #44-05,Resale,Strata,265,"38,679",-,Apartment,1,99 yrs from 13/03/2006,2010,Private,237973,09,23,Central Region,Orchard
3 ORCHARD BY-THE-PARK,"6,750,000","1,862.17","3,625",01 Apr 2022,3 ORCHARD BOULEVARD #18-02,Resale,Strata,173,"39,017",-,Condominium,1,Freehold,2017,Private,248653,10,24,Central Region,Orchard
D'NEST,"900,000",775.01,"1,161",01 Apr 2022,131 PASIR RIS GROVE #05-13,Resale,Strata,72,"12,500",-,Condominium,1,99 yrs from 20/10/2010,2017,HDB,518130,18,51,East Region,Pasir Ris
SANT RITZ,"1,288,000",785.77,"1,639",01 Apr 2022,1 PHENG GECK AVENUE #03-01,Resale,Strata,73,"17,644",-,Condominium,1,99 yrs from 01/10/2012,2016,Private,348196,13,34,Central Region,Toa Payoh
PARC CENTROS,"665,000",473.62,"1,404",01 Apr 2022,94 PUNGGOL CENTRAL #05-36,Resale,Strata,44,"15,114",-,Condominium,1,99 yrs from 19/03/2012,2016,HDB,828724,19,82,North East Region,Punggol
THE BLISS,"905,000",667.37,"1,356",01 Apr 2022,128 RACE COURSE ROAD #02-01,Resale,Strata,62,"14,597",-,Apartment,1,Freehold,2013,HDB,218586,08,21,Central Region,Rochor
FLAMINGO VALLEY,"1,438,000",861.12,"1,670",01 Apr 2022,470 SIGLAP ROAD #05-38,Resale,Strata,80,"17,975",-,Condominium,1,Freehold,2014,Private,454943,15,45,East Region,Bedok
CHANGI RISE CONDOMINIUM,"1,400,000","1,474.67",949,01 Apr 2022,12 SIMEI RISE #01-36,Resale,Strata,137,"10,219",-,Condominium,1,99 yrs from 29/11/2000,2004,Private,528805,18,52,East Region,Tampines
SUNRISE GARDENS,"1,618,000","2,012.87",804,01 Apr 2022,55 SUNRISE AVENUE #04-06,Resale,Strata,187,"8,652",-,Condominium,1,99 yrs from 24/06/1995,1998,Private,806747,28,80,North East Region,Ang Mo Kio
FORTUNE PARK,"1,490,000","1,291.68","1,154",01 Apr 2022,109 TAMPINES ROAD #10-06,Resale,Strata,120,"12,417",-,Condominium,1,Freehold,1996,HDB,535131,19,53,North East Region,Hougang
PARK COLONIAL,"900,000",462.85,"1,944",01 Apr 2022,8 WOODLEIGH LANE #05-29,Sub Sale,Strata,43,"20,930",-,Condominium,1,99 yrs from 11/10/2017,2021,HDB,357688,13,35,Central Region,Toa Payoh
SUITES @ PAYA LEBAR,"590,000",376.74,"1,566",01 Apr 2022,420 UPPER PAYA LEBAR ROAD #04-15,Resale,Strata,35,"16,857",-,Apartment,1,Freehold,2013,Private,534049,19,53,North East Region,Hougang
STARS OF KOVAN,"1,650,888",958,"1,723",01 Apr 2022,980 UPPER SERANGOON ROAD #07-03,Resale,Strata,89,"18,549",-,Apartment,1,99 yrs from 25/02/2015,2019,HDB,533856,19,53,North East Region,Hougang
SEAHILL,"905,888",667.37,"1,357",01 Apr 2022,119 WEST COAST CRESCENT #15-08,Resale,Strata,62,"14,611",-,Condominium,1,99 yrs from 26/09/2011,2016,HDB,126777,05,12,West Region,Clementi
ONE AMBER,"3,100,000","1,700.71","1,823",01 Apr 2022,7 AMBER GARDENS #13-18,Resale,Strata,158,"19,620",-,Condominium,1,Freehold,2010,Private,439974,15,43,Central Region,Marine Parade
JEWEL @ BUANGKOK,"1,610,000","1,108.69","1,452",01 Apr 2022,83 COMPASSVALE BOW #03-11,Resale,Strata,103,"15,631",-,Condominium,1,99 yrs from 12/09/2012,2016,HDB,544684,19,54,North East Region,Sengkang
WATERBANK AT DAKOTA,"1,140,000",624.31,"1,826",01 Apr 2022,76 DAKOTA CRESCENT #16-13,Resale,Strata,58,"19,655",-,Condominium,1,99 yrs from 07/12/2009,2013,Private,399944,14,39,Central Region,Geylang
ISUITES @ PALM,"623,000",462.85,"1,346",01 Apr 2022,24 GLASGOW ROAD #04-04,Resale,Strata,43,"14,488",-,Apartment,1,999 yrs from 02/12/1878,2013,HDB,549340,19,54,North East Region,Hougang
RIVERFRONT RESIDENCES,"700,000",462.85,"1,512",01 Apr 2022,45 HOUGANG AVENUE 7 #05-25,Sub Sale,Strata,43,"16,279",-,Apartment,1,99 yrs from 31/05/2018,Uncompleted,Private,533815,19,53,North East Region,Hougang
CORALS AT KEPPEL BAY,"2,900,000","1,420.85","2,041",01 Apr 2022,11 KEPPEL BAY DRIVE #04-18,Resale,Strata,132,"21,970",-,Condominium,1,99 yrs from 26/02/2007,2016,HDB,098017,04,09,Central Region,Bukit Merah
REFLECTIONS AT KEPPEL BAY,"2,355,000","1,431.61","1,645",01 Apr 2022,29 KEPPEL BAY VIEW #24-85,Resale,Strata,133,"17,707",-,Condominium,1,99 yrs from 15/03/2006,2011,Private,098417,04,09,Central Region,Bukit Merah
JADE RESIDENCES,"1,510,000",914.94,"1,650",01 Apr 2022,1 LEW LIAN VALE #02-03,Resale,Strata,85,"17,765",-,Apartment,1,Freehold,2017,Private,537016,19,53,North East Region,Serangoon
PINE GROVE,"1,928,000","1,754.53","1,099",01 Apr 2022,1G PINE GROVE #03-33,Resale,Strata,163,"11,828",-,Condominium,1,99 yrs from 01/11/1984,-,Private,596001,21,59,Central Region,Bukit Timah
PARC CENTROS,"670,000",473.62,"1,415",01 Apr 2022,94 PUNGGOL CENTRAL #06-37,Resale,Strata,44,"15,227",-,Condominium,1,99 yrs from 19/03/2012,2016,Private,828724,19,82,North East Region,Punggol
RV RESIDENCES,"1,900,000",861.12,"2,206",01 Apr 2022,467 RIVER VALLEY ROAD #05-25,Resale,Strata,80,"23,750",-,Condominium,1,999 yrs from 21/06/1877,2015,HDB,248352,10,24,Central Region,Tanglin
CASA MERAH,"1,438,000","1,227.1","1,172",01 Apr 2022,72 TANAH MERAH KECHIL AVENUE #09-43,Resale,Strata,114,"12,614",-,Apartment,1,99 yrs from 11/07/2006,2009,HDB,465535,16,46,East Region,Bedok
EAST COAST RESIDENCES,"880,000",559.73,"1,572",01 Apr 2022,412 UPPER EAST COAST ROAD #01-06,Resale,Strata,52,"16,923",-,Apartment,1,Freehold,2011,HDB,466488,16,46,East Region,Bedok
MEADOWS @ PEIRCE,"1,960,000","1,410.08","1,390",01 Apr 2022,628 UPPER THOMSON ROAD #01-50,Resale,Strata,131,"14,962",-,Condominium,1,Freehold,2012,Private,787131,26,78,North East Region,Ang Mo Kio
SYMPHONY SUITES,"1,185,000","1,022.58","1,159",01 Apr 2022,5 YISHUN CLOSE #06-11,Resale,Strata,95,"12,474",-,Condominium,1,99 yrs from 10/06/2014,2018,Private,768006,27,76,North Region,Yishun
DAIRY FARM RESIDENCES,"1,186,200",710.42,"1,670",01 Apr 2022,8 DAIRY FARM LANE #03-25,New Sale,Strata,66,"17,973",-,Apartment,1,99 yrs from 05/12/2018,Uncompleted,N.A,677624,23,67,West Region,Bukit Panjang
N.A.,"1,780,000","1,500.5","1,186",01 Apr 2022,"14,14A JOO AVENUE",Resale,Strata,139.4,"12,769",-,Apartment,1,Freehold,-,Private,219309,08,21,Central Region,Kallang
D'LEEDON,"1,805,000","1,011.82","1,784",01 Apr 2022,11 LEEDON HEIGHTS #15-38,Resale,Strata,94,"19,202",-,Condominium,1,99 yrs from 08/04/2010,2014,HDB,267955,10,26,Central Region,Bukit Timah
TREVISTA,"2,618,000","1,733","1,511",01 Apr 2022,25 LORONG 3 TOA PAYOH #07-15,Resale,Strata,161,"16,261",-,Condominium,1,99 yrs from 15/07/2008,2011,Private,319583,12,31,Central Region,Toa Payoh
THE BELVEDERE,"2,665,000","1,302.44","2,046",01 Apr 2022,51 MEYER ROAD #11-04,Resale,Strata,121,"22,025",-,Condominium,1,Freehold,2007,Private,437874,15,43,Central Region,Marine Parade
SKIES MILTONIA,"900,000",893.41,"1,007",01 Apr 2022,25 MILTONIA CLOSE #01-10,Resale,Strata,83,"10,843",-,Condominium,1,99 yrs from 20/02/2012,2016,HDB,768060,27,76,North Region,Yishun
THE PALETTE,"682,000",505.91,"1,348",01 Apr 2022,119 PASIR RIS GROVE #06-62,Resale,Strata,47,"14,511",-,Condominium,1,99 yrs from 20/10/2010,2015,HDB,518174,18,51,East Region,Pasir Ris
18 SHELFORD,"3,900,000","2,088.22","1,868",01 Apr 2022,18 SHELFORD ROAD #03-02,Resale,Strata,194,"20,103",-,Apartment,1,Freehold,2010,Private,288407,11,28,Central Region,Bukit Timah
TROPICAL SPRING,"1,000,000","1,065.64",938,01 Apr 2022,27 SIMEI STREET 4 #05-11,Resale,Strata,99,"10,101",-,Condominium,1,99 yrs from 06/12/1997,2002,Private,529875,18,52,East Region,Tampines
SIMS URBAN OASIS,"1,070,000",667.37,"1,603",01 Apr 2022,10 SIMS DRIVE #12-42,Resale,Strata,62,"17,258",-,Condominium,1,99 yrs from 29/07/2014,2017,Private,387390,14,38,Central Region,Geylang
SOLEIL @ SINARAN,"1,855,888",958,"1,937",01 Apr 2022,2 SINARAN DRIVE #22-01,Resale,Strata,89,"20,853",-,Condominium,1,99 yrs from 23/10/2006,2011,Private,307467,11,30,Central Region,Novena
VIVA,"2,410,000",958,"2,516",01 Apr 2022,6 SUFFOLK WALK #19-05,Resale,Strata,89,"27,079",-,Condominium,1,Freehold,2012,Private,307464,11,30,Central Region,Novena
SKY@ELEVEN,"4,700,000","2,271.2","2,069",01 Apr 2022,9 THOMSON LANE #41-06,Resale,Strata,211,"22,275",-,Condominium,1,Freehold,2010,Private,297726,11,29,Central Region,Toa Payoh
SUNHAVEN,"1,086,000",990.29,"1,097",01 Apr 2022,781 UPPER CHANGI ROAD EAST #08-11,Resale,Strata,92,"11,804",-,Condominium,1,Freehold,2002,Private,486069,16,48,East Region,Tampines
EIGHT RIVERSUITES,"1,225,000",936.47,"1,308",01 Apr 2022,6 WHAMPOA EAST #02-11,Resale,Strata,87,"14,080",-,Condominium,1,99 yrs from 11/07/2011,2016,HDB,338519,12,33,Central Region,Kallang
NV RESIDENCES,"925,000",904.18,"1,023",01 Apr 2022,87 PASIR RIS GROVE #08-17,Resale,Strata,84,"11,012",-,Condominium,1,99 yrs from 07/01/2008,2013,HDB,518213,18,51,East Region,Pasir Ris
HILLION RESIDENCES,"745,000",462.85,"1,610",01 Apr 2022,8 JELEBU ROAD #14-04,Resale,Strata,43,"17,326",-,Apartment,1,99 yrs from 04/01/2013,2017,Private,677671,23,67,West Region,Bukit Panjang
8 HULLET,"2,330,831",796.54,"2,926",01 Apr 2022,8 HULLET ROAD #03-03,New Sale,Strata,74,"31,498",-,Apartment,1,Freehold,Uncompleted,N.A,229160,09,22,Central Region,Newton
8 HULLET,"1,676,930",538.2,"3,116",01 Apr 2022,8 HULLET ROAD #10-04,New Sale,Strata,50,"33,539",-,Apartment,1,Freehold,Uncompleted,N.A,229160,09,22,Central Region,Newton
8 HULLET,"1,589,546",538.2,"2,953",01 Apr 2022,8 HULLET ROAD #03-04,New Sale,Strata,50,"31,791",-,Apartment,1,Freehold,Uncompleted,N.A,229160,09,22,Central Region,Newton
8 HULLET,"1,596,467",538.2,"2,966",01 Apr 2022,8 HULLET ROAD #04-04,New Sale,Strata,50,"31,929",-,Apartment,1,Freehold,Uncompleted,N.A,229160,09,22,Central Region,Newton
HILLVIEW REGENCY,"1,350,000","1,194.8","1,130",01 Apr 2022,28 BUKIT BATOK EAST AVENUE 2 #23-23,Resale,Strata,111,"12,162",-,Condominium,1,99 yrs from 20/06/2000,2006,Private,659921,23,65,West Region,Bukit Batok
WATERBANK AT DAKOTA,"2,310,000","1,280.92","1,803",01 Apr 2022,84 DAKOTA CRESCENT #19-29,Resale,Strata,119,"19,412",-,Condominium,1,99 yrs from 07/12/2009,2013,Private,399948,14,39,Central Region,Geylang
AFFINITY AT SERANGOON,"1,810,000","1,248.62","1,450",01 Apr 2022,28 SERANGOON NORTH AVENUE 1 #14-58,Sub Sale,Strata,116,"15,603",-,Apartment,1,99 yrs from 18/05/2018,Uncompleted,HDB,554341,19,55,North East Region,Serangoon
PARC ELEGANCE,"650,000",441.32,"1,473",01 Apr 2022,13 TELOK KURAU ROAD #03-06,Resale,Strata,41,"15,854",-,Apartment,1,Freehold,2013,HDB,423912,15,42,East Region,Bedok
RIVERSAILS,"645,000",516.67,"1,248",01 Apr 2022,2 UPPER SERANGOON CRESCENT #08-01,Resale,Strata,48,"13,438",-,Condominium,1,99 yrs from 07/12/2011,2016,HDB,534035,19,53,North East Region,Hougang
AFFINITY AT SERANGOON,"1,749,850","1,151.75","1,519",02 Apr 2022,18 SERANGOON NORTH AVENUE 1 #02-10,New Sale,Strata,107,"16,354",-,Apartment,1,99 yrs from 18/05/2018,Uncompleted,N.A,554336,19,55,North East Region,Serangoon
FOURTH AVENUE RESIDENCES,"2,816,000","1,108.69","2,540",02 Apr 2022,2 FOURTH AVENUE #04-06,New Sale,Strata,103,"27,340",-,Apartment,1,99 yrs from 07/03/2018,Uncompleted,N.A,268660,10,26,Central Region,Bukit Timah
FOURTH AVENUE RESIDENCES,"2,784,000","1,076.4","2,586",02 Apr 2022,8 FOURTH AVENUE #10-23,New Sale,Strata,100,"27,840",-,Apartment,1,99 yrs from 07/03/2018,Uncompleted,N.A,268674,10,26,Central Region,Bukit Timah
ONE PEARL BANK,"1,196,000",430.56,"2,778",02 Apr 2022,1 PEARL BANK #29-14,New Sale,Strata,40,"29,900",-,Apartment,1,99 yrs from 01/03/2019,Uncompleted,N.A,169016,03,16,Central Region,Outram
NORMANTON PARK,"1,141,000",656.6,"1,738",02 Apr 2022,51 NORMANTON PARK #24-35,New Sale,Strata,61,"18,705",-,Apartment,1,99 yrs from 22/07/2019,Uncompleted,N.A,117281,05,11,Central Region,Queenstown
NORMANTON PARK,"2,187,000","1,194.8","1,830",02 Apr 2022,57 NORMANTON PARK #02-56,New Sale,Strata,111,"19,703",-,Apartment,1,99 yrs from 22/07/2019,Uncompleted,N.A,117284,05,11,Central Region,Queenstown
NORMANTON PARK,"2,150,000","1,227.1","1,752",02 Apr 2022,61 NORMANTON PARK #24-77,New Sale,Strata,114,"18,860",-,Apartment,1,99 yrs from 22/07/2019,Uncompleted,N.A,117286,05,11,Central Region,Queenstown
VERTICUS,"1,559,000",775.01,"2,012",02 Apr 2022,3 JALAN KEMAMAN #08-01,New Sale,Strata,72,"21,653",-,Apartment,1,Freehold,Uncompleted,N.A,329343,12,32,Central Region,Novena
RIVIERE,"3,046,000","1,140.98","2,670",02 Apr 2022,1 JIAK KIM STREET #16-01,New Sale,Strata,106,"28,736",-,Apartment,1,99 yrs from 07/03/2018,Uncompleted,N.A,169423,03,16,Central Region,Singapore River
RIVIERE,"4,430,000","1,711.48","2,588",02 Apr 2022,1 JIAK KIM STREET #13-07,New Sale,Strata,159,"27,862",-,Apartment,1,99 yrs from 07/03/2018,Uncompleted,N.A,169423,03,16,Central Region,Singapore River
RIVIERE,"6,178,584","2,002.1","3,086",02 Apr 2022,3 JIAK KIM STREET #32-08,New Sale,Strata,186,"33,218",-,Apartment,1,99 yrs from 07/03/2018,Uncompleted,N.A,169424,03,16,Central Region,Singapore River
RIVIERE,"5,650,560","2,002.1","2,822",02 Apr 2022,3 JIAK KIM STREET #17-08,New Sale,Strata,186,"30,379",-,Apartment,1,99 yrs from 07/03/2018,Uncompleted,N.A,169424,03,16,Central Region,Singapore River
RIVIERE,"6,150,212","2,002.1","3,072",02 Apr 2022,3 JIAK KIM STREET #31-08,New Sale,Strata,186,"33,066",-,Apartment,1,99 yrs from 07/03/2018,Uncompleted,N.A,169424,03,16,Central Region,Singapore River
RIVIERE,"5,708,256","2,002.1","2,851",02 Apr 2022,3 JIAK KIM STREET #19-08,New Sale,Strata,186,"30,690",-,Apartment,1,99 yrs from 07/03/2018,Uncompleted,N.A,169424,03,16,Central Region,Singapore River
RIVIERE,"2,367,000",839.59,"2,819",02 Apr 2022,3 JIAK KIM STREET #20-11,New Sale,Strata,78,"30,346",-,Apartment,1,99 yrs from 07/03/2018,Uncompleted,N.A,169424,03,16,Central Region,Singapore River
VERDALE,"1,352,700",742.72,"1,821",02 Apr 2022,2 DE SOUZA AVENUE #02-04,New Sale,Strata,69,"19,604",-,Apartment,1,99 yrs from 05/12/2018,Uncompleted,N.A,599458,21,59,Central Region,Bukit Timah
AVENUE SOUTH RESIDENCE,"2,381,000","1,119.46","2,127",02 Apr 2022,11 SILAT AVENUE #56-36,New Sale,Strata,104,"22,894",-,Apartment,1,99 yrs from 14/08/2018,Uncompleted,N.A,168877,03,16,Central Region,Bukit Merah
MEYER MANSION,"1,922,900",688.9,"2,791",02 Apr 2022,79 MEYER ROAD #07-05,New Sale,Strata,64,"30,045",-,Apartment,1,Freehold,Uncompleted,N.A,437906,15,43,Central Region,Marine Parade
MEYER MANSION,"2,878,000","1,108.69","2,596",02 Apr 2022,79 MEYER ROAD #14-06,New Sale,Strata,103,"27,942",-,Apartment,1,Freehold,Uncompleted,N.A,437906,15,43,Central Region,Marine Parade
THE LANDMARK,"2,469,380","1,140.98","2,164",02 Apr 2022,173 CHIN SWEE ROAD #04-07,New Sale,Strata,106,"23,296",-,Condominium,1,99 yrs from 28/08/2020,Uncompleted,N.A,169878,03,16,Central Region,Outram
THE AVENIR,"3,311,000","1,140.98","2,902",02 Apr 2022,8 RIVER VALLEY CLOSE #05-06,New Sale,Strata,106,"31,236",-,Condominium,1,Freehold,Uncompleted,N.A,238432,09,23,Central Region,River Valley
LEEDON GREEN,"3,549,000","1,356.26","2,617",02 Apr 2022,30 LEEDON HEIGHTS #05-19,New Sale,Strata,126,"28,167",-,Condominium,1,Freehold,Uncompleted,N.A,266223,10,26,Central Region,Bukit Timah
KOPAR AT NEWTON,"4,075,830","1,819.12","2,241",02 Apr 2022,6 MAKEWAY AVENUE #03-01,New Sale,Strata,169,"24,117",-,Apartment,1,99 yrs from 22/04/2019,Uncompleted,N.A,228606,09,22,Central Region,Novena
PENROSE,"2,459,000","1,399.32","1,757",02 Apr 2022,28 SIMS DRIVE #14-27,New Sale,Strata,130,"18,915",-,Apartment,1,99 yrs from 03/07/2019,Uncompleted,N.A,387399,14,38,Central Region,Geylang
THE COMMODORE,"1,794,000","1,184.04","1,515",02 Apr 2022,61 CANBERRA DRIVE #01-10,New Sale,Strata,110,"16,309",-,Condominium,1,99 yrs from 08/06/2020,Uncompleted,N.A,769305,27,76,North Region,Sembawang
ROYAL HALLMARK,"1,990,000",936.47,"2,125",02 Apr 2022,1 HAIG LANE #02-05,New Sale,Strata,87,"22,874",-,Apartment,1,Freehold,Uncompleted,N.A,438803,15,43,Central Region,Marine Parade
THE WATERGARDENS AT CANBERRA,"1,245,000",871.88,"1,428",02 Apr 2022,47 CANBERRA DRIVE #05-55,New Sale,Strata,81,"15,370",-,Apartment,1,99 yrs from 08/06/2020,Uncompleted,N.A,769325,27,76,North Region,Sembawang
THE WATERGARDENS AT CANBERRA,"2,045,000","1,528.49","1,338",02 Apr 2022,51 CANBERRA DRIVE #05-67,New Sale,Strata,142,"14,401",-,Apartment,1,99 yrs from 08/06/2020,Uncompleted,N.A,769327,27,76,North Region,Sembawang
AMBER PARK,"2,021,000",828.83,"2,438",03 Apr 2022,18A AMBER GARDENS #01-29,New Sale,Strata,77,"26,247",-,Condominium,1,Freehold,Uncompleted,N.A,439981,15,43,Central Region,Marine Parade
FOURTH AVENUE RESIDENCES,"1,228,000",505.91,"2,427",03 Apr 2022,18 FOURTH AVENUE #02-67,New Sale,Strata,47,"26,128",-,Apartment,1,99 yrs from 07/03/2018,Uncompleted,N.A,268679,10,26,Central Region,Bukit Timah
HAUS ON HANDY,"1,697,000",635.08,"2,672",03 Apr 2022,28 HANDY ROAD #08-02,New Sale,Strata,59,"28,763",-,Condominium,1,99 yrs from 07/05/2018,Uncompleted,N.A,229240,09,22,Central Region,Museum
THE FLORENCE RESIDENCES,"1,855,000","1,097.93","1,690",03 Apr 2022,93 HOUGANG AVENUE 2 #16-56,New Sale,Strata,102,"18,186",-,Apartment,1,99 yrs from 24/12/2018,Uncompleted,N.A,538865,19,53,North East Region,Hougang
THE FLORENCE RESIDENCES,"1,197,000",635.08,"1,885",03 Apr 2022,97 HOUGANG AVENUE 2 #12-76,New Sale,Strata,59,"20,288",-,Apartment,1,99 yrs from 24/12/2018,Uncompleted,N.A,533753,19,53,North East Region,Hougang
THE FLORENCE RESIDENCES,"1,880,000","1,194.8","1,573",03 Apr 2022,97 HOUGANG AVENUE 2 #18-78,New Sale,Strata,111,"16,937",-,Apartment,1,99 yrs from 24/12/2018,Uncompleted,N.A,533753,19,53,North East Region,Hougang
THE IVERIA,"2,241,000",904.18,"2,478",03 Apr 2022,2 KIM YAM ROAD #03-02,New Sale,Strata,84,"26,679",-,Apartment,1,Freehold,Uncompleted,N.A,239320,09,23,Central Region,River Valley
THE IVERIA,"2,251,000",904.18,"2,490",03 Apr 2022,2 KIM YAM ROAD #04-02,New Sale,Strata,84,"26,798",-,Apartment,1,Freehold,Uncompleted,N.A,239320,09,23,Central Region,River Valley
NORMANTON PARK,"2,062,000","1,087.16","1,897",03 Apr 2022,45 NORMANTON PARK #18-06,New Sale,Strata,101,"20,416",-,Apartment,1,99 yrs from 22/07/2019,Uncompleted,N.A,119027,05,11,Central Region,Queenstown
NORMANTON PARK,"1,687,000",947.23,"1,781",03 Apr 2022,49 NORMANTON PARK #24-19,New Sale,Strata,88,"19,170",-,Apartment,1,99 yrs from 22/07/2019,Uncompleted,N.A,117280,05,11,Central Region,Queenstown
NORMANTON PARK,"1,114,000",656.6,"1,697",03 Apr 2022,49 NORMANTON PARK #24-25,New Sale,Strata,61,"18,262",-,Apartment,1,99 yrs from 22/07/2019,Uncompleted,N.A,117280,05,11,Central Region,Queenstown
SENGKANG GRAND RESIDENCES,"2,329,850","1,323.97","1,760",03 Apr 2022,76 COMPASSVALE BOW #04-19,New Sale,Strata,123,"18,942",-,Apartment,1,99 yrs from 13/11/2018,Uncompleted,N.A,544568,19,54,North East Region,Sengkang
RIVIERE,"2,229,000",818.06,"2,725",03 Apr 2022,1 JIAK KIM STREET #21-06,New Sale,Strata,76,"29,329",-,Apartment,1,99 yrs from 07/03/2018,Uncompleted,N.A,169423,03,16,Central Region,Singapore River
AVENUE SOUTH RESIDENCE,"1,570,000",656.6,"2,391",03 Apr 2022,11 SILAT AVENUE #53-33,New Sale,Strata,61,"25,738",-,Apartment,1,99 yrs from 14/08/2018,Uncompleted,N.A,168877,03,16,Central Region,Bukit Merah
MEYER MANSION,"2,013,200",688.9,"2,922",03 Apr 2022,79 MEYER ROAD #15-05,New Sale,Strata,64,"31,456",-,Apartment,1,Freehold,Uncompleted,N.A,437906,15,43,Central Region,Marine Parade
GRANGE 1866,"1,970,000",710.42,"2,773",03 Apr 2022,74 GRANGE ROAD #02-01,New Sale,Strata,66,"29,848",-,Apartment,1,Freehold,Uncompleted,N.A,249578,10,24,Central Region,River Valley
THE AVENIR,"5,278,000","1,571.54","3,358",03 Apr 2022,10 RIVER VALLEY CLOSE #30-08,New Sale,Strata,146,"36,151",-,Condominium,1,Freehold,Uncompleted,N.A,238438,09,23,Central Region,River Valley
LEEDON GREEN,"1,773,000",613.55,"2,890",03 Apr 2022,26 LEEDON HEIGHTS #02-01,New Sale,Strata,57,"31,105",-,Condominium,1,Freehold,Uncompleted,N.A,266221,10,26,Central Region,Bukit Timah
LEEDON GREEN,"1,523,000",538.2,"2,830",03 Apr 2022,30 LEEDON HEIGHTS #05-17,New Sale,Strata,50,"30,460",-,Condominium,1,Freehold,Uncompleted,N.A,266223,10,26,Central Region,Bukit Timah
LEEDON GREEN,"1,886,000",710.42,"2,655",03 Apr 2022,30 LEEDON HEIGHTS #08-20,New Sale,Strata,66,"28,576",-,Condominium,1,Freehold,Uncompleted,N.A,266223,10,26,Central Region,Bukit Timah
LEEDON GREEN,"1,929,000",710.42,"2,715",03 Apr 2022,36 LEEDON HEIGHTS #09-46,New Sale,Strata,66,"29,227",-,Condominium,1,Freehold,Uncompleted,N.A,266077,10,26,Central Region,Bukit Timah
KI RESIDENCES AT BROOKVALE,"1,984,000",979.52,"2,025",03 Apr 2022,18 BROOKVALE DRIVE #10-43,New Sale,Strata,91,"21,802",-,Condominium,1,999 yrs from 23/03/1885,Uncompleted,N.A,599981,21,59,West Region,Clementi
ONE BERNAM,"1,698,000",731.95,"2,320",03 Apr 2022,1 BERNAM STREET #08-06,New Sale,Strata,68,"24,971",-,Apartment,1,99 yrs from 10/12/2019,Uncompleted,N.A,078852,02,07,Central Region,Downtown Core
MORI,"1,324,000",710.42,"1,864",03 Apr 2022,223 GUILLEMARD ROAD #02-13,New Sale,Strata,66,"20,061",-,Apartment,1,Freehold,Uncompleted,N.A,399738,14,39,Central Region,Geylang
THE CLEMENT CANOPY,"2,140,000","1,345.5","1,590",04 Apr 2022,18 CLEMENTI AVENUE 1 #14-08,Resale,Strata,125,"17,120",-,Apartment,1,99 yrs from 09/03/2016,2019,Private,129961,05,12,West Region,Clementi
NOUVEL 18,"5,752,000","1,679.18","3,425",04 Apr 2022,18 ANDERSON ROAD #29-04,Resale,Strata,156,"36,872",-,Condominium,1,Freehold,2014,Private,259977,10,25,Central Region,Newton
THE STERLING,"3,900,000","1,969.81","1,980",04 Apr 2022,1001 BUKIT TIMAH ROAD #09-11,Resale,Strata,183,"21,311",-,Condominium,1,Freehold,2000,Private,596288,21,59,Central Region,Bukit Timah
MI CASA,"1,210,000","1,259.39",961,04 Apr 2022,321 CHOA CHU KANG AVENUE 3 #02-23,Resale,Strata,117,"10,342",-,Condominium,1,99 yrs from 25/08/2008,2012,HDB,689864,23,68,West Region,Choa Chu Kang
MARINA COLLECTION,"4,950,000","2,787.88","1,776",04 Apr 2022,17 COVE DRIVE #03-31,Resale,Strata,259,"19,112",-,Condominium,1,99 yrs from 03/01/2007,2011,HDB,098329,04,09,Central Region,Southern Islands
THE INTERLACE,"3,100,000","2,378.84","1,303",04 Apr 2022,186 DEPOT ROAD #05-14,Resale,Strata,221,"14,027",-,Condominium,1,99 yrs from 11/02/2009,2013,Private,109687,04,10,Central Region,Bukit Merah
CASABELLA,"3,600,000","1,776.06","2,027",04 Apr 2022,222 DUCHESS AVENUE #02-12,Resale,Strata,165,"21,818",-,Condominium,1,Freehold,2005,Private,266338,10,26,Central Region,Bukit Timah
CARISSA PARK CONDOMINIUM,"1,258,000","1,302.44",966,04 Apr 2022,2 FLORA DRIVE #08-22,Resale,Strata,121,"10,397",-,Condominium,1,Freehold,2001,Private,507025,17,50,East Region,Pasir Ris
SELETAR SPRINGS CONDOMINIUM,"1,700,000","2,066.69",823,04 Apr 2022,104 GERALD DRIVE #04-62,Resale,Strata,192,"8,854",-,Condominium,1,99 yrs from 12/08/1997,2000,Private,798594,28,79,North East Region,Hougang
THE TRILINQ,"2,200,000","1,517.72","1,450",04 Apr 2022,28 JALAN LEMPENG #30-06,Resale,Strata,141,"15,603",-,Condominium,1,99 yrs from 16/04/2012,2017,Private,128807,05,12,West Region,Clementi
THE RIVERINE BY THE PARK,"2,200,000","1,205.57","1,825",04 Apr 2022,398 KALLANG ROAD #08-03,Resale,Strata,112,"19,643",-,Apartment,1,Freehold,2010,Private,339098,12,33,Central Region,Kallang
BULLION PARK,"1,528,000","1,259.39","1,213",04 Apr 2022,170 LENTOR LOOP #07-01,Resale,Strata,117,"13,060",-,Condominium,1,Freehold,1993,HDB,789099,26,78,North East Region,Ang Mo Kio
BARTLEY RIDGE,"1,176,000",731.95,"1,607",04 Apr 2022,34 MOUNT VERNON ROAD #13-18,Resale,Strata,68,"17,294",-,Condominium,1,99 yrs from 16/04/2012,2016,Private,368057,13,36,Central Region,Toa Payoh
KENTISH LODGE,"1,250,000","1,173.28","1,065",04 Apr 2022,3 OXFORD ROAD #05-07,Resale,Strata,109,"11,468",-,Apartment,1,99 yrs from 01/03/1995,1998,HDB,218814,08,21,Central Region,Kallang
TANGLIN VIEW,"2,550,000","1,711.48","1,490",04 Apr 2022,152 PRINCE CHARLES CRESCENT #17-10,Resale,Strata,159,"16,038",-,Condominium,1,99 yrs from 17/05/1997,2001,Private,159013,03,15,Central Region,Bukit Merah
WATERTOWN,"845,000",581.26,"1,454",04 Apr 2022,69 PUNGGOL CENTRAL #08-21,Resale,Strata,54,"15,648",-,Apartment,1,99 yrs from 18/05/2011,2017,HDB,828754,19,82,North East Region,Punggol
WATERTOWN,"780,000",527.44,"1,479",04 Apr 2022,73 PUNGGOL CENTRAL #11-65,Resale,Strata,49,"15,918",-,Apartment,1,99 yrs from 18/05/2011,2017,HDB,828756,19,82,North East Region,Punggol
A TREASURE TROVE,"1,508,000","1,205.57","1,251",04 Apr 2022,62 PUNGGOL WALK #11-28,Resale,Strata,112,"13,464",-,Condominium,1,99 yrs from 09/03/2011,2015,HDB,828781,19,82,North East Region,Punggol
RV POINT,"868,000",419.8,"2,068",04 Apr 2022,233 RIVER VALLEY ROAD #02-06,Resale,Strata,39,"22,256",-,Apartment,1,999 yrs from 01/07/1841,2015,Private,238291,09,23,Central Region,Singapore River
ROSEWOOD SUITES,"1,128,000","1,270.15",888,04 Apr 2022,67 ROSEWOOD DRIVE #03-40,Resale,Strata,118,"9,559",-,Condominium,1,99 yrs from 25/02/2008,2011,HDB,737876,25,73,North Region,Woodlands
SUNGLADE,"1,370,000","1,151.75","1,189",04 Apr 2022,7 SERANGOON AVENUE 2 #03-17,Resale,Strata,107,"12,804",-,Condominium,1,99 yrs from 09/10/2000,2003,Private,556133,19,55,North East Region,Serangoon
REGENT RESIDENCES,"705,000",409.03,"1,724",04 Apr 2022,1091 SERANGOON ROAD #23-03,Resale,Strata,38,"18,553",-,Apartment,1,Freehold,2015,Private,328190,12,32,Central Region,Kallang
SAVANNAH CONDOPARK,"905,000",990.29,914,04 Apr 2022,45 SIMEI RISE #02-31,Resale,Strata,92,"9,837",-,Condominium,1,99 yrs from 29/11/2000,2005,Private,528786,18,52,East Region,Tampines
MELVILLE PARK,"1,050,000","1,345.5",780,04 Apr 2022,16 SIMEI STREET 1 #05-13,Resale,Strata,125,"8,400",-,Condominium,1,99 yrs from 01/09/1992,1996,Private,529942,18,52,East Region,Tampines
BLUE HORIZON,"1,508,888","1,162.51","1,298",04 Apr 2022,23 WEST COAST CRESCENT #22-09,Resale,Strata,108,"13,971",-,Condominium,1,99 yrs from 14/08/2000,2005,Private,128046,05,12,West Region,Clementi
BOTANNIA,"1,820,000","1,270.15","1,433",04 Apr 2022,29B WEST COAST PARK #03-22,Resale,Strata,118,"15,424",-,Condominium,1,956 yrs from 27/05/1928,2009,HDB,127724,05,12,West Region,Clementi
THE FORESTA @ MOUNT FABER,"1,325,000",721.19,"1,837",04 Apr 2022,102 WISHART ROAD #02-09,Resale,Strata,67,"19,776",-,Condominium,1,Freehold,2014,HDB,098749,04,09,Central Region,Bukit Merah
SYMPHONY SUITES,"928,000",785.77,"1,181",04 Apr 2022,1 YISHUN CLOSE #07-03,Resale,Strata,73,"12,712",-,Condominium,1,99 yrs from 10/06/2014,2018,Private,768004,27,76,North Region,Yishun
10 EVELYN,"1,269,112",495.14,"2,563",04 Apr 2022,10 EVELYN ROAD #02-05,New Sale,Strata,46,"27,589",-,Apartment,1,Freehold,Uncompleted,N.A,309312,11,30,Central Region,Novena
35 GILSTEAD,"3,430,980","1,614.6","2,125",04 Apr 2022,35 GILSTEAD ROAD #05-13,New Sale,Strata,150,"22,873",-,Apartment,1,Freehold,Uncompleted,N.A,309079,11,30,Central Region,Novena
MAYFAIR MODERN,"2,700,000","1,280.92","2,108",04 Apr 2022,6 RIFLE RANGE ROAD #01-17,New Sale,Strata,119,"22,689",-,Condominium,1,99 yrs from 18/09/2018,Uncompleted,N.A,588375,21,58,Central Region,Bukit Timah
THE FLORENCE RESIDENCES,"1,365,000",796.54,"1,714",04 Apr 2022,83 HOUGANG AVENUE 2 #18-14,New Sale,Strata,74,"18,446",-,Apartment,1,99 yrs from 24/12/2018,Uncompleted,N.A,538860,19,53,North East Region,Hougang
THE FLORENCE RESIDENCES,"1,255,000",635.08,"1,976",04 Apr 2022,95 HOUGANG AVENUE 2 #17-68,New Sale,Strata,59,"21,271",-,Apartment,1,99 yrs from 24/12/2018,Uncompleted,N.A,533754,19,53,North East Region,Hougang
ROYALGREEN,"2,305,000",775.01,"2,974",04 Apr 2022,2D ANAMALAI AVENUE #05-34,New Sale,Strata,72,"32,014",-,Condominium,1,Freehold,2021,N.A,279992,10,27,Central Region,Bukit Timah
MIDTOWN BAY,"2,410,000",731.95,"3,293",04 Apr 2022,122 BEACH ROAD #18-06,New Sale,Strata,68,"35,441",-,Apartment,1,99 yrs from 02/01/2018,Uncompleted,N.A,189770,07,18,Central Region,Downtown Core
THE IVERIA,"2,236,000",904.18,"2,473",04 Apr 2022,2 KIM YAM ROAD #05-02,New Sale,Strata,84,"26,619",-,Apartment,1,Freehold,Uncompleted,N.A,239320,09,23,Central Region,River Valley
NORMANTON PARK,"2,491,000","1,334.74","1,866",04 Apr 2022,53 NORMANTON PARK #10-42,New Sale,Strata,124,"20,089",-,Apartment,1,99 yrs from 22/07/2019,Uncompleted,N.A,117282,05,11,Central Region,Queenstown
NORMANTON PARK,"1,634,000",850.36,"1,922",04 Apr 2022,57 NORMANTON PARK #09-60,New Sale,Strata,79,"20,684",-,Apartment,1,99 yrs from 22/07/2019,Uncompleted,N.A,117284,05,11,Central Region,Queenstown
AVENUE SOUTH RESIDENCE,"1,861,000",882.65,"2,108",04 Apr 2022,11 SILAT AVENUE #56-32,New Sale,Strata,82,"22,695",-,Apartment,1,99 yrs from 14/08/2018,Uncompleted,N.A,168877,03,16,Central Region,Bukit Merah
MEYER MANSION,"2,798,000","1,108.69","2,524",04 Apr 2022,79 MEYER ROAD #06-06,New Sale,Strata,103,"27,165",-,Apartment,1,Freehold,Uncompleted,N.A,437906,15,43,Central Region,Marine Parade
MEYER MANSION,"4,470,000","1,765.3","2,532",04 Apr 2022,79 MEYER ROAD #03-07,New Sale,Strata,164,"27,256",-,Apartment,1,Freehold,Uncompleted,N.A,437906,15,43,Central Region,Marine Parade
MIDWOOD,"1,735,000",990.29,"1,752",04 Apr 2022,8 HILLVIEW RISE #25-03,New Sale,Strata,92,"18,859",-,Condominium,1,99 yrs from 01/10/2018,Uncompleted,N.A,667971,23,66,West Region,Bukit Batok
MYRA,"1,090,000",473.62,"2,301",04 Apr 2022,9 MEYAPPA CHETTIAR ROAD #08-08,New Sale,Strata,44,"24,773",-,Apartment,1,Freehold,Uncompleted,N.A,358456,13,35,Central Region,Toa Payoh
PULLMAN RESIDENCES NEWTON,"1,849,000",667.37,"2,771",04 Apr 2022,18 DUNEARN ROAD #04-04,New Sale,Strata,62,"29,823",-,Apartment,1,Freehold,Uncompleted,N.A,309421,11,30,Central Region,Novena
PULLMAN RESIDENCES NEWTON,"2,028,000",667.37,"3,039",04 Apr 2022,18 DUNEARN ROAD #18-07,New Sale,Strata,62,"32,710",-,Apartment,1,Freehold,Uncompleted,N.A,309421,11,30,Central Region,Novena
THE AVENIR,"3,937,000","1,140.98","3,451",04 Apr 2022,8 RIVER VALLEY CLOSE #36-03,New Sale,Strata,106,"37,142",-,Condominium,1,Freehold,Uncompleted,N.A,238432,09,23,Central Region,River Valley
PERFECT TEN,"3,985,000","1,280.92","3,111",04 Apr 2022,321 BUKIT TIMAH ROAD #12-05,New Sale,Strata,119,"33,487",-,Apartment,1,Freehold,Uncompleted,N.A,259781,10,25,Central Region,Tanglin
CANNINGHILL PIERS,"3,316,000","1,259.39","2,633",04 Apr 2022,5 CLARKE QUAY #17-20,New Sale,Strata,117,"28,342",-,Apartment,1,99 yrs from 17/09/2021,Uncompleted,N.A,179884,06,17,Central Region,Singapore River
REGENTVILLE,"868,000",979.52,886,04 Apr 2022,2 HOUGANG STREET 92 #12-03,Resale,Strata,91,"9,538",-,Apartment,1,99 yrs from 24/04/1996,1999,HDB,538683,19,53,North East Region,Hougang
AQUARIUS BY THE PARK,"825,000",893.41,923,04 Apr 2022,21 BEDOK RESERVOIR VIEW #02-01,Resale,Strata,83,"9,940",-,Condominium,1,99 yrs from 12/06/1996,2000,Private,478936,16,47,East Region,Bedok
THE LUXURIE,"668,000",452.09,"1,478",04 Apr 2022,11 COMPASSVALE ROAD #13-01,Resale,Strata,42,"15,905",-,Condominium,1,99 yrs from 15/06/2011,2015,Private,544749,19,54,North East Region,Sengkang
RIVERTREES RESIDENCES,"1,450,000","1,248.62","1,161",04 Apr 2022,29 FERNVALE CLOSE #01-23,Resale,Strata,116,"12,500",-,Apartment,1,99 yrs from 28/08/2013,2017,HDB,797464,28,79,North East Region,Sengkang
LE REGAL,"688,000",516.67,"1,332",04 Apr 2022,340 GEYLANG ROAD #04-12,Resale,Strata,48,"14,333",-,Apartment,1,Freehold,2015,Private,389365,14,38,Central Region,Geylang
COCO PALMS,"1,650,000","1,259.39","1,310",04 Apr 2022,23 PASIR RIS GROVE #07-39,Resale,Strata,117,"14,103",-,Condominium,1,99 yrs from 07/01/2008,2018,HDB,518071,18,51,East Region,Pasir Ris
FLO RESIDENCE,"880,000",764.24,"1,151",04 Apr 2022,7 PUNGGOL FIELD WALK #05-14,Resale,Strata,71,"12,394",-,Condominium,1,99 yrs from 05/12/2011,2016,Private,828742,19,82,North East Region,Punggol
LA FIESTA,"970,000",731.95,"1,325",04 Apr 2022,58 SENGKANG SQUARE #07-17,Resale,Strata,68,"14,265",-,Condominium,1,99 yrs from 03/09/2012,2016,Private,544699,19,54,North East Region,Sengkang
THE SANTORINI,"880,000",742.72,"1,185",04 Apr 2022,31 TAMPINES STREET 86 #04-33,Resale,Strata,69,"12,754",-,Condominium,1,99 yrs from 16/10/2013,2017,Private,528572,18,52,East Region,Tampines
183 LONGHAUS,"1,458,888",936.47,"1,558",04 Apr 2022,183 UPPER THOMSON ROAD #02-09,Resale,Strata,87,"16,769",-,Apartment,1,Freehold,2019,HDB,574429,20,57,Central Region,Bishan
SEAHILL,"1,300,000",861.12,"1,510",04 Apr 2022,119 WEST COAST CRESCENT #21-06,Resale,Strata,80,"16,250",-,Condominium,1,99 yrs from 26/09/2011,2016,HDB,126777,05,12,West Region,Clementi
PARC RIVIERA,"1,050,000",731.95,"1,435",04 Apr 2022,101 WEST COAST VALE #01-07,Resale,Strata,68,"15,441",-,Condominium,1,99 yrs from 11/11/2015,2019,Private,126753,05,12,West Region,Clementi
BLOSSOMS @ WOODLEIGH,"2,200,000","1,410.08","1,560",04 Apr 2022,10 WOODLEIGH CLOSE #12-05,Resale,Strata,131,"16,794",-,Condominium,1,Freehold,2007,HDB,357905,13,35,Central Region,Toa Payoh
HIGHLINE RESIDENCES,"1,495,000",699.66,"2,137",04 Apr 2022,7 KIM TIAN ROAD #19-12,Resale,Strata,65,"23,000",-,Condominium,1,99 yrs from 22/07/2013,2018,Private,168592,03,16,Central Region,Bukit Merah
RIPPLE BAY,"880,000",775.01,"1,135",04 Apr 2022,8 PASIR RIS LINK #10-38,Resale,Strata,72,"12,222",-,Condominium,1,99 yrs from 10/08/2011,2015,HDB,518162,18,51,East Region,Pasir Ris
THE GLADES,"955,000",581.26,"1,643",04 Apr 2022,6 BEDOK RISE #11-15,Resale,Strata,54,"17,685",-,Condominium,1,99 yrs from 21/01/2013,2016,Private,469599,16,46,East Region,Bedok
SERAYA BREEZE,"1,060,000",764.24,"1,387",04 Apr 2022,3 SERAYA ROAD #04-04,Resale,Strata,71,"14,930",-,Apartment,1,Freehold,2001,HDB,437235,15,43,Central Region,Marine Parade
OASIS @ ELIAS,"1,188,000","1,194.8",994,04 Apr 2022,70 ELIAS ROAD #08-20,Resale,Strata,111,"10,703",-,Condominium,1,99 yrs from 17/03/2008,2011,HDB,519943,18,51,East Region,Pasir Ris
8 HULLET,"2,398,000",796.54,"3,011",04 Apr 2022,8 HULLET ROAD #02-03,New Sale,Strata,74,"32,405",-,Apartment,1,Freehold,Uncompleted,N.A,229160,09,22,Central Region,Newton
8 HULLET,"1,616,366",538.2,"3,003",04 Apr 2022,8 HULLET ROAD #06-04,New Sale,Strata,50,"32,327",-,Apartment,1,Freehold,Uncompleted,N.A,229160,09,22,Central Region,Newton
8 HULLET,"1,711,538",538.2,"3,180",04 Apr 2022,8 HULLET ROAD #12-04,New Sale,Strata,50,"34,231",-,Apartment,1,Freehold,Uncompleted,N.A,229160,09,22,Central Region,Newton
WATERBANK AT DAKOTA,"2,080,000","1,173.28","1,773",04 Apr 2022,82 DAKOTA CRESCENT #12-23,Resale,Strata,109,"19,083",-,Condominium,1,99 yrs from 07/12/2009,2013,HDB,399947,14,39,Central Region,Geylang
SIGLAP V,"775,000",516.67,"1,500",04 Apr 2022,2 FIRST STREET #02-26,Resale,Strata,48,"16,146",-,Apartment,1,Freehold,2013,HDB,458278,15,45,East Region,Bedok
COMMONWEALTH TOWERS,"940,000",462.85,"2,031",05 Apr 2022,232 COMMONWEALTH AVENUE #37-22,Resale,Strata,43,"21,860",-,Condominium,1,99 yrs from 07/05/2013,2017,Private,149740,03,14,Central Region,Queenstown
YISHUN EMERALD,"975,000","1,194.8",816,05 Apr 2022,32 CANBERRA DRIVE #16-26,Resale,Strata,111,"8,784",-,Condominium,1,99 yrs from 16/02/1998,2002,HDB,768431,27,76,North Region,Yishun
WATERSCAPE AT CAVENAGH,"2,600,000","1,313.21","1,980",05 Apr 2022,65A CAVENAGH ROAD #03-11,Resale,Strata,122,"21,311",-,Apartment,1,Freehold,2014,Private,229620,09,22,Central Region,Newton
THE LUSH,"1,390,000",818.06,"1,699",05 Apr 2022,32A DUKU ROAD #04-07,Resale,Strata,76,"18,289",-,Apartment,1,Freehold,2014,Private,429266,15,42,Central Region,Marine Parade
EUHABITAT,"717,000",538.2,"1,332",05 Apr 2022,212 JALAN EUNOS #04-75,Resale,Strata,50,"14,340",-,Condominium,1,99 yrs from 06/12/2010,2015,HDB,419550,14,41,East Region,Bedok
THE TRILINQ,"1,536,000",914.94,"1,679",05 Apr 2022,28A JALAN LEMPENG #23-09,Resale,Strata,85,"18,071",-,Condominium,1,99 yrs from 16/04/2012,2017,HDB,128808,05,12,West Region,Clementi
THE PROMENADE@PELIKAT,"950,000",807.3,"1,177",05 Apr 2022,183 JALAN PELIKAT #03-35,Resale,Strata,75,"12,667",-,Apartment,1,Freehold,2015,HDB,537643,19,53,North East Region,Hougang
FOREST WOODS,"1,188,000",656.6,"1,809",05 Apr 2022,9 LORONG LEW LIAN #11-01,Resale,Strata,61,"19,475",-,Condominium,1,99 yrs from 05/02/2016,2020,Private,536494,19,53,North East Region,Serangoon
MARINA ONE RESIDENCES,"1,680,000",721.19,"2,329",05 Apr 2022,23 MARINA WAY #27-23,Resale,Strata,67,"25,075",-,Apartment,1,99 yrs from 01/07/2011,2017,Private,018979,01,01,Central Region,Downtown Core
THE PALETTE,"1,062,500",893.41,"1,189",05 Apr 2022,105 PASIR RIS GROVE #08-12,Resale,Strata,83,"12,801",-,Condominium,1,99 yrs from 20/10/2010,2015,Private,518197,18,51,East Region,Pasir Ris
SEA ESTA,"1,200,000","1,119.46","1,072",05 Apr 2022,22 PASIR RIS LINK #01-16,Resale,Strata,104,"11,538",-,Condominium,1,99 yrs from 09/01/2012,2015,Private,518158,18,51,East Region,Pasir Ris
FORESQUE RESIDENCES,"2,500,000","2,012.87","1,242",05 Apr 2022,105 PETIR ROAD #01-13,Resale,Strata,187,"13,369",-,Condominium,1,99 yrs from 10/01/2011,2014,HDB,678274,23,67,West Region,Bukit Panjang
YONG AN PARK,"4,200,000","1,959.05","2,144",05 Apr 2022,333 RIVER VALLEY ROAD #03-01,Resale,Strata,182,"23,077",-,Condominium,1,Freehold,1986,Private,238365,09,23,Central Region,River Valley
WATERVIEW,"910,000",785.77,"1,158",05 Apr 2022,83 TAMPINES AVENUE 1 #09-23,Resale,Strata,73,"12,466",-,Condominium,1,99 yrs from 16/06/2010,2014,HDB,528686,18,52,East Region,Tampines
AQUARINE GARDENS,"1,150,000",818.06,"1,406",05 Apr 2022,91 UPPER EAST COAST ROAD #02-02,Resale,Strata,76,"15,132",-,Apartment,1,Freehold,2004,Private,455225,15,45,East Region,Bedok
KINGSFORD WATERBAY,"1,050,000",861.12,"1,219",05 Apr 2022,70 UPPER SERANGOON VIEW #16-31,Resale,Strata,80,"13,125",-,Apartment,1,99 yrs from 03/03/2014,2018,HDB,533883,19,53,North East Region,Hougang
SEAHILL,"700,000",495.14,"1,414",05 Apr 2022,121 WEST COAST CRESCENT #04-11,Resale,Strata,46,"15,217",-,Condominium,1,99 yrs from 26/09/2011,2016,Private,126778,05,12,West Region,Clementi
THE WOODLEIGH RESIDENCES,"3,230,000","1,474.67","2,190",05 Apr 2022,33 BIDADARI PARK DRIVE #09-59,New Sale,Strata,137,"23,577",-,Apartment,1,99 yrs from 18/09/2017,Uncompleted,N.A,367801,13,36,Central Region,Toa Payoh
MEYERHOUSE,"7,806,150","3,078.5","2,536",05 Apr 2022,128 MEYER ROAD #03-01,New Sale,Strata,286,"27,294",-,Condominium,1,Freehold,2022,N.A,437938,15,43,Central Region,Marine Parade
MEYERHOUSE,"8,000,190","3,078.5","2,599",05 Apr 2022,128 MEYER ROAD #03-12,New Sale,Strata,286,"27,973",-,Condominium,1,Freehold,2022,N.A,437938,15,43,Central Region,Marine Parade
HAUS ON HANDY,"1,542,000",592.02,"2,605",05 Apr 2022,30 HANDY ROAD #05-19,New Sale,Strata,55,"28,036",-,Condominium,1,99 yrs from 07/05/2018,Uncompleted,N.A,229241,09,22,Central Region,Museum
THE FLORENCE RESIDENCES,"2,171,000","1,356.26","1,601",05 Apr 2022,93 HOUGANG AVENUE 2 #16-61,New Sale,Strata,126,"17,230",-,Apartment,1,99 yrs from 24/12/2018,Uncompleted,N.A,538865,19,53,North East Region,Hougang
NORMANTON PARK,"2,400,000","1,313.21","1,828",05 Apr 2022,45 NORMANTON PARK #15-03,New Sale,Strata,122,"19,672",-,Apartment,1,99 yrs from 22/07/2019,Uncompleted,N.A,119027,05,11,Central Region,Queenstown
NORMANTON PARK,"1,083,000",645.84,"1,677",05 Apr 2022,49 NORMANTON PARK #24-18,New Sale,Strata,60,"18,050",-,Apartment,1,99 yrs from 22/07/2019,Uncompleted,N.A,117280,05,11,Central Region,Queenstown
VERTICUS,"1,719,000",775.01,"2,218",05 Apr 2022,3 JALAN KEMAMAN #24-01,New Sale,Strata,72,"23,875",-,Apartment,1,Freehold,Uncompleted,N.A,329343,12,32,Central Region,Novena
VERTICUS,"1,408,000",635.08,"2,217",05 Apr 2022,3 JALAN KEMAMAN #21-03,New Sale,Strata,59,"23,864",-,Apartment,1,Freehold,Uncompleted,N.A,329343,12,32,Central Region,Novena
VERTICUS,"1,988,000",936.47,"2,123",05 Apr 2022,3 JALAN KEMAMAN #23-05,New Sale,Strata,87,"22,851",-,Apartment,1,Freehold,Uncompleted,N.A,329343,12,32,Central Region,Novena
HYLL ON HOLLAND,"1,795,600",699.66,"2,566",05 Apr 2022,93 HOLLAND ROAD #02-16,New Sale,Strata,65,"27,625",-,Condominium,1,Freehold,Uncompleted,N.A,278537,10,27,Central Region,Bukit Timah
AVENUE SOUTH RESIDENCE,"1,575,000",656.6,"2,399",05 Apr 2022,11 SILAT AVENUE #54-33,New Sale,Strata,61,"25,820",-,Apartment,1,99 yrs from 14/08/2018,Uncompleted,N.A,168877,03,16,Central Region,Bukit Merah
MIDWOOD,"2,165,000","1,259.39","1,719",05 Apr 2022,10 HILLVIEW RISE #27-12,New Sale,Strata,117,"18,504",-,Condominium,1,99 yrs from 01/10/2018,Uncompleted,N.A,667972,23,66,West Region,Bukit Batok
MIDWOOD,"1,755,000",990.29,"1,772",05 Apr 2022,8 HILLVIEW RISE #29-03,New Sale,Strata,92,"19,076",-,Condominium,1,99 yrs from 01/10/2018,Uncompleted,N.A,667971,23,66,West Region,Bukit Batok
MIDWOOD,"1,740,000",990.29,"1,757",05 Apr 2022,8 HILLVIEW RISE #26-03,New Sale,Strata,92,"18,913",-,Condominium,1,99 yrs from 01/10/2018,Uncompleted,N.A,667971,23,66,West Region,Bukit Batok
LEEDON GREEN,"1,976,000",775.01,"2,550",05 Apr 2022,30 LEEDON HEIGHTS #01-20,New Sale,Strata,72,"27,444",-,Condominium,1,Freehold,Uncompleted,N.A,266223,10,26,Central Region,Bukit Timah
PHOENIX RESIDENCES,"1,171,938",721.19,"1,625",05 Apr 2022,83 PHOENIX AVENUE #05-09,New Sale,Strata,67,"17,492",-,Apartment,1,99 yrs from 05/11/2019,Uncompleted,N.A,668384,23,66,West Region,Bukit Batok
THE WATERGARDENS AT CANBERRA,"1,602,000","1,108.69","1,445",05 Apr 2022,51 CANBERRA DRIVE #02-69,New Sale,Strata,103,"15,553",-,Apartment,1,99 yrs from 08/06/2020,Uncompleted,N.A,769327,27,76,North Region,Sembawang
CANNINGHILL PIERS,"2,256,000",828.83,"2,722",05 Apr 2022,1 CLARKE QUAY #09-05,New Sale,Strata,77,"29,299",-,Apartment,1,99 yrs from 17/09/2021,Uncompleted,N.A,179882,06,17,Central Region,Singapore River
MORI,"1,730,000",958,"1,806",05 Apr 2022,223 GUILLEMARD ROAD #04-16,New Sale,Strata,89,"19,438",-,Apartment,1,Freehold,Uncompleted,N.A,399738,14,39,Central Region,Geylang
REGAL COURT,"1,150,000",958,"1,200",05 Apr 2022,17 KIM KEAT ROAD #02-05,Resale,Strata,89,"12,921",-,Apartment,1,Freehold,1997,Private,328837,12,32,Central Region,Novena
BALMORAL CREST,"1,980,000","1,097.93","1,803",05 Apr 2022,1 BALMORAL CRESCENT #03-03,Resale,Strata,102,"19,412",-,Apartment,1,Freehold,2002,Private,259882,10,25,Central Region,Newton
THE QUINN,"2,188,000","1,819.12","1,203",05 Apr 2022,9 BARTLEY ROAD #05-05,Resale,Strata,169,"12,947",-,Apartment,1,Freehold,2016,Private,539763,19,53,North East Region,Serangoon
TREE HOUSE,"1,850,000","1,410.08","1,312",05 Apr 2022,62 CHESTNUT AVENUE #02-10,Resale,Strata,131,"14,122",-,Condominium,1,99 yrs from 23/11/2009,2013,HDB,679518,23,67,West Region,Bukit Panjang
COMMONWEALTH TOWERS,"1,360,000",699.66,"1,944",05 Apr 2022,232 COMMONWEALTH AVENUE #13-18,Resale,Strata,65,"20,923",-,Condominium,1,99 yrs from 07/05/2013,2017,Private,149740,03,14,Central Region,Queenstown
GRANGE RESIDENCES,"7,150,000","2,583.36","2,768",05 Apr 2022,93 GRANGE ROAD #07-06,Resale,Strata,240,"29,792",-,Condominium,1,Freehold,2004,Private,249614,10,24,Central Region,Tanglin
GLENDALE PARK,"1,950,000","1,313.21","1,485",05 Apr 2022,25 HILLVIEW AVENUE #07-06,Resale,Strata,122,"15,984",-,Condominium,1,Freehold,2000,Private,669558,23,66,West Region,Bukit Batok
WING FONG MANSIONS/WING FONG COURT,"818,000",731.95,"1,118",05 Apr 2022,12 LORONG 14 GEYLANG #03-18,Resale,Strata,68,"12,029",-,Apartment,1,Freehold,1997,Private,398924,14,39,Central Region,Geylang
N.A.,"1,810,000",731.95,"2,473",05 Apr 2022,265 OUTRAM ROAD #04-03,Resale,Strata,68,"26,618",-,Apartment,1,Freehold,2019,Private,169059,03,16,Central Region,Bukit Merah
WATERTOWN,"843,000",527.44,"1,598",05 Apr 2022,69 PUNGGOL CENTRAL #11-25,Resale,Strata,49,"17,204",-,Apartment,1,99 yrs from 18/05/2011,2017,Private,828754,19,82,North East Region,Punggol
FLO RESIDENCE,"1,133,000","1,011.82","1,120",05 Apr 2022,1 PUNGGOL FIELD WALK #17-04,Resale,Strata,94,"12,053",-,Condominium,1,99 yrs from 05/12/2011,2016,Private,828739,19,82,North East Region,Punggol
SEAHILL,"710,000",495.14,"1,434",05 Apr 2022,121 WEST COAST CRESCENT #10-11,Resale,Strata,46,"15,435",-,Condominium,1,99 yrs from 26/09/2011,2016,HDB,126778,05,12,West Region,Clementi
THE ESTUARY,"1,160,000",925.7,"1,253",05 Apr 2022,95 YISHUN AVENUE 1 #11-30,Resale,Strata,86,"13,488",-,Condominium,1,99 yrs from 25/06/2008,2013,HDB,769137,27,76,North Region,Yishun
FLORA EAST,"1,674,000","1,453.14","1,152",05 Apr 2022,235A JOO CHIAT PLACE,Resale,Strata,135,"12,400",-,Apartment,1,Freehold,1993,HDB,427929,15,42,Central Region,Geylang
MARYMOUNT VIEW,"1,290,000",893.41,"1,444",05 Apr 2022,11 PEMIMPIN DRIVE #04-04,Resale,Strata,83,"15,542",-,Condominium,1,Freehold,1992,HDB,576148,20,57,Central Region,Bishan
ECHELON,"1,515,000",731.95,"2,070",05 Apr 2022,9 ALEXANDRA VIEW #31-14,Resale,Strata,68,"22,279",-,Condominium,1,99 yrs from 06/03/2012,2016,Private,158742,03,15,Central Region,Bukit Merah
8@WOODLEIGH,"1,280,000",861.12,"1,486",05 Apr 2022,6 WOODLEIGH CLOSE #06-11,Resale,Strata,80,"16,000",-,Condominium,1,99 yrs from 22/09/2008,2012,Private,357902,13,35,Central Region,Toa Payoh
8 EDEN GROVE,"1,318,000","1,119.46","1,177",05 Apr 2022,8 EDEN GROVE #03-10,Resale,Strata,104,"12,673",-,Apartment,1,Freehold,1999,HDB,539060,19,53,North East Region,Serangoon
BARTLEY RESIDENCES,"1,968,000","1,377.79","1,428",05 Apr 2022,1 LORONG HOW SUN #08-03,Resale,Strata,128,"15,375",-,Apartment,1,99 yrs from 29/06/2011,2015,Private,536558,19,53,North East Region,Serangoon
THE GREENWICH,"698,000",602.78,"1,158",05 Apr 2022,9 SELETAR ROAD #04-30,Resale,Strata,56,"12,464",-,Condominium,1,99 yrs from 21/12/2009,2014,HDB,807015,28,80,North East Region,Serangoon
THE WOODLEIGH RESIDENCES,"2,442,000","1,119.46","2,181",06 Apr 2022,21 BIDADARI PARK DRIVE #11-27,New Sale,Strata,104,"23,481",-,Apartment,1,99 yrs from 18/09/2017,Uncompleted,N.A,367795,13,36,Central Region,Toa Payoh
THE WOODLEIGH RESIDENCES,"2,349,000","1,076.4","2,182",06 Apr 2022,29 BIDADARI PARK DRIVE #04-52,New Sale,Strata,100,"23,490",-,Apartment,1,99 yrs from 18/09/2017,Uncompleted,N.A,367799,13,36,Central Region,Toa Payoh
THE WOODLEIGH RESIDENCES,"3,194,000","1,474.67","2,166",06 Apr 2022,33 BIDADARI PARK DRIVE #11-59,New Sale,Strata,137,"23,314",-,Apartment,1,99 yrs from 18/09/2017,Uncompleted,N.A,367801,13,36,Central Region,Toa Payoh
AMBER PARK,"5,231,000","2,142.04","2,442",06 Apr 2022,18A AMBER GARDENS #12-22,New Sale,Strata,199,"26,286",-,Condominium,1,Freehold,Uncompleted,N.A,439981,15,43,Central Region,Marine Parade
FOURTH AVENUE RESIDENCES,"1,833,000",688.9,"2,661",06 Apr 2022,8 FOURTH AVENUE #10-28,New Sale,Strata,64,"28,641",-,Apartment,1,99 yrs from 07/03/2018,Uncompleted,N.A,268674,10,26,Central Region,Bukit Timah
MEYERHOUSE,"7,647,000","2,970.86","2,574",06 Apr 2022,128 MEYER ROAD #04-02,New Sale,Strata,276,"27,707",-,Condominium,1,Freehold,2022,N.A,437938,15,43,Central Region,Marine Parade
THE HYDE,"2,560,000",818.06,"3,129",06 Apr 2022,11 BALMORAL ROAD #09-10,New Sale,Strata,76,"33,684",-,Condominium,1,Freehold,Uncompleted,N.A,259796,10,25,Central Region,Tanglin
THE FLORENCE RESIDENCES,"2,280,000","1,280.92","1,780",06 Apr 2022,89 HOUGANG AVENUE 2 #16-41,New Sale,Strata,119,"19,160",-,Apartment,1,99 yrs from 24/12/2018,Uncompleted,N.A,538863,19,53,North East Region,Hougang
PEAK RESIDENCE,"1,874,600",807.3,"2,322",06 Apr 2022,333 THOMSON ROAD #02-04,New Sale,Strata,75,"24,995",-,Condominium,1,Freehold,Uncompleted,N.A,307675,11,30,Central Region,Novena
NORMANTON PARK,"2,444,000","1,313.21","1,861",06 Apr 2022,45 NORMANTON PARK #19-03,New Sale,Strata,122,"20,033",-,Apartment,1,99 yrs from 22/07/2019,Uncompleted,N.A,119027,05,11,Central Region,Queenstown
NORMANTON PARK,"2,458,000","1,313.21","1,872",06 Apr 2022,45 NORMANTON PARK #22-03,New Sale,Strata,122,"20,148",-,Apartment,1,99 yrs from 22/07/2019,Uncompleted,N.A,119027,05,11,Central Region,Queenstown
NORMANTON PARK,"2,470,000","1,334.74","1,851",06 Apr 2022,53 NORMANTON PARK #05-42,New Sale,Strata,124,"19,919",-,Apartment,1,99 yrs from 22/07/2019,Uncompleted,N.A,117282,05,11,Central Region,Queenstown
SENGKANG GRAND RESIDENCES,"1,692,350",936.47,"1,807",06 Apr 2022,76 COMPASSVALE BOW #04-22,New Sale,Strata,87,"19,452",-,Apartment,1,99 yrs from 13/11/2018,Uncompleted,N.A,544568,19,54,North East Region,Sengkang
RIVIERE,"2,441,000",818.06,"2,984",06 Apr 2022,1 JIAK KIM STREET #26-02,New Sale,Strata,76,"32,118",-,Apartment,1,99 yrs from 07/03/2018,Uncompleted,N.A,169423,03,16,Central Region,Singapore River
RIVIERE,"2,450,050",818.06,"2,995",06 Apr 2022,1 JIAK KIM STREET #27-02,New Sale,Strata,76,"32,238",-,Apartment,1,99 yrs from 07/03/2018,Uncompleted,N.A,169423,03,16,Central Region,Singapore River
RIVIERE,"5,651,000","2,002.1","2,823",06 Apr 2022,3 JIAK KIM STREET #14-08,New Sale,Strata,186,"30,382",-,Apartment,1,99 yrs from 07/03/2018,Uncompleted,N.A,169424,03,16,Central Region,Singapore River
RIVIERE,"2,380,000",839.59,"2,835",06 Apr 2022,3 JIAK KIM STREET #21-11,New Sale,Strata,78,"30,513",-,Apartment,1,99 yrs from 07/03/2018,Uncompleted,N.A,169424,03,16,Central Region,Singapore River
MEYER MANSION,"4,542,900","1,722.24","2,638",06 Apr 2022,79 MEYER ROAD #10-08,New Sale,Strata,160,"28,393",-,Apartment,1,Freehold,Uncompleted,N.A,437906,15,43,Central Region,Marine Parade
MIDWOOD,"2,171,000","1,259.39","1,724",06 Apr 2022,10 HILLVIEW RISE #28-12,New Sale,Strata,117,"18,556",-,Condominium,1,99 yrs from 01/10/2018,Uncompleted,N.A,667972,23,66,West Region,Bukit Batok
MIDWOOD,"1,746,000",990.29,"1,763",06 Apr 2022,8 HILLVIEW RISE #27-03,New Sale,Strata,92,"18,978",-,Condominium,1,99 yrs from 01/10/2018,Uncompleted,N.A,667971,23,66,West Region,Bukit Batok
MIDWOOD,"1,731,000",990.29,"1,748",06 Apr 2022,8 HILLVIEW RISE #24-03,New Sale,Strata,92,"18,815",-,Condominium,1,99 yrs from 01/10/2018,Uncompleted,N.A,667971,23,66,West Region,Bukit Batok
MYRA,"1,565,000",731.95,"2,138",06 Apr 2022,9 MEYAPPA CHETTIAR ROAD #10-02,New Sale,Strata,68,"23,015",-,Apartment,1,Freehold,Uncompleted,N.A,358456,13,35,Central Region,Toa Payoh
THE LANDMARK,"1,688,888",764.24,"2,210",06 Apr 2022,173 CHIN SWEE ROAD #11-01,New Sale,Strata,71,"23,787",-,Condominium,1,99 yrs from 28/08/2020,Uncompleted,N.A,169878,03,16,Central Region,Outram
THE AVENIR,"6,337,000","2,055.92","3,082",06 Apr 2022,10 RIVER VALLEY CLOSE #08-09,New Sale,Strata,191,"33,178",-,Condominium,1,Freehold,Uncompleted,N.A,238438,09,23,Central Region,River Valley
CLAVON,"2,593,000","1,582.31","1,639",06 Apr 2022,6 CLEMENTI AVENUE 1 #14-05,New Sale,Strata,147,"17,639",-,Apartment,1,99 yrs from 07/10/2019,Uncompleted,N.A,129963,05,12,West Region,Clementi
38 I SUITES,"1,120,000",667.37,"1,678",06 Apr 2022,38 IPOH LANE #15-07,Resale,Strata,62,"18,065",-,Apartment,1,Freehold,2014,HDB,438646,15,43,Central Region,Geylang
THE TRILINQ,"1,093,000",710.42,"1,539",06 Apr 2022,28A JALAN LEMPENG #05-13,Resale,Strata,66,"16,561",-,Condominium,1,99 yrs from 16/04/2012,2017,HDB,128808,05,12,West Region,Clementi
THE MINT RESIDENCES,"1,535,000","1,130.22","1,358",06 Apr 2022,180 JOO CHIAT TERRACE #03-05,Resale,Strata,105,"14,619",-,Apartment,1,Freehold,2009,Private,427326,15,42,Central Region,Geylang
PARC OASIS,"1,420,000","1,388.56","1,023",06 Apr 2022,35 JURONG EAST AVENUE 1 #16-02,Resale,Strata,129,"11,008",-,Condominium,1,99 yrs from 01/12/1991,1994,Private,609774,22,60,West Region,Jurong East
KAP RESIDENCES,"1,738,000",947.23,"1,835",06 Apr 2022,11 KING ALBERT PARK #07-08,Resale,Strata,88,"19,750",-,Apartment,1,Freehold,2016,HDB,598292,21,59,Central Region,Bukit Timah
THE LADYHILL,"7,300,000","3,283.02","2,224",06 Apr 2022,1 LADY HILL ROAD #01-04,Resale,Strata,305,"23,934",-,Condominium,1,Freehold,2002,Private,258670,10,25,Central Region,Tanglin
PINEWOOD GARDENS,"4,368,000","2,088.22","2,092",06 Apr 2022,23 BALMORAL PARK #02-04,Resale,Strata,194,"22,515",-,Condominium,1,Freehold,1990,Private,259852,10,25,Central Region,Tanglin
BAYSHORE PARK,"2,480,000","2,195.86","1,129",06 Apr 2022,62 BAYSHORE ROAD #26-03,Resale,Strata,204,"12,157",-,Condominium,1,99 yrs from 17/03/1982,1986,HDB,469983,16,46,East Region,Bedok
COSTA DEL SOL,"2,108,800","1,345.5","1,567",06 Apr 2022,68 BAYSHORE ROAD #24-01,Resale,Strata,125,"16,870",-,Condominium,1,99 yrs from 05/05/1997,2003,Private,469986,16,46,East Region,Bedok
STURDEE RESIDENCES,"1,500,000",828.83,"1,810",06 Apr 2022,10 BEATTY ROAD #15-02,Resale,Strata,77,"19,481",-,Condominium,1,99 yrs from 29/06/2015,2019,Private,209955,08,20,Central Region,Kallang
THE CLEARWATER,"2,150,000","1,915.99","1,122",06 Apr 2022,4 BEDOK RESERVOIR VIEW #03-12,Resale,Strata,178,"12,079",-,Condominium,1,99 yrs from 18/07/1997,2001,HDB,479233,16,47,East Region,Bedok
THE JADE,"1,628,000","1,474.67","1,104",06 Apr 2022,9 BUKIT BATOK CENTRAL LINK #10-02,Resale,Strata,137,"11,883",-,Condominium,1,99 yrs from 02/10/2001,2004,Private,658074,23,65,West Region,Bukit Batok
CASHEW HEIGHTS CONDOMINIUM,"1,738,000","1,227.1","1,416",06 Apr 2022,91 CASHEW ROAD #04-04,Resale,Strata,114,"15,246",-,Condominium,1,999 yrs from 25/09/1882,1990,Private,679662,23,67,West Region,Bukit Panjang
CAVENAGH COURT,"3,280,000","1,862.17","1,761",06 Apr 2022,151 CAVENAGH ROAD #04-157,Resale,Strata,173,"18,960",-,Apartment,1,Freehold,-,Private,229628,09,22,Central Region,Newton
FLORIDIAN,"2,010,000",958,"2,098",06 Apr 2022,973 BUKIT TIMAH ROAD #09-25,Resale,Strata,89,"22,584",-,Condominium,1,Freehold,2012,Private,589648,21,58,Central Region,Bukit Timah
TREE HOUSE,"860,000",807.3,"1,065",06 Apr 2022,60 CHESTNUT AVENUE #02-05,Resale,Strata,75,"11,467",-,Condominium,1,99 yrs from 23/11/2009,2013,HDB,679517,23,67,West Region,Bukit Panjang
THE WARREN,"1,058,000","1,205.57",878,06 Apr 2022,57 CHOA CHU KANG LOOP #05-45,Resale,Strata,112,"9,446",-,Condominium,1,99 yrs from 21/06/2001,2004,HDB,689685,23,68,West Region,Choa Chu Kang
THE SKYWOODS,"1,090,000",710.42,"1,534",06 Apr 2022,7 DAIRY FARM HEIGHTS #11-17,Resale,Strata,66,"16,515",-,Condominium,1,99 yrs from 21/12/2012,2016,HDB,677669,23,67,West Region,Bukit Panjang
DOVER PARKVIEW,"1,708,000","1,248.62","1,368",06 Apr 2022,30 DOVER RISE #14-08,Resale,Strata,116,"14,724",-,Condominium,1,99 yrs from 01/12/1993,1997,Private,138687,05,13,Central Region,Queenstown
HIGH PARK RESIDENCES,"870,000",678.13,"1,283",06 Apr 2022,29 FERNVALE ROAD #04-37,Resale,Strata,63,"13,810",-,Apartment,1,99 yrs from 05/11/2014,2019,HDB,797416,28,79,North East Region,Sengkang
DUNMAN VIEW,"1,595,000","1,216.33","1,311",06 Apr 2022,102 HAIG ROAD #12-09,Resale,Strata,113,"14,115",-,Condominium,1,99 yrs from 24/10/1997,2004,Private,438798,15,43,Central Region,Geylang
KINGSFORD . HILLVIEW PEAK,"730,000",527.44,"1,384",06 Apr 2022,101 HILLVIEW RISE #11-04,Resale,Strata,49,"14,898",-,Condominium,1,99 yrs from 04/06/2012,2017,Private,667981,23,66,West Region,Bukit Batok
THE AMARELLE,"1,340,000",914.94,"1,465",06 Apr 2022,51 LIM AH WOO ROAD #04-09,Resale,Strata,85,"15,765",-,Apartment,1,Freehold,2009,Private,438129,15,43,Central Region,Geylang
JUPITER 18,"650,810",419.8,"1,550",06 Apr 2022,18 LORONG 102 CHANGI #03-05,Resale,Strata,39,"16,687",-,Apartment,1,Freehold,2014,Private,426608,15,42,Central Region,Geylang
TREVISTA,"1,810,000","1,140.98","1,586",06 Apr 2022,21 LORONG 3 TOA PAYOH #14-05,Resale,Strata,106,"17,075",-,Condominium,1,99 yrs from 15/07/2008,2011,Private,319581,12,31,Central Region,Toa Payoh
ASTORIA PARK,"1,090,000",958,"1,138",06 Apr 2022,32 LORONG MYDIN #02-01,Resale,Strata,89,"12,247",-,Condominium,1,99 yrs from 01/05/1993,1995,Private,416826,14,41,East Region,Bedok
MARINA ONE RESIDENCES,"3,013,000","1,162.51","2,592",06 Apr 2022,23 MARINA WAY #27-27,Resale,Strata,108,"27,898",-,Apartment,1,99 yrs from 01/07/2011,2017,Private,018979,01,01,Central Region,Downtown Core
SILVERSEA,"1,780,000",979.52,"1,817",06 Apr 2022,46 MARINE PARADE ROAD #08-04,Resale,Strata,91,"19,560",-,Condominium,1,99 yrs from 20/07/2007,2014,HDB,449305,15,44,Central Region,Marine Parade
91 MARSHALL,"640,000",376.74,"1,699",06 Apr 2022,91 MARSHALL ROAD #02-06,Resale,Strata,35,"18,286",-,Apartment,1,Freehold,2014,Private,424887,15,42,Central Region,Marine Parade
THE OCEANFRONT @ SENTOSA COVE,"6,730,000","3,024.68","2,225",06 Apr 2022,291 OCEAN DRIVE #12-13,Resale,Strata,281,"23,950",-,Condominium,1,99 yrs from 10/08/2005,2010,Private,098532,04,09,Central Region,Southern Islands
FORESQUE RESIDENCES,"950,000",710.42,"1,337",06 Apr 2022,101 PETIR ROAD #10-05,Resale,Strata,66,"14,394",-,Condominium,1,99 yrs from 10/01/2011,2014,Private,678272,23,67,West Region,Bukit Panjang
NIN RESIDENCE,"1,890,000","1,237.86","1,527",06 Apr 2022,85 PHENG GECK AVENUE #14-18,Resale,Strata,115,"16,435",-,Apartment,1,99 yrs from 13/09/2010,2014,Private,348271,13,34,Central Region,Toa Payoh
CHANGI RISE CONDOMINIUM,"880,000","1,022.58",861,06 Apr 2022,18 SIMEI RISE #03-46,Resale,Strata,95,"9,263",-,Condominium,1,99 yrs from 29/11/2000,2004,Private,528808,18,52,East Region,Tampines
SOLEIL @ SINARAN,"1,800,000",958,"1,879",06 Apr 2022,2 SINARAN DRIVE #26-01,Resale,Strata,89,"20,225",-,Condominium,1,99 yrs from 23/10/2006,2011,Private,307467,11,30,Central Region,Novena
NOVELIS,"880,000",527.44,"1,668",06 Apr 2022,75 SINARAN DRIVE #02-01,Resale,Strata,49,"17,959",-,Apartment,1,Freehold,2008,HDB,308322,11,30,Central Region,Novena
THE TAPESTRY,"780,000",473.62,"1,647",06 Apr 2022,51 TAMPINES STREET 86 #08-13,Resale,Strata,44,"17,727",-,Condominium,1,99 yrs from 31/07/2017,2021,HDB,528539,18,52,East Region,Tampines
WATER PLACE,"1,820,000","1,216.33","1,496",06 Apr 2022,173 TANJONG RHU ROAD #10-07,Resale,Strata,113,"16,106",-,Condominium,1,99 yrs from 02/03/1998,2004,Private,436932,15,43,Central Region,Kallang
SANCTUARY GREEN,"2,000,000","1,119.46","1,787",06 Apr 2022,187 TANJONG RHU ROAD #11-14,Resale,Strata,104,"19,231",-,Condominium,1,99 yrs from 17/03/1997,2003,Private,436925,15,43,Central Region,Kallang
HUNDRED TREES,"1,920,000","1,313.21","1,462",06 Apr 2022,81 WEST COAST DRIVE #11-04,Resale,Strata,122,"15,738",-,Condominium,1,956 yrs from 27/05/1928,2013,Private,127997,05,12,West Region,Clementi
THE ALPS RESIDENCES,"1,180,000",936.47,"1,260",06 Apr 2022,115 TAMPINES STREET 86 #01-45,Sub Sale,Strata,87,"13,563",-,Condominium,1,99 yrs from 03/08/2015,2019,HDB,528537,18,52,East Region,Tampines
RESIDENCE TWENTY-TWO,"2,278,880","1,216.33","1,874",06 Apr 2022,246 TELOK KURAU ROAD #02-02,New Sale,Strata,113,"20,167",-,Apartment,1,Freehold,Uncompleted,N.A,423844,15,42,East Region,Bedok
THE WOODLEIGH RESIDENCES,"2,452,000","1,119.46","2,190",07 Apr 2022,21 BIDADARI PARK DRIVE #12-27,New Sale,Strata,104,"23,577",-,Apartment,1,99 yrs from 18/09/2017,Uncompleted,N.A,367795,13,36,Central Region,Toa Payoh
JUNIPER HILL,"3,160,000","1,108.69","2,850",07 Apr 2022,39 EWE BOON ROAD #03-06,New Sale,Strata,103,"30,680",-,Apartment,1,Freehold,2022,N.A,259334,10,25,Central Region,Tanglin
THE FLORENCE RESIDENCES,"1,199,000",635.08,"1,888",07 Apr 2022,81 HOUGANG AVENUE 2 #14-09,New Sale,Strata,59,"20,322",-,Apartment,1,99 yrs from 24/12/2018,Uncompleted,N.A,538859,19,53,North East Region,Hougang
THE FLORENCE RESIDENCES,"1,839,000","1,022.58","1,798",07 Apr 2022,93 HOUGANG AVENUE 2 #17-55,New Sale,Strata,95,"19,358",-,Apartment,1,99 yrs from 24/12/2018,Uncompleted,N.A,538865,19,53,North East Region,Hougang
THE FLORENCE RESIDENCES,"2,802,000","1,668.42","1,679",07 Apr 2022,97 HOUGANG AVENUE 2 #13-75,New Sale,Strata,155,"18,077",-,Apartment,1,99 yrs from 24/12/2018,Uncompleted,N.A,533753,19,53,North East Region,Hougang
ROYALGREEN,"2,038,000",721.19,"2,826",07 Apr 2022,2D ANAMALAI AVENUE #01-31,New Sale,Strata,67,"30,418",-,Condominium,1,Freehold,2021,N.A,279992,10,27,Central Region,Bukit Timah
ROYALGREEN,"2,105,000",721.19,"2,919",07 Apr 2022,6 ANAMALAI AVENUE #05-42,New Sale,Strata,67,"31,418",-,Condominium,1,Freehold,2021,N.A,279994,10,27,Central Region,Bukit Timah
ROYALGREEN,"2,112,000",721.19,"2,929",07 Apr 2022,6A ANAMALAI AVENUE #05-47,New Sale,Strata,67,"31,522",-,Condominium,1,Freehold,2021,N.A,279995,10,27,Central Region,Bukit Timah
ONE PEARL BANK,"2,140,000",839.59,"2,549",07 Apr 2022,1 PEARL BANK #26-11,New Sale,Strata,78,"27,436",-,Apartment,1,99 yrs from 01/03/2019,Uncompleted,N.A,169016,03,16,Central Region,Outram
NORMANTON PARK,"1,114,000",656.6,"1,697",07 Apr 2022,49 NORMANTON PARK #24-26,New Sale,Strata,61,"18,262",-,Apartment,1,99 yrs from 22/07/2019,Uncompleted,N.A,117280,05,11,Central Region,Queenstown
NORMANTON PARK,"1,987,000","1,065.64","1,865",07 Apr 2022,57 NORMANTON PARK #06-55,New Sale,Strata,99,"20,071",-,Apartment,1,99 yrs from 22/07/2019,Uncompleted,N.A,117284,05,11,Central Region,Queenstown
VERTICUS,"1,980,000",936.47,"2,114",07 Apr 2022,3 JALAN KEMAMAN #22-05,New Sale,Strata,87,"22,759",-,Apartment,1,Freehold,Uncompleted,N.A,329343,12,32,Central Region,Novena
RIVIERE,"2,890,000","1,140.98","2,533",07 Apr 2022,1 JIAK KIM STREET #05-01,New Sale,Strata,106,"27,264",-,Apartment,1,99 yrs from 07/03/2018,Uncompleted,N.A,169423,03,16,Central Region,Singapore River
RIVIERE,"2,245,000",818.06,"2,744",07 Apr 2022,3 JIAK KIM STREET #17-12,New Sale,Strata,76,"29,539",-,Apartment,1,99 yrs from 07/03/2018,Uncompleted,N.A,169424,03,16,Central Region,Singapore River
VERDALE,"2,667,700","1,410.08","1,892",07 Apr 2022,2 DE SOUZA AVENUE #04-03,New Sale,Strata,131,"20,364",-,Apartment,1,99 yrs from 05/12/2018,Uncompleted,N.A,599458,21,59,Central Region,Bukit Timah
AVENUE SOUTH RESIDENCE,"1,564,000",656.6,"2,382",07 Apr 2022,11 SILAT AVENUE #52-33,New Sale,Strata,61,"25,639",-,Apartment,1,99 yrs from 14/08/2018,Uncompleted,N.A,168877,03,16,Central Region,Bukit Merah
MEYER MANSION,"2,818,000","1,108.69","2,542",07 Apr 2022,79 MEYER ROAD #08-06,New Sale,Strata,103,"27,359",-,Apartment,1,Freehold,Uncompleted,N.A,437906,15,43,Central Region,Marine Parade
THE AVENIR,"6,634,000","2,055.92","3,227",07 Apr 2022,10 RIVER VALLEY CLOSE #19-09,New Sale,Strata,191,"34,733",-,Condominium,1,Freehold,Uncompleted,N.A,238438,09,23,Central Region,River Valley
IRWELL HILL RESIDENCES,"1,731,000",613.55,"2,821",07 Apr 2022,2 IRWELL HILL #28-03,New Sale,Strata,57,"30,368",-,Apartment,1,99 yrs from 13/04/2020,Uncompleted,N.A,239588,09,23,Central Region,River Valley
IRWELL HILL RESIDENCES,"1,715,000",613.55,"2,795",07 Apr 2022,6 IRWELL HILL #26-14,New Sale,Strata,57,"30,088",-,Apartment,1,99 yrs from 13/04/2020,Uncompleted,N.A,239590,09,23,Central Region,River Valley
HILLVIEW GREEN,"1,200,000",979.52,"1,225",07 Apr 2022,69 HUME AVENUE #02-05,Resale,Strata,91,"13,187",-,Condominium,1,999 yrs from 19/05/1883,1998,HDB,598745,21,59,West Region,Bukit Batok
NEEM TREE,"750,000",419.8,"1,787",07 Apr 2022,30 JALAN KEMAMAN #05-05,Resale,Strata,39,"19,231",-,Apartment,1,Freehold,2018,HDB,329341,12,32,Central Region,Novena
THE NAUTICAL,"1,070,000",968.76,"1,105",07 Apr 2022,97 JALAN SENDUDOK #03-72,Resale,Strata,90,"11,889",-,Condominium,1,99 yrs from 29/08/2011,2015,HDB,769474,27,76,North Region,Sembawang
THE LAKESHORE,"1,217,000","1,108.69","1,098",07 Apr 2022,31 JURONG WEST STREET 41 #04-30,Resale,Strata,103,"11,816",-,Condominium,1,99 yrs from 22/11/2002,2007,HDB,649412,22,64,West Region,Jurong West
DENG FU VILLE,"2,200,000","1,603.84","1,372",07 Apr 2022,30 KAMPONG EUNOS #05-08,Resale,Strata,149,"14,765",-,Apartment,1,Freehold,2007,Private,417777,14,41,East Region,Bedok
ORCHARD SCOTTS,"1,700,000","1,011.82","1,680",07 Apr 2022,7 ANTHONY ROAD #01-31,Resale,Strata,94,"18,085",-,Condominium,1,99 yrs from 08/11/2001,2007,Private,229955,09,22,Central Region,Newton
ARCHIPELAGO,"1,680,000","1,184.04","1,419",07 Apr 2022,515 BEDOK RESERVOIR ROAD #04-59,Resale,Strata,110,"15,273",-,Condominium,1,99 yrs from 01/06/2011,2015,Private,479274,16,47,East Region,Bedok
WATERFRONT ISLE,"1,158,000",979.52,"1,182",07 Apr 2022,736 BEDOK RESERVOIR ROAD #01-23,Resale,Strata,91,"12,725",-,Condominium,1,99 yrs from 26/11/2009,2015,Private,479264,16,47,East Region,Bedok
THOMSON THREE,"1,270,000",731.95,"1,735",07 Apr 2022,45 BRIGHT HILL DRIVE #15-20,Resale,Strata,68,"18,676",-,Apartment,1,99 yrs from 07/11/2012,2016,Private,573895,20,57,Central Region,Bishan
THE RAINTREE,"1,500,000","1,270.15","1,181",07 Apr 2022,91 BUKIT DRIVE #02-24,Resale,Strata,118,"12,712",-,Condominium,1,99 yrs from 01/03/2003,2008,HDB,587845,21,58,West Region,Bukit Panjang
FLORIDIAN,"5,000,000","2,852.46","1,753",07 Apr 2022,977 BUKIT TIMAH ROAD #10-35,Resale,Strata,265,"18,868",-,Condominium,1,Freehold,2012,Private,589626,21,58,Central Region,Bukit Timah
THE CLEMENT CANOPY,"1,280,000",731.95,"1,749",07 Apr 2022,18 CLEMENTI AVENUE 1 #11-13,Resale,Strata,68,"18,824",-,Apartment,1,99 yrs from 09/03/2016,2019,HDB,129961,05,12,West Region,Clementi
PARC VISTA,"1,200,000","1,259.39",953,07 Apr 2022,452 CORPORATION ROAD #12-07,Resale,Strata,117,"10,256",-,Condominium,1,99 yrs from 01/03/1995,1998,Private,649811,22,64,West Region,Jurong West
MARINA COLLECTION,"4,322,500","2,518.78","1,716",07 Apr 2022,13 COVE DRIVE #01-01,Resale,Strata,234,"18,472",-,Condominium,1,99 yrs from 03/01/2007,2011,Private,098327,04,09,Central Region,Southern Islands
H2O RESIDENCES,"653,000",527.44,"1,238",07 Apr 2022,34 FERNVALE LINK #07-13,Resale,Strata,49,"13,327",-,Condominium,1,99 yrs from 10/05/2010,2015,HDB,797532,28,79,North East Region,Sengkang
PARC OLYMPIA,"1,030,000",990.29,"1,040",07 Apr 2022,66 FLORA DRIVE #05-59,Resale,Strata,92,"11,196",-,Condominium,1,99 yrs from 25/01/2012,2015,HDB,506861,17,50,East Region,Pasir Ris
J GATEWAY,"900,000",624.31,"1,442",07 Apr 2022,6 GATEWAY DRIVE #01-23,Resale,Strata,58,"15,517",-,Condominium,1,99 yrs from 28/08/2012,2016,Private,608535,22,60,West Region,Jurong East
CENTRAL GROVE,"1,300,000","1,173.28","1,108",07 Apr 2022,1 GEYLANG EAST AVENUE 1 #02-05,Resale,Strata,109,"11,927",-,Condominium,1,99 yrs from 18/07/1997,2001,Private,389778,14,38,Central Region,Geylang
GUILLEMARD SUITES,"1,135,000",850.36,"1,335",07 Apr 2022,213 GUILLEMARD ROAD #05-35,Resale,Strata,79,"14,367",-,Apartment,1,Freehold,2017,Private,399733,14,39,Central Region,Geylang
WING FONG MANSIONS/WING FONG COURT,"1,020,000","1,130.22",902,07 Apr 2022,12 LORONG 14 GEYLANG #07-12,Resale,Strata,105,"9,714",-,Apartment,1,Freehold,1997,Private,398924,14,39,Central Region,Geylang
COTE D'AZUR,"1,670,000","1,140.98","1,464",07 Apr 2022,68 MARINE PARADE ROAD #10-18,Resale,Strata,106,"15,755",-,Condominium,1,99 yrs from 25/07/2001,2004,Private,449301,15,44,Central Region,Marine Parade
THE CLIFT,"1,000,000",527.44,"1,896",07 Apr 2022,21 MCCALLUM STREET #27-03,Resale,Strata,49,"20,408",-,Apartment,1,99 yrs from 28/04/2004,2011,Private,069047,01,06,Central Region,Downtown Core
THE HUNTINGTON,"2,080,000","1,151.75","1,806",07 Apr 2022,190 MOULMEIN ROAD #03-03,Resale,Strata,107,"19,439",-,Apartment,1,Freehold,2000,Private,308095,11,30,Central Region,Novena
THE COAST AT SENTOSA COVE,"3,350,000","2,055.92","1,629",07 Apr 2022,278 OCEAN DRIVE #03-22,Resale,Strata,191,"17,539",-,Condominium,1,99 yrs from 11/04/2006,2009,Private,098450,04,09,Central Region,Southern Islands
VALLEY PARK,"1,582,888",818.06,"1,935",07 Apr 2022,483 RIVER VALLEY ROAD #07-03,Resale,Strata,76,"20,827",-,Condominium,1,999 yrs from 21/06/1877,1997,Private,248368,10,24,Central Region,Tanglin
PARC ROSEWOOD,"588,000",430.56,"1,366",07 Apr 2022,93 ROSEWOOD DRIVE #03-112,Resale,Strata,40,"14,700",-,Condominium,1,99 yrs from 07/09/2011,2014,Private,737794,25,73,North Region,Woodlands
CHILTERN PARK,"1,820,000","1,517.72","1,199",07 Apr 2022,131 SERANGOON AVENUE 3 #04-12,Resale,Strata,141,"12,908",-,Condominium,1,99 yrs from 01/03/1991,1995,Private,556112,19,55,North East Region,Serangoon
FLAMINGO VALLEY,"1,380,000",818.06,"1,687",07 Apr 2022,460 SIGLAP ROAD #03-01,Resale,Strata,76,"18,158",-,Condominium,1,Freehold,2014,HDB,455939,15,45,East Region,Bedok
MANDARIN GARDENS,"1,690,000","1,528.49","1,106",07 Apr 2022,7 SIGLAP ROAD #04-68,Resale,Strata,142,"11,901",-,Condominium,1,99 yrs from 08/03/1982,1986,HDB,448909,15,44,East Region,Bedok
EASTPOINT GREEN,"1,070,000","1,302.44",822,07 Apr 2022,1 SIMEI STREET 3 #01-01,Resale,Strata,121,"8,843",-,Condominium,1,99 yrs from 24/04/1996,1999,Private,529890,18,52,East Region,Tampines
TROPICAL SPRING,"1,250,000","1,334.74",937,07 Apr 2022,31 SIMEI STREET 4 #03-18,Resale,Strata,124,"10,081",-,Condominium,1,99 yrs from 06/12/1997,2002,Private,529877,18,52,East Region,Tampines
CENTRA HEIGHTS,"718,000",430.56,"1,668",07 Apr 2022,455 SIMS AVENUE #07-02,Resale,Strata,40,"17,950",-,Apartment,1,Freehold,2014,HDB,387607,14,38,Central Region,Geylang
SIMS URBAN OASIS,"798,000",462.85,"1,724",07 Apr 2022,12 SIMS DRIVE #11-46,Resale,Strata,43,"18,558",-,Condominium,1,99 yrs from 29/07/2014,2017,HDB,387391,14,38,Central Region,Geylang
ONE ST MICHAEL'S,"1,740,000","1,184.04","1,470",07 Apr 2022,1 ST. MICHAEL'S ROAD #18-02,Resale,Strata,110,"15,818",-,Condominium,1,Freehold,2009,Private,328006,12,32,Central Region,Kallang
BOTANIC GARDENS VIEW,"3,750,000","1,754.53","2,137",07 Apr 2022,9 TAMAN SERASI #09-15,Resale,Strata,163,"23,006",-,Apartment,1,Freehold,-,Private,257720,10,25,Central Region,Tanglin
URBAN VISTA,"1,150,000",850.36,"1,352",07 Apr 2022,2 TANAH MERAH KECHIL LINK #06-02,Resale,Strata,79,"14,557",-,Condominium,1,99 yrs from 05/11/2012,2016,HDB,465417,16,46,East Region,Bedok
THE POIZ RESIDENCES,"770,000",419.8,"1,834",07 Apr 2022,12 MEYAPPA CHETTIAR ROAD #07-47,Resale,Strata,39,"19,744",-,Apartment,1,99 yrs from 17/11/2014,2018,HDB,358474,13,35,Central Region,Toa Payoh
PARC CENTROS,"980,000",764.24,"1,282",07 Apr 2022,92 PUNGGOL CENTRAL #12-31,Resale,Strata,71,"13,803",-,Condominium,1,99 yrs from 19/03/2012,2016,HDB,828723,19,82,North East Region,Punggol
PRESTIGE HEIGHTS,"580,000",333.68,"1,738",07 Apr 2022,348 BALESTIER ROAD #12-06,Resale,Strata,31,"18,710",-,Apartment,1,Freehold,2011,HDB,329778,12,32,Central Region,Novena
OPTIMA @ TANAH MERAH,"1,100,000",839.59,"1,310",07 Apr 2022,82 TANAH MERAH KECHIL AVENUE #13-11,Resale,Strata,78,"14,103",-,Condominium,1,99 yrs from 09/12/2008,2012,HDB,465515,16,46,East Region,Bedok
CARISSA PARK CONDOMINIUM,"2,080,000","2,109.74",986,07 Apr 2022,2 FLORA DRIVE #08-43,Resale,Strata,196,"10,612",-,Condominium,1,Freehold,2001,Private,507025,17,50,East Region,Pasir Ris
PALM GARDENS,"1,130,000","1,205.57",937,07 Apr 2022,2E HONG SAN WALK #14-05,Resale,Strata,112,"10,089",-,Condominium,1,99 yrs from 12/08/1996,2000,HDB,689051,23,68,West Region,Choa Chu Kang
HIGH PARK RESIDENCES,"840,000",592.02,"1,419",07 Apr 2022,23 FERNVALE ROAD #16-09,Resale,Strata,55,"15,273",-,Apartment,1,99 yrs from 05/11/2014,2019,Private,797638,28,79,North East Region,Sengkang
SIMS URBAN OASIS,"1,200,000",710.42,"1,689",07 Apr 2022,12 SIMS DRIVE #14-53,Resale,Strata,66,"18,182",-,Condominium,1,99 yrs from 29/07/2014,2017,HDB,387391,14,38,Central Region,Geylang
WHISTLER GRAND,"770,000",441.32,"1,745",07 Apr 2022,109 WEST COAST VALE #16-16,Sub Sale,Strata,41,"18,780",-,Apartment,1,99 yrs from 07/05/2018,Uncompleted,HDB,126752,05,12,West Region,Clementi
PARKSUITES,"1,328,000",581.26,"2,285",08 Apr 2022,22 HOLLAND GROVE ROAD #03-16,New Sale,Strata,54,"24,593",-,Apartment,1,110 yrs from 01/11/2017,Uncompleted,N.A,278802,10,27,Central Region,Bukit Timah
THE WOODLEIGH RESIDENCES,"2,940,000","1,280.92","2,295",08 Apr 2022,23 BIDADARI PARK DRIVE #04-35,New Sale,Strata,119,"24,706",-,Apartment,1,99 yrs from 18/09/2017,Uncompleted,N.A,367796,13,36,Central Region,Toa Payoh
THE FLORENCE RESIDENCES,"2,345,000","1,280.92","1,831",08 Apr 2022,89 HOUGANG AVENUE 2 #14-41,New Sale,Strata,119,"19,706",-,Apartment,1,99 yrs from 24/12/2018,Uncompleted,N.A,538863,19,53,North East Region,Hougang
THE FLORENCE RESIDENCES,"1,238,000",635.08,"1,949",08 Apr 2022,95 HOUGANG AVENUE 2 #17-64,New Sale,Strata,59,"20,983",-,Apartment,1,99 yrs from 24/12/2018,Uncompleted,N.A,533754,19,53,North East Region,Hougang
THE FLORENCE RESIDENCES,"1,201,000",635.08,"1,891",08 Apr 2022,97 HOUGANG AVENUE 2 #13-76,New Sale,Strata,59,"20,356",-,Apartment,1,99 yrs from 24/12/2018,Uncompleted,N.A,533753,19,53,North East Region,Hougang
LA MARIPOSA,"1,333,000",688.9,"1,935",08 Apr 2022,35 MANGIS ROAD #03-04,New Sale,Strata,64,"20,828",-,Apartment,1,Freehold,Uncompleted,N.A,424970,15,42,Central Region,Geylang
NORMANTON PARK,"2,466,000","1,334.74","1,848",08 Apr 2022,53 NORMANTON PARK #04-42,New Sale,Strata,124,"19,887",-,Apartment,1,99 yrs from 22/07/2019,Uncompleted,N.A,117282,05,11,Central Region,Queenstown
URBAN TREASURES,"1,230,620",635.08,"1,938",08 Apr 2022,207 JALAN EUNOS #02-13,New Sale,Strata,59,"20,858",-,Condominium,1,Freehold,Uncompleted,N.A,415799,14,41,East Region,Bedok
VERTICUS,"2,021,000",936.47,"2,158",08 Apr 2022,3 JALAN KEMAMAN #25-05,New Sale,Strata,87,"23,230",-,Apartment,1,Freehold,Uncompleted,N.A,329343,12,32,Central Region,Novena
RIVIERE,"5,450,000","2,002.1","2,722",08 Apr 2022,3 JIAK KIM STREET #05-08,New Sale,Strata,186,"29,301",-,Apartment,1,99 yrs from 07/03/2018,Uncompleted,N.A,169424,03,16,Central Region,Singapore River
RIVIERE,"4,110,000","1,506.96","2,727",08 Apr 2022,3 JIAK KIM STREET #07-13,New Sale,Strata,140,"29,357",-,Apartment,1,99 yrs from 07/03/2018,Uncompleted,N.A,169424,03,16,Central Region,Singapore River
THE AVENIR,"7,093,000","2,055.92","3,450",08 Apr 2022,10 RIVER VALLEY CLOSE #36-09,New Sale,Strata,191,"37,136",-,Condominium,1,Freehold,Uncompleted,N.A,238438,09,23,Central Region,River Valley
M SUITES,"2,074,122","1,291.68","1,606",08 Apr 2022,65 LORONG MELAYU #03-04,New Sale,Strata,120,"17,284",-,Apartment,1,Freehold,Uncompleted,N.A,416952,14,41,East Region,Bedok
THE COMMODORE,"1,884,000","1,270.15","1,483",08 Apr 2022,59 CANBERRA DRIVE #04-06,New Sale,Strata,118,"15,966",-,Condominium,1,99 yrs from 08/06/2020,Uncompleted,N.A,769304,27,76,North Region,Sembawang
THE WATERGARDENS AT CANBERRA,"1,241,000",904.18,"1,373",08 Apr 2022,55 CANBERRA DRIVE #05-82,New Sale,Strata,84,"14,774",-,Apartment,1,99 yrs from 08/06/2020,Uncompleted,N.A,769329,27,76,North Region,Sembawang
QUBE SUITES,"683,000",452.09,"1,511",08 Apr 2022,24 JALAN PUNAI #04-03,Resale,Strata,42,"16,262",-,Apartment,1,Freehold,2015,Private,418804,14,41,East Region,Bedok
ALEX RESIDENCES,"925,000",473.62,"1,953",08 Apr 2022,28 ALEXANDRA VIEW #22-04,Resale,Strata,44,"21,023",-,Apartment,1,99 yrs from 18/03/2013,2017,HDB,158744,03,15,Central Region,Bukit Merah
NOUVEL 18,"4,608,000","1,539.25","2,994",08 Apr 2022,16 ANDERSON ROAD #07-02,Resale,Strata,143,"32,224",-,Condominium,1,Freehold,2014,Private,259987,10,25,Central Region,Newton
BAYWATER,"1,420,000","1,291.68","1,099",08 Apr 2022,806 BEDOK RESERVOIR ROAD #05-03,Resale,Strata,120,"11,833",-,Condominium,1,99 yrs from 19/03/2001,2006,HDB,479243,16,47,East Region,Bedok
GRANDE VISTA,"1,770,000","1,367.03","1,295",08 Apr 2022,14 CACTUS DRIVE #09-03,Resale,Strata,127,"13,937",-,Condominium,1,999 yrs from 05/05/1886,1992,HDB,809689,28,80,North East Region,Ang Mo Kio
COMMONWEALTH TOWERS,"1,850,000",904.18,"2,046",08 Apr 2022,230 COMMONWEALTH AVENUE #18-10,Resale,Strata,84,"22,024",-,Condominium,1,99 yrs from 07/05/2013,2017,HDB,149739,03,14,Central Region,Queenstown
ORCHID APARTMENTS,"2,300,000","1,356.26","1,696",08 Apr 2022,48B ENG NEO AVENUE,Resale,Strata,126,"18,254",-,Apartment,1,Freehold,1977,Private,289536,11,28,Central Region,Bukit Timah
THE ARMADALE,"1,550,000","1,184.04","1,309",08 Apr 2022,60 GILSTEAD ROAD #04-04,Resale,Strata,110,"14,091",-,Apartment,1,Freehold,2001,Private,309104,11,30,Central Region,Novena
ICON,"1,530,000",904.18,"1,692",08 Apr 2022,10 GOPENG STREET #10-13,Resale,Strata,84,"18,214",-,Apartment,1,99 yrs from 29/01/2002,2007,Private,078878,02,07,Central Region,Downtown Core
LE MARICAN,"650,000",570.49,"1,139",08 Apr 2022,95 LORONG MARICAN #03-02,Resale,Strata,53,"12,264",-,Apartment,1,Freehold,2011,HDB,417301,14,41,East Region,Bedok
CASA SARINA,"1,425,000","1,367.03","1,042",08 Apr 2022,103 LORONG SARINA #01-08,Resale,Strata,127,"11,220",-,Condominium,1,Freehold,1998,Private,416730,14,41,East Region,Bedok
BEACON HEIGHTS,"880,000",667.37,"1,319",08 Apr 2022,8 MAR THOMA ROAD #14-07,Resale,Strata,62,"14,194",-,Condominium,1,999 yrs from 02/06/1882,2012,HDB,328689,12,32,Central Region,Kallang
BALLOTA PARK CONDOMINIUM,"1,100,000","1,280.92",859,08 Apr 2022,156 MARIAM WAY #05-11,Resale,Strata,119,"9,244",-,Condominium,1,Freehold,2000,HDB,507082,17,50,East Region,Pasir Ris
NEPTUNE COURT,"1,180,000","1,270.15",929,08 Apr 2022,6 MARINE VISTA #23-19,Resale,Strata,118,"10,000",-,Apartment,1,99 yrs from 01/09/1976,1975,Private,449030,15,44,East Region,Bedok
THE PALETTE,"880,000",721.19,"1,220",08 Apr 2022,111 PASIR RIS GROVE #09-27,Resale,Strata,67,"13,134",-,Condominium,1,99 yrs from 20/10/2010,2015,HDB,518170,18,51,East Region,Pasir Ris
CASABLANCA,"1,200,000","1,323.97",906,08 Apr 2022,25 ROSEWOOD DRIVE #01-18,Resale,Strata,123,"9,756",-,Condominium,1,99 yrs from 02/10/2001,2005,Private,737919,25,73,North Region,Woodlands
EASTPOINT GREEN,"1,000,000","1,108.69",902,08 Apr 2022,1 SIMEI STREET 3 #02-20,Resale,Strata,103,"9,709",-,Condominium,1,99 yrs from 24/04/1996,1999,Private,529890,18,52,East Region,Tampines
MY MANHATTAN,"1,310,000","1,076.4","1,217",08 Apr 2022,29 SIMEI STREET 3 #02-11,Resale,Strata,100,"13,100",-,Condominium,1,99 yrs from 11/08/2010,2014,HDB,529901,18,52,East Region,Tampines
THE WATERSIDE,"4,448,000","2,411.14","1,845",08 Apr 2022,9 TANJONG RHU ROAD #15-02,Resale,Strata,224,"19,857",-,Condominium,1,Freehold,1992,Private,436894,15,43,Central Region,Kallang
BIRMINGHAM MANSIONS,"1,880,000","1,065.64","1,764",08 Apr 2022,130 THOMSON ROAD #11-05,Resale,Strata,99,"18,990",-,Apartment,1,Freehold,1998,Private,307682,11,30,Central Region,Novena
SIGNATURE PARK,"2,160,000","1,420.85","1,520",08 Apr 2022,50 TOH TUCK ROAD #07-03,Resale,Strata,132,"16,364",-,Condominium,1,Freehold,1998,HDB,596741,21,59,Central Region,Bukit Timah
MIDTOWN RESIDENCES,"868,000",645.84,"1,344",08 Apr 2022,1189 UPPER SERANGOON ROAD #09-07,Resale,Strata,60,"14,467",-,Apartment,1,99 yrs from 24/01/2013,2016,HDB,534785,19,53,North East Region,Hougang
THE VISION,"1,770,000","1,302.44","1,359",08 Apr 2022,81 WEST COAST CRESCENT #04-06,Resale,Strata,121,"14,628",-,Condominium,1,99 yrs from 25/06/2008,2014,HDB,126794,05,12,West Region,Clementi
8@WOODLEIGH,"635,000",398.27,"1,594",08 Apr 2022,6 WOODLEIGH CLOSE #04-13,Resale,Strata,37,"17,162",-,Condominium,1,99 yrs from 22/09/2008,2012,HDB,357902,13,35,Central Region,Toa Payoh
YONG SIAK VIEW,"1,830,000",979.52,"1,868",08 Apr 2022,21A YONG SIAK STREET,Resale,Strata,91,"20,110",-,Apartment,1,Freehold,-,Private,168651,03,16,Central Region,Bukit Merah
HILLION RESIDENCES,"1,150,000",710.42,"1,619",08 Apr 2022,8 JELEBU ROAD #17-05,Resale,Strata,66,"17,424",-,Apartment,1,99 yrs from 04/01/2013,2017,Private,677671,23,67,West Region,Bukit Panjang
KOVAN REGENCY,"1,600,000",979.52,"1,633",08 Apr 2022,40 KOVAN RISE #06-21,Resale,Strata,91,"17,582",-,Condominium,1,99 yrs from 24/04/2012,2015,Private,544728,19,54,North East Region,Hougang
CASPIAN,"1,165,000","1,001.05","1,164",08 Apr 2022,56 LAKESIDE DRIVE #11-27,Resale,Strata,93,"12,527",-,Condominium,1,99 yrs from 17/03/2008,2012,HDB,648318,22,64,West Region,Jurong West
CENTRA STUDIOS,"585,000",376.74,"1,553",08 Apr 2022,25 LORONG 25 GEYLANG #07-03,Resale,Strata,35,"16,714",-,Apartment,1,Freehold,2012,HDB,388302,14,38,Central Region,Geylang
THE TREELINE,"1,340,000",947.23,"1,415",08 Apr 2022,112 LORONG G TELOK KURAU #02-05,Resale,Strata,88,"15,227",-,Apartment,1,Freehold,2008,Private,426315,15,42,East Region,Bedok
COASTAL BREEZE RESIDENCES,"1,090,000","1,173.28",929,08 Apr 2022,10 LOYANG BESAR CLOSE #02-05,Resale,Strata,109,"10,000",-,Condominium,1,99 yrs from 08/04/2008,2012,Private,509050,17,50,East Region,Pasir Ris
THE ATRIA AT MEYER,"3,350,000","1,614.6","2,075",08 Apr 2022,61 MEYER ROAD #13-03,Resale,Strata,150,"22,333",-,Condominium,1,Freehold,1996,HDB,437885,15,43,Central Region,Marine Parade
A TREASURE TROVE,"1,588,000","1,205.57","1,317",08 Apr 2022,62 PUNGGOL WALK #13-28,Resale,Strata,112,"14,179",-,Condominium,1,99 yrs from 09/03/2011,2015,Private,828781,19,82,North East Region,Punggol
LUMA,"1,730,000",904.18,"1,913",08 Apr 2022,6 RIVER VALLEY GROVE #14-02,Resale,Strata,84,"20,595",-,Apartment,1,Freehold,2011,Private,238403,09,23,Central Region,River Valley
CASABLANCA,"815,000",947.23,860,08 Apr 2022,25 ROSEWOOD DRIVE #03-15,Resale,Strata,88,"9,261",-,Condominium,1,99 yrs from 02/10/2001,2005,Private,737919,25,73,North Region,Woodlands
THE METROPOLITAN CONDOMINIUM,"2,238,000","1,356.26","1,650",08 Apr 2022,8 ALEXANDRA VIEW #16-09,Resale,Strata,126,"17,762",-,Condominium,1,99 yrs from 17/02/2006,2009,Private,158747,03,15,Central Region,Bukit Merah
BAYSHORE PARK,"950,000",936.47,"1,014",08 Apr 2022,66 BAYSHORE ROAD #03-06,Resale,Strata,87,"10,920",-,Condominium,1,99 yrs from 17/03/1982,1986,Private,469985,16,46,East Region,Bedok
THE SUNSHINE,"1,530,000","1,248.62","1,225",08 Apr 2022,1 SUNSHINE TERRACE #12-03,Resale,Strata,116,"13,190",-,Apartment,1,Freehold,2003,HDB,535689,19,53,North East Region,Serangoon
THE TROPICA,"1,180,000","1,334.74",884,08 Apr 2022,61 TAMPINES AVENUE 1 #01-04,Resale,Strata,124,"9,516",-,Condominium,1,99 yrs from 04/12/1996,2000,HDB,529776,18,52,East Region,Tampines
THE TROPICA,"1,460,000","1,237.86","1,179",08 Apr 2022,63 TAMPINES AVENUE 1 #15-04,Resale,Strata,115,"12,696",-,Condominium,1,99 yrs from 04/12/1996,2000,Private,529777,18,52,East Region,Tampines
KOVAN GRANDEUR,"715,000",570.49,"1,253",08 Apr 2022,118 TAMPINES ROAD #03-02,Resale,Strata,53,"13,491",-,Apartment,1,99 yrs from 10/08/2010,2011,HDB,535193,19,53,North East Region,Hougang
PARC ROSEWOOD,"1,308,000","1,851.41",706,08 Apr 2022,71 ROSEWOOD DRIVE #05-05,Resale,Strata,172,"7,605",-,Condominium,1,99 yrs from 07/09/2011,2014,HDB,737783,25,73,North Region,Woodlands
RIVERTREES RESIDENCES,"745,000",581.26,"1,282",08 Apr 2022,25 FERNVALE CLOSE #05-11,Resale,Strata,54,"13,796",-,Apartment,1,99 yrs from 28/08/2013,2017,Private,797462,28,79,North East Region,Sengkang
TRE RESIDENCES,"1,180,000",699.66,"1,687",08 Apr 2022,7 GEYLANG EAST AVENUE 1 #14-01,Resale,Strata,65,"18,154",-,Condominium,1,99 yrs from 23/04/2014,2018,HDB,389782,14,38,Central Region,Geylang
KINGSFORD WATERBAY,"1,060,000",850.36,"1,247",08 Apr 2022,66 UPPER SERANGOON VIEW #03-11,Resale,Strata,79,"13,418",-,Apartment,1,99 yrs from 03/03/2014,2018,Private,533885,19,53,North East Region,Hougang
MONTROSA,"1,400,000","1,151.75","1,216",08 Apr 2022,132A HILLVIEW AVENUE #04-06,Resale,Strata,107,"13,084",-,Condominium,1,999 yrs from 12/10/1885,1999,Private,669604,23,66,West Region,Bukit Batok
THE TRILINQ,"1,720,000","1,108.69","1,551",08 Apr 2022,28B JALAN LEMPENG #10-22,Resale,Strata,103,"16,699",-,Condominium,1,99 yrs from 16/04/2012,2017,HDB,128809,05,12,West Region,Clementi
PETIT JERVOIS,"2,272,000",839.59,"2,706",08 Apr 2022,33 JERVOIS ROAD #05-03,New Sale,Strata,78,"29,128",-,Apartment,1,Freehold,2022,Private,247657,10,24,Central Region,Tanglin
CRADELS,"1,060,000",667.37,"1,588",08 Apr 2022,10 LORONG LIMAU #10-08,Resale,Strata,62,"17,097",-,Apartment,1,Freehold,2015,HDB,328754,12,32,Central Region,Novena
FOURTH AVENUE RESIDENCES,"2,308,000",947.23,"2,437",09 Apr 2022,4 FOURTH AVENUE #05-10,New Sale,Strata,88,"26,227",-,Apartment,1,99 yrs from 07/03/2018,Uncompleted,N.A,268672,10,26,Central Region,Bukit Timah
JUNIPER HILL,"3,297,000","1,108.69","2,974",09 Apr 2022,39 EWE BOON ROAD #09-06,New Sale,Strata,103,"32,010",-,Apartment,1,Freehold,2022,N.A,259334,10,25,Central Region,Tanglin
MAYFAIR GARDENS,"1,917,000",914.94,"2,095",09 Apr 2022,10 RIFLE RANGE ROAD #05-12,New Sale,Strata,85,"22,553",-,Condominium,1,99 yrs from 26/09/2018,Uncompleted,N.A,588377,21,58,Central Region,Bukit Timah
FYVE DERBYSHIRE,"1,689,000",656.6,"2,572",09 Apr 2022,5 DERBYSHIRE ROAD #14-01,New Sale,Strata,61,"27,689",-,Apartment,1,Freehold,Uncompleted,N.A,309461,11,30,Central Region,Novena
ONE PEARL BANK,"2,686,000","1,097.93","2,446",09 Apr 2022,1 PEARL BANK #10-01,New Sale,Strata,102,"26,333",-,Apartment,1,99 yrs from 01/03/2019,Uncompleted,N.A,169016,03,16,Central Region,Outram
ONE PEARL BANK,"2,685,000","1,216.33","2,207",09 Apr 2022,1 PEARL BANK #06-07,New Sale,Strata,113,"23,761",-,Apartment,1,99 yrs from 01/03/2019,Uncompleted,N.A,169016,03,16,Central Region,Outram
ONE PEARL BANK,"1,212,000",430.56,"2,815",09 Apr 2022,1 PEARL BANK #31-13,New Sale,Strata,40,"30,300",-,Apartment,1,99 yrs from 01/03/2019,Uncompleted,N.A,169016,03,16,Central Region,Outram
ONE PEARL BANK,"1,526,000",570.49,"2,675",09 Apr 2022,1 PEARL BANK #31-20,New Sale,Strata,53,"28,792",-,Apartment,1,99 yrs from 01/03/2019,Uncompleted,N.A,169016,03,16,Central Region,Outram
ONE PEARL BANK,"1,990,000",839.59,"2,370",09 Apr 2022,1 PEARL BANK #16-22,New Sale,Strata,78,"25,513",-,Apartment,1,99 yrs from 01/03/2019,Uncompleted,N.A,169016,03,16,Central Region,Outram
NORMANTON PARK,"2,010,000","1,065.64","1,886",09 Apr 2022,57 NORMANTON PARK #13-55,New Sale,Strata,99,"20,303",-,Apartment,1,99 yrs from 22/07/2019,Uncompleted,N.A,117284,05,11,Central Region,Queenstown
NORMANTON PARK,"1,973,000","1,065.64","1,851",09 Apr 2022,57 NORMANTON PARK #02-55,New Sale,Strata,99,"19,929",-,Apartment,1,99 yrs from 22/07/2019,Uncompleted,N.A,117284,05,11,Central Region,Queenstown
NORMANTON PARK,"1,139,000",656.6,"1,735",09 Apr 2022,57 NORMANTON PARK #24-61,New Sale,Strata,61,"18,672",-,Apartment,1,99 yrs from 22/07/2019,Uncompleted,N.A,117284,05,11,Central Region,Queenstown
PARC KOMO,"1,766,000",990.29,"1,783",09 Apr 2022,967 UPPER CHANGI ROAD NORTH #01-39,New Sale,Strata,92,"19,196",-,Apartment,1,Freehold,Uncompleted,N.A,507666,17,50,East Region,Pasir Ris
URBAN TREASURES,"1,291,490",645.84,"2,000",09 Apr 2022,207 JALAN EUNOS #05-16,New Sale,Strata,60,"21,525",-,Condominium,1,Freehold,Uncompleted,N.A,415799,14,41,East Region,Bedok
VERDALE,"1,346,100",742.72,"1,812",09 Apr 2022,2 DE SOUZA AVENUE #04-05,New Sale,Strata,69,"19,509",-,Apartment,1,99 yrs from 05/12/2018,Uncompleted,N.A,599458,21,59,Central Region,Bukit Timah
AVENUE SOUTH RESIDENCE,"3,442,000","1,496.2","2,301",09 Apr 2022,11 SILAT AVENUE #55-31,New Sale,Strata,139,"24,763",-,Apartment,1,99 yrs from 14/08/2018,Uncompleted,N.A,168877,03,16,Central Region,Bukit Merah
AVENUE SOUTH RESIDENCE,"3,169,000","1,496.2","2,118",09 Apr 2022,11 SILAT AVENUE #29-31,New Sale,Strata,139,"22,799",-,Apartment,1,99 yrs from 14/08/2018,Uncompleted,N.A,168877,03,16,Central Region,Bukit Merah
MEYER MANSION,"3,617,000","1,399.32","2,585",09 Apr 2022,79 MEYER ROAD #08-04,New Sale,Strata,130,"27,823",-,Apartment,1,Freehold,Uncompleted,N.A,437906,15,43,Central Region,Marine Parade
MEYER MANSION,"1,888,000",688.9,"2,741",09 Apr 2022,79 MEYER ROAD #04-05,New Sale,Strata,64,"29,500",-,Apartment,1,Freehold,Uncompleted,N.A,437906,15,43,Central Region,Marine Parade
MYRA,"1,055,000",473.62,"2,228",09 Apr 2022,9 MEYAPPA CHETTIAR ROAD #05-08,New Sale,Strata,44,"23,977",-,Apartment,1,Freehold,Uncompleted,N.A,358456,13,35,Central Region,Toa Payoh
PULLMAN RESIDENCES NEWTON,"1,973,000",667.37,"2,956",09 Apr 2022,18 DUNEARN ROAD #13-07,New Sale,Strata,62,"31,823",-,Apartment,1,Freehold,Uncompleted,N.A,309421,11,30,Central Region,Novena
FORETT AT BUKIT TIMAH,"2,405,000","1,076.4","2,234",09 Apr 2022,32A TOH TUCK ROAD #04-07,New Sale,Strata,100,"24,050",-,Apartment,1,Freehold,Uncompleted,N.A,596110,21,59,Central Region,Bukit Timah
FORETT AT BUKIT TIMAH,"1,634,000",764.24,"2,138",09 Apr 2022,36 TOH TUCK ROAD #04-56,New Sale,Strata,71,"23,014",-,Apartment,1,Freehold,Uncompleted,N.A,596714,21,59,Central Region,Bukit Timah
THE LANDMARK,"2,280,000","1,076.4","2,118",09 Apr 2022,173 CHIN SWEE ROAD #04-11,New Sale,Strata,100,"22,800",-,Condominium,1,99 yrs from 28/08/2020,Uncompleted,N.A,169878,03,16,Central Region,Outram
THE AVENIR,"2,337,000",807.3,"2,895",09 Apr 2022,8 RIVER VALLEY CLOSE #04-04,New Sale,Strata,75,"31,160",-,Condominium,1,Freehold,Uncompleted,N.A,238432,09,23,Central Region,River Valley
THE ATELIER,"4,168,000","1,496.2","2,786",09 Apr 2022,2 MAKEWAY AVENUE #19-08,New Sale,Strata,139,"29,986",-,Apartment,1,Freehold,Uncompleted,N.A,228599,09,22,Central Region,Novena
KI RESIDENCES AT BROOKVALE,"1,602,000",871.88,"1,837",09 Apr 2022,18 BROOKVALE DRIVE #12-44,New Sale,Strata,81,"19,778",-,Condominium,1,999 yrs from 23/03/1885,Uncompleted,N.A,599981,21,59,West Region,Clementi
KI RESIDENCES AT BROOKVALE,"1,764,000",861.12,"2,048",09 Apr 2022,2 BROOKVALE DRIVE #08-02,New Sale,Strata,80,"22,050",-,Condominium,1,999 yrs from 23/03/1885,Uncompleted,N.A,599973,21,59,West Region,Clementi
KI RESIDENCES AT BROOKVALE,"1,755,000",861.12,"2,038",09 Apr 2022,2 BROOKVALE DRIVE #07-02,New Sale,Strata,80,"21,938",-,Condominium,1,999 yrs from 23/03/1885,Uncompleted,N.A,599973,21,59,West Region,Clementi
PERFECT TEN,"2,229,096",785.77,"2,837",09 Apr 2022,321 BUKIT TIMAH ROAD #10-04,New Sale,Strata,73,"30,536",-,Apartment,1,Freehold,Uncompleted,N.A,259781,10,25,Central Region,Tanglin
ROYAL HALLMARK,"2,243,000","1,130.22","1,985",09 Apr 2022,1 HAIG LANE #05-02,New Sale,Strata,105,"21,362",-,Apartment,1,Freehold,Uncompleted,N.A,438803,15,43,Central Region,Marine Parade
CANNINGHILL PIERS,"5,573,000","1,948.28","2,860",09 Apr 2022,1 CLARKE QUAY #09-01,New Sale,Strata,181,"30,790",-,Apartment,1,99 yrs from 17/09/2021,Uncompleted,N.A,179882,06,17,Central Region,Singapore River
THE WOODLEIGH RESIDENCES,"1,830,000",850.36,"2,152",10 Apr 2022,33 BIDADARI PARK DRIVE #03-61,New Sale,Strata,79,"23,165",-,Apartment,1,99 yrs from 18/09/2017,Uncompleted,N.A,367801,13,36,Central Region,Toa Payoh
FOURTH AVENUE RESIDENCES,"1,283,900",516.67,"2,485",10 Apr 2022,6 FOURTH AVENUE #04-15,New Sale,Strata,48,"26,748",-,Apartment,1,99 yrs from 07/03/2018,Uncompleted,N.A,268673,10,26,Central Region,Bukit Timah
MAYFAIR GARDENS,"1,611,720",753.48,"2,139",10 Apr 2022,12 RIFLE RANGE ROAD #02-30,New Sale,Strata,70,"23,025",-,Condominium,1,99 yrs from 26/09/2018,Uncompleted,N.A,588378,21,58,Central Region,Bukit Timah
HAUS ON HANDY,"1,944,000",731.95,"2,656",10 Apr 2022,30 HANDY ROAD #09-18,New Sale,Strata,68,"28,588",-,Condominium,1,99 yrs from 07/05/2018,Uncompleted,N.A,229241,09,22,Central Region,Museum
MIDTOWN BAY,"1,428,400",409.03,"3,492",10 Apr 2022,122 BEACH ROAD #16-02,New Sale,Strata,38,"37,589",-,Apartment,1,99 yrs from 02/01/2018,Uncompleted,N.A,189770,07,18,Central Region,Downtown Core
NORMANTON PARK,"1,615,000",850.36,"1,899",10 Apr 2022,57 NORMANTON PARK #03-60,New Sale,Strata,79,"20,443",-,Apartment,1,99 yrs from 22/07/2019,Uncompleted,N.A,117284,05,11,Central Region,Queenstown
NORMANTON PARK,"1,658,000",850.36,"1,950",10 Apr 2022,57 NORMANTON PARK #18-60,New Sale,Strata,79,"20,987",-,Apartment,1,99 yrs from 22/07/2019,Uncompleted,N.A,117284,05,11,Central Region,Queenstown
NORMANTON PARK,"2,045,000","1,076.4","1,900",10 Apr 2022,61 NORMANTON PARK #18-77,New Sale,Strata,100,"20,450",-,Apartment,1,99 yrs from 22/07/2019,Uncompleted,N.A,117286,05,11,Central Region,Queenstown
URBAN TREASURES,"1,970,410","1,011.82","1,947",10 Apr 2022,205 JALAN EUNOS #08-07,New Sale,Strata,94,"20,962",-,Condominium,1,Freehold,Uncompleted,N.A,419535,14,41,East Region,Bedok
URBAN TREASURES,"1,328,600",645.84,"2,057",10 Apr 2022,207 JALAN EUNOS #11-16,New Sale,Strata,60,"22,143",-,Condominium,1,Freehold,Uncompleted,N.A,415799,14,41,East Region,Bedok
URBAN TREASURES,"1,322,410",645.84,"2,048",10 Apr 2022,207 JALAN EUNOS #10-16,New Sale,Strata,60,"22,040",-,Condominium,1,Freehold,Uncompleted,N.A,415799,14,41,East Region,Bedok
VERTICUS,"1,458,000",678.13,"2,150",10 Apr 2022,3 JALAN KEMAMAN #20-08,New Sale,Strata,63,"23,143",-,Apartment,1,Freehold,Uncompleted,N.A,329343,12,32,Central Region,Novena
RIVIERE,"2,880,000","1,140.98","2,524",10 Apr 2022,1 JIAK KIM STREET #04-01,New Sale,Strata,106,"27,170",-,Apartment,1,99 yrs from 07/03/2018,Uncompleted,N.A,169423,03,16,Central Region,Singapore River
RIVIERE,"2,258,000",818.06,"2,760",10 Apr 2022,1 JIAK KIM STREET #22-06,New Sale,Strata,76,"29,711",-,Apartment,1,99 yrs from 07/03/2018,Uncompleted,N.A,169423,03,16,Central Region,Singapore River
RIVIERE,"1,639,000",559.73,"2,928",10 Apr 2022,3 JIAK KIM STREET #21-09,New Sale,Strata,52,"31,519",-,Apartment,1,99 yrs from 07/03/2018,Uncompleted,N.A,169424,03,16,Central Region,Singapore River
RIVIERE,"2,263,000",818.06,"2,766",10 Apr 2022,3 JIAK KIM STREET #19-12,New Sale,Strata,76,"29,776",-,Apartment,1,99 yrs from 07/03/2018,Uncompleted,N.A,169424,03,16,Central Region,Singapore River
RIVIERE,"2,273,000",818.06,"2,779",10 Apr 2022,3 JIAK KIM STREET #20-12,New Sale,Strata,76,"29,908",-,Apartment,1,99 yrs from 07/03/2018,Uncompleted,N.A,169424,03,16,Central Region,Singapore River
THE M,"1,480,000",527.44,"2,806",10 Apr 2022,38 MIDDLE ROAD #19-40,New Sale,Strata,49,"30,204",-,Apartment,1,99 yrs from 03/07/2019,Uncompleted,N.A,188947,07,18,Central Region,Downtown Core
KI RESIDENCES AT BROOKVALE,"2,121,000","1,194.8","1,775",10 Apr 2022,18 BROOKVALE DRIVE #12-43,New Sale,Strata,111,"19,108",-,Condominium,1,999 yrs from 23/03/1885,Uncompleted,N.A,599981,21,59,West Region,Clementi
KI RESIDENCES AT BROOKVALE,"2,209,000","1,108.69","1,992",10 Apr 2022,6 BROOKVALE DRIVE #01-07,New Sale,Strata,103,"21,447",-,Condominium,1,999 yrs from 23/03/1885,Uncompleted,N.A,599975,21,59,West Region,Clementi
THE WATERGARDENS AT CANBERRA,"1,390,000",958,"1,451",10 Apr 2022,31 CANBERRA DRIVE #01-15,New Sale,Strata,89,"15,618",-,Apartment,1,99 yrs from 08/06/2020,Uncompleted,N.A,769991,27,76,North Region,Sembawang
TRIBECA,"3,910,000","1,905.23","2,052",11 Apr 2022,60 KIM SENG ROAD #08-06,Resale,Strata,177,"22,090",-,Condominium,1,Freehold,2010,Private,239497,09,23,Central Region,Singapore River
PARK 1 SUITES,"902,000",602.78,"1,496",11 Apr 2022,8 LORONG 40 GEYLANG #02-08,Resale,Strata,56,"16,107",-,Apartment,1,Freehold,2017,Private,398054,14,39,Central Region,Geylang
THE AMBRA,"1,425,000","1,130.22","1,261",11 Apr 2022,97A LORONG H TELOK KURAU #03-04,Resale,Strata,105,"13,571",-,Apartment,1,Freehold,2010,Private,426118,15,42,East Region,Bedok
SENNETT RESIDENCE,"2,250,000","1,345.5","1,672",11 Apr 2022,31 PHENG GECK AVENUE #03-06,Resale,Strata,125,"18,000",-,Condominium,1,99 yrs from 28/11/2011,2016,Private,348226,13,34,Central Region,Toa Payoh
WATERTOWN,"900,000",570.49,"1,578",11 Apr 2022,69 PUNGGOL CENTRAL #13-31,Resale,Strata,53,"16,981",-,Apartment,1,99 yrs from 18/05/2011,2017,Private,828754,19,82,North East Region,Punggol
THE MILTONIA RESIDENCES,"936,000",861.12,"1,087",11 Apr 2022,532 MILTONIA CLOSE #04-29,Resale,Strata,80,"11,700",-,Condominium,1,99 yrs from 30/11/2010,2014,HDB,768110,27,76,North Region,Yishun
THE PIER AT ROBERTSON,"1,448,000",656.6,"2,205",11 Apr 2022,80 MOHAMED SULTAN ROAD #07-02,Resale,Strata,61,"23,738",-,Apartment,1,Freehold,2006,Private,239013,09,23,Central Region,Singapore River
CAIRNHILL NINE,"1,583,000",602.78,"2,626",11 Apr 2022,9 CAIRNHILL ROAD #11-10,Resale,Strata,56,"28,268",-,Apartment,1,99 yrs from 12/05/2014,2016,Private,229723,09,22,Central Region,Orchard
YISHUN EMERALD,"1,245,000","1,399.32",890,11 Apr 2022,20 CANBERRA DRIVE #05-02,Resale,Strata,130,"9,577",-,Condominium,1,99 yrs from 16/02/1998,2002,HDB,768425,27,76,North Region,Yishun
THE LENOX,"854,800",602.78,"1,418",11 Apr 2022,396 CHANGI ROAD #04-18,Resale,Strata,56,"15,264",-,Apartment,1,Freehold,2014,HDB,415899,14,41,East Region,Bedok
PARC SOPHIA,"1,010,000",624.31,"1,618",11 Apr 2022,8 ADIS ROAD #02-08,Resale,Strata,58,"17,414",-,Apartment,1,Freehold,2011,Private,229975,09,22,Central Region,Rochor
THE PANORAMA,"2,010,000","1,140.98","1,762",11 Apr 2022,10 ANG MO KIO AVENUE 2 #19-11,Resale,Strata,106,"18,962",-,Condominium,1,99 yrs from 08/04/2013,2017,Private,567696,20,56,North East Region,Ang Mo Kio
ST MICHAEL REGENCY,"1,350,000",925.7,"1,458",11 Apr 2022,38 ST. MICHAEL'S ROAD #06-04,Resale,Strata,86,"15,698",-,Apartment,1,Freehold,2010,Private,328008,12,32,Central Region,Kallang
LUTHERAN TOWERS,"2,000,000","1,915.99","1,044",11 Apr 2022,21 TAN KIM CHENG ROAD #18-21,Resale,Strata,178,"11,236",-,Apartment,1,103 yrs from 01/05/1974,-,Private,266621,10,26,Central Region,Bukit Timah
EAST MEADOWS,"1,353,000","1,291.68","1,047",11 Apr 2022,30 TANAH MERAH KECHIL ROAD #01-08,Resale,Strata,120,"11,275",-,Condominium,1,99 yrs from 02/03/1998,2001,Private,465558,16,46,East Region,Bedok
JADESCAPE,"2,831,000","1,420.85","1,992",11 Apr 2022,6 SHUNFU ROAD #16-25,Sub Sale,Strata,132,"21,447",-,Condominium,1,99 yrs from 19/06/2018,Uncompleted,Private,575744,20,57,Central Region,Bishan
CHANGI RISE CONDOMINIUM,"1,045,000","1,130.22",925,11 Apr 2022,12 SIMEI RISE #06-33,Resale,Strata,105,"9,952",-,Condominium,1,99 yrs from 29/11/2000,2004,HDB,528805,18,52,East Region,Tampines
THE QUARTZ,"1,270,000","1,033.34","1,229",11 Apr 2022,51 COMPASSVALE BOW #08-04,Resale,Strata,96,"13,229",-,Condominium,1,99 yrs from 18/04/2005,2009,HDB,544984,19,54,North East Region,Sengkang
JEWEL @ BUANGKOK,"1,093,000",807.3,"1,354",11 Apr 2022,85 COMPASSVALE BOW #16-14,Resale,Strata,75,"14,573",-,Condominium,1,99 yrs from 12/09/2012,2016,HDB,544685,19,54,North East Region,Sengkang
SEASCAPE,"6,100,000","2,852.46","2,139",11 Apr 2022,59 COVE WAY #02-08,Resale,Strata,265,"23,019",-,Condominium,1,99 yrs from 09/06/2007,2011,Private,098309,04,09,Central Region,Southern Islands
THE INFLORA,"585,000",462.85,"1,264",11 Apr 2022,57 FLORA DRIVE #04-19,Resale,Strata,43,"13,605",-,Condominium,1,99 yrs from 25/05/2012,2016,Private,506865,17,50,East Region,Pasir Ris
CLIVEDEN AT GRANGE,"8,000,000","2,841.7","2,815",11 Apr 2022,102 GRANGE ROAD #16-03,Resale,Strata,264,"30,303",-,Condominium,1,Freehold,2011,Private,249592,10,24,Central Region,River Valley
WATER PLACE,"1,900,000","1,227.1","1,548",11 Apr 2022,177 TANJONG RHU ROAD #16-16,Resale,Strata,114,"16,667",-,Condominium,1,99 yrs from 02/03/1998,2004,Private,436607,15,43,Central Region,Kallang
BAYOU RESIDENCE,"1,560,000","1,711.48",911,11 Apr 2022,349 UPPER PAYA LEBAR ROAD #05-05,Resale,Strata,159,"9,811",-,Apartment,1,Freehold,2008,Private,534957,19,53,North East Region,Serangoon
PRESTO@UPPER SERANGOON,"640,000",430.56,"1,486",11 Apr 2022,528 UPPER SERANGOON ROAD #03-08,Resale,Strata,40,"16,000",-,Apartment,1,Freehold,2016,HDB,534543,19,53,North East Region,Serangoon
CLEMENTIWOODS CONDOMINIUM,"1,650,000","1,388.56","1,188",11 Apr 2022,80 WEST COAST ROAD #04-18,Resale,Strata,129,"12,791",-,Condominium,1,99 yrs from 07/02/2006,2010,Private,126816,05,12,West Region,Clementi
D'HIRO@HILLSIDE,"1,350,000","1,108.69","1,218",11 Apr 2022,61 HILLSIDE DRIVE #02-03,Resale,Strata,103,"13,107",-,Apartment,1,999 yrs from 01/09/1876,2011,Private,549010,19,54,North East Region,Hougang
THE LANAI,"1,900,000","1,227.1","1,548",11 Apr 2022,142 HILLVIEW AVENUE #07-18,Resale,Strata,114,"16,667",-,Condominium,1,999 yrs from 12/10/1885,2014,Private,669629,23,66,West Region,Bukit Batok
THE VIRIDIAN,"1,390,000",893.41,"1,556",11 Apr 2022,6 JALAN AMPAS #09-02,Resale,Strata,83,"16,747",-,Apartment,1,Freehold,2015,Private,329507,12,32,Central Region,Novena
THE ARTE,"2,500,000","1,528.49","1,636",11 Apr 2022,21 JALAN RAJA UDANG #26-03,Resale,Strata,142,"17,606",-,Condominium,1,Freehold,2010,HDB,329215,12,32,Central Region,Novena
THE ARTE,"2,540,000","1,528.49","1,662",11 Apr 2022,21 JALAN RAJA UDANG #27-03,Resale,Strata,142,"17,887",-,Condominium,1,Freehold,2010,Private,329215,12,32,Central Region,Novena
FOURTH AVENUE RESIDENCES,"1,803,000",710.42,"2,538",11 Apr 2022,4 FOURTH AVENUE #06-09,New Sale,Strata,66,"27,318",-,Apartment,1,99 yrs from 07/03/2018,Uncompleted,N.A,268672,10,26,Central Region,Bukit Timah
JUNIPER HILL,"3,287,000","1,108.69","2,965",11 Apr 2022,39 EWE BOON ROAD #08-06,New Sale,Strata,103,"31,913",-,Apartment,1,Freehold,2022,N.A,259334,10,25,Central Region,Tanglin
ONE MEYER,"2,365,000",925.7,"2,555",11 Apr 2022,1 MEYER PLACE #07-02,New Sale,Strata,86,"27,500",-,Apartment,1,Freehold,Uncompleted,N.A,437988,15,43,Central Region,Marine Parade
ONE MEYER,"2,357,000",925.7,"2,546",11 Apr 2022,1 MEYER PLACE #06-02,New Sale,Strata,86,"27,407",-,Apartment,1,Freehold,Uncompleted,N.A,437988,15,43,Central Region,Marine Parade
THE GAZANIA,"1,375,000",624.31,"2,202",11 Apr 2022,15 HOW SUN DRIVE #01-29,New Sale,Strata,58,"23,707",-,Condominium,1,Freehold,Uncompleted,N.A,538545,19,53,North East Region,Serangoon
THE GAZANIA,"1,825,000",904.18,"2,018",11 Apr 2022,5 HOW SUN DRIVE #04-01,New Sale,Strata,84,"21,726",-,Condominium,1,Freehold,Uncompleted,N.A,538527,19,53,North East Region,Serangoon
THE GAZANIA,"1,488,000",656.6,"2,266",11 Apr 2022,9 HOW SUN DRIVE #03-17,New Sale,Strata,61,"24,393",-,Condominium,1,Freehold,Uncompleted,N.A,538533,19,53,North East Region,Serangoon
THE FLORENCE RESIDENCES,"1,542,000",936.47,"1,647",11 Apr 2022,87 HOUGANG AVENUE 2 #03-29,New Sale,Strata,87,"17,724",-,Apartment,1,99 yrs from 24/12/2018,Uncompleted,N.A,538862,19,53,North East Region,Hougang
THE FLORENCE RESIDENCES,"1,777,000","1,119.46","1,587",11 Apr 2022,95 HOUGANG AVENUE 2 #18-65,New Sale,Strata,104,"17,087",-,Apartment,1,99 yrs from 24/12/2018,Uncompleted,N.A,533754,19,53,North East Region,Hougang
THE FLORENCE RESIDENCES,"1,758,000","1,022.58","1,719",11 Apr 2022,95 HOUGANG AVENUE 2 #17-70,New Sale,Strata,95,"18,505",-,Apartment,1,99 yrs from 24/12/2018,Uncompleted,N.A,533754,19,53,North East Region,Hougang
PEAK RESIDENCE,"2,611,200","1,087.16","2,402",11 Apr 2022,335 THOMSON ROAD #02-07,New Sale,Strata,101,"25,853",-,Condominium,1,Freehold,Uncompleted,N.A,307691,11,30,Central Region,Novena
NORMANTON PARK,"2,207,000","1,194.8","1,847",11 Apr 2022,57 NORMANTON PARK #07-56,New Sale,Strata,111,"19,883",-,Apartment,1,99 yrs from 22/07/2019,Uncompleted,N.A,117284,05,11,Central Region,Queenstown
VERTICUS,"1,441,000",678.13,"2,125",11 Apr 2022,3 JALAN KEMAMAN #19-08,New Sale,Strata,63,"22,873",-,Apartment,1,Freehold,Uncompleted,N.A,329343,12,32,Central Region,Novena
RIVIERE,"2,255,000",818.06,"2,757",11 Apr 2022,1 JIAK KIM STREET #23-06,New Sale,Strata,76,"29,671",-,Apartment,1,99 yrs from 07/03/2018,Uncompleted,N.A,169423,03,16,Central Region,Singapore River
HYLL ON HOLLAND,"1,598,300",613.55,"2,605",11 Apr 2022,89 HOLLAND ROAD #08-02,New Sale,Strata,57,"28,040",-,Condominium,1,Freehold,Uncompleted,N.A,275750,10,27,Central Region,Bukit Timah
VERDALE,"1,407,700",731.95,"1,923",11 Apr 2022,2 DE SOUZA AVENUE #05-01,New Sale,Strata,68,"20,701",-,Apartment,1,99 yrs from 05/12/2018,Uncompleted,N.A,599458,21,59,Central Region,Bukit Timah
MEYER MANSION,"4,441,500","1,765.3","2,516",11 Apr 2022,79 MEYER ROAD #02-07,New Sale,Strata,164,"27,082",-,Apartment,1,Freehold,Uncompleted,N.A,437906,15,43,Central Region,Marine Parade
THE M,"1,759,000",764.24,"2,302",11 Apr 2022,38 MIDDLE ROAD #20-38,New Sale,Strata,71,"24,775",-,Apartment,1,99 yrs from 03/07/2019,Uncompleted,N.A,188947,07,18,Central Region,Downtown Core
THE AVENIR,"3,276,000","1,140.98","2,871",11 Apr 2022,8 RIVER VALLEY CLOSE #03-06,New Sale,Strata,106,"30,906",-,Condominium,1,Freehold,Uncompleted,N.A,238432,09,23,Central Region,River Valley
KI RESIDENCES AT BROOKVALE,"1,978,000",979.52,"2,019",11 Apr 2022,12 BROOKVALE DRIVE #01-27,New Sale,Strata,91,"21,736",-,Condominium,1,999 yrs from 23/03/1885,Uncompleted,N.A,599978,21,59,West Region,Clementi
REGENTVILLE,"870,888",979.52,889,11 Apr 2022,12 HOUGANG STREET 92 #08-03,Resale,Strata,91,"9,570",-,Apartment,1,99 yrs from 24/04/1996,1999,HDB,538688,19,53,North East Region,Hougang
M5,"1,060,000",473.62,"2,238",11 Apr 2022,5 JALAN MUTIARA #02-02,Resale,Strata,44,"24,091",-,Apartment,1,Freehold,2018,HDB,249185,10,24,Central Region,Tanglin
LAKE GRANDE,"980,000",613.55,"1,597",11 Apr 2022,6 JURONG LAKE LINK #11-12,Resale,Strata,57,"17,193",-,Condominium,1,99 yrs from 09/06/2015,2019,Private,648159,22,64,West Region,Jurong West
MARINA ONE RESIDENCES,"1,694,563",699.66,"2,422",11 Apr 2022,23 MARINA WAY #27-22,Resale,Strata,65,"26,070",-,Apartment,1,99 yrs from 01/07/2011,2017,HDB,018979,01,01,Central Region,Downtown Core
GROSVENOR VIEW,"1,942,000","1,539.25","1,262",11 Apr 2022,3 LENGKONG EMPAT #10-08,Resale,Strata,143,"13,580",-,Condominium,1,Freehold,2006,Private,417611,14,41,East Region,Bedok
BELLE VUE RESIDENCES,"4,368,000","2,002.1","2,182",11 Apr 2022,21 OXLEY WALK #02-16,Resale,Strata,186,"23,484",-,Condominium,1,Freehold,2010,Private,238593,09,23,Central Region,River Valley
WALLICH RESIDENCE,"6,400,000","1,722.24","3,716",11 Apr 2022,3 WALLICH STREET #57-08,Resale,Strata,160,"40,000",-,Apartment,1,99 yrs from 21/02/2011,2017,Private,078882,02,07,Central Region,Downtown Core
LAKEVILLE,"1,600,000","1,119.46","1,429",12 Apr 2022,7 JURONG LAKE LINK #03-28,Resale,Strata,104,"15,385",-,Condominium,1,99 yrs from 30/04/2013,2017,Private,648163,22,64,West Region,Jurong West
KANDIS RESIDENCE,"745,000",495.14,"1,505",12 Apr 2022,10 KANDIS LINK #01-20,Sub Sale,Strata,46,"16,196",-,Condominium,1,99 yrs from 11/07/2016,2021,HDB,756971,27,75,North Region,Sembawang
REFLECTIONS AT KEPPEL BAY,"6,830,000","3,799.69","1,798",12 Apr 2022,8 KEPPEL BAY VIEW #07-33,Resale,Strata,353,"19,348",-,Condominium,1,99 yrs from 15/03/2006,2011,Private,098406,04,09,Central Region,Bukit Merah
TREVISTA,"2,580,000","1,560.78","1,653",12 Apr 2022,21 LORONG 3 TOA PAYOH #22-01,Resale,Strata,145,"17,793",-,Condominium,1,99 yrs from 15/07/2008,2011,Private,319581,12,31,Central Region,Toa Payoh
MARTIA RESIDENCE,"1,288,000",925.7,"1,391",12 Apr 2022,7 MARTIA ROAD #03-03,Resale,Strata,86,"14,977",-,Apartment,1,Freehold,2006,HDB,424794,15,42,East Region,Bedok
AALTO,"3,100,000","1,528.49","2,028",12 Apr 2022,191 MEYER ROAD #02-02,Resale,Strata,142,"21,831",-,Condominium,1,Freehold,2010,Private,437980,15,43,Central Region,Marine Parade
A TREASURE TROVE,"1,365,000","1,528.49",893,12 Apr 2022,54 PUNGGOL WALK #16-10,Resale,Strata,142,"9,613",-,Condominium,1,99 yrs from 09/03/2011,2015,Private,828832,19,82,North East Region,Punggol
CITY LOFT,"950,000",839.59,"1,132",12 Apr 2022,363 RACE COURSE ROAD #06-02,Resale,Strata,78,"12,179",-,Apartment,1,Freehold,2012,HDB,218636,08,21,Central Region,Kallang
VALLEY PARK,"2,141,000","1,108.69","1,931",12 Apr 2022,479 RIVER VALLEY ROAD #02-07,Resale,Strata,103,"20,786",-,Condominium,1,999 yrs from 21/06/1877,1997,Private,248364,10,24,Central Region,Tanglin
THE LAURELS,"2,325,000",882.65,"2,634",12 Apr 2022,38 CAIRNHILL ROAD #07-02,Resale,Strata,82,"28,354",-,Condominium,1,Freehold,2013,Private,229658,09,22,Central Region,Newton
EIGHT COURTYARDS,"598,000",452.09,"1,323",12 Apr 2022,2 CANBERRA DRIVE #02-02,Resale,Strata,42,"14,238",-,Condominium,1,99 yrs from 20/09/2010,2014,Private,768138,27,76,North Region,Yishun
ECO SANCTUARY,"1,070,000",775.01,"1,381",12 Apr 2022,63 CHESTNUT AVENUE #21-09,Resale,Strata,72,"14,861",-,Condominium,1,99 yrs from 25/04/2012,2016,Private,679523,23,67,West Region,Bukit Panjang
ZEDGE,"1,518,000",914.94,"1,659",12 Apr 2022,2 AKYAB ROAD #08-01,Resale,Strata,85,"17,859",-,Apartment,1,Freehold,2010,Private,309973,11,30,Central Region,Novena
CASAFINA,"1,150,000","1,140.98","1,008",12 Apr 2022,213 BEDOK SOUTH AVENUE 1 #01-19,Resale,Strata,106,"10,849",-,Condominium,1,99 yrs from 12/06/1996,1999,HDB,469337,16,46,East Region,Bedok
ST FRANCIS COURT,"1,115,000","1,270.15",878,12 Apr 2022,90 ST. FRANCIS ROAD #02-03,Resale,Strata,118,"9,449",-,Apartment,1,99 yrs from 08/09/1992,1994,HDB,328071,12,32,Central Region,Kallang
THE GREENWICH,"990,000",882.65,"1,122",12 Apr 2022,13 SELETAR ROAD #05-59,Resale,Strata,82,"12,073",-,Condominium,1,99 yrs from 21/12/2009,2014,HDB,807017,28,80,North East Region,Serangoon
RIVERSOUND RESIDENCE,"1,190,000","1,065.64","1,117",12 Apr 2022,9A SENGKANG EAST AVENUE #04-32,Resale,Strata,99,"12,020",-,Condominium,1,99 yrs from 26/08/2011,2015,HDB,544743,19,54,North East Region,Sengkang
THE SCALA,"1,480,000",904.18,"1,637",12 Apr 2022,130 SERANGOON AVENUE 3 #06-04,Resale,Strata,84,"17,619",-,Apartment,1,99 yrs from 06/01/2010,2013,HDB,554479,19,55,North East Region,Serangoon
THE SKYWOODS,"1,450,000",990.29,"1,464",12 Apr 2022,11 DAIRY FARM HEIGHTS #14-28,Resale,Strata,92,"15,761",-,Condominium,1,99 yrs from 21/12/2012,2016,Private,677661,23,67,West Region,Bukit Panjang
DRAYCOTT EIGHT,"2,360,000","1,173.28","2,011",12 Apr 2022,6 DRAYCOTT PARK #05-02,Resale,Strata,109,"21,651",-,Condominium,1,99 yrs from 24/10/1997,2005,Private,259403,10,25,Central Region,Newton
THE TENNERY,"725,000",613.55,"1,182",12 Apr 2022,3 WOODLANDS ROAD #06-12,Resale,Strata,57,"12,719",-,Apartment,1,99 yrs from 24/05/2010,2014,Private,677901,23,67,West Region,Choa Chu Kang
THE CALROSE,"2,768,000","2,142.04","1,292",12 Apr 2022,511 YIO CHU KANG ROAD #05-16,Resale,Strata,199,"13,910",-,Condominium,1,Freehold,2007,Private,787066,26,78,North East Region,Ang Mo Kio
ORCHID PARK CONDOMINIUM,"988,000","1,173.28",842,12 Apr 2022,93 YISHUN STREET 81 #07-11,Resale,Strata,109,"9,064",-,Condominium,1,99 yrs from 01/09/1991,1994,HDB,768451,27,76,North Region,Yishun
VENEZIO,"1,800,000","1,453.14","1,239",12 Apr 2022,488 UPPER EAST COAST ROAD #01-01,Resale,Strata,135,"13,333",-,Apartment,1,Freehold,2006,Private,466520,16,46,East Region,Bedok
AMBER PARK,"3,387,000","1,302.44","2,600",12 Apr 2022,16 AMBER GARDENS #13-06,New Sale,Strata,121,"27,992",-,Condominium,1,Freehold,Uncompleted,N.A,439961,15,43,Central Region,Marine Parade
AMBER PARK,"2,175,000",882.65,"2,464",12 Apr 2022,16 AMBER GARDENS #01-10,New Sale,Strata,82,"26,524",-,Condominium,1,Freehold,Uncompleted,N.A,439961,15,43,Central Region,Marine Parade
FOURTH AVENUE RESIDENCES,"2,695,000","1,119.46","2,407",12 Apr 2022,12 FOURTH AVENUE #05-37,New Sale,Strata,104,"25,913",-,Apartment,1,99 yrs from 07/03/2018,Uncompleted,N.A,268676,10,26,Central Region,Bukit Timah
FOURTH AVENUE RESIDENCES,"1,326,000",505.91,"2,621",12 Apr 2022,12 FOURTH AVENUE #08-40,New Sale,Strata,47,"28,213",-,Apartment,1,99 yrs from 07/03/2018,Uncompleted,N.A,268676,10,26,Central Region,Bukit Timah
THE GAZANIA,"1,873,000",904.18,"2,071",12 Apr 2022,5 HOW SUN DRIVE #02-01,New Sale,Strata,84,"22,298",-,Condominium,1,Freehold,Uncompleted,N.A,538527,19,53,North East Region,Serangoon
PEAK RESIDENCE,"2,807,040","1,087.16","2,582",12 Apr 2022,333 THOMSON ROAD #04-03,New Sale,Strata,101,"27,792",-,Condominium,1,Freehold,Uncompleted,N.A,307675,11,30,Central Region,Novena
THE LILIUM,"1,603,300",710.42,"2,257",12 Apr 2022,31 HOW SUN ROAD #04-08,New Sale,Strata,66,"24,292",-,Condominium,1,Freehold,2021,N.A,538500,19,53,North East Region,Serangoon
ONE PEARL BANK,"2,862,000","1,194.8","2,395",12 Apr 2022,1 PEARL BANK #09-08,New Sale,Strata,111,"25,784",-,Apartment,1,99 yrs from 01/03/2019,Uncompleted,N.A,169016,03,16,Central Region,Outram
ONE PEARL BANK,"3,732,000","1,431.61","2,607",12 Apr 2022,1 PEARL BANK #31-18,New Sale,Strata,133,"28,060",-,Apartment,1,99 yrs from 01/03/2019,Uncompleted,N.A,169016,03,16,Central Region,Outram
THE IVERIA,"2,256,000",904.18,"2,495",12 Apr 2022,2 KIM YAM ROAD #02-02,New Sale,Strata,84,"26,857",-,Apartment,1,Freehold,Uncompleted,N.A,239320,09,23,Central Region,River Valley
VERTICUS,"1,561,000",753.48,"2,072",12 Apr 2022,3 JALAN KEMAMAN #17-02,New Sale,Strata,70,"22,300",-,Apartment,1,Freehold,Uncompleted,N.A,329343,12,32,Central Region,Novena
AVENUE SOUTH RESIDENCE,"1,704,000",656.6,"2,595",12 Apr 2022,11 SILAT AVENUE #52-28,New Sale,Strata,61,"27,934",-,Apartment,1,99 yrs from 14/08/2018,Uncompleted,N.A,168877,03,16,Central Region,Bukit Merah
MEYER MANSION,"3,777,000","1,496.2","2,524",12 Apr 2022,79 MEYER ROAD #09-03,New Sale,Strata,139,"27,173",-,Apartment,1,Freehold,Uncompleted,N.A,437906,15,43,Central Region,Marine Parade
MEYER MANSION,"1,968,100",688.9,"2,857",12 Apr 2022,79 MEYER ROAD #11-05,New Sale,Strata,64,"30,752",-,Apartment,1,Freehold,Uncompleted,N.A,437906,15,43,Central Region,Marine Parade
THE AVENIR,"5,019,000","1,571.54","3,194",12 Apr 2022,10 RIVER VALLEY CLOSE #19-08,New Sale,Strata,146,"34,377",-,Condominium,1,Freehold,Uncompleted,N.A,238438,09,23,Central Region,River Valley
CLAVON,"2,656,000","1,689.95","1,572",12 Apr 2022,8 CLEMENTI AVENUE 1 #04-18,New Sale,Strata,157,"16,917",-,Apartment,1,99 yrs from 07/10/2019,Uncompleted,N.A,129964,05,12,West Region,Clementi
KI RESIDENCES AT BROOKVALE,"2,332,000","1,108.69","2,103",12 Apr 2022,6 BROOKVALE DRIVE #11-10,New Sale,Strata,103,"22,641",-,Condominium,1,999 yrs from 23/03/1885,Uncompleted,N.A,599975,21,59,West Region,Clementi
THE COMMODORE,"1,527,000","1,022.58","1,493",12 Apr 2022,69 CANBERRA DRIVE #02-43,New Sale,Strata,95,"16,074",-,Condominium,1,99 yrs from 08/06/2020,Uncompleted,N.A,769309,27,76,North Region,Sembawang
THE WATERGARDENS AT CANBERRA,"1,390,000",958,"1,451",12 Apr 2022,29 CANBERRA DRIVE #01-13,New Sale,Strata,89,"15,618",-,Apartment,1,99 yrs from 08/06/2020,Uncompleted,N.A,769990,27,76,North Region,Sembawang
CANNINGHILL PIERS,"1,630,000",484.38,"3,365",12 Apr 2022,1 CLARKE QUAY #44-03,New Sale,Strata,45,"36,222",-,Apartment,1,99 yrs from 17/09/2021,Uncompleted,N.A,179882,06,17,Central Region,Singapore River
THE PROMONT,"4,350,000","2,012.87","2,161",12 Apr 2022,63 CAIRNHILL CIRCLE #11-01,Resale,Strata,187,"23,262",-,Apartment,1,Freehold,2009,Private,229790,09,22,Central Region,Newton
KEMBANGAN PLAZA,"1,100,000",882.65,"1,246",12 Apr 2022,18 JALAN MASJID #04-08,Resale,Strata,82,"13,415",-,Apartment,1,Freehold,1993,Private,418944,14,41,East Region,Bedok
REFLECTIONS AT KEPPEL BAY,"1,620,000",828.83,"1,955",12 Apr 2022,31 KEPPEL BAY VIEW #10-89,Resale,Strata,77,"21,039",-,Condominium,1,99 yrs from 15/03/2006,2011,Private,098418,04,09,Central Region,Bukit Merah
KINGSFORD . HILLVIEW PEAK,"1,765,000","1,248.62","1,414",12 Apr 2022,101 HILLVIEW RISE #17-07,Resale,Strata,116,"15,216",-,Condominium,1,99 yrs from 04/06/2012,2017,Private,667981,23,66,West Region,Bukit Batok
THE SOUND,"1,360,000",807.3,"1,685",12 Apr 2022,545 EAST COAST ROAD #04-12,Resale,Strata,75,"18,133",-,Condominium,1,Freehold,2013,Private,429072,15,42,East Region,Bedok
BARTLEY RESIDENCES,"1,688,888","1,237.86","1,364",12 Apr 2022,7A LORONG HOW SUN #01-48,Resale,Strata,115,"14,686",-,Apartment,1,99 yrs from 29/06/2011,2015,Private,536565,19,53,North East Region,Serangoon
BLU CORAL,"2,200,000","2,055.92","1,070",12 Apr 2022,127A LORONG L TELOK KURAU #05-08,Resale,Strata,191,"11,518",-,Condominium,1,Freehold,2009,HDB,425602,15,42,East Region,Bedok
SIMS GREEN,"1,218,000","1,248.62",975,12 Apr 2022,7 LORONG 27A GEYLANG #07-05,Resale,Strata,116,"10,500",-,Apartment,1,99 yrs from 06/02/2001,2003,Private,388133,14,38,Central Region,Geylang
THE OCEANFRONT @ SENTOSA COVE,"2,890,000","1,711.48","1,689",12 Apr 2022,293 OCEAN DRIVE #02-16,Resale,Strata,159,"18,176",-,Condominium,1,99 yrs from 10/08/2005,2010,Private,098533,04,09,Central Region,Southern Islands
SPOTTISWOODE 18,"850,000",387.5,"2,194",12 Apr 2022,18 SPOTTISWOODE PARK ROAD #11-07,Resale,Strata,36,"23,611",-,Apartment,1,Freehold,2014,HDB,088642,02,08,Central Region,Bukit Merah
THE ALPS RESIDENCES,"688,000",505.91,"1,360",12 Apr 2022,107 TAMPINES STREET 86 #07-28,Sub Sale,Strata,47,"14,638",-,Condominium,1,99 yrs from 03/08/2015,2019,HDB,528533,18,52,East Region,Tampines
THE COTZ,"501,000",409.03,"1,225",12 Apr 2022,171 TELOK KURAU ROAD #04-05,Resale,Strata,38,"13,184",-,Apartment,1,Freehold,2010,HDB,423824,15,42,East Region,Bedok
THE WOODLEIGH RESIDENCES,"2,382,000","1,119.46","2,128",13 Apr 2022,21 BIDADARI PARK DRIVE #08-27,New Sale,Strata,104,"22,904",-,Apartment,1,99 yrs from 18/09/2017,Uncompleted,N.A,367795,13,36,Central Region,Toa Payoh
AMBER PARK,"3,362,000","1,302.44","2,581",13 Apr 2022,16 AMBER GARDENS #10-06,New Sale,Strata,121,"27,785",-,Condominium,1,Freehold,Uncompleted,N.A,439961,15,43,Central Region,Marine Parade
AMBER PARK,"3,254,000","1,302.44","2,498",13 Apr 2022,18 AMBER GARDENS #13-16,New Sale,Strata,121,"26,893",-,Condominium,1,Freehold,Uncompleted,N.A,439980,15,43,Central Region,Marine Parade
UPTOWN @ FARRER,"3,900,000","2,271.2","1,717",13 Apr 2022,2 PERUMAL ROAD #23-06,New Sale,Strata,211,"18,483",-,Apartment,1,99 yrs from 17/04/2017,2021,N.A,218773,08,21,Central Region,Kallang
ONE PEARL BANK,"1,210,000",430.56,"2,810",13 Apr 2022,1 PEARL BANK #30-13,New Sale,Strata,40,"30,250",-,Apartment,1,99 yrs from 01/03/2019,Uncompleted,N.A,169016,03,16,Central Region,Outram
NORMANTON PARK,"2,436,000","1,313.21","1,855",13 Apr 2022,45 NORMANTON PARK #17-03,New Sale,Strata,122,"19,967",-,Apartment,1,99 yrs from 22/07/2019,Uncompleted,N.A,119027,05,11,Central Region,Queenstown
NORMANTON PARK,"1,979,000","1,065.64","1,857",13 Apr 2022,57 NORMANTON PARK #04-55,New Sale,Strata,99,"19,990",-,Apartment,1,99 yrs from 22/07/2019,Uncompleted,N.A,117284,05,11,Central Region,Queenstown
NORMANTON PARK,"1,629,000",850.36,"1,916",13 Apr 2022,57 NORMANTON PARK #07-60,New Sale,Strata,79,"20,620",-,Apartment,1,99 yrs from 22/07/2019,Uncompleted,N.A,117284,05,11,Central Region,Queenstown
URBAN TREASURES,"1,258,510",645.84,"1,949",13 Apr 2022,207 JALAN EUNOS #03-16,New Sale,Strata,60,"20,975",-,Condominium,1,Freehold,Uncompleted,N.A,415799,14,41,East Region,Bedok
VERTICUS,"1,481,000",678.13,"2,184",13 Apr 2022,3 JALAN KEMAMAN #21-08,New Sale,Strata,63,"23,508",-,Apartment,1,Freehold,Uncompleted,N.A,329343,12,32,Central Region,Novena
VERDALE,"1,384,400",742.72,"1,864",13 Apr 2022,6 DE SOUZA AVENUE #04-13,New Sale,Strata,69,"20,064",-,Apartment,1,99 yrs from 05/12/2018,Uncompleted,N.A,599460,21,59,Central Region,Bukit Timah
AVENUE SOUTH RESIDENCE,"3,121,000","1,496.2","2,086",13 Apr 2022,13 SILAT AVENUE #23-37,New Sale,Strata,139,"22,453",-,Apartment,1,99 yrs from 14/08/2018,Uncompleted,N.A,168878,03,16,Central Region,Bukit Merah
MEYER MANSION,"3,740,600","1,496.2","2,500",13 Apr 2022,79 MEYER ROAD #07-03,New Sale,Strata,139,"26,911",-,Apartment,1,Freehold,Uncompleted,N.A,437906,15,43,Central Region,Marine Parade
KI RESIDENCES AT BROOKVALE,"2,293,000","1,173.28","1,954",13 Apr 2022,2 BROOKVALE DRIVE #03-04,New Sale,Strata,109,"21,037",-,Condominium,1,999 yrs from 23/03/1885,Uncompleted,N.A,599973,21,59,West Region,Clementi
KI RESIDENCES AT BROOKVALE,"2,323,000","1,108.69","2,095",13 Apr 2022,6 BROOKVALE DRIVE #10-10,New Sale,Strata,103,"22,553",-,Condominium,1,999 yrs from 23/03/1885,Uncompleted,N.A,599975,21,59,West Region,Clementi
IRWELL HILL RESIDENCES,"3,321,000","1,270.15","2,615",13 Apr 2022,6 IRWELL HILL #21-10,New Sale,Strata,118,"28,144",-,Apartment,1,99 yrs from 13/04/2020,Uncompleted,N.A,239590,09,23,Central Region,River Valley
IRWELL HILL RESIDENCES,"1,687,000",602.78,"2,799",13 Apr 2022,6 IRWELL HILL #26-13,New Sale,Strata,56,"30,125",-,Apartment,1,99 yrs from 13/04/2020,Uncompleted,N.A,239590,09,23,Central Region,River Valley
THE COMMODORE,"1,737,000","1,184.04","1,467",13 Apr 2022,65 CANBERRA DRIVE #01-22,New Sale,Strata,110,"15,791",-,Condominium,1,99 yrs from 08/06/2020,Uncompleted,N.A,769307,27,76,North Region,Sembawang
THE WATERGARDENS AT CANBERRA,"1,607,000","1,108.69","1,449",13 Apr 2022,53 CANBERRA DRIVE #02-72,New Sale,Strata,103,"15,602",-,Apartment,1,99 yrs from 08/06/2020,Uncompleted,N.A,769328,27,76,North Region,Sembawang
CANNINGHILL PIERS,"5,537,000","1,948.28","2,842",13 Apr 2022,1 CLARKE QUAY #06-01,New Sale,Strata,181,"30,591",-,Apartment,1,99 yrs from 17/09/2021,Uncompleted,N.A,179882,06,17,Central Region,Singapore River
WATERFRONT GOLD,"1,150,000",893.41,"1,287",13 Apr 2022,758 BEDOK RESERVOIR ROAD #10-23,Resale,Strata,83,"13,855",-,Condominium,1,99 yrs from 26/11/2009,2014,Private,479260,16,47,East Region,Bedok
BISHAN 8,"1,675,000","1,194.8","1,402",13 Apr 2022,63 BISHAN STREET 21 #10-01,Resale,Strata,111,"15,090",-,Condominium,1,99 yrs from 09/10/1996,2000,HDB,574045,20,57,Central Region,Bishan
DOMUS,"1,460,000",904.18,"1,615",13 Apr 2022,8 IRRAWADDY ROAD #05-03,Resale,Strata,84,"17,381",-,Apartment,1,Freehold,2012,Private,329564,12,32,Central Region,Novena
EUHABITAT,"720,000",548.96,"1,312",13 Apr 2022,212 JALAN EUNOS #04-81,Resale,Strata,51,"14,118",-,Condominium,1,99 yrs from 06/12/2010,2015,HDB,419550,14,41,East Region,Bedok
THE PROMENADE@PELIKAT,"675,000",484.38,"1,394",13 Apr 2022,183 JALAN PELIKAT #02-78,Resale,Strata,45,"15,000",-,Apartment,1,Freehold,2015,HDB,537643,19,53,North East Region,Hougang
THE HILLIER,"1,308,000",818.06,"1,599",13 Apr 2022,2 HILLVIEW RISE #26-10,Resale,Strata,76,"17,211",-,Apartment,1,99 yrs from 01/08/2011,2016,Private,667978,23,66,West Region,Bukit Batok
WATERBANK AT DAKOTA,"2,180,000","1,280.92","1,702",13 Apr 2022,84 DAKOTA CRESCENT #14-29,Resale,Strata,119,"18,319",-,Condominium,1,99 yrs from 07/12/2009,2013,Private,399948,14,39,Central Region,Geylang
SKYSUITES@ANSON,"1,480,000",667.37,"2,218",13 Apr 2022,8 ENGGOR STREET #52-02,Resale,Strata,62,"23,871",-,Apartment,1,99 yrs from 18/02/2008,2014,HDB,079718,02,07,Central Region,Downtown Core
RIVERTREES RESIDENCES,"1,450,000","1,119.46","1,295",13 Apr 2022,23 FERNVALE CLOSE #10-08,Resale,Strata,104,"13,942",-,Apartment,1,99 yrs from 28/08/2013,2017,Private,797461,28,79,North East Region,Sengkang
ESTELLA GARDENS,"1,138,000","1,140.98",997,13 Apr 2022,27 FLORA ROAD #04-03,Resale,Strata,106,"10,736",-,Condominium,1,Freehold,1999,HDB,509741,17,50,East Region,Pasir Ris
HILLS APARTMENT,"6,000,000","2,981.63","2,012",13 Apr 2022,46 GOLDHILL AVENUE #03-46,Resale,Strata,277,"21,661",-,Apartment,1,Freehold,1975,Private,309029,11,30,Central Region,Novena
NEPTUNE COURT,"1,550,000","1,636.13",947,13 Apr 2022,1 MARINE VISTA #07-79,Resale,Strata,152,"10,197",-,Apartment,1,99 yrs from 01/11/1975,1975,Private,449025,15,44,East Region,Bedok
MARTIN MODERN,"2,760,000","1,011.82","2,728",13 Apr 2022,10 MARTIN PLACE #07-15,Sub Sale,Strata,94,"29,362",-,Condominium,1,99 yrs from 28/09/2016,2021,Private,237963,09,23,Central Region,River Valley
THE SEAFRONT ON MEYER,"2,050,000","1,065.64","1,924",13 Apr 2022,55 MEYER ROAD #10-01,Resale,Strata,99,"20,707",-,Condominium,1,Freehold,2010,Private,437978,15,43,Central Region,Marine Parade
HIGHLINE RESIDENCES,"1,960,000",914.94,"2,142",13 Apr 2022,9 KIM TIAN ROAD #15-13,Resale,Strata,85,"23,059",-,Condominium,1,99 yrs from 22/07/2013,2018,Private,168593,03,16,Central Region,Bukit Merah
CITY SQUARE RESIDENCES,"1,695,000",871.88,"1,944",13 Apr 2022,10 KITCHENER LINK #15-17,Resale,Strata,81,"20,926",-,Condominium,1,Freehold,2008,Private,207225,08,20,Central Region,Kallang
JUPITER 18,"960,000",785.77,"1,222",13 Apr 2022,18 LORONG 102 CHANGI #05-06,Resale,Strata,73,"13,151",-,Apartment,1,Freehold,2014,Private,426608,15,42,Central Region,Geylang
REZI 26,"697,000",495.14,"1,408",13 Apr 2022,5A LORONG 26 GEYLANG #04-08,Resale,Strata,46,"15,152",-,Apartment,1,Freehold,2015,Private,398504,14,39,Central Region,Geylang
THE SUNNY SPRING,"1,540,000","1,194.8","1,289",13 Apr 2022,50 LORONG 40 GEYLANG #08-20,Resale,Strata,111,"13,874",-,Apartment,1,Freehold,1998,Private,398074,14,39,Central Region,Geylang
BARTLEY RESIDENCES,"1,650,000","1,097.93","1,503",13 Apr 2022,5 LORONG HOW SUN #15-26,Resale,Strata,102,"16,176",-,Apartment,1,99 yrs from 29/06/2011,2015,HDB,536562,19,53,North East Region,Serangoon
ONE TREE HILL RESIDENCE,"2,700,000","1,130.22","2,389",13 Apr 2022,1A ONE TREE HILL #08-03,Resale,Strata,105,"25,714",-,Apartment,1,Freehold,2008,Private,248669,10,24,Central Region,River Valley
LUCKY PLAZA,"3,100,000","1,646.89","1,882",13 Apr 2022,304 ORCHARD ROAD #13-02,Resale,Strata,153,"20,261",-,Apartment,1,Freehold,1981,Private,238863,09,23,Central Region,Orchard
THE FOLIAGE,"1,340,000",936.47,"1,431",13 Apr 2022,370 PASIR PANJANG ROAD #03-03,Resale,Strata,87,"15,402",-,Condominium,1,Freehold,2008,Private,118707,05,11,Central Region,Queenstown
RIPPLE BAY,"1,310,000","1,162.51","1,127",13 Apr 2022,2 PASIR RIS LINK #10-03,Resale,Strata,108,"12,130",-,Condominium,1,99 yrs from 10/08/2011,2015,Private,518184,18,51,East Region,Pasir Ris
RIVERIA GARDENS,"3,430,000","1,431.61","2,396",13 Apr 2022,8 RIVER VALLEY GROVE #20-02,Resale,Strata,133,"25,789",-,Apartment,1,Freehold,2010,Private,238406,09,23,Central Region,River Valley
SPOTTISWOODE SUITES,"1,650,000",742.72,"2,222",13 Apr 2022,16 SPOTTISWOODE PARK ROAD #23-03,Resale,Strata,69,"23,913",-,Apartment,1,Freehold,2017,HDB,088661,02,08,Central Region,Bukit Merah
THE TEMBUSU,"1,820,000","1,044.11","1,743",13 Apr 2022,107C TAMPINES ROAD #03-18,Resale,Strata,97,"18,763",-,Condominium,1,Freehold,2016,HDB,534007,19,53,North East Region,Hougang
THE SANTORINI,"1,558,000","1,259.39","1,237",13 Apr 2022,23 TAMPINES STREET 86 #03-14,Resale,Strata,117,"13,316",-,Condominium,1,99 yrs from 16/10/2013,2017,HDB,528568,18,52,East Region,Tampines
THE WHARF RESIDENCE,"2,820,000","1,377.79","2,047",13 Apr 2022,9 TONG WATT ROAD #09-05,Resale,Strata,128,"22,031",-,Condominium,1,999 yrs from 01/07/1841,2012,Private,238004,09,23,Central Region,River Valley
SUITES @ EASTCOAST,"615,000",376.74,"1,632",13 Apr 2022,171 UPPER EAST COAST ROAD #02-05,Resale,Strata,35,"17,571",-,Condominium,1,Freehold,2012,Private,455273,15,45,East Region,Bedok
BOATHOUSE RESIDENCES,"1,868,000","1,463.9","1,276",13 Apr 2022,27 UPPER SERANGOON VIEW #18-11,Resale,Strata,136,"13,735",-,Condominium,1,99 yrs from 09/02/2011,2015,HDB,534045,19,53,North East Region,Hougang
VARSITY PARK CONDOMINIUM,"1,950,000","1,614.6","1,208",13 Apr 2022,26 WEST COAST ROAD #01-11,Resale,Strata,150,"13,000",-,Condominium,1,99 yrs from 03/05/2004,2008,Private,127448,05,12,West Region,Clementi
WHISTLER GRAND,"765,000",441.32,"1,733",13 Apr 2022,107 WEST COAST VALE #12-04,Sub Sale,Strata,41,"18,659",-,Apartment,1,99 yrs from 07/05/2018,Uncompleted,HDB,126751,05,12,West Region,Clementi
WHISTLER GRAND,"1,680,000","1,065.64","1,577",13 Apr 2022,109 WEST COAST VALE #04-12,Sub Sale,Strata,99,"16,970",-,Apartment,1,99 yrs from 07/05/2018,Uncompleted,Private,126752,05,12,West Region,Clementi
THE ESTUARY,"1,020,000",925.7,"1,102",13 Apr 2022,93 YISHUN AVENUE 1 #09-23,Resale,Strata,86,"11,860",-,Condominium,1,99 yrs from 25/06/2008,2013,HDB,769136,27,76,North Region,Yishun
THE WOODLEIGH RESIDENCES,"2,362,000","1,119.46","2,110",14 Apr 2022,21 BIDADARI PARK DRIVE #09-27,New Sale,Strata,104,"22,712",-,Apartment,1,99 yrs from 18/09/2017,Uncompleted,N.A,367795,13,36,Central Region,Toa Payoh
FOURTH AVENUE RESIDENCES,"2,288,000",958,"2,388",14 Apr 2022,14 FOURTH AVENUE #01-50,New Sale,Strata,89,"25,708",-,Apartment,1,99 yrs from 07/03/2018,Uncompleted,N.A,268677,10,26,Central Region,Bukit Timah
THE GAZANIA,"2,060,000",990.29,"2,080",14 Apr 2022,9 HOW SUN DRIVE #01-19,New Sale,Strata,92,"22,391",-,Condominium,1,Freehold,Uncompleted,N.A,538533,19,53,North East Region,Serangoon
MIDTOWN BAY,"1,504,000",462.85,"3,249",14 Apr 2022,122 BEACH ROAD #17-03,New Sale,Strata,43,"34,977",-,Apartment,1,99 yrs from 02/01/2018,Uncompleted,N.A,189770,07,18,Central Region,Downtown Core
NORMANTON PARK,"2,381,000","1,313.21","1,813",14 Apr 2022,45 NORMANTON PARK #09-03,New Sale,Strata,122,"19,516",-,Apartment,1,99 yrs from 22/07/2019,Uncompleted,N.A,119027,05,11,Central Region,Queenstown
NORMANTON PARK,"2,432,000","1,313.21","1,852",14 Apr 2022,45 NORMANTON PARK #16-03,New Sale,Strata,122,"19,934",-,Apartment,1,99 yrs from 22/07/2019,Uncompleted,N.A,119027,05,11,Central Region,Queenstown
AVENUE SOUTH RESIDENCE,"1,720,000",656.6,"2,620",14 Apr 2022,11 SILAT AVENUE #55-28,New Sale,Strata,61,"28,197",-,Apartment,1,99 yrs from 14/08/2018,Uncompleted,N.A,168877,03,16,Central Region,Bukit Merah
AVENUE SOUTH RESIDENCE,"3,057,000","1,496.2","2,043",14 Apr 2022,13 SILAT AVENUE #15-37,New Sale,Strata,139,"21,993",-,Apartment,1,99 yrs from 14/08/2018,Uncompleted,N.A,168878,03,16,Central Region,Bukit Merah
THE AVENIR,"5,073,000","1,571.54","3,228",14 Apr 2022,10 RIVER VALLEY CLOSE #20-08,New Sale,Strata,146,"34,747",-,Condominium,1,Freehold,Uncompleted,N.A,238438,09,23,Central Region,River Valley
KLIMT CAIRNHILL,"7,404,000","2,055.92","3,601",14 Apr 2022,71 CAIRNHILL ROAD #12-01,New Sale,Strata,191,"38,764",-,Apartment,1,Freehold,Uncompleted,N.A,229725,09,22,Central Region,Newton
IRWELL HILL RESIDENCES,"1,964,000",656.6,"2,991",14 Apr 2022,2 IRWELL HILL #32-01,New Sale,Strata,61,"32,197",-,Apartment,1,99 yrs from 13/04/2020,Uncompleted,N.A,239588,09,23,Central Region,River Valley
PASIR RIS 8,"2,028,000","1,259.39","1,610",14 Apr 2022,12 PASIR RIS DRIVE 8 #05-26,New Sale,Strata,117,"17,333",-,Apartment,1,99 yrs from 05/07/2021,Uncompleted,N.A,519469,18,51,East Region,Pasir Ris
THE WATERGARDENS AT CANBERRA,"1,241,000",904.18,"1,373",14 Apr 2022,55 CANBERRA DRIVE #05-75,New Sale,Strata,84,"14,774",-,Apartment,1,99 yrs from 08/06/2020,Uncompleted,N.A,769329,27,76,North Region,Sembawang
IKIGAI,"1,315,000",602.78,"2,182",14 Apr 2022,38 SHREWSBURY ROAD #03-04,New Sale,Strata,56,"23,482",-,Apartment,1,Freehold,Uncompleted,N.A,307818,11,30,Central Region,Novena
CANNINGHILL PIERS,"2,248,000",731.95,"3,071",14 Apr 2022,1 CLARKE QUAY #41-02,New Sale,Strata,68,"33,059",-,Apartment,1,99 yrs from 17/09/2021,Uncompleted,N.A,179882,06,17,Central Region,Singapore River
ZEDGE,"1,600,000",914.94,"1,749",14 Apr 2022,2 AKYAB ROAD #09-01,Resale,Strata,85,"18,824",-,Apartment,1,Freehold,2010,HDB,309973,11,30,Central Region,Novena
THE ESTA,"2,575,000","1,399.32","1,840",14 Apr 2022,35 AMBER GARDENS #06-09,Resale,Strata,130,"19,808",-,Condominium,1,Freehold,2008,Private,439966,15,43,Central Region,Marine Parade
ONE AMBER,"2,370,000","1,334.74","1,776",14 Apr 2022,9 AMBER GARDENS #04-26,Resale,Strata,124,"19,113",-,Condominium,1,Freehold,2010,Private,439958,15,43,Central Region,Marine Parade
NOUVEL 18,"7,816,000","2,475.72","3,157",14 Apr 2022,18 ANDERSON ROAD #06-03,Resale,Strata,230,"33,983",-,Condominium,1,Freehold,2014,Private,259977,10,25,Central Region,Newton
TWENTYONE ANGULLIA PARK,"7,452,000","2,260.44","3,297",14 Apr 2022,21 ANGULLIA PARK #07-01,Resale,Strata,210,"35,486",-,Condominium,1,Freehold,2014,Private,239974,09,23,Central Region,River Valley
THE SOLITAIRE,"3,550,000","1,560.78","2,275",14 Apr 2022,5A BALMORAL PARK #03-03,Resale,Strata,145,"24,483",-,Condominium,1,Freehold,2009,Private,259829,10,25,Central Region,Tanglin
SKY VUE,"887,000",484.38,"1,831",14 Apr 2022,1 BISHAN STREET 15 #22-04,Resale,Strata,45,"19,711",-,Condominium,1,99 yrs from 04/03/2013,2016,HDB,573910,20,57,Central Region,Bishan
THE JADE,"1,275,000","1,087.16","1,173",14 Apr 2022,9 BUKIT BATOK CENTRAL LINK #18-05,Resale,Strata,101,"12,624",-,Condominium,1,99 yrs from 02/10/2001,2004,HDB,658074,23,65,West Region,Bukit Batok
THE LEGACY,"1,398,000",764.24,"1,829",14 Apr 2022,455 BUKIT TIMAH ROAD #03-02,Resale,Strata,71,"19,690",-,Apartment,1,Freehold,1999,Private,259750,10,25,Central Region,Tanglin
LAKEVILLE,"1,460,000",936.47,"1,559",14 Apr 2022,3 JURONG LAKE LINK #14-14,Resale,Strata,87,"16,782",-,Condominium,1,99 yrs from 30/04/2013,2017,Private,648161,22,64,West Region,Jurong West
THE CENTRIS,"1,400,008","1,571.54",891,14 Apr 2022,75 JURONG WEST CENTRAL 3 #16-25,Resale,Strata,146,"9,589",-,Apartment,1,99 yrs from 21/06/2006,2009,HDB,648337,22,64,West Region,Jurong West
THE HILLIER,"826,888",624.31,"1,324",14 Apr 2022,6 HILLVIEW RISE #08-30,Resale,Strata,58,"14,257",-,Apartment,1,99 yrs from 01/08/2011,2016,Private,667980,23,66,West Region,Bukit Batok
DUNEARN SUITES,"820,000",430.56,"1,904",14 Apr 2022,404 DUNEARN ROAD #02-04,Resale,Strata,40,"20,500",-,Apartment,1,Freehold,2011,HDB,289609,11,28,Central Region,Bukit Timah
THE BLOSSOMVALE,"2,500,000","1,323.97","1,888",14 Apr 2022,900 DUNEARN ROAD #04-02,Resale,Strata,123,"20,325",-,Condominium,1,999 yrs from 15/08/1884,1998,Private,589473,21,58,Central Region,Bukit Timah
KINGSFORD . HILLVIEW PEAK,"1,125,000",828.83,"1,357",14 Apr 2022,101 HILLVIEW RISE #03-03,Resale,Strata,77,"14,610",-,Condominium,1,99 yrs from 04/06/2012,2017,Private,667981,23,66,West Region,Bukit Batok
MACKENZIE REGENCY,"1,550,000",990.29,"1,565",14 Apr 2022,33 MACKENZIE ROAD #09-02,Resale,Strata,92,"16,848",-,Apartment,1,Freehold,2007,HDB,228686,09,22,Central Region,Rochor
SILVERSEA,"3,438,000","1,679.18","2,047",14 Apr 2022,50 MARINE PARADE ROAD #14-13,Resale,Strata,156,"22,038",-,Condominium,1,99 yrs from 20/07/2007,2014,Private,449307,15,44,Central Region,Marine Parade
THE INTERWEAVE,"630,000",387.5,"1,626",14 Apr 2022,21 KIM KEAT ROAD #12-07,Resale,Strata,36,"17,500",-,Apartment,1,Freehold,2014,HDB,328805,12,32,Central Region,Novena
KOVAN MELODY,"1,500,000","1,216.33","1,233",14 Apr 2022,33 KOVAN ROAD #10-40,Resale,Strata,113,"13,274",-,Condominium,1,99 yrs from 20/01/2004,2006,Private,545020,19,54,North East Region,Hougang
D'LEEDON,"1,150,000",635.08,"1,811",14 Apr 2022,11 LEEDON HEIGHTS #13-39,Resale,Strata,59,"19,492",-,Condominium,1,99 yrs from 08/04/2010,2014,Private,267955,10,26,Central Region,Bukit Timah
D'LEEDON,"3,200,000","1,614.6","1,982",14 Apr 2022,11 LEEDON HEIGHTS #31-30,Resale,Strata,150,"21,333",-,Condominium,1,99 yrs from 08/04/2010,2014,Private,267955,10,26,Central Region,Bukit Timah
THE SPECTRUM,"1,900,000","1,550.02","1,226",14 Apr 2022,505 PASIR PANJANG ROAD #02-12,Resale,Strata,144,"13,194",-,Condominium,1,Freehold,2005,Private,117504,05,11,Central Region,Queenstown
COCO PALMS,"1,020,000",742.72,"1,373",14 Apr 2022,15 PASIR RIS GROVE #10-13,Resale,Strata,69,"14,783",-,Condominium,1,99 yrs from 07/01/2008,2018,HDB,518142,18,51,East Region,Pasir Ris
RIPPLE BAY,"850,000",785.77,"1,082",14 Apr 2022,10 PASIR RIS LINK #06-44,Resale,Strata,73,"11,644",-,Condominium,1,99 yrs from 10/08/2011,2015,HDB,518163,18,51,East Region,Pasir Ris
NOUVELLE PARK,"2,000,000","1,808.35","1,106",14 Apr 2022,137 POH HUAT ROAD WEST #01-07,Resale,Strata,168,"11,905",-,Condominium,1,Freehold,1994,HDB,546687,19,54,North East Region,Hougang
PRINCIPAL GARDEN,"1,750,000",861.12,"2,032",14 Apr 2022,99 PRINCE CHARLES CRESCENT #21-25,Resale,Strata,80,"21,875",-,Condominium,1,99 yrs from 21/07/2014,2018,HDB,159029,03,15,Central Region,Bukit Merah
THE GREENWICH,"975,000",882.65,"1,105",14 Apr 2022,11 SELETAR ROAD #02-52,Resale,Strata,82,"11,890",-,Condominium,1,99 yrs from 21/12/2009,2014,HDB,807016,28,80,North East Region,Serangoon
MANDARIN GARDENS,"975,000",731.95,"1,332",14 Apr 2022,5 SIGLAP ROAD #09-49,Resale,Strata,68,"14,338",-,Condominium,1,99 yrs from 08/03/1982,1986,HDB,448908,15,44,East Region,Bedok
VARSITY PARK CONDOMINIUM,"2,210,000","2,012.87","1,098",14 Apr 2022,40 WEST COAST ROAD #05-39,Resale,Strata,187,"11,818",-,Condominium,1,99 yrs from 03/05/2004,2008,Private,126843,05,12,West Region,Clementi
PARC RIVIERA,"1,055,000",710.42,"1,485",14 Apr 2022,103 WEST COAST VALE #34-21,Resale,Strata,66,"15,985",-,Condominium,1,99 yrs from 11/11/2015,2019,Private,126754,05,12,West Region,Clementi
AMBER PARK,"3,213,000","1,302.44","2,467",15 Apr 2022,18 AMBER GARDENS #08-16,New Sale,Strata,121,"26,554",-,Condominium,1,Freehold,Uncompleted,N.A,439980,15,43,Central Region,Marine Parade
JUNIPER HILL,"3,195,000","1,108.69","2,882",15 Apr 2022,39 EWE BOON ROAD #05-06,New Sale,Strata,103,"31,019",-,Apartment,1,Freehold,2022,N.A,259334,10,25,Central Region,Tanglin
HAUS ON HANDY,"1,564,000",602.78,"2,595",15 Apr 2022,30 HANDY ROAD #05-17,New Sale,Strata,56,"27,929",-,Condominium,1,99 yrs from 07/05/2018,Uncompleted,N.A,229241,09,22,Central Region,Museum
NORMANTON PARK,"2,444,000","1,313.21","1,861",15 Apr 2022,53 NORMANTON PARK #15-41,New Sale,Strata,122,"20,033",-,Apartment,1,99 yrs from 22/07/2019,Uncompleted,N.A,117282,05,11,Central Region,Queenstown
URBAN TREASURES,"1,205,110",635.08,"1,898",15 Apr 2022,205 JALAN EUNOS #02-03,New Sale,Strata,59,"20,426",-,Condominium,1,Freehold,Uncompleted,N.A,419535,14,41,East Region,Bedok
URBAN TREASURES,"1,269,390",635.08,"1,999",15 Apr 2022,207 JALAN EUNOS #05-13,New Sale,Strata,59,"21,515",-,Condominium,1,Freehold,Uncompleted,N.A,415799,14,41,East Region,Bedok
URBAN TREASURES,"1,682,660",882.65,"1,906",15 Apr 2022,207 JALAN EUNOS #02-15,New Sale,Strata,82,"20,520",-,Condominium,1,Freehold,Uncompleted,N.A,415799,14,41,East Region,Bedok
AVENUE SOUTH RESIDENCE,"3,193,000","1,496.2","2,134",15 Apr 2022,11 SILAT AVENUE #32-31,New Sale,Strata,139,"22,971",-,Apartment,1,99 yrs from 14/08/2018,Uncompleted,N.A,168877,03,16,Central Region,Bukit Merah
RYMDEN 77,"2,958,293","1,948.28","1,518",15 Apr 2022,77 LORONG H TELOK KURAU #05-05,New Sale,Strata,181,"16,344",-,Apartment,1,Freehold,Uncompleted,N.A,426094,15,42,East Region,Bedok
MEYER MANSION,"2,033,800",688.9,"2,952",15 Apr 2022,79 MEYER ROAD #17-05,New Sale,Strata,64,"31,778",-,Apartment,1,Freehold,Uncompleted,N.A,437906,15,43,Central Region,Marine Parade
THE AVENIR,"2,566,000",807.3,"3,178",15 Apr 2022,8 RIVER VALLEY CLOSE #22-04,New Sale,Strata,75,"34,213",-,Condominium,1,Freehold,Uncompleted,N.A,238432,09,23,Central Region,River Valley
THE AVENIR,"2,579,000",807.3,"3,195",15 Apr 2022,8 RIVER VALLEY CLOSE #23-04,New Sale,Strata,75,"34,387",-,Condominium,1,Freehold,Uncompleted,N.A,238432,09,23,Central Region,River Valley
THE AVENIR,"3,699,000","1,140.98","3,242",15 Apr 2022,8 RIVER VALLEY CLOSE #27-06,New Sale,Strata,106,"34,896",-,Condominium,1,Freehold,Uncompleted,N.A,238432,09,23,Central Region,River Valley
LEEDON GREEN,"4,027,000","1,356.26","2,969",15 Apr 2022,36 LEEDON HEIGHTS #05-44,New Sale,Strata,126,"31,960",-,Condominium,1,Freehold,Uncompleted,N.A,266077,10,26,Central Region,Bukit Timah
LEEDON GREEN,"4,243,000","1,356.26","3,128",15 Apr 2022,36 LEEDON HEIGHTS #10-49,New Sale,Strata,126,"33,675",-,Condominium,1,Freehold,Uncompleted,N.A,266077,10,26,Central Region,Bukit Timah
LEEDON GREEN,"2,782,000",958,"2,904",15 Apr 2022,38 LEEDON HEIGHTS #12-56,New Sale,Strata,89,"31,258",-,Condominium,1,Freehold,Uncompleted,N.A,266078,10,26,Central Region,Bukit Timah
PENROSE,"2,012,000","1,173.28","1,715",15 Apr 2022,28 SIMS DRIVE #01-24,New Sale,Strata,109,"18,459",-,Apartment,1,99 yrs from 03/07/2019,Uncompleted,N.A,387399,14,38,Central Region,Geylang
MIDTOWN MODERN,"2,997,720","1,065.64","2,813",15 Apr 2022,18 TAN QUEE LAN STREET #27-16,New Sale,Strata,99,"30,280",-,Apartment,1,99 yrs from 10/12/2019,Uncompleted,N.A,188105,07,18,Central Region,Downtown Core
THE COMMODORE,"1,751,000","1,184.04","1,479",15 Apr 2022,67 CANBERRA DRIVE #03-30,New Sale,Strata,110,"15,918",-,Condominium,1,99 yrs from 08/06/2020,Uncompleted,N.A,769308,27,76,North Region,Sembawang
BOULEVARD 88,"6,411,900","1,776.06","3,610",16 Apr 2022,86 ORCHARD BOULEVARD #04-02,New Sale,Strata,165,"38,860",-,Apartment,1,Freehold,Uncompleted,N.A,248655,10,24,Central Region,Orchard
THE WOODLEIGH RESIDENCES,"2,492,000","1,119.46","2,226",16 Apr 2022,21 BIDADARI PARK DRIVE #13-27,New Sale,Strata,104,"23,962",-,Apartment,1,99 yrs from 18/09/2017,Uncompleted,N.A,367795,13,36,Central Region,Toa Payoh
AMBER PARK,"3,810,000","1,571.54","2,424",16 Apr 2022,16 AMBER GARDENS #04-07,New Sale,Strata,146,"26,096",-,Condominium,1,Freehold,Uncompleted,N.A,439961,15,43,Central Region,Marine Parade
FOURTH AVENUE RESIDENCES,"2,231,000",914.94,"2,438",16 Apr 2022,8 FOURTH AVENUE #04-26,New Sale,Strata,85,"26,247",-,Apartment,1,99 yrs from 07/03/2018,Uncompleted,N.A,268674,10,26,Central Region,Bukit Timah
PARC ESTA,"1,398,000",635.08,"2,201",16 Apr 2022,904 SIMS AVENUE #05-25,New Sale,Strata,59,"23,695",-,Apartment,1,99 yrs from 12/07/2018,Uncompleted,N.A,408968,14,40,Central Region,Geylang
THE FLORENCE RESIDENCES,"959,000",484.38,"1,980",16 Apr 2022,95 HOUGANG AVENUE 2 #17-71,New Sale,Strata,45,"21,311",-,Apartment,1,99 yrs from 24/12/2018,Uncompleted,N.A,533754,19,53,North East Region,Hougang
PEAK RESIDENCE,"2,828,800","1,087.16","2,602",16 Apr 2022,333 THOMSON ROAD #05-03,New Sale,Strata,101,"28,008",-,Condominium,1,Freehold,Uncompleted,N.A,307675,11,30,Central Region,Novena
ONE PEARL BANK,"2,830,000","1,194.8","2,369",16 Apr 2022,1 PEARL BANK #07-08,New Sale,Strata,111,"25,495",-,Apartment,1,99 yrs from 01/03/2019,Uncompleted,N.A,169016,03,16,Central Region,Outram
SENGKANG GRAND RESIDENCES,"1,871,700","1,054.87","1,774",16 Apr 2022,86 COMPASSVALE BOW #04-64,New Sale,Strata,98,"19,099",-,Apartment,1,99 yrs from 13/11/2018,Uncompleted,N.A,544573,19,54,North East Region,Sengkang
PARC KOMO,"1,599,000",968.76,"1,651",16 Apr 2022,967 UPPER CHANGI ROAD NORTH #02-38,New Sale,Strata,90,"17,767",-,Apartment,1,Freehold,Uncompleted,N.A,507666,17,50,East Region,Pasir Ris
PARC KOMO,"1,583,000",968.76,"1,634",16 Apr 2022,967 UPPER CHANGI ROAD NORTH #02-39,New Sale,Strata,90,"17,589",-,Apartment,1,Freehold,Uncompleted,N.A,507666,17,50,East Region,Pasir Ris
PARC KOMO,"1,566,000",968.76,"1,616",16 Apr 2022,971 UPPER CHANGI ROAD NORTH #02-53,New Sale,Strata,90,"17,400",-,Apartment,1,Freehold,Uncompleted,N.A,507668,17,50,East Region,Pasir Ris
VERTICUS,"1,354,000",678.13,"1,997",16 Apr 2022,3 JALAN KEMAMAN #10-08,New Sale,Strata,63,"21,492",-,Apartment,1,Freehold,Uncompleted,N.A,329343,12,32,Central Region,Novena
MEYER MANSION,"3,640,000","1,399.32","2,601",16 Apr 2022,79 MEYER ROAD #10-04,New Sale,Strata,130,"28,000",-,Apartment,1,Freehold,Uncompleted,N.A,437906,15,43,Central Region,Marine Parade
MEYER MANSION,"2,936,000","1,108.69","2,648",16 Apr 2022,79 MEYER ROAD #19-06,New Sale,Strata,103,"28,505",-,Apartment,1,Freehold,Uncompleted,N.A,437906,15,43,Central Region,Marine Parade
MEYER MANSION,"2,947,000","1,108.69","2,658",16 Apr 2022,79 MEYER ROAD #20-06,New Sale,Strata,103,"28,612",-,Apartment,1,Freehold,Uncompleted,N.A,437906,15,43,Central Region,Marine Parade
THE M,"2,092,000",764.24,"2,737",16 Apr 2022,36 MIDDLE ROAD #15-30,New Sale,Strata,71,"29,465",-,Apartment,1,99 yrs from 03/07/2019,Uncompleted,N.A,188945,07,18,Central Region,Downtown Core
THE AVENIR,"2,604,000",807.3,"3,226",16 Apr 2022,8 RIVER VALLEY CLOSE #25-04,New Sale,Strata,75,"34,720",-,Condominium,1,Freehold,Uncompleted,N.A,238432,09,23,Central Region,River Valley
LEEDON GREEN,"1,454,000",581.26,"2,501",16 Apr 2022,34 LEEDON HEIGHTS #06-39,New Sale,Strata,54,"26,926",-,Condominium,1,Freehold,Uncompleted,N.A,266076,10,26,Central Region,Bukit Timah
IRWELL HILL RESIDENCES,"1,892,000",656.6,"2,881",16 Apr 2022,2 IRWELL HILL #27-01,New Sale,Strata,61,"31,016",-,Apartment,1,99 yrs from 13/04/2020,Uncompleted,N.A,239588,09,23,Central Region,River Valley
IRWELL HILL RESIDENCES,"1,695,000",602.78,"2,812",16 Apr 2022,6 IRWELL HILL #27-13,New Sale,Strata,56,"30,268",-,Apartment,1,99 yrs from 13/04/2020,Uncompleted,N.A,239590,09,23,Central Region,River Valley
THE COMMODORE,"1,992,000","1,270.15","1,568",16 Apr 2022,67 CANBERRA DRIVE #02-34,New Sale,Strata,118,"16,881",-,Condominium,1,99 yrs from 08/06/2020,Uncompleted,N.A,769308,27,76,North Region,Sembawang
AMBER PARK,"5,238,000","2,142.04","2,445",17 Apr 2022,18A AMBER GARDENS #10-22,New Sale,Strata,199,"26,322",-,Condominium,1,Freehold,Uncompleted,N.A,439981,15,43,Central Region,Marine Parade
FOURTH AVENUE RESIDENCES,"2,319,920",958,"2,422",17 Apr 2022,14 FOURTH AVENUE #01-47,New Sale,Strata,89,"26,067",-,Apartment,1,99 yrs from 07/03/2018,Uncompleted,N.A,268677,10,26,Central Region,Bukit Timah
FOURTH AVENUE RESIDENCES,"2,592,520","1,108.69","2,338",17 Apr 2022,18 FOURTH AVENUE #01-63,New Sale,Strata,103,"25,170",-,Apartment,1,99 yrs from 07/03/2018,Uncompleted,N.A,268679,10,26,Central Region,Bukit Timah
FOURTH AVENUE RESIDENCES,"1,302,000",505.91,"2,574",17 Apr 2022,6 FOURTH AVENUE #08-16,New Sale,Strata,47,"27,702",-,Apartment,1,99 yrs from 07/03/2018,Uncompleted,N.A,268673,10,26,Central Region,Bukit Timah
SLOANE RESIDENCES,"4,377,000","1,496.2","2,925",17 Apr 2022,17 BALMORAL ROAD #08-08,New Sale,Strata,139,"31,489",-,Apartment,1,Freehold,Uncompleted,N.A,259803,10,25,Central Region,Tanglin
THE GAZANIA,"1,850,000",850.36,"2,176",17 Apr 2022,17 HOW SUN DRIVE #03-37,New Sale,Strata,79,"23,418",-,Condominium,1,Freehold,Uncompleted,N.A,538550,19,53,North East Region,Serangoon
THE FLORENCE RESIDENCES,"949,000",484.38,"1,959",17 Apr 2022,95 HOUGANG AVENUE 2 #16-72,New Sale,Strata,45,"21,089",-,Apartment,1,99 yrs from 24/12/2018,Uncompleted,N.A,533754,19,53,North East Region,Hougang
ONE PEARL BANK,"2,077,000",807.3,"2,573",17 Apr 2022,1 PEARL BANK #32-19,New Sale,Strata,75,"27,693",-,Apartment,1,99 yrs from 01/03/2019,Uncompleted,N.A,169016,03,16,Central Region,Outram
NORMANTON PARK,"2,021,000","1,076.4","1,878",17 Apr 2022,61 NORMANTON PARK #11-77,New Sale,Strata,100,"20,210",-,Apartment,1,99 yrs from 22/07/2019,Uncompleted,N.A,117286,05,11,Central Region,Queenstown
15 HOLLAND HILL,"6,329,250","2,045.16","3,095",17 Apr 2022,15 HOLLAND HILL #07-01,New Sale,Strata,190,"33,312",-,Apartment,1,Freehold,Uncompleted,N.A,278735,10,27,Central Region,Bukit Timah
15 HOLLAND HILL,"6,290,000","2,045.16","3,076",17 Apr 2022,15 HOLLAND HILL #06-01,New Sale,Strata,190,"33,105",-,Apartment,1,Freehold,Uncompleted,N.A,278735,10,27,Central Region,Bukit Timah
URBAN TREASURES,"1,991,840","1,011.82","1,969",17 Apr 2022,205 JALAN EUNOS #11-07,New Sale,Strata,94,"21,190",-,Condominium,1,Freehold,Uncompleted,N.A,419535,14,41,East Region,Bedok
VERTICUS,"1,508,000",699.66,"2,155",17 Apr 2022,3 JALAN KEMAMAN #10-06,New Sale,Strata,65,"23,200",-,Apartment,1,Freehold,Uncompleted,N.A,329343,12,32,Central Region,Novena
VERTICUS,"1,360,000",678.13,"2,006",17 Apr 2022,3 JALAN KEMAMAN #09-08,New Sale,Strata,63,"21,587",-,Apartment,1,Freehold,Uncompleted,N.A,329343,12,32,Central Region,Novena
VERDALE,"1,445,000",731.95,"1,974",17 Apr 2022,16 DE SOUZA AVENUE #05-47,New Sale,Strata,68,"21,250",-,Apartment,1,99 yrs from 05/12/2018,Uncompleted,N.A,599464,21,59,Central Region,Bukit Timah
AVENUE SOUTH RESIDENCE,"1,639,000",656.6,"2,496",17 Apr 2022,11 SILAT AVENUE #44-28,New Sale,Strata,61,"26,869",-,Apartment,1,99 yrs from 14/08/2018,Uncompleted,N.A,168877,03,16,Central Region,Bukit Merah
AVENUE SOUTH RESIDENCE,"3,314,000","1,496.2","2,215",17 Apr 2022,13 SILAT AVENUE #39-37,New Sale,Strata,139,"23,842",-,Apartment,1,99 yrs from 14/08/2018,Uncompleted,N.A,168878,03,16,Central Region,Bukit Merah
RYMDEN 77,"2,030,400","1,151.75","1,763",17 Apr 2022,77 LORONG H TELOK KURAU #02-04,New Sale,Strata,107,"18,976",-,Apartment,1,Freehold,Uncompleted,N.A,426094,15,42,East Region,Bedok
PULLMAN RESIDENCES NEWTON,"1,387,680",462.85,"2,998",17 Apr 2022,18 DUNEARN ROAD #15-12,New Sale,Strata,43,"32,272",-,Apartment,1,Freehold,Uncompleted,N.A,309421,11,30,Central Region,Novena
KOPAR AT NEWTON,"2,763,090","1,097.93","2,517",17 Apr 2022,8 MAKEWAY AVENUE #20-11,New Sale,Strata,102,"27,089",-,Apartment,1,99 yrs from 22/04/2019,Uncompleted,N.A,228607,09,22,Central Region,Novena
IRWELL HILL RESIDENCES,"1,711,000",602.78,"2,838",17 Apr 2022,6 IRWELL HILL #29-13,New Sale,Strata,56,"30,554",-,Apartment,1,99 yrs from 13/04/2020,Uncompleted,N.A,239590,09,23,Central Region,River Valley
THE COMMODORE,"2,508,000","1,668.42","1,503",17 Apr 2022,63 CANBERRA DRIVE #01-20,New Sale,Strata,155,"16,181",-,Condominium,1,99 yrs from 08/06/2020,Uncompleted,N.A,769306,27,76,North Region,Sembawang
