Project Name,Transacted Price ($),Area (SQFT),Unit Price ($ PSF),Sale Date,Address,Type of Sale,Type of Area,Area (SQM),Unit Price ($ PSM),Nett Price($),Property Type,Number of Units,Tenure,Completion Date,Purchaser Address Indicator,Postal Code,Postal District,Postal Sector,Planning Region,Planning Area
SERENITY PARK,"1,080,000","1,291.68",836,14 Mar 2018,157F TAMARIND ROAD #02-08,Resale,Strata,120,"9,000",-,Condominium,1,Freehold,1995,Private,806110,28,80,North East Region,Serangoon
SILVERSEA,"2,630,000","1,571.54","1,674",14 Mar 2018,50 MARINE PARADE ROAD #04-16,Resale,Strata,146,"18,014",-,Condominium,1,99 yrs from 20/07/2007,2014,Private,449307,15,44,Central Region,Marine Parade
THE PALETTE,"800,000",731.95,"1,093",14 Mar 2018,111 PASIR RIS GROVE #07-27,Resale,Strata,68,"11,765",-,Condominium,1,99 yrs from 20/10/2010,2015,Private,518170,18,51,East Region,Pasir Ris
DOUBLE BAY RESIDENCES,"1,388,888","1,313.21","1,058",14 Mar 2018,21A SIMEI STREET 4 #11-44,Resale,Strata,122,"11,384",-,Condominium,1,99 yrs from 07/04/2008,2012,HDB,528718,18,52,East Region,Tampines
GRANDEUR PARK RESIDENCES,"1,091,000",667.37,"1,635",14 Mar 2018,7 BEDOK SOUTH AVENUE 3 #12-31,New Sale,Strata,62,"17,597",-,Condominium,1,99 yrs from 25/05/2016,Uncompleted,Private,465464,16,46,East Region,Bedok
THE PARC CONDOMINIUM,"1,980,000","2,174.33",911,14 Mar 2018,9 WEST COAST WALK #24-18,Resale,Strata,202,"9,802",-,Condominium,1,Freehold,2010,HDB,127160,05,12,West Region,Clementi
CHANGI RISE CONDOMINIUM,"1,000,000","1,280.92",781,14 Mar 2018,16 SIMEI RISE #04-42,Resale,Strata,119,"8,403",-,Condominium,1,99 yrs from 29/11/2000,2004,Private,528807,18,52,East Region,Tampines
EASTPOINT GREEN,"1,630,000","2,098.98",777,14 Mar 2018,3 SIMEI STREET 3 #09-13,Resale,Strata,195,"8,359",-,Condominium,1,99 yrs from 24/04/1996,1999,Private,529891,18,52,East Region,Tampines
WOODHAVEN,"630,000",592.02,"1,064",14 Mar 2018,73 WOODGROVE AVENUE #02-26,Resale,Strata,55,"11,455",-,Condominium,1,99 yrs from 07/02/2011,2015,Private,737809,25,73,North Region,Woodlands
THE CREST,"2,996,000","1,539.25","1,946",14 Mar 2018,105 PRINCE CHARLES CRESCENT #19-18,Resale,Strata,143,"20,951",-,Condominium,1,99 yrs from 21/12/2012,2017,Private,159019,03,15,Central Region,Bukit Merah
ECO,"823,000",581.26,"1,416",14 Mar 2018,283 BEDOK SOUTH AVENUE 3 #08-57,Resale,Strata,54,"15,241",-,Condominium,1,99 yrs from 14/05/2012,2017,Private,465460,16,46,East Region,Bedok
VILLA MARINA,"1,680,000","2,012.87",835,14 Mar 2018,33 JALAN SEMPADAN #04-02,Resale,Strata,187,"8,984",-,Condominium,1,99 yrs from 13/02/1995,1999,Private,457404,15,45,East Region,Bedok
THE ALPS RESIDENCES,"1,152,000",936.47,"1,230",14 Mar 2018,115 TAMPINES STREET 86 #14-44,New Sale,Strata,87,"13,241",-,Condominium,1,99 yrs from 03/08/2015,Uncompleted,N.A,528537,18,52,East Region,Tampines
SUITES @ GUILLEMARD,"445,000",258.34,"1,723",14 Mar 2018,70 LIM AH WOO ROAD #03-11,Resale,Strata,24,"18,542",-,Apartment,1,Freehold,2014,HDB,438133,15,43,Central Region,Geylang
ONE SHENTON,"1,190,000",581.26,"2,047",14 Mar 2018,1 SHENTON WAY #37-04,Resale,Strata,54,"22,037",-,Apartment,1,99 yrs from 14/10/2005,2011,Private,068803,01,06,Central Region,Downtown Core
RIVERIA GARDENS,"1,900,000",968.76,"1,961",14 Mar 2018,8 RIVER VALLEY GROVE #07-01,Resale,Strata,90,"21,111",-,Apartment,1,Freehold,2010,Private,238406,09,23,Central Region,River Valley
N.A.,"1,100,000",979.52,"1,123",14 Mar 2018,184B JOO CHIAT PLACE,Resale,Strata,91,"12,088",-,Apartment,1,Freehold,-,Private,427896,15,42,Central Region,Geylang
RIVERVALE CREST,"830,000","1,184.04",701,14 Mar 2018,7 RIVERVALE CRESCENT #13-20,Resale,Strata,110,"7,545",-,Apartment,1,99 yrs from 06/12/1997,2002,HDB,545085,19,54,North East Region,Sengkang
THE MARBELLA,"3,760,000","2,949.34","1,275",14 Mar 2018,33 MOUNT SINAI RISE #24-11,Resale,Strata,274,"13,723",-,Condominium,1,Freehold,2005,Private,276954,10,27,Central Region,Bukit Timah
THE ARTE,"2,050,000","1,625.36","1,261",14 Mar 2018,23 JALAN RAJA UDANG #24-10,Resale,Strata,151,"13,576",-,Condominium,1,Freehold,2010,Private,329216,12,32,Central Region,Novena
KALLANG RIVERSIDE,"1,319,000",516.67,"2,553",14 Mar 2018,51 KAMPONG BUGIS #21-06,New Sale,Strata,48,"27,479",-,Apartment,1,Freehold,Uncompleted,Private,338986,12,33,Central Region,Kallang
THE HILLFORD,"480,000",398.27,"1,205",14 Mar 2018,172 JALAN JURONG KECHIL #02-17,Resale,Strata,37,"12,973",-,Apartment,1,60 yrs from 19/02/2013,2016,HDB,596182,21,59,Central Region,Bukit Timah
TREVISTA,"1,760,000","1,270.15","1,386",14 Mar 2018,23 LORONG 3 TOA PAYOH #24-11,Resale,Strata,118,"14,915",-,Condominium,1,99 yrs from 15/07/2008,2011,HDB,319582,12,31,Central Region,Toa Payoh
EIGHT RIVERSUITES,"999,900",699.66,"1,429",14 Mar 2018,10 WHAMPOA EAST #06-28,Resale,Strata,65,"15,383",-,Condominium,1,99 yrs from 11/07/2011,2016,Private,338521,12,33,Central Region,Kallang
THE TESSARINA,"2,600,000","1,646.89","1,579",14 Mar 2018,26 WILBY ROAD #01-31,Resale,Strata,153,"16,993",-,Condominium,1,Freehold,2003,Private,276308,10,27,Central Region,Bukit Timah
LEVENUE,"675,000",495.14,"1,363",15 Mar 2018,55 LENGKONG EMPAT #04-02,Resale,Strata,46,"14,674",-,Apartment,1,Freehold,2014,HDB,417642,14,41,East Region,Bedok
MARINE BLUE,"1,567,000",688.9,"2,275",15 Mar 2018,91 MARINE PARADE ROAD #08-07,Resale,Strata,64,"24,484",-,Condominium,1,Freehold,2016,Private,449314,15,44,Central Region,Marine Parade
QUEENS PEAK,"1,636,000",850.36,"1,924",15 Mar 2018,1 DUNDEE ROAD #37-09,New Sale,Strata,79,"20,709",-,Condominium,1,99 yrs from 28/09/2015,Uncompleted,HDB,149456,03,14,Central Region,Queenstown
CONCOURSE SKYLINE,"2,450,000","1,377.79","1,778",15 Mar 2018,298 BEACH ROAD #10-14,Resale,Strata,128,"19,141",-,Apartment,1,99 yrs from 13/03/2008,2014,Private,199554,07,19,Central Region,Kallang
SUNVILLE,"980,000",936.47,"1,046",15 Mar 2018,20 ST. MICHAEL'S ROAD #05-03,Resale,Strata,87,"11,264",-,Apartment,1,Freehold,2005,HDB,327979,12,32,Central Region,Kallang
FOREST WOODS,"1,200,000",753.48,"1,593",15 Mar 2018,15 LORONG LEW LIAN #12-24,New Sale,Strata,70,"17,143",-,Condominium,1,99 yrs from 05/02/2016,Uncompleted,HDB,533853,19,53,North East Region,Serangoon
SILVERSEA,"1,800,000",968.76,"1,858",15 Mar 2018,48 MARINE PARADE ROAD #09-08,Resale,Strata,90,"20,000",-,Condominium,1,99 yrs from 20/07/2007,2014,HDB,449306,15,44,Central Region,Marine Parade
VILLA MARINA,"1,370,000","1,539.25",890,15 Mar 2018,29 JALAN SEMPADAN #01-16,Resale,Strata,143,"9,580",-,Condominium,1,99 yrs from 13/02/1995,1999,Private,457402,15,45,East Region,Bedok
GEM RESIDENCES,"1,836,000","1,248.62","1,470",15 Mar 2018,3 LORONG 5 TOA PAYOH #09-15,New Sale,Strata,116,"15,828",-,Condominium,1,99 yrs from 21/09/2015,Uncompleted,Private,319459,12,31,Central Region,Toa Payoh
PALM ISLES,"805,000",807.3,997,15 Mar 2018,38 FLORA DRIVE #03-54,Resale,Strata,75,"10,733",-,Condominium,1,99 yrs from 14/09/2011,2015,HDB,506895,17,50,East Region,Pasir Ris
ISUITES @ PALM,"592,000",462.85,"1,279",15 Mar 2018,26 GLASGOW ROAD #03-13,Resale,Strata,43,"13,767",-,Apartment,1,999 yrs from 02/12/1878,2013,HDB,549345,19,54,North East Region,Hougang
PARC VERA,"790,000",785.77,"1,005",15 Mar 2018,10 HOUGANG STREET 32 #12-22,Resale,Strata,73,"10,822",-,Condominium,1,99 yrs from 20/12/2010,2014,HDB,534037,19,53,North East Region,Hougang
THE MAYFAIR,"1,085,000","1,227.1",884,15 Mar 2018,3 JURONG EAST STREET 32 #09-01,Resale,Strata,114,"9,518",-,Condominium,1,99 yrs from 04/12/1996,2000,Private,609478,22,60,West Region,Jurong East
GRANDEUR PARK RESIDENCES,"1,316,000",893.41,"1,473",15 Mar 2018,9 BEDOK SOUTH AVENUE 3 #01-36,New Sale,Strata,83,"15,855",-,Condominium,1,99 yrs from 25/05/2016,Uncompleted,HDB,465465,16,46,East Region,Bedok
VILLA DES FLORES,"2,950,000","2,174.33","1,357",15 Mar 2018,125 WHITLEY ROAD #01-09,Resale,Strata,202,"14,604",-,Condominium,1,Freehold,1985,Private,297820,11,29,Central Region,Novena
THE CREST,"2,860,000","1,571.54","1,820",15 Mar 2018,101 PRINCE CHARLES CRESCENT #04-03,Resale,Strata,146,"19,589",-,Condominium,1,99 yrs from 21/12/2012,2017,HDB,159017,03,15,Central Region,Bukit Merah
THE WARREN,"908,000","1,065.64",852,15 Mar 2018,47 CHOA CHU KANG LOOP #14-16,Resale,Strata,99,"9,172",-,Condominium,1,99 yrs from 21/06/2001,2004,Private,689680,23,68,West Region,Choa Chu Kang
ILLUMINAIRE ON DEVONSHIRE,"939,000",441.32,"2,128",15 Mar 2018,65 DEVONSHIRE ROAD #03-03,Resale,Strata,41,"22,902",-,Apartment,1,Freehold,2011,Private,239900,09,23,Central Region,River Valley
THE GARDENS AT BISHAN,"1,270,000","1,205.57","1,053",15 Mar 2018,9 SIN MING WALK #08-03,Resale,Strata,112,"11,339",-,Condominium,1,99 yrs from 22/03/1997,2004,HDB,575578,20,57,Central Region,Bishan
SPRINGDALE CONDOMINIUM,"1,247,500","1,119.46","1,114",15 Mar 2018,47 HINDHEDE WALK #07-10,Resale,Strata,104,"11,995",-,Condominium,1,999 yrs from 21/06/1877,1998,Private,587977,21,58,West Region,Bukit Panjang
THE SEA VIEW,"2,530,000","1,517.72","1,667",15 Mar 2018,39 AMBER ROAD #03-24,Resale,Strata,141,"17,943",-,Condominium,1,Freehold,2008,Private,439947,15,43,Central Region,Marine Parade
TROPICANA CONDOMINIUM,"1,350,000","1,442.38",936,15 Mar 2018,2 JALAN TIGA RATUS #01-09,Resale,Strata,134,"10,075",-,Condominium,1,999 yrs from 06/07/1885,1994,Private,488067,16,48,East Region,Tampines
WING FONG MANSIONS,"805,000",947.23,850,15 Mar 2018,12 LORONG 14 GEYLANG #02-14,Resale,Strata,88,"9,148",-,Apartment,1,Freehold,1997,Private,398924,14,39,Central Region,Geylang
THE PANORAMA,"1,950,000","1,323.97","1,473",15 Mar 2018,20 ANG MO KIO AVENUE 2 #16-36,Sub Sale,Strata,123,"15,854",-,Condominium,1,99 yrs from 08/04/2013,2017,Private,567701,20,56,North East Region,Ang Mo Kio
RV EDGE,"760,000",376.74,"2,017",15 Mar 2018,2 SHANGHAI ROAD #03-08,Resale,Strata,35,"21,714",-,Apartment,1,Freehold,2013,Private,248209,10,24,Central Region,Tanglin
R MAISON,"1,300,000","1,162.51","1,118",15 Mar 2018,1 SOMMERVILLE WALK #05-09,Resale,Strata,108,"12,037",-,Apartment,1,Freehold,2016,Private,357699,13,35,North East Region,Serangoon
GARDENVISTA,"970,000",893.41,"1,086",15 Mar 2018,958 DUNEARN ROAD #01-23,Resale,Strata,83,"11,687",-,Condominium,1,99 yrs from 09/09/1999,2006,Private,589485,21,58,Central Region,Bukit Timah
KATONG PARK TOWERS,"345,000,000","237,453.84","1,453",15 Mar 2018,"114A(ENBLOC) ARTHUR ROAD #01-02,03 ETC",Resale,Strata,"22,060","15,639",-,Condominium,118,99 yrs from 05/04/1982,1987,Private,439826,15,43,Central Region,Marine Parade
COMPASS HEIGHTS,"955,000","1,108.69",861,15 Mar 2018,9 SENGKANG SQUARE #11-12,Resale,Strata,103,"9,272",-,Apartment,1,99 yrs from 30/04/2000,2002,Private,545075,19,54,North East Region,Sengkang
THE CLEMENT CANOPY,"1,426,000",990.29,"1,440",15 Mar 2018,16 CLEMENTI AVENUE 1 #14-02,New Sale,Strata,92,"15,500",-,Apartment,1,99 yrs from 09/03/2016,Uncompleted,Private,129960,05,12,West Region,Clementi
REGENT PARK,"958,000",958,"1,000",15 Mar 2018,22 JALAN LEMPENG #05-06,Resale,Strata,89,"10,764",-,Condominium,1,99 yrs from 01/12/1993,1997,HDB,128803,05,12,West Region,Clementi
THE ESTA,"4,780,000","3,186.14","1,500",15 Mar 2018,37 AMBER GARDENS #21-13,Resale,Strata,296,"16,149",-,Condominium,1,Freehold,2008,Private,439969,15,43,Central Region,Marine Parade
DORSETT RESIDENCES,"1,000,000",484.38,"2,064",15 Mar 2018,331 NEW BRIDGE ROAD #06-11,Resale,Strata,45,"22,222",-,Apartment,1,99 yrs from 07/12/2009,2013,Private,088764,02,08,Central Region,Outram
SKY HABITAT,"2,094,900","1,517.72","1,380",15 Mar 2018,7 BISHAN STREET 15 #03-06,Resale,Strata,141,"14,857",-,Condominium,1,99 yrs from 30/05/2011,2015,Private,573908,20,57,Central Region,Bishan
THE CLEARWATER,"861,000",947.23,909,15 Mar 2018,8 BEDOK RESERVOIR VIEW #09-20,Resale,Strata,88,"9,784",-,Condominium,1,99 yrs from 18/07/1997,2001,Private,479235,16,47,East Region,Bedok
THE LAKESHORE,"1,180,000","1,108.69","1,064",15 Mar 2018,31 JURONG WEST STREET 41 #06-25,Resale,Strata,103,"11,456",-,Condominium,1,99 yrs from 22/11/2002,2007,HDB,649412,22,64,West Region,Jurong West
RIPPLE BAY,"767,000",785.77,976,15 Mar 2018,6 PASIR RIS LINK #05-22,Resale,Strata,73,"10,507",-,Condominium,1,99 yrs from 10/08/2011,2015,Private,518161,18,51,East Region,Pasir Ris
EVERGREEN PARK,"858,000","1,237.86",693,15 Mar 2018,37 HOUGANG AVENUE 7 #06-03,Resale,Strata,115,"7,461",-,Apartment,1,99 yrs from 01/10/1995,1999,HDB,538803,19,53,North East Region,Hougang
THE ALPS RESIDENCES,"1,150,000",936.47,"1,228",15 Mar 2018,111 TAMPINES STREET 86 #12-35,New Sale,Strata,87,"13,218",-,Condominium,1,99 yrs from 03/08/2015,Uncompleted,HDB,528535,18,52,East Region,Tampines
CENTRA SUITES,"600,000",441.32,"1,360",15 Mar 2018,38 LORONG 25A GEYLANG #05-05,Resale,Strata,41,"14,634",-,Apartment,1,Freehold,2012,Private,388242,14,38,Central Region,Geylang
RIVERBANK @ FERNVALE,"805,000",710.42,"1,133",15 Mar 2018,11 FERNVALE CLOSE #04-07,Sub Sale,Strata,66,"12,197",-,Condominium,1,99 yrs from 10/07/2013,2017,HDB,797475,28,79,North East Region,Sengkang
RIO VISTA,"940,000","1,248.62",753,15 Mar 2018,30 UPPER SERANGOON VIEW #03-40,Resale,Strata,116,"8,103",-,Condominium,1,99 yrs from 02/01/2001,2004,Private,534208,19,53,North East Region,Hougang
NINETEEN SHELFORD ROAD,"1,530,000",947.23,"1,615",15 Mar 2018,19 SHELFORD ROAD #03-37,Resale,Strata,88,"17,386",-,Condominium,1,Freehold,1997,HDB,288408,11,28,Central Region,Bukit Timah
TANAMERA CREST,"835,000",861.12,970,15 Mar 2018,10 PARI DEDAP WALK #12-18,Resale,Strata,80,"10,438",-,Condominium,1,99 yrs from 20/06/2000,2004,HDB,486062,16,48,East Region,Bedok
HEDGES PARK CONDOMINIUM,"945,888","1,087.16",870,15 Mar 2018,81 FLORA DRIVE #02-34,Resale,Strata,101,"9,365",-,Condominium,1,99 yrs from 28/07/2010,2015,Private,506886,17,50,East Region,Pasir Ris
BAYWATER,"1,320,000","1,399.32",943,15 Mar 2018,808 BEDOK RESERVOIR ROAD #03-08,Resale,Strata,130,"10,154",-,Condominium,1,99 yrs from 19/03/2001,2006,Private,479240,16,47,East Region,Bedok
MANDALE HEIGHTS,"2,010,001","1,453.14","1,383",15 Mar 2018,45 MANDALAY ROAD #02-01,Resale,Strata,135,"14,889",-,Apartment,1,Freehold,2004,HDB,308225,11,30,Central Region,Novena
WATERVIEW,"930,000",925.7,"1,005",15 Mar 2018,85 TAMPINES AVENUE 1 #08-25,Resale,Strata,86,"10,814",-,Condominium,1,99 yrs from 16/06/2010,2014,Private,528687,18,52,East Region,Tampines
WILKIE 80,"790,000",387.5,"2,039",15 Mar 2018,80 WILKIE ROAD #04-05,Resale,Strata,36,"21,944",-,Apartment,1,Freehold,2010,HDB,228079,09,22,Central Region,Rochor
ESPADA,"985,000",355.21,"2,773",15 Mar 2018,48 ST. THOMAS WALK #31-03,Resale,Strata,33,"29,848",-,Apartment,1,Freehold,2013,Private,238126,09,23,Central Region,River Valley
CASA ESPANIA,"1,538,000","1,668.42",922,15 Mar 2018,17 GAMBIR WALK #03-04,Resale,Strata,155,"9,923",-,Apartment,1,Freehold,1991,HDB,538977,19,53,North East Region,Serangoon
KOVAN MELODY,"1,065,000",904.18,"1,178",15 Mar 2018,29 KOVAN ROAD #09-33,Resale,Strata,84,"12,679",-,Condominium,1,99 yrs from 20/01/2004,2006,Private,545022,19,54,North East Region,Hougang
MERGUI MANSIONS,"1,330,000","1,388.56",958,15 Mar 2018,81 MERGUI ROAD #02-03,Resale,Strata,129,"10,310",-,Apartment,1,Freehold,1995,Private,219057,08,21,Central Region,Kallang
KANDIS RESIDENCE,"982,000",764.24,"1,285",16 Mar 2018,8 KANDIS LINK #07-11,New Sale,Strata,71,"13,831",-,Condominium,1,99 yrs from 11/07/2016,Uncompleted,HDB,756970,27,75,North Region,Sembawang
EUPHONY GARDENS,"828,000","1,194.8",693,16 Mar 2018,7 JALAN MATA AYER #03-32,Resale,Strata,111,"7,459",-,Condominium,1,99 yrs from 25/02/1998,2001,HDB,759152,27,75,North Region,Mandai
WALLICH RESIDENCE,"2,255,820",613.55,"3,677",16 Mar 2018,3 WALLICH STREET #48-04,New Sale,Strata,57,"39,576",-,Apartment,1,99 yrs from 21/02/2011,2017,Private,078882,02,07,Central Region,Downtown Core
ORCHARD SCOTTS,"3,450,000","2,174.33","1,587",16 Mar 2018,7 ANTHONY ROAD #04-27,Resale,Strata,202,"17,079",-,Condominium,1,99 yrs from 08/11/2001,2007,Private,229955,09,22,Central Region,Newton
BARTLEY RESIDENCES,"700,000",462.85,"1,512",16 Mar 2018,3 LORONG HOW SUN #07-10,Resale,Strata,43,"16,279",-,Apartment,1,99 yrs from 29/06/2011,2015,Private,536560,19,53,North East Region,Serangoon
8@WOODLEIGH,"1,700,000","1,313.21","1,295",16 Mar 2018,2 WOODLEIGH CLOSE #15-07,Resale,Strata,122,"13,934",-,Condominium,1,99 yrs from 22/09/2008,2012,Private,357900,13,35,Central Region,Toa Payoh
WATERVIEW,"970,000","1,184.04",819,16 Mar 2018,91 TAMPINES AVENUE 1 #01-39,Resale,Strata,110,"8,818",-,Condominium,1,99 yrs from 16/06/2010,2014,Private,528690,18,52,East Region,Tampines
NEPTUNE COURT,"1,120,000","1,270.15",882,16 Mar 2018,6 MARINE VISTA #06-19,Resale,Strata,118,"9,492",-,Apartment,1,99 yrs from 01/09/1976,1975,HDB,449030,15,44,East Region,Bedok
BELMOND GREEN,"1,780,000",979.52,"1,817",16 Mar 2018,15A BALMORAL ROAD #08-05,Resale,Strata,91,"19,560",-,Condominium,1,Freehold,2004,Private,259816,10,25,Central Region,Tanglin
LEICESTER SUITES,"730,000",452.09,"1,615",16 Mar 2018,10 LEICESTER ROAD #06-01,Resale,Strata,42,"17,381",-,Apartment,1,Freehold,2013,Private,358844,13,35,Central Region,Toa Payoh
THE CLEMENT CANOPY,"1,477,000",990.29,"1,491",16 Mar 2018,16 CLEMENTI AVENUE 1 #33-02,New Sale,Strata,92,"16,054",-,Apartment,1,99 yrs from 09/03/2016,Uncompleted,HDB,129960,05,12,West Region,Clementi
THE LUXURIE,"1,210,000","1,054.87","1,147",16 Mar 2018,19 COMPASSVALE ROAD #09-16,Resale,Strata,98,"12,347",-,Condominium,1,99 yrs from 15/06/2011,2015,HDB,544753,19,54,North East Region,Sengkang
ONE-NORTH RESIDENCES,"925,000",570.49,"1,621",16 Mar 2018,9 ONE-NORTH GATEWAY #05-57,Resale,Strata,53,"17,453",-,Apartment,1,99 yrs from 15/09/2005,2009,HDB,138643,05,13,Central Region,Queenstown
ESTELLA GARDENS,"1,050,000","1,291.68",813,16 Mar 2018,29 FLORA ROAD #07-12,Resale,Strata,120,"8,750",-,Condominium,1,Freehold,1999,HDB,509742,17,50,East Region,Pasir Ris
QUEENS,"2,450,000","2,389.61","1,025",16 Mar 2018,16 STIRLING ROAD #38-14,Resale,Strata,222,"11,036",-,Condominium,1,99 yrs from 16/02/1998,2002,Private,148957,03,14,Central Region,Queenstown
QUBE SUITES,"642,000",452.09,"1,420",16 Mar 2018,24 JALAN PUNAI #04-03,Resale,Strata,42,"15,286",-,Apartment,1,Freehold,2015,HDB,418804,14,41,East Region,Bedok
BOATHOUSE RESIDENCES,"930,000",914.94,"1,016",16 Mar 2018,23 UPPER SERANGOON VIEW #13-02,Resale,Strata,85,"10,941",-,Condominium,1,99 yrs from 09/02/2011,2015,HDB,534047,19,53,North East Region,Hougang
AMBER SKYE,"2,420,000","1,280.92","1,889",16 Mar 2018,8 AMBER ROAD #05-04,Resale,Strata,119,"20,336",-,Apartment,1,Freehold,2017,Private,439853,15,43,Central Region,Marine Parade
LANDBAY CONDOMINIUM,"1,218,000",968.76,"1,257",16 Mar 2018,9 JALAN HAJIJAH #04-06,Resale,Strata,90,"13,533",-,Condominium,1,Freehold,1996,Private,468704,16,46,East Region,Bedok
NEWTON SUITES,"2,500,000","1,237.86","2,020",16 Mar 2018,60 NEWTON ROAD #10-03,Resale,Strata,115,"21,739",-,Apartment,1,Freehold,2007,Private,307994,11,30,Central Region,Novena
NV RESIDENCES,"835,000",904.18,923,16 Mar 2018,95 PASIR RIS GROVE #08-41,Resale,Strata,84,"9,940",-,Condominium,1,99 yrs from 07/01/2008,2013,HDB,518192,18,51,East Region,Pasir Ris
SOUTHBANK,"1,480,000",958,"1,545",16 Mar 2018,881 NORTH BRIDGE ROAD #26-08,Resale,Strata,89,"16,629",-,Apartment,1,99 yrs from 27/01/2006,2010,Private,198784,07,19,Central Region,Kallang
PARC VERA,"1,150,000","1,130.22","1,018",16 Mar 2018,2 HOUGANG STREET 32 #09-02,Resale,Strata,105,"10,952",-,Condominium,1,99 yrs from 20/12/2010,2014,Private,534041,19,53,North East Region,Hougang
SKYSUITES@ANSON,"2,230,000",958,"2,328",16 Mar 2018,8 ENGGOR STREET #70-01,Resale,Strata,89,"25,056",-,Apartment,1,99 yrs from 18/02/2008,2014,HDB,079718,02,07,Central Region,Downtown Core
MI CASA,"950,000","1,119.46",849,16 Mar 2018,323 CHOA CHU KANG AVENUE 3 #09-25,Resale,Strata,104,"9,135",-,Condominium,1,99 yrs from 25/08/2008,2012,Private,689865,23,68,West Region,Choa Chu Kang
ICON,"1,100,000",581.26,"1,892",16 Mar 2018,10 GOPENG STREET #13-10,Resale,Strata,54,"20,370",-,Apartment,1,99 yrs from 29/01/2002,2007,HDB,078878,02,07,Central Region,Downtown Core
D'WEAVE,"970,000",936.47,"1,036",16 Mar 2018,5 LORONG 39 GEYLANG #08-05,Resale,Strata,87,"11,149",-,Apartment,1,Freehold,2014,Private,387866,14,38,Central Region,Geylang
BALESTIER PLAZA,"1,350,000","1,367.03",988,16 Mar 2018,400 BALESTIER ROAD #08-02,Resale,Strata,127,"10,630",-,Apartment,1,Freehold,1983,HDB,329802,12,32,Central Region,Novena
REGENT GROVE,"748,800","1,173.28",638,16 Mar 2018,54 CHOA CHU KANG NORTH 7 #08-36,Resale,Strata,109,"6,870",-,Condominium,1,99 yrs from 17/05/1997,2000,HDB,689529,23,68,West Region,Choa Chu Kang
THE FORD @ HOLLAND,"838,000",419.8,"1,996",16 Mar 2018,1 FORD AVENUE #02-10,Resale,Strata,39,"21,487",-,Condominium,1,Freehold,2009,Private,268685,10,26,Central Region,Bukit Timah
THE ALCOVE,"1,143,000","1,356.26",843,16 Mar 2018,10 LORONG 27 GEYLANG #02-10,Resale,Strata,126,"9,071",-,Apartment,1,99 yrs from 06/10/2000,2004,HDB,388199,14,38,Central Region,Geylang
CITY SUITES,"922,000",527.44,"1,748",16 Mar 2018,235 BALESTIER ROAD #07-01,New Sale,Strata,49,"18,816",-,Apartment,1,Freehold,2017,HDB,329699,12,32,Central Region,Novena
THE HILLIER,"1,080,000",839.59,"1,286",16 Mar 2018,6 HILLVIEW RISE #09-26,Resale,Strata,78,"13,846",-,Apartment,1,99 yrs from 01/08/2011,2016,HDB,667980,23,66,West Region,Bukit Batok
N.A.,"1,200,000","1,151.75","1,042",16 Mar 2018,32 PENHAS ROAD #02-07,Resale,Strata,107,"11,215",-,Apartment,1,Freehold,1999,HDB,208191,08,20,Central Region,Kallang
GUILLEMARD EDGE,"750,000",516.67,"1,452",16 Mar 2018,38 LORONG 30 GEYLANG #03-27,Resale,Strata,48,"15,625",-,Apartment,1,Freehold,2014,HDB,398371,14,39,Central Region,Geylang
EIGHT COURTYARDS,"1,050,000","1,151.75",912,16 Mar 2018,18 CANBERRA DRIVE #05-37,Resale,Strata,107,"9,813",-,Condominium,1,99 yrs from 20/09/2010,2014,Private,768098,27,76,North Region,Yishun
THE SEA VIEW,"1,040,000",559.73,"1,858",16 Mar 2018,31 AMBER ROAD #10-07,Resale,Strata,52,"20,000",-,Condominium,1,Freehold,2008,HDB,439943,15,43,Central Region,Marine Parade
BOATHOUSE RESIDENCES,"975,000",893.41,"1,091",16 Mar 2018,31 UPPER SERANGOON VIEW #10-21,Resale,Strata,83,"11,747",-,Condominium,1,99 yrs from 09/02/2011,2015,HDB,534043,19,53,North East Region,Hougang
GRANDEUR PARK RESIDENCES,"2,150,000","1,453.14","1,480",16 Mar 2018,5 BEDOK SOUTH AVENUE 3 #13-23,New Sale,Strata,135,"15,926",-,Condominium,1,99 yrs from 25/05/2016,Uncompleted,Private,465463,16,46,East Region,Bedok
EUHABITAT,"668,000",516.67,"1,293",16 Mar 2018,224 JALAN EUNOS #05-119,Resale,Strata,48,"13,917",-,Condominium,1,99 yrs from 06/12/2010,2015,HDB,415870,14,41,East Region,Bedok
TORIEVIEW MANSIONS,"1,000,000","1,356.26",737,16 Mar 2018,8 LORONG 29 GEYLANG #04-02,Resale,Strata,126,"7,937",-,Apartment,1,Freehold,1995,Private,388064,14,38,Central Region,Geylang
ST PATRICK'S RESIDENCES,"1,725,000","1,205.57","1,431",16 Mar 2018,52 ST. PATRICK'S ROAD #05-05,Resale,Strata,112,"15,402",-,Apartment,1,Freehold,2013,HDB,424217,15,42,East Region,Bedok
RIVERBANK @ FERNVALE,"840,000",753.48,"1,115",16 Mar 2018,13 FERNVALE CLOSE #01-18,Sub Sale,Strata,70,"12,000",-,Condominium,1,99 yrs from 10/07/2013,2017,Private,797476,28,79,North East Region,Sengkang
THE MINTON,"1,370,000","1,216.33","1,126",16 Mar 2018,2A HOUGANG STREET 11 #13-06,Resale,Strata,113,"12,124",-,Condominium,1,99 yrs from 27/07/2007,2013,HDB,538752,19,53,North East Region,Hougang
SCK VILLE,"1,248,000","1,334.74",935,16 Mar 2018,2 HAIG AVENUE #02-03,Resale,Strata,124,"10,065",-,Apartment,1,Freehold,1997,HDB,438840,15,43,Central Region,Marine Parade
FERRARIA PARK CONDOMINIUM,"1,023,000","1,173.28",872,16 Mar 2018,18 FLORA DRIVE #08-30,Resale,Strata,109,"9,385",-,Condominium,1,Freehold,2009,HDB,506946,17,50,East Region,Pasir Ris
MARINA ONE RESIDENCES,"3,553,530","1,517.72","2,341",16 Mar 2018,21 MARINA WAY #06-18,New Sale,Strata,141,"25,202",-,Apartment,1,99 yrs from 01/07/2011,2017,Private,018978,01,01,Central Region,Downtown Core
THE MEYERISE,"2,740,000","1,313.21","2,086",16 Mar 2018,97 MEYER ROAD #16-06,Resale,Strata,122,"22,459",-,Condominium,1,Freehold,2014,Private,437918,15,43,Central Region,Marine Parade
THE ORIENT,"1,380,300",721.19,"1,914",16 Mar 2018,251 PASIR PANJANG ROAD #03-10,New Sale,Strata,67,"20,601",-,Apartment,1,Freehold,2017,Private,118610,05,11,Central Region,Queenstown
RV EDGE,"828,000",473.62,"1,748",16 Mar 2018,2 SHANGHAI ROAD #02-15,Resale,Strata,44,"18,818",-,Apartment,1,Freehold,2013,HDB,248209,10,24,Central Region,Tanglin
GUILLEMARD EDGE,"625,000",409.03,"1,528",16 Mar 2018,38 LORONG 30 GEYLANG #06-01,Resale,Strata,38,"16,447",-,Apartment,1,Freehold,2014,HDB,398371,14,39,Central Region,Geylang
TAIPAN REGENCY,"1,188,000","1,162.51","1,022",16 Mar 2018,161 HAIG ROAD #01-01,Resale,Strata,108,"11,000",-,Apartment,1,Freehold,2002,HDB,438772,15,43,Central Region,Marine Parade
BLISS LOFT,"855,000",828.83,"1,032",16 Mar 2018,25 KIM KEAT CLOSE #03-01,Resale,Strata,77,"11,104",-,Apartment,1,Freehold,2012,Private,328933,12,32,Central Region,Novena
COSTA RHU,"3,168,000","2,217.38","1,429",16 Mar 2018,9 RHU CROSS #04-14,Resale,Strata,206,"15,379",-,Condominium,1,99 yrs from 30/05/1994,1997,Private,437436,15,43,Central Region,Kallang
THE SERENADE @ HOLLAND,"2,200,000","1,786.82","1,231",16 Mar 2018,371 HOLLAND ROAD #11-01,Resale,Strata,166,"13,253",-,Condominium,1,99 yrs from 05/06/2001,2004,Private,278698,10,27,Central Region,Bukit Timah
CENTRAL GROVE,"1,200,000","1,216.33",987,16 Mar 2018,3 GEYLANG EAST AVENUE 1 #15-14,Resale,Strata,113,"10,619",-,Condominium,1,99 yrs from 18/07/1997,2001,HDB,389779,14,38,Central Region,Geylang
LAKEHOLMZ,"1,161,888","1,248.62",931,16 Mar 2018,90 CORPORATION ROAD #05-20,Resale,Strata,116,"10,016",-,Condominium,1,99 yrs from 29/10/2001,2005,HDB,649824,22,64,West Region,Jurong West
HERITAGE EAST,"600,000",430.56,"1,394",16 Mar 2018,451 EAST COAST ROAD #02-07,Resale,Strata,40,"15,000",-,Apartment,1,Freehold,2012,Private,429024,15,42,East Region,Bedok
ONE JERVOIS,"1,900,000","1,065.64","1,783",16 Mar 2018,1 JERVOIS CLOSE #07-04,Resale,Strata,99,"19,192",-,Condominium,1,Freehold,2009,Private,249115,10,24,Central Region,Tanglin
HAIG COURT,"2,138,000","1,582.31","1,351",16 Mar 2018,156 HAIG ROAD #02-02,Resale,Strata,147,"14,544",-,Condominium,1,Freehold,2004,Private,438793,15,43,Central Region,Marine Parade
ASTON MANSIONS,"995,000","1,216.33",818,16 Mar 2018,3 LORONG 42 GEYLANG #01-11,Resale,Strata,113,"8,805",-,Apartment,1,99 yrs from 13/02/1995,1998,HDB,398026,14,39,Central Region,Geylang
CITYSCAPE @FARRER PARK,"1,370,000",990.29,"1,383",16 Mar 2018,101 MERGUI ROAD #02-07,Resale,Strata,92,"14,891",-,Condominium,1,Freehold,2014,HDB,219067,08,21,Central Region,Kallang
THE OCEANFRONT @ SENTOSA COVE,"2,120,000","1,216.33","1,743",16 Mar 2018,293 OCEAN DRIVE #09-15,Resale,Strata,113,"18,761",-,Condominium,1,99 yrs from 10/08/2005,2010,Private,098533,04,09,Central Region,Southern Islands
HILLVIEW HEIGHTS,"1,099,888",990.29,"1,111",16 Mar 2018,29 HILLVIEW AVENUE #02-08,Resale,Strata,92,"11,955",-,Condominium,1,Freehold,1996,HDB,669561,23,66,West Region,Bukit Batok
LOFT @ STEVENS,"1,250,000",764.24,"1,636",16 Mar 2018,68 STEVENS ROAD #05-04,Resale,Strata,71,"17,606",-,Apartment,1,Freehold,2013,Private,257856,10,25,Central Region,Tanglin
CARDIFF RESIDENCE,"565,000",441.32,"1,280",16 Mar 2018,101 CARDIFF GROVE #02-18,Resale,Strata,41,"13,780",-,Condominium,1,99 yrs from 04/11/2011,2014,HDB,558961,19,55,North East Region,Serangoon
SEASIDE RESIDENCES,"1,980,000","1,205.57","1,642",16 Mar 2018,12 SIGLAP LINK #06-15,New Sale,Strata,112,"17,679",-,Apartment,1,99 yrs from 18/04/2016,Uncompleted,Private,448870,15,44,East Region,Bedok
SELETAR SPRINGS CONDOMINIUM,"1,350,000","1,980.58",682,16 Mar 2018,108 GERALD DRIVE #04-38,Resale,Strata,184,"7,337",-,Condominium,1,99 yrs from 12/08/1997,2000,Private,799035,28,79,North East Region,Hougang
CANBERRA RESIDENCES,"1,150,000","1,603.84",717,16 Mar 2018,505 CANBERRA DRIVE #05-14,Resale,Strata,149,"7,718",-,Condominium,1,99 yrs from 08/09/2010,2013,HDB,768126,27,76,North Region,Sembawang
GRANDEUR PARK RESIDENCES,"1,086,000",667.37,"1,627",17 Mar 2018,7 BEDOK SOUTH AVENUE 3 #11-31,New Sale,Strata,62,"17,516",-,Condominium,1,99 yrs from 25/05/2016,Uncompleted,HDB,465464,16,46,East Region,Bedok
SEASIDE RESIDENCES,"1,652,000","1,022.58","1,616",17 Mar 2018,18 SIGLAP LINK #08-34,New Sale,Strata,95,"17,389",-,Apartment,1,99 yrs from 18/04/2016,Uncompleted,Private,448873,15,44,East Region,Bedok
SEASIDE RESIDENCES,"996,000",559.73,"1,779",17 Mar 2018,18 SIGLAP LINK #04-36,New Sale,Strata,52,"19,154",-,Apartment,1,99 yrs from 18/04/2016,Uncompleted,HDB,448873,15,44,East Region,Bedok
PACIFIC MANSION,"980,000,000","416,749.79","2,352",17 Mar 2018,"8,16,24,32  ENBLOC RIVER VALLEY CLOSE #13-22 ETC",Resale,Strata,"38,717","25,312",-,Apartment,290,Freehold,-,Private,238433,09,23,Central Region,River Valley
SIMS URBAN OASIS,"1,856,800","1,323.97","1,402",17 Mar 2018,18 SIMS DRIVE #18-62,New Sale,Strata,123,"15,096",-,Condominium,1,99 yrs from 29/07/2014,2017,Private,387394,14,38,Central Region,Geylang
FIVENINE,"1,626,000","1,054.87","1,541",17 Mar 2018,59 LORONG K TELOK KURAU #03-02,New Sale,Strata,98,"16,592",-,Apartment,1,Freehold,Uncompleted,N.A,425669,15,42,East Region,Bedok
GRANDEUR PARK RESIDENCES,"1,158,000",667.37,"1,735",17 Mar 2018,9 BEDOK SOUTH AVENUE 3 #11-38,New Sale,Strata,62,"18,677",-,Condominium,1,99 yrs from 25/05/2016,Uncompleted,HDB,465465,16,46,East Region,Bedok
FIVENINE,"1,869,000","1,302.44","1,435",18 Mar 2018,59A LORONG K TELOK KURAU #03-04,New Sale,Strata,121,"15,446",-,Apartment,1,Freehold,Uncompleted,HDB,423369,15,42,East Region,Bedok
GRANDEUR PARK RESIDENCES,"1,054,000",624.31,"1,688",18 Mar 2018,1 BEDOK SOUTH AVENUE 3 #01-14,New Sale,Strata,58,"18,172",-,Condominium,1,99 yrs from 25/05/2016,Uncompleted,HDB,465461,16,46,East Region,Bedok
THE NAVIAN,"1,476,000",893.41,"1,652",18 Mar 2018,178 JALAN EUNOS #05-07,New Sale,Strata,83,"17,783",-,Apartment,1,Freehold,Uncompleted,HDB,419530,14,41,East Region,Bedok
FOREST WOODS,"1,455,000",947.23,"1,536",18 Mar 2018,15 LORONG LEW LIAN #05-29,New Sale,Strata,88,"16,534",-,Condominium,1,99 yrs from 05/02/2016,Uncompleted,Private,533853,19,53,North East Region,Serangoon
QUEENS PEAK,"1,751,000","1,001.05","1,749",18 Mar 2018,1 DUNDEE ROAD #32-08,New Sale,Strata,93,"18,828",-,Condominium,1,99 yrs from 28/09/2015,Uncompleted,HDB,149456,03,14,Central Region,Queenstown
THE ALPS RESIDENCES,"1,121,000",936.47,"1,197",18 Mar 2018,111 TAMPINES STREET 86 #07-35,New Sale,Strata,87,"12,885",-,Condominium,1,99 yrs from 03/08/2015,Uncompleted,Private,528535,18,52,East Region,Tampines
SEASIDE RESIDENCES,"1,599,000","1,022.58","1,564",18 Mar 2018,18 SIGLAP LINK #05-34,New Sale,Strata,95,"16,832",-,Apartment,1,99 yrs from 18/04/2016,Uncompleted,N.A,448873,15,44,East Region,Bedok
THE ORIENT,"1,380,300",721.19,"1,914",18 Mar 2018,251 PASIR PANJANG ROAD #03-03,New Sale,Strata,67,"20,601",-,Apartment,1,Freehold,2017,HDB,118610,05,11,Central Region,Queenstown
GEM RESIDENCES,"1,646,000",979.52,"1,680",18 Mar 2018,1 LORONG 5 TOA PAYOH #38-04,New Sale,Strata,91,"18,088",-,Condominium,1,99 yrs from 21/09/2015,Uncompleted,Private,319458,12,31,Central Region,Toa Payoh
SEASIDE RESIDENCES,"1,876,000","1,087.16","1,726",18 Mar 2018,18 SIGLAP LINK #12-31,New Sale,Strata,101,"18,574",-,Apartment,1,99 yrs from 18/04/2016,Uncompleted,Private,448873,15,44,East Region,Bedok
GEM RESIDENCES,"2,014,000","1,248.62","1,613",18 Mar 2018,3 LORONG 5 TOA PAYOH #34-15,New Sale,Strata,116,"17,362",-,Condominium,1,99 yrs from 21/09/2015,Uncompleted,HDB,319459,12,31,Central Region,Toa Payoh
BARTLEY RESIDENCES,"1,210,000",807.3,"1,499",19 Mar 2018,7 LORONG HOW SUN #08-41,Resale,Strata,75,"16,133",-,Apartment,1,99 yrs from 29/06/2011,2015,HDB,536564,19,53,North East Region,Serangoon
PALM GARDENS,"738,000",958,770,19 Mar 2018,2D HONG SAN WALK #13-02,Resale,Strata,89,"8,292",-,Condominium,1,99 yrs from 12/08/1996,2000,Private,689050,23,68,West Region,Choa Chu Kang
KINGSFORD WATERBAY,"1,008,000",688.9,"1,463",19 Mar 2018,80 UPPER SERANGOON VIEW #09-74,New Sale,Strata,64,"15,750",-,Apartment,1,99 yrs from 03/03/2014,Uncompleted,HDB,533878,19,53,North East Region,Hougang
PALM GARDENS,"898,000","1,345.5",667,19 Mar 2018,2B HONG SAN WALK #04-10,Resale,Strata,125,"7,184",-,Condominium,1,99 yrs from 12/08/1996,2000,Private,689048,23,68,West Region,Choa Chu Kang
D'LEEDON,"1,908,000","1,216.33","1,569",19 Mar 2018,7 LEEDON HEIGHTS #24-17,Resale,Strata,113,"16,885",-,Condominium,1,99 yrs from 08/04/2010,2014,HDB,267953,10,26,Central Region,Bukit Timah
CITYVALE,"1,230,000",721.19,"1,706",19 Mar 2018,70 SOPHIA ROAD #03-03,Resale,Strata,67,"18,358",-,Apartment,1,Freehold,2002,Private,228153,09,22,Central Region,Rochor
THE ESTA,"1,720,000","1,001.05","1,718",19 Mar 2018,37 AMBER GARDENS #19-14,Resale,Strata,93,"18,495",-,Condominium,1,Freehold,2008,Private,439969,15,43,Central Region,Marine Parade
IVORY,"970,000",871.88,"1,113",19 Mar 2018,15 CEYLON LANE #03-02,Resale,Strata,81,"11,975",-,Apartment,1,Freehold,2009,Private,423468,15,42,Central Region,Geylang
WATERVIEW,"1,138,000","1,184.04",961,19 Mar 2018,73 TAMPINES AVENUE 1 #12-03,Resale,Strata,110,"10,345",-,Condominium,1,99 yrs from 16/06/2010,2014,HDB,529780,18,52,East Region,Tampines
D'NEST,"640,000",484.38,"1,321",19 Mar 2018,129 PASIR RIS GROVE #03-09,Resale,Strata,45,"14,222",-,Condominium,1,99 yrs from 20/10/2010,2017,Private,518179,18,51,East Region,Pasir Ris
CONCOURSE SKYLINE,"1,711,320",861.12,"1,987",19 Mar 2018,298 BEACH ROAD #24-16,Resale,Strata,80,"21,392",-,Apartment,1,99 yrs from 13/03/2008,2014,Private,199554,07,19,Central Region,Kallang
LIGHTHOUSE,"900,000","1,205.57",747,19 Mar 2018,161B JALAN LOYANG BESAR #02-14,Resale,Strata,112,"8,036",-,Condominium,1,99 yrs from 08/04/1993,2004,Private,509410,17,50,East Region,Pasir Ris
SOUTHAVEN I,"2,100,000","3,024.68",694,19 Mar 2018,41 HINDHEDE WALK #10-02,Resale,Strata,281,"7,473",-,Condominium,1,99 yrs from 01/08/1994,1997,Private,587972,21,58,West Region,Bukit Panjang
Q BAY RESIDENCES,"1,250,000","1,119.46","1,117",19 Mar 2018,5 TAMPINES STREET 86 #13-19,Resale,Strata,104,"12,019",-,Condominium,1,99 yrs from 21/08/2012,2016,Private,528585,18,52,East Region,Tampines
REGENT HEIGHTS,"800,000","1,022.58",782,19 Mar 2018,50 BUKIT BATOK EAST AVENUE 5 #19-04,Resale,Strata,95,"8,421",-,Condominium,1,99 yrs from 07/11/1995,1999,HDB,659801,23,65,West Region,Bukit Batok
PARC ROSEWOOD,"690,000",742.72,929,19 Mar 2018,87 ROSEWOOD DRIVE #01-86,Resale,Strata,69,"10,000",-,Condominium,1,99 yrs from 07/09/2011,2014,HDB,737791,25,73,North Region,Woodlands
THE ARCADIA,"6,600,000","7,502.51",880,19 Mar 2018,235 ARCADIA ROAD #10-01,Resale,Strata,697,"9,469",-,Condominium,1,99 yrs from 17/08/1979,1983,Private,289843,11,28,Central Region,Bukit Timah
THE DAFFODIL,"850,000",731.95,"1,161",19 Mar 2018,568 UPPER EAST COAST ROAD #04-14,Resale,Strata,68,"12,500",-,Apartment,1,Freehold,1998,HDB,466584,16,46,East Region,Bedok
KENTISH COURT,"1,220,000","1,259.39",969,19 Mar 2018,33 OXFORD ROAD #05-07,Resale,Strata,117,"10,427",-,Apartment,1,99 yrs from 01/03/1995,1999,Private,218816,08,21,Central Region,Kallang
HILLION RESIDENCES,"3,415,000","3,207.67","1,065",19 Mar 2018,10 JELEBU ROAD #22-13,New Sale,Strata,298,"11,460",-,Apartment,1,99 yrs from 04/01/2013,2017,N.A,677672,23,67,West Region,Bukit Panjang
KINGSFORD WATERBAY,"989,000",688.9,"1,436",19 Mar 2018,72 UPPER SERANGOON VIEW #04-40,New Sale,Strata,64,"15,453",-,Apartment,1,99 yrs from 03/03/2014,Uncompleted,HDB,533882,19,53,North East Region,Hougang
D'PAVILION,"2,128,000","1,948.28","1,092",19 Mar 2018,801 UPPER SERANGOON ROAD #05-02,Resale,Strata,181,"11,757",-,Apartment,1,Freehold,2010,Private,534671,19,53,North East Region,Hougang
KOVAN 81,"1,100,000","1,054.87","1,043",19 Mar 2018,81 KOVAN ROAD #03-03,Resale,Strata,98,"11,224",-,Apartment,1,999 yrs from 02/12/1878,2001,HDB,548173,19,54,North East Region,Hougang
QUEENS PEAK,"1,611,000",839.59,"1,919",19 Mar 2018,3 DUNDEE ROAD #36-23,New Sale,Strata,78,"20,654",-,Condominium,1,99 yrs from 28/09/2015,Uncompleted,Private,149457,03,14,Central Region,Queenstown
SUITES 28,"575,000",430.56,"1,335",19 Mar 2018,28 LORONG 30 GEYLANG #05-04,Resale,Strata,40,"14,375",-,Apartment,1,Freehold,2014,Private,398361,14,39,Central Region,Geylang
THE PALETTE,"1,155,000","1,173.28",984,19 Mar 2018,117 PASIR RIS GROVE #05-54,Resale,Strata,109,"10,596",-,Condominium,1,99 yrs from 20/10/2010,2015,HDB,518173,18,51,East Region,Pasir Ris
KINGSFORD WATERBAY,"1,170,000",893.41,"1,310",19 Mar 2018,66 UPPER SERANGOON VIEW #08-16,New Sale,Strata,83,"14,096",-,Apartment,1,99 yrs from 03/03/2014,Uncompleted,N.A,533885,19,53,North East Region,Hougang
THE SCALA,"1,180,000",850.36,"1,388",19 Mar 2018,130 SERANGOON AVENUE 3 #09-02,Resale,Strata,79,"14,937",-,Apartment,1,99 yrs from 06/01/2010,2013,Private,554479,19,55,North East Region,Serangoon
EURO-ASIA PARK,"1,450,841","1,420.85","1,021",19 Mar 2018,25 WOODLEIGH CLOSE #03-26,Resale,Strata,132,"10,991",-,Condominium,1,Freehold,1996,Private,357920,13,35,Central Region,Toa Payoh
BLOSSOM VIEW,"935,000","1,033.34",905,19 Mar 2018,31 LORONG 26 GEYLANG #03-01,Resale,Strata,96,"9,740",-,Apartment,1,Freehold,1997,HDB,398498,14,39,Central Region,Geylang
MARINA ONE RESIDENCES,"2,765,470","1,140.98","2,424",19 Mar 2018,21 MARINA WAY #21-02,New Sale,Strata,106,"26,089",-,Apartment,1,99 yrs from 01/07/2011,2017,Private,018978,01,01,Central Region,Downtown Core
ARDMORE PARK,"10,400,000","2,884.75","3,605",19 Mar 2018,11 ARDMORE PARK #17-01,Resale,Strata,268,"38,806",-,Condominium,1,Freehold,2001,Private,259957,10,25,Central Region,Newton
URBANA,"2,780,000","1,313.21","2,117",19 Mar 2018,1 RIVER VALLEY CLOSE #29-01,Resale,Strata,122,"22,787",-,Condominium,1,Freehold,2007,HDB,238427,09,23,Central Region,River Valley
PATERSON RESIDENCE,"3,100,000","1,313.21","2,361",19 Mar 2018,83 PATERSON ROAD #19-06,Resale,Strata,122,"25,410",-,Condominium,1,Freehold,2008,Private,238549,09,23,Central Region,River Valley
ONZE @ TANJONG PAGAR,"2,793,582","1,140.98","2,448",19 Mar 2018,11 KEE SENG STREET #16-04,Resale,Strata,106,"26,355",-,Apartment,1,Freehold,2017,HDB,089218,02,08,Central Region,Outram
CASA SARINA,"1,310,000","1,270.15","1,031",19 Mar 2018,101 LORONG SARINA #04-21,Resale,Strata,118,"11,102",-,Condominium,1,Freehold,1998,HDB,416729,14,41,East Region,Bedok
H2O RESIDENCES,"910,000",882.65,"1,031",19 Mar 2018,32 FERNVALE LINK #13-09,Resale,Strata,82,"11,098",-,Condominium,1,99 yrs from 10/05/2010,2015,HDB,797531,28,79,North East Region,Sengkang
PARC BOTANNIA,"667,000",505.91,"1,318",19 Mar 2018,12 FERNVALE STREET #12-10,New Sale,Strata,47,"14,191",-,Condominium,1,99 yrs from 28/12/2016,Uncompleted,HDB,797391,28,79,North East Region,Sengkang
SEASONS VIEW,"1,173,000","1,140.98","1,028",19 Mar 2018,7 PEMIMPIN DRIVE #02-06,Resale,Strata,106,"11,066",-,Condominium,1,99 yrs from 06/09/1996,2000,HDB,576150,20,57,Central Region,Bishan
ST PATRICK'S LOFT,"1,720,000","1,323.97","1,299",19 Mar 2018,41 ST. PATRICK'S ROAD #05-01,Resale,Strata,123,"13,984",-,Apartment,1,Freehold,2008,HDB,424164,15,42,East Region,Bedok
CASSIA VIEW,"2,600,000","2,314.26","1,123",19 Mar 2018,320 GUILLEMARD ROAD #19-02,Resale,Strata,215,"12,093",-,Apartment,1,Freehold,1998,Private,399746,14,39,Central Region,Geylang
76 SHENTON,"1,150,000",592.02,"1,943",19 Mar 2018,76 SHENTON WAY #15-01,Resale,Strata,55,"20,909",-,Apartment,1,99 yrs from 12/04/2007,2014,HDB,079119,02,07,Central Region,Downtown Core
E MAISON,"1,518,336","1,151.75","1,318",19 Mar 2018,32 BRADDELL ROAD #01-23,Resale,Strata,107,"14,190",-,Apartment,1,Freehold,2016,Private,359967,13,35,North East Region,Serangoon
MAPLE WOODS,"2,810,000","1,786.82","1,573",19 Mar 2018,991 BUKIT TIMAH ROAD #05-11,Resale,Strata,166,"16,928",-,Condominium,1,Freehold,1997,Private,589630,21,58,Central Region,Bukit Timah
RV SUITES,"958,000",548.96,"1,745",19 Mar 2018,396 RIVER VALLEY ROAD #02-04,Resale,Strata,51,"18,784",-,Apartment,1,Freehold,2012,HDB,248289,10,24,Central Region,Tanglin
REZI 35,"1,171,800",839.59,"1,396",19 Mar 2018,20 LORONG 35 GEYLANG #03-07,New Sale,Strata,78,"15,023",-,Apartment,1,Freehold,Uncompleted,Private,387949,14,38,Central Region,Geylang
REFLECTIONS AT KEPPEL BAY,"1,500,000","1,011.82","1,482",19 Mar 2018,23 KEPPEL BAY VIEW #04-70,Resale,Strata,94,"15,957",-,Condominium,1,99 yrs from 15/03/2006,2011,HDB,098414,04,09,Central Region,Bukit Merah
SEASONS PARK,"845,000","1,065.64",793,19 Mar 2018,491 YIO CHU KANG ROAD #03-04,Resale,Strata,99,"8,535",-,Condominium,1,99 yrs from 01/03/1995,1997,Private,787078,26,78,North East Region,Ang Mo Kio
PALM ISLES,"740,000",807.3,917,19 Mar 2018,38 FLORA DRIVE #02-55,Resale,Strata,75,"9,867",-,Condominium,1,99 yrs from 14/09/2011,2015,Private,506895,17,50,East Region,Pasir Ris
CASA MERAH,"1,750,000","1,539.25","1,137",19 Mar 2018,62 TANAH MERAH KECHIL AVENUE #11-23,Resale,Strata,143,"12,238",-,Apartment,1,99 yrs from 11/07/2006,2009,Private,465530,16,46,East Region,Bedok
CENTRAL GROVE,"1,080,000","1,216.33",888,19 Mar 2018,3 GEYLANG EAST AVENUE 1 #10-12,Resale,Strata,113,"9,558",-,Condominium,1,99 yrs from 18/07/1997,2001,HDB,389779,14,38,Central Region,Geylang
THE TRILINQ,"1,685,000","1,345.5","1,252",19 Mar 2018,28A JALAN LEMPENG #12-16,New Sale,Strata,125,"13,480",-,Condominium,1,99 yrs from 16/04/2012,2017,HDB,128808,05,12,West Region,Clementi
STRATFORD COURT,"1,270,000","1,733",733,19 Mar 2018,41A BEDOK RIA CRESCENT #04-36,Resale,Strata,161,"7,888",-,Condominium,1,99 yrs from 23/06/1995,1998,Private,489929,16,48,East Region,Bedok
CLOVER BY THE PARK,"1,800,000","1,603.84","1,122",19 Mar 2018,6 BISHAN STREET 25 #03-12,Resale,Strata,149,"12,081",-,Condominium,1,99 yrs from 10/09/2007,2011,HDB,573975,20,57,Central Region,Bishan
ARTHUR 118,"1,488,888",925.7,"1,608",19 Mar 2018,118 ARTHUR ROAD #09-01,Resale,Strata,86,"17,313",-,Apartment,1,Freehold,2006,HDB,439827,15,43,Central Region,Marine Parade
RIVER ISLES,"1,000,000","1,076.4",929,19 Mar 2018,60 EDGEDALE PLAINS #06-20,Resale,Strata,100,"10,000",-,Condominium,1,99 yrs from 06/02/2012,2015,Private,828729,19,82,North East Region,Punggol
TREVISTA,"620,000",462.85,"1,340",19 Mar 2018,21 LORONG 3 TOA PAYOH #04-02,Resale,Strata,43,"14,419",-,Condominium,1,99 yrs from 15/07/2008,2011,Private,319581,12,31,Central Region,Toa Payoh
AMBER RESIDENCES,"3,500,000","2,217.38","1,578",19 Mar 2018,50 AMBER ROAD #14-01,Resale,Strata,206,"16,990",-,Condominium,1,Freehold,2011,Private,439888,15,43,Central Region,Marine Parade
76 SHENTON,"1,190,000",592.02,"2,010",19 Mar 2018,76 SHENTON WAY #37-01,Resale,Strata,55,"21,636",-,Apartment,1,99 yrs from 12/04/2007,2014,Private,079119,02,07,Central Region,Downtown Core
SELETAR SPRINGS CONDOMINIUM,"930,000","1,302.44",714,19 Mar 2018,102 GERALD DRIVE #03-75,Resale,Strata,121,"7,686",-,Condominium,1,99 yrs from 12/08/1997,2000,HDB,798593,28,79,North East Region,Hougang
SUNSHINE PLAZA,"1,250,000","1,130.22","1,106",19 Mar 2018,10 PRINSEP LINK #05-06,Resale,Strata,105,"11,905",-,Apartment,1,99 yrs from 19/03/1997,2001,Private,187948,07,18,Central Region,Rochor
SUITES AT ORCHARD,"1,600,000",753.48,"2,123",19 Mar 2018,38 HANDY ROAD #04-14,Resale,Strata,70,"22,857",-,Apartment,1,99 yrs from 27/06/2007,2014,Private,229239,09,22,Central Region,Museum
THE SERENNIA,"1,150,000","1,022.58","1,125",19 Mar 2018,18 PULASAN ROAD #03-07,Resale,Strata,95,"12,105",-,Apartment,1,Freehold,2010,HDB,424385,15,42,Central Region,Marine Parade
THE GREENWICH,"848,000",882.65,961,19 Mar 2018,15 SELETAR ROAD #02-67,Resale,Strata,82,"10,341",-,Condominium,1,99 yrs from 21/12/2009,2014,Private,807018,28,80,North East Region,Serangoon
EDENZ SUITES,"600,000",473.62,"1,267",19 Mar 2018,21 LORONG 28 GEYLANG #06-03,Resale,Strata,44,"13,636",-,Apartment,1,Freehold,2015,HDB,398425,14,39,Central Region,Geylang
THE SAIL @ MARINA BAY,"1,250,000",678.13,"1,843",19 Mar 2018,6 MARINA BOULEVARD #23-17,Resale,Strata,63,"19,841",-,Apartment,1,99 yrs from 12/08/2002,2008,HDB,018985,01,01,Central Region,Downtown Core
SELETARIS,"1,000,000","1,453.14",688,19 Mar 2018,505 SEMBAWANG ROAD #01-38,Resale,Strata,135,"7,407",-,Condominium,1,Freehold,2001,Private,757708,27,75,North Region,Sembawang
D'LEEDON,"2,850,000","1,829.88","1,557",19 Mar 2018,5 LEEDON HEIGHTS #23-07,Resale,Strata,170,"16,765",-,Condominium,1,99 yrs from 08/04/2010,2014,Private,267952,10,26,Central Region,Bukit Timah
N.A.,"1,180,000","1,334.74",884,19 Mar 2018,2B FLANDERS SQUARE,Resale,Strata,124,"9,516",-,Apartment,1,Freehold,-,HDB,209295,08,20,Central Region,Kallang
SHELFORD SUITES,"2,042,000","1,270.15","1,608",19 Mar 2018,16 SHELFORD ROAD #04-08,Resale,Strata,118,"17,305",-,Condominium,1,Freehold,2011,Private,288383,11,28,Central Region,Bukit Timah
GRANDEUR PARK RESIDENCES,"1,145,000",667.37,"1,716",19 Mar 2018,9 BEDOK SOUTH AVENUE 3 #10-39,New Sale,Strata,62,"18,468",-,Condominium,1,99 yrs from 25/05/2016,Uncompleted,Private,465465,16,46,East Region,Bedok
368 THOMSON,"1,450,000",871.88,"1,663",19 Mar 2018,368 THOMSON ROAD #24-02,Resale,Strata,81,"17,901",-,Condominium,1,Freehold,2014,HDB,298127,11,29,Central Region,Novena
GEM RESIDENCES,"1,620,000",979.52,"1,654",19 Mar 2018,1 LORONG 5 TOA PAYOH #36-04,New Sale,Strata,91,"17,802",-,Condominium,1,99 yrs from 21/09/2015,Uncompleted,Private,319458,12,31,Central Region,Toa Payoh
EIGHT RIVERSUITES,"1,380,000",979.52,"1,409",19 Mar 2018,2 WHAMPOA EAST #13-03,Resale,Strata,91,"15,165",-,Condominium,1,99 yrs from 11/07/2011,2016,HDB,338517,12,33,Central Region,Kallang
GUILIN COURT,"930,000","1,162.51",800,19 Mar 2018,10 LORONG 26 GEYLANG #07-01,Resale,Strata,108,"8,611",-,Apartment,1,Freehold,1995,Private,398485,14,39,Central Region,Geylang
V ON SHENTON,"4,306,500","1,765.3","2,440",19 Mar 2018,5A SHENTON WAY #42-16,New Sale,Strata,164,"26,259",-,Apartment,1,99 yrs from 29/11/2011,2017,N.A,068814,01,06,Central Region,Downtown Core
76 SHENTON,"1,250,000",624.31,"2,002",19 Mar 2018,76 SHENTON WAY #31-04,Resale,Strata,58,"21,552",-,Apartment,1,99 yrs from 12/04/2007,2014,Private,079119,02,07,Central Region,Downtown Core
SAVANNAH CONDOPARK,"1,185,000","1,453.14",815,19 Mar 2018,37 SIMEI RISE #02-16,Resale,Strata,135,"8,778",-,Condominium,1,99 yrs from 29/11/2000,2005,HDB,528782,18,52,East Region,Tampines
THE METROPOLITAN CONDOMINIUM,"1,780,000","1,399.32","1,272",19 Mar 2018,8 ALEXANDRA VIEW #26-07,Resale,Strata,130,"13,692",-,Condominium,1,99 yrs from 17/02/2006,2009,HDB,158747,03,15,Central Region,Bukit Merah
THE TRILINQ,"1,726,000","1,345.5","1,283",20 Mar 2018,28 JALAN LEMPENG #22-05,New Sale,Strata,125,"13,808",-,Condominium,1,99 yrs from 16/04/2012,2017,HDB,128807,05,12,West Region,Clementi
PARC CENTROS,"1,150,000",990.29,"1,161",20 Mar 2018,90 PUNGGOL CENTRAL #09-24,Resale,Strata,92,"12,500",-,Condominium,1,99 yrs from 19/03/2012,2016,HDB,828722,19,82,North East Region,Punggol
THE TRILINQ,"1,679,000","1,345.5","1,248",20 Mar 2018,28 JALAN LEMPENG #14-05,New Sale,Strata,125,"13,432",-,Condominium,1,99 yrs from 16/04/2012,2017,HDB,128807,05,12,West Region,Clementi
8 NAPIER,"6,550,000","2,012.87","3,254",20 Mar 2018,8 NAPIER ROAD #08-01,Resale,Strata,187,"35,027",-,Condominium,1,Freehold,2010,Private,258502,10,25,Central Region,Tanglin
CLYDESVIEW,"2,880,000","2,411.14","1,194",20 Mar 2018,16A JERVOIS LANE #04-01,Resale,Strata,224,"12,857",-,Condominium,1,Freehold,1991,Private,159192,03,15,Central Region,Tanglin
E MAISON,"1,518,336","1,151.75","1,318",20 Mar 2018,32 BRADDELL ROAD #01-24,Resale,Strata,107,"14,190",-,Apartment,1,Freehold,2016,HDB,359967,13,35,North East Region,Serangoon
THE HILLIER,"760,000",559.73,"1,358",20 Mar 2018,6 HILLVIEW RISE #09-24,Resale,Strata,52,"14,615",-,Apartment,1,99 yrs from 01/08/2011,2016,HDB,667980,23,66,West Region,Bukit Batok
THE REGENCY AT TIONG BAHRU,"2,040,000","1,270.15","1,606",20 Mar 2018,36 CHAY YAN STREET #16-02,Resale,Strata,118,"17,288",-,Condominium,1,Freehold,2010,Private,169905,03,16,Central Region,Bukit Merah
TROPICAL SPRING,"1,200,000","1,334.74",899,20 Mar 2018,25 SIMEI STREET 4 #07-05,Resale,Strata,124,"9,677",-,Condominium,1,99 yrs from 06/12/1997,2002,HDB,529874,18,52,East Region,Tampines
EMERALD EAST,"1,450,000","1,087.16","1,334",20 Mar 2018,8D TANJONG RHU ROAD #05-04,Resale,Strata,101,"14,356",-,Apartment,1,Freehold,1999,Private,436892,15,43,Central Region,Kallang
ROSEWOOD,"838,000","1,173.28",714,20 Mar 2018,3 ROSEWOOD DRIVE #09-05,Resale,Strata,109,"7,688",-,Condominium,1,99 yrs from 20/06/2000,2003,Private,737935,25,73,North Region,Woodlands
A TREASURE TROVE,"878,000",775.01,"1,133",20 Mar 2018,64 PUNGGOL WALK #10-29,Resale,Strata,72,"12,194",-,Condominium,1,99 yrs from 09/03/2011,2015,HDB,828782,19,82,North East Region,Punggol
THE DAFFODIL,"980,000","1,001.05",979,20 Mar 2018,568 UPPER EAST COAST ROAD #04-12,Resale,Strata,93,"10,538",-,Apartment,1,Freehold,1998,Private,466584,16,46,East Region,Bedok
Q BAY RESIDENCES,"1,738,000","1,614.6","1,076",20 Mar 2018,11 TAMPINES STREET 86 #08-31,Resale,Strata,150,"11,587",-,Condominium,1,99 yrs from 21/08/2012,2016,Private,528588,18,52,East Region,Tampines
PARC REGENCY,"1,720,000","1,679.18","1,024",20 Mar 2018,315 PASIR PANJANG ROAD #01-04,Resale,Strata,156,"11,026",-,Apartment,1,Freehold,2002,HDB,118652,05,11,Central Region,Queenstown
GEM RESIDENCES,"1,880,000","1,248.62","1,506",20 Mar 2018,3 LORONG 5 TOA PAYOH #19-15,New Sale,Strata,116,"16,207",-,Condominium,1,99 yrs from 21/09/2015,Uncompleted,HDB,319459,12,31,Central Region,Toa Payoh
PALM GARDENS,"980,000","1,345.5",728,20 Mar 2018,2C HONG SAN WALK #07-07,Resale,Strata,125,"7,840",-,Condominium,1,99 yrs from 12/08/1996,2000,HDB,689049,23,68,West Region,Choa Chu Kang
COMPASS HEIGHTS,"705,000",667.37,"1,056",20 Mar 2018,9 SENGKANG SQUARE #10-21,Resale,Strata,62,"11,371",-,Apartment,1,99 yrs from 30/04/2000,2002,HDB,545075,19,54,North East Region,Sengkang
KINGSFORD WATERBAY,"981,000",688.9,"1,424",20 Mar 2018,76 UPPER SERANGOON VIEW #02-58,New Sale,Strata,64,"15,328",-,Apartment,1,99 yrs from 03/03/2014,Uncompleted,HDB,533880,19,53,North East Region,Hougang
BIJOU,"1,130,600",570.49,"1,971",20 Mar 2018,2 JALAN MAT JAMBOL #04-10,New Sale,Strata,53,"21,220","1,124,648",Apartment,1,Freehold,Uncompleted,Private,119554,05,11,Central Region,Queenstown
TIARA,"2,791,000","1,506.96","1,852",20 Mar 2018,1 KIM SENG WALK #18-04,Resale,Strata,140,"19,936",-,Condominium,1,Freehold,1995,HDB,239403,09,23,Central Region,Singapore River
GEM RESIDENCES,"1,833,480","1,248.62","1,468",20 Mar 2018,3 LORONG 5 TOA PAYOH #11-15,New Sale,Strata,116,"15,806",-,Condominium,1,99 yrs from 21/09/2015,Uncompleted,Private,319459,12,31,Central Region,Toa Payoh
PARC BOTANNIA,"1,102,112",871.88,"1,264",20 Mar 2018,12 FERNVALE STREET #06-12,New Sale,Strata,81,"13,606",-,Condominium,1,99 yrs from 28/12/2016,Uncompleted,Private,797391,28,79,North East Region,Sengkang
PALM GARDENS,"968,000","1,345.5",719,20 Mar 2018,2D HONG SAN WALK #13-03,Resale,Strata,125,"7,744",-,Condominium,1,99 yrs from 12/08/1996,2000,Private,689050,23,68,West Region,Choa Chu Kang
PARC BOTANNIA,"699,000",505.91,"1,382",20 Mar 2018,12 FERNVALE STREET #19-18,New Sale,Strata,47,"14,872",-,Condominium,1,99 yrs from 28/12/2016,Uncompleted,N.A,797391,28,79,North East Region,Sengkang
THE TROPICA,"980,000","1,237.86",792,20 Mar 2018,55 TAMPINES AVENUE 1 #05-03,Resale,Strata,115,"8,522",-,Condominium,1,99 yrs from 04/12/1996,2000,HDB,529773,18,52,East Region,Tampines
VALLEY PARK,"1,300,000",796.54,"1,632",20 Mar 2018,483 RIVER VALLEY ROAD #03-04,Resale,Strata,74,"17,568",-,Condominium,1,999 yrs from 21/06/1877,1997,Private,248368,10,24,Central Region,Tanglin
KINGSFORD WATERBAY,"958,000",688.9,"1,391",20 Mar 2018,68 UPPER SERANGOON VIEW #03-22,New Sale,Strata,64,"14,969",-,Apartment,1,99 yrs from 03/03/2014,Uncompleted,HDB,533884,19,53,North East Region,Hougang
GARDENVISTA,"1,610,000","1,345.5","1,197",20 Mar 2018,956 DUNEARN ROAD #04-16,Resale,Strata,125,"12,880",-,Condominium,1,99 yrs from 09/09/1999,2006,Private,589484,21,58,Central Region,Bukit Timah
TANAMERA CREST,"828,000",861.12,962,20 Mar 2018,10 PARI DEDAP WALK #11-16,Resale,Strata,80,"10,350",-,Condominium,1,99 yrs from 20/06/2000,2004,Private,486062,16,48,East Region,Bedok
EDEN VIEW,"1,048,000","1,054.87",993,20 Mar 2018,6 EDEN GROVE #02-03,Resale,Strata,98,"10,694",-,Apartment,1,Freehold,2006,HDB,539102,19,53,North East Region,Serangoon
GRANDEUR PARK RESIDENCES,"1,149,000",667.37,"1,722",20 Mar 2018,9 BEDOK SOUTH AVENUE 3 #11-39,New Sale,Strata,62,"18,532",-,Condominium,1,99 yrs from 25/05/2016,Uncompleted,Private,465465,16,46,East Region,Bedok
EIGHT COURTYARDS,"880,000",979.52,898,20 Mar 2018,16 CANBERRA DRIVE #06-34,Resale,Strata,91,"9,670",-,Condominium,1,99 yrs from 20/09/2010,2014,Private,768097,27,76,North Region,Yishun
VIBES @ EAST COAST,"592,000",419.8,"1,410",20 Mar 2018,308 TELOK KURAU ROAD #04-28,Resale,Strata,39,"15,179",-,Apartment,1,Freehold,2014,HDB,423858,15,42,East Region,Bedok
LAKE GRANDE,"1,130,000",882.65,"1,280",20 Mar 2018,10 JURONG LAKE LINK #01-42,New Sale,Strata,82,"13,780",-,Condominium,1,99 yrs from 09/06/2015,Uncompleted,HDB,648131,22,64,West Region,Jurong West
NATURALIS,"1,350,000","1,560.78",865,20 Mar 2018,2 LORONG M TELOK KURAU #05-09,Resale,Strata,145,"9,310",-,Apartment,1,Freehold,2011,Private,425279,15,42,East Region,Bedok
THE SUNNY SPRING,"1,120,000","1,065.64","1,051",20 Mar 2018,50 LORONG 40 GEYLANG #04-09,Resale,Strata,99,"11,313",-,Apartment,1,Freehold,1998,HDB,398074,14,39,Central Region,Geylang
THE LAKEFRONT RESIDENCES,"760,000",484.38,"1,569",20 Mar 2018,48 LAKESIDE DRIVE #04-35,Resale,Strata,45,"16,889",-,Condominium,1,99 yrs from 03/08/2010,2014,HDB,648305,22,64,West Region,Jurong West
PARC OASIS,"1,000,000","1,076.4",929,20 Mar 2018,53 JURONG EAST AVENUE 1 #11-03,Resale,Strata,100,"10,000",-,Condominium,1,99 yrs from 01/12/1991,1994,HDB,609783,22,60,West Region,Jurong East
TROPICAL SPRING,"1,168,000","1,334.74",875,20 Mar 2018,33 SIMEI STREET 4 #10-22,Resale,Strata,124,"9,419",-,Condominium,1,99 yrs from 06/12/1997,2002,Private,529878,18,52,East Region,Tampines
FLORIDIAN,"3,180,000","1,840.64","1,728",20 Mar 2018,971 BUKIT TIMAH ROAD #01-22,Resale,Strata,171,"18,596",-,Condominium,1,Freehold,2012,Private,589647,21,58,Central Region,Bukit Timah
THE SOLITAIRE,"2,200,000","1,237.86","1,777",20 Mar 2018,5B BALMORAL PARK #05-04,Resale,Strata,115,"19,130",-,Condominium,1,Freehold,2009,Private,259830,10,25,Central Region,Tanglin
WOODSVILLE 28,"1,133,000",828.83,"1,367",20 Mar 2018,28 WOODSVILLE CLOSE #17-05,Resale,Strata,77,"14,714",-,Apartment,1,99 yrs from 15/10/2007,2011,Private,357776,13,35,Central Region,Toa Payoh
COTE D'AZUR,"2,880,000","2,884.75",998,20 Mar 2018,62 MARINE PARADE ROAD #22-07,Resale,Strata,268,"10,746",-,Condominium,1,99 yrs from 25/07/2001,2004,Private,449298,15,44,Central Region,Marine Parade
NV RESIDENCES,"775,000",796.54,973,20 Mar 2018,89 PASIR RIS GROVE #06-22,Resale,Strata,74,"10,473",-,Condominium,1,99 yrs from 07/01/2008,2013,HDB,518214,18,51,East Region,Pasir Ris
MEIER SUITES,"3,600,000","2,206.62","1,631",20 Mar 2018,10 MARGATE ROAD #16-03,Resale,Strata,205,"17,561",-,Condominium,1,Freehold,2012,Private,438051,15,43,Central Region,Marine Parade
COMPASS HEIGHTS,"938,000","1,108.69",846,20 Mar 2018,11 SENGKANG SQUARE #10-33,Resale,Strata,103,"9,107",-,Apartment,1,99 yrs from 30/04/2000,2002,HDB,545076,19,54,North East Region,Sengkang
ARTRA,"1,563,800",785.77,"1,990",20 Mar 2018,10 ALEXANDRA VIEW #30-05,New Sale,Strata,73,"21,422",-,Apartment,1,99 yrs from 15/02/2016,Uncompleted,N.A,158745,03,15,Central Region,Bukit Merah
REGENT HEIGHTS,"810,000","1,173.28",690,20 Mar 2018,52 BUKIT BATOK EAST AVENUE 5 #02-07,Resale,Strata,109,"7,431",-,Condominium,1,99 yrs from 07/11/1995,1999,Private,659802,23,65,West Region,Bukit Batok
KOVAN MELODY,"1,320,000","1,227.1","1,076",20 Mar 2018,23 KOVAN ROAD #09-20,Resale,Strata,114,"11,579",-,Condominium,1,99 yrs from 20/01/2004,2006,HDB,548193,19,54,North East Region,Hougang
E MAISON,"1,643,392","1,184.04","1,388",20 Mar 2018,30 BRADDELL ROAD #01-12,Resale,Strata,110,"14,940",-,Apartment,1,Freehold,2016,Private,359946,13,35,North East Region,Serangoon
ICON,"1,280,000",785.77,"1,629",20 Mar 2018,10 GOPENG STREET #27-16,Resale,Strata,73,"17,534",-,Apartment,1,99 yrs from 29/01/2002,2007,Private,078878,02,07,Central Region,Downtown Core
THE ESTUARY,"936,000","1,119.46",836,20 Mar 2018,91 YISHUN AVENUE 1 #04-18,Resale,Strata,104,"9,000",-,Condominium,1,99 yrs from 25/06/2008,2013,Private,769135,27,76,North Region,Yishun
OASIS GARDEN,"1,168,888","1,388.56",842,21 Mar 2018,51 JALAN BUNGA RAMPAI #01-01,Resale,Strata,129,"9,061",-,Condominium,1,Freehold,2009,Private,538420,19,53,Central Region,Toa Payoh
THE PALETTE,"920,000",893.41,"1,030",21 Mar 2018,105 PASIR RIS GROVE #11-09,Resale,Strata,83,"11,084",-,Condominium,1,99 yrs from 20/10/2010,2015,Private,518197,18,51,East Region,Pasir Ris
URBAN VISTA,"815,000",548.96,"1,485",21 Mar 2018,2 TANAH MERAH KECHIL LINK #07-03,Resale,Strata,51,"15,980",-,Condominium,1,99 yrs from 05/11/2012,2016,Private,465417,16,46,East Region,Bedok
ROSEWOOD SUITES,"870,000","1,065.64",816,21 Mar 2018,65 ROSEWOOD DRIVE #03-27,Resale,Strata,99,"8,788",-,Condominium,1,99 yrs from 25/02/2008,2011,HDB,737875,25,73,North Region,Woodlands
A TREASURE TROVE,"1,280,000","1,205.57","1,062",21 Mar 2018,54 PUNGGOL WALK #15-12,Resale,Strata,112,"11,429",-,Condominium,1,99 yrs from 09/03/2011,2015,Private,828832,19,82,North East Region,Punggol
D'PAVILION,"1,080,000",968.76,"1,115",21 Mar 2018,801 UPPER SERANGOON ROAD #04-04,Resale,Strata,90,"12,000",-,Apartment,1,Freehold,2010,Private,534671,19,53,North East Region,Hougang
AALTO,"2,852,000","1,550.02","1,840",21 Mar 2018,191 MEYER ROAD #13-01,Resale,Strata,144,"19,806",-,Condominium,1,Freehold,2010,Private,437980,15,43,Central Region,Marine Parade
BAYSHORE PARK,"1,280,000","1,173.28","1,091",21 Mar 2018,60 BAYSHORE ROAD #25-01,Resale,Strata,109,"11,743",-,Condominium,1,99 yrs from 17/03/1982,1986,HDB,469982,16,46,East Region,Bedok
ARTRA,"1,657,000",828.83,"1,999",21 Mar 2018,10 ALEXANDRA VIEW #33-06,New Sale,Strata,77,"21,519",-,Apartment,1,99 yrs from 15/02/2016,Uncompleted,HDB,158745,03,15,Central Region,Bukit Merah
TURQUOISE,"3,600,000","2,411.14","1,493",21 Mar 2018,55 COVE DRIVE #04-10,Resale,Strata,224,"16,071",-,Condominium,1,99 yrs from 12/03/2007,2010,HDB,098395,04,09,Central Region,Southern Islands
ROSEWOOD,"880,000","1,173.28",750,21 Mar 2018,7 ROSEWOOD DRIVE #13-16,Resale,Strata,109,"8,073",-,Condominium,1,99 yrs from 20/06/2000,2003,HDB,737937,25,73,North Region,Woodlands
SIMS URBAN OASIS,"2,451,800","1,733","1,415",21 Mar 2018,8 SIMS DRIVE #07-26,New Sale,Strata,161,"15,229",-,Condominium,1,99 yrs from 29/07/2014,2017,Private,387389,14,38,Central Region,Geylang
THE CASCADIA,"1,500,000",990.29,"1,515",21 Mar 2018,925 BUKIT TIMAH ROAD #03-11,Resale,Strata,92,"16,304",-,Condominium,1,Freehold,2010,Private,589640,21,58,Central Region,Bukit Timah
TERRASSE,"1,280,000","1,108.69","1,155",21 Mar 2018,29 TERRASSE LANE #04-52,Resale,Strata,103,"12,427",-,Condominium,1,99 yrs from 23/08/2010,2014,Private,544778,19,54,North East Region,Hougang
MAKEWAY VIEW,"168,000,000","70,461.14","2,384",21 Mar 2018,"2 (ENBLOC) MAKEWAY AVENUE #04-03,02,01 ETC",Resale,Strata,"6,546","25,665",-,Apartment,32,Freehold,1989,Private,228599,09,22,Central Region,Novena
HILLVIEW HEIGHTS,"1,488,000","1,270.15","1,172",21 Mar 2018,29A HILLVIEW AVENUE #04-01,Resale,Strata,118,"12,610",-,Condominium,1,Freehold,1996,Private,669562,23,66,West Region,Bukit Batok
PARC BOTANNIA,"630,000",430.56,"1,463",21 Mar 2018,10 FERNVALE STREET #22-08,New Sale,Strata,40,"15,750",-,Condominium,1,99 yrs from 28/12/2016,Uncompleted,HDB,797390,28,79,North East Region,Sengkang
D'GALLERY,"1,130,000",968.76,"1,166",21 Mar 2018,15 JALAN MASJID #04-02,Resale,Strata,90,"12,556",-,Apartment,1,Freehold,2006,Private,418936,14,41,East Region,Bedok
SUN PLAZA,"900,000","1,367.03",658,21 Mar 2018,30 SEMBAWANG DRIVE #09-04,Resale,Strata,127,"7,087",-,Apartment,1,99 yrs from 26/06/1996,2000,HDB,757713,27,75,North Region,Sembawang
STRATUM,"820,000",818.06,"1,002",21 Mar 2018,100 ELIAS ROAD #04-67,Sub Sale,Strata,76,"10,789",-,Condominium,1,99 yrs from 11/07/2012,2016,HDB,519955,18,51,East Region,Pasir Ris
FOREST WOODS,"1,398,000",914.94,"1,528",21 Mar 2018,9 LORONG LEW LIAN #03-02,New Sale,Strata,85,"16,447",-,Condominium,1,99 yrs from 05/02/2016,Uncompleted,HDB,536494,19,53,North East Region,Serangoon
THE ELEGANCE @ CHANGI,"1,060,000","1,011.82","1,048",21 Mar 2018,30 LORONG 107 CHANGI #04-05,Resale,Strata,94,"11,277",-,Apartment,1,Freehold,2006,Private,426446,15,42,Central Region,Geylang
THE TEMBUSU,"1,350,000",753.48,"1,792",21 Mar 2018,107D TAMPINES ROAD #11-16,Resale,Strata,70,"19,286",-,Condominium,1,Freehold,2016,HDB,534006,19,53,North East Region,Hougang
THE TRILINQ,"1,702,000","1,345.5","1,265",21 Mar 2018,28A JALAN LEMPENG #14-16,New Sale,Strata,125,"13,616",-,Condominium,1,99 yrs from 16/04/2012,2017,Private,128808,05,12,West Region,Clementi
GRANDEUR PARK RESIDENCES,"1,140,000",667.37,"1,708",21 Mar 2018,9 BEDOK SOUTH AVENUE 3 #09-39,New Sale,Strata,62,"18,387",-,Condominium,1,99 yrs from 25/05/2016,Uncompleted,N.A,465465,16,46,East Region,Bedok
THE ARTE,"1,950,000","1,528.49","1,276",21 Mar 2018,21 JALAN RAJA UDANG #17-03,Resale,Strata,142,"13,732",-,Condominium,1,Freehold,2010,Private,329215,12,32,Central Region,Novena
WATER PLACE,"1,570,000","1,227.1","1,279",21 Mar 2018,179 TANJONG RHU ROAD #07-28,Resale,Strata,114,"13,772",-,Condominium,1,99 yrs from 02/03/1998,2004,Private,436608,15,43,Central Region,Kallang
THE OCEANFRONT @ SENTOSA COVE,"1,900,888","1,216.33","1,563",21 Mar 2018,293 OCEAN DRIVE #02-15,Resale,Strata,113,"16,822",-,Condominium,1,99 yrs from 10/08/2005,2010,Private,098533,04,09,Central Region,Southern Islands
ONE-NORTH RESIDENCES,"2,000,000","1,593.07","1,255",21 Mar 2018,7 ONE-NORTH GATEWAY #10-02,Resale,Strata,148,"13,514",-,Apartment,1,99 yrs from 15/09/2005,2009,Private,138642,05,13,Central Region,Queenstown
RIVERBANK @ FERNVALE,"585,000",495.14,"1,181",21 Mar 2018,13 FERNVALE CLOSE #03-16,Sub Sale,Strata,46,"12,717",-,Condominium,1,99 yrs from 10/07/2013,2017,HDB,797476,28,79,North East Region,Sengkang
CHANGI RISE CONDOMINIUM,"990,000","1,259.39",786,21 Mar 2018,6 SIMEI RISE #08-17,Resale,Strata,117,"8,462",-,Condominium,1,99 yrs from 29/11/2000,2004,Private,528802,18,52,East Region,Tampines
THE ADARA,"1,200,000",914.94,"1,312",21 Mar 2018,9 CHAPEL ROAD #02-01,Resale,Strata,85,"14,118",-,Apartment,1,Freehold,2010,HDB,429515,15,42,Central Region,Marine Parade
PARKVIEW APARTMENTS,"850,000","1,130.22",752,21 Mar 2018,1 BUKIT BATOK STREET 25 #07-16,Resale,Strata,105,"8,095",-,Apartment,1,99 yrs from 01/05/1994,1998,HDB,658882,23,65,West Region,Bukit Batok
RIVER ISLES,"1,300,000","1,420.85",915,21 Mar 2018,58 EDGEDALE PLAINS #01-15,Resale,Strata,132,"9,848",-,Condominium,1,99 yrs from 06/02/2012,2015,HDB,828823,19,82,North East Region,Punggol
EIGHT RIVERSUITES,"1,030,000",699.66,"1,472",21 Mar 2018,8 WHAMPOA EAST #10-17,Resale,Strata,65,"15,846",-,Condominium,1,99 yrs from 11/07/2011,2016,Private,338520,12,33,Central Region,Kallang
AMARYLLIS VILLE,"1,920,000","1,237.86","1,551",21 Mar 2018,20 NEWTON ROAD #27-02,Resale,Strata,115,"16,696",-,Condominium,1,99 yrs from 24/10/1997,2004,Private,307953,11,30,Central Region,Novena
INTERNATIONAL PLAZA,"1,750,000","1,603.84","1,091",21 Mar 2018,10 ANSON ROAD #39-01,Resale,Strata,149,"11,745",-,Apartment,1,99 yrs from 02/06/1970,1976,Private,079903,02,07,Central Region,Downtown Core
NOVA 48,"1,630,000","1,237.86","1,317",21 Mar 2018,10 PROME ROAD #08-03,Resale,Strata,115,"14,174",-,Apartment,1,Freehold,2011,Private,328318,12,32,Central Region,Novena
ONE EIGHTIES RESIDENCES,"1,800,000","1,280.92","1,405",21 Mar 2018,186 JOO CHIAT TERRACE #05-01,Resale,Strata,119,"15,126",-,Apartment,1,Freehold,2015,Private,427332,15,42,Central Region,Geylang
GOLDHILL TOWERS,"2,400,000","1,550.02","1,548",21 Mar 2018,38 GOLDHILL AVENUE #07-38,Resale,Strata,144,"16,667",-,Apartment,1,Freehold,1989,Private,309021,11,30,Central Region,Novena
PARC VISTA,"890,000","1,076.4",827,21 Mar 2018,450 CORPORATION ROAD #02-05,Resale,Strata,100,"8,900",-,Condominium,1,99 yrs from 01/03/1995,1998,HDB,649810,22,64,West Region,Jurong West
SELETAR SPRINGS CONDOMINIUM,"798,000","1,011.82",789,21 Mar 2018,110 GERALD DRIVE #02-45,Resale,Strata,94,"8,489",-,Condominium,1,99 yrs from 12/08/1997,2000,Private,799036,28,79,North East Region,Hougang
LAGUNA 88,"1,070,000","1,194.8",896,21 Mar 2018,46 EASTWOOD ROAD #03-04,Resale,Strata,111,"9,640",-,Condominium,1,99 yrs from 06/11/1995,2000,Private,486356,16,48,East Region,Bedok
WESTCOVE CONDOMINIUM,"940,000","1,108.69",848,21 Mar 2018,16 WEST COAST CRESCENT #06-09,Resale,Strata,103,"9,126",-,Condominium,1,99 yrs from 01/03/1995,1998,HDB,128044,05,12,West Region,Clementi
SUMMER VIEW,"958,000","1,496.2",640,21 Mar 2018,5 LORONG 12 GEYLANG #06-01,Resale,Strata,139,"6,892",-,Apartment,1,Freehold,1998,HDB,398986,14,39,Central Region,Geylang
HILLTOPS,"7,934,000","2,378.84","3,335",21 Mar 2018,101 CAIRNHILL CIRCLE #07-13,Resale,Strata,221,"35,900",-,Condominium,1,Freehold,2011,Private,229809,09,22,Central Region,Newton
MARTIN NO 38,"2,225,000",968.76,"2,297",21 Mar 2018,38 MARTIN ROAD #04-09,Resale,Strata,90,"24,722",-,Apartment,1,Freehold,2011,Private,239059,09,23,Central Region,River Valley
KOVAN REGENCY,"1,330,000",979.52,"1,358",21 Mar 2018,6 KOVAN RISE #03-15,Resale,Strata,91,"14,615",-,Condominium,1,99 yrs from 24/04/2012,2015,HDB,544736,19,54,North East Region,Hougang
TREE HOUSE,"1,250,000","1,248.62","1,001",21 Mar 2018,62 CHESTNUT AVENUE #04-09,Resale,Strata,116,"10,776",-,Condominium,1,99 yrs from 23/11/2009,2013,Private,679518,23,67,West Region,Bukit Panjang
A TREASURE TROVE,"925,000",914.94,"1,011",21 Mar 2018,54 PUNGGOL WALK #02-11,Resale,Strata,85,"10,882",-,Condominium,1,99 yrs from 09/03/2011,2015,HDB,828832,19,82,North East Region,Punggol
38 JERVOIS,"1,165,021",473.62,"2,460",22 Mar 2018,38 JERVOIS ROAD #01-03,New Sale,Strata,44,"26,478",-,Apartment,1,Freehold,Uncompleted,Private,249078,10,24,Central Region,Tanglin
H2O RESIDENCES,"1,320,000","1,194.8","1,105",22 Mar 2018,36 FERNVALE LINK #16-20,Resale,Strata,111,"11,892",-,Condominium,1,99 yrs from 10/05/2010,2015,HDB,797533,28,79,North East Region,Sengkang
KOVAN RESIDENCES,"1,138,000",893.41,"1,274",22 Mar 2018,1A KOVAN ROAD #08-06,Resale,Strata,83,"13,711",-,Condominium,1,99 yrs from 31/12/2007,2011,HDB,544916,19,54,North East Region,Hougang
CHANGI COURT,"945,000",925.7,"1,021",22 Mar 2018,702 UPPER CHANGI ROAD EAST #03-07,Resale,Strata,86,"10,988",-,Condominium,1,Freehold,1997,HDB,486832,16,48,East Region,Tampines
RIVER PLACE,"1,580,000","1,054.87","1,498",22 Mar 2018,60 HAVELOCK ROAD #09-22,Resale,Strata,98,"16,122",-,Condominium,1,99 yrs from 07/11/1995,2000,Private,169658,03,16,Central Region,Singapore River
LA FIESTA,"942,000",731.95,"1,287",22 Mar 2018,68 SENGKANG SQUARE #12-42,Resale,Strata,68,"13,853",-,Condominium,1,99 yrs from 03/09/2012,2016,Private,544704,19,54,North East Region,Sengkang
JERVOIS LODGE,"2,420,000","1,517.72","1,594",22 Mar 2018,32 JERVOIS ROAD #04-02,Resale,Strata,141,"17,163",-,Condominium,1,Freehold,1997,Private,249015,10,24,Central Region,Tanglin
ASCENTIA SKY,"1,935,000","1,474.67","1,312",22 Mar 2018,3 ALEXANDRA VIEW #27-11,Resale,Strata,137,"14,124",-,Condominium,1,99 yrs from 26/03/2008,2013,Private,158749,03,15,Central Region,Bukit Merah
PARC CENTENNIAL,"1,730,000","1,248.62","1,386",22 Mar 2018,100 KAMPONG JAVA ROAD #16-01,Resale,Strata,116,"14,914",-,Apartment,1,Freehold,2011,Private,228867,09,22,Central Region,Novena
RESIDENCES BOTANIQUE,"1,450,000","1,184.04","1,225",22 Mar 2018,30 YIO CHU KANG ROAD #03-03,Resale,Strata,110,"13,182",-,Condominium,1,Freehold,2012,Private,545550,19,54,North East Region,Hougang
MELOSA,"650,000",484.38,"1,342",22 Mar 2018,28 LORONG 28 GEYLANG #04-08,Resale,Strata,45,"14,444",-,Apartment,1,Freehold,2013,HDB,398432,14,39,Central Region,Geylang
FLORIDIAN,"1,580,000",893.41,"1,769",22 Mar 2018,965 BUKIT TIMAH ROAD #10-08,Resale,Strata,83,"19,036",-,Condominium,1,Freehold,2012,Private,589662,21,58,Central Region,Bukit Timah
QUEENS PEAK,"1,636,000",861.12,"1,900",22 Mar 2018,3 DUNDEE ROAD #36-22,New Sale,Strata,80,"20,450",-,Condominium,1,99 yrs from 28/09/2015,Uncompleted,Private,149457,03,14,Central Region,Queenstown
SAVANNAH CONDOPARK,"1,310,000","1,453.14",901,22 Mar 2018,49 SIMEI RISE #07-39,Resale,Strata,135,"9,704",-,Condominium,1,99 yrs from 29/11/2000,2005,Private,528788,18,52,East Region,Tampines
EVERGREEN PARK,"800,000","1,065.64",751,22 Mar 2018,31 HOUGANG AVENUE 7 #08-04,Resale,Strata,99,"8,081",-,Apartment,1,99 yrs from 01/10/1995,1999,HDB,538800,19,53,North East Region,Hougang
38 JERVOIS,"1,169,421",473.62,"2,469",22 Mar 2018,38 JERVOIS ROAD #01-01,New Sale,Strata,44,"26,578",-,Apartment,1,Freehold,Uncompleted,Private,249078,10,24,Central Region,Tanglin
THE TESSARINA,"1,500,000",990.29,"1,515",22 Mar 2018,30 WILBY ROAD #03-47,Resale,Strata,92,"16,304",-,Condominium,1,Freehold,2003,Private,276310,10,27,Central Region,Bukit Timah
MONTROSA,"1,128,000","1,184.04",953,22 Mar 2018,132A HILLVIEW AVENUE #09-02,Resale,Strata,110,"10,255",-,Condominium,1,999 yrs from 12/10/1885,1999,Private,669604,23,66,West Region,Bukit Batok
THE NAUTICAL,"530,000",441.32,"1,201",22 Mar 2018,93 JALAN SENDUDOK #03-22,Resale,Strata,41,"12,927",-,Condominium,1,99 yrs from 29/08/2011,2015,HDB,769472,27,76,North Region,Sembawang
PUBLIC MANSION,"1,740,000","1,959.05",888,22 Mar 2018,432 BALESTIER ROAD #07-432,Resale,Strata,182,"9,560",-,Apartment,1,Freehold,1974,Private,329813,12,32,Central Region,Novena
THE LUXURIE,"913,000",936.47,975,22 Mar 2018,23 COMPASSVALE ROAD #15-23,Resale,Strata,87,"10,494",-,Condominium,1,99 yrs from 15/06/2011,2015,Private,544755,19,54,North East Region,Sengkang
THE CITRINE,"1,430,000","1,280.92","1,116",22 Mar 2018,18 JALAN DATOH #06-03,Resale,Strata,119,"12,017",-,Apartment,1,Freehold,2008,Private,329415,12,32,Central Region,Novena
FLORIDIAN,"1,578,000",904.18,"1,745",22 Mar 2018,973 BUKIT TIMAH ROAD #03-25,Resale,Strata,84,"18,786",-,Condominium,1,Freehold,2012,Private,589648,21,58,Central Region,Bukit Timah
VACANZA @ EAST,"1,980,000","1,937.52","1,022",22 Mar 2018,36 LENGKONG TUJOH #12-01,Resale,Strata,180,"11,000",-,Condominium,1,Freehold,2014,HDB,417391,14,41,East Region,Bedok
PARVIS,"4,100,000","2,604.89","1,574",22 Mar 2018,18 HOLLAND HILL #02-15,Resale,Strata,242,"16,942",-,Condominium,1,Freehold,2012,Private,278746,10,27,Central Region,Bukit Timah
PARC ROSEWOOD,"565,000",505.91,"1,117",22 Mar 2018,75 ROSEWOOD DRIVE #01-25,Resale,Strata,47,"12,021",-,Condominium,1,99 yrs from 07/09/2011,2014,HDB,737785,25,73,North Region,Woodlands
THE BELVEDERE,"2,200,000","1,302.44","1,689",22 Mar 2018,51 MEYER ROAD #10-04,Resale,Strata,121,"18,182",-,Condominium,1,Freehold,2007,Private,437874,15,43,Central Region,Marine Parade
CLYDESVIEW,"2,850,000","2,411.14","1,182",22 Mar 2018,16A JERVOIS LANE #04-07,Resale,Strata,224,"12,723",-,Condominium,1,Freehold,1991,HDB,159192,03,15,Central Region,Tanglin
THE WATERSIDE,"3,675,000","2,174.33","1,690",22 Mar 2018,7 TANJONG RHU ROAD #20-01,Resale,Strata,202,"18,193",-,Condominium,1,Freehold,1992,Private,436887,15,43,Central Region,Kallang
EDELWEISS PARK CONDOMINIUM,"745,000",947.23,787,22 Mar 2018,92 FLORA ROAD #05-40,Resale,Strata,88,"8,466",-,Condominium,1,Freehold,2006,HDB,507005,17,50,East Region,Pasir Ris
THE ALPS RESIDENCES,"1,201,000",936.47,"1,282",22 Mar 2018,113 TAMPINES STREET 86 #12-38,New Sale,Strata,87,"13,805",-,Condominium,1,99 yrs from 03/08/2015,Uncompleted,Private,528536,18,52,East Region,Tampines
CONCOURSE SKYLINE,"4,418,232","2,152.8","2,052",22 Mar 2018,296 BEACH ROAD #24-03,Resale,Strata,200,"22,091",-,Apartment,1,99 yrs from 13/03/2008,2014,Private,199599,07,19,Central Region,Kallang
SERENITY PARK,"1,250,000","1,323.97",944,22 Mar 2018,157C TAMARIND ROAD #04-08,Resale,Strata,123,"10,163",-,Condominium,1,Freehold,1995,Private,806107,28,80,North East Region,Serangoon
SHERWOOD CONDOMINIUM,"1,280,000","1,237.86","1,034",22 Mar 2018,169 JALAN JURONG KECHIL #03-15,Resale,Strata,115,"11,130",-,Condominium,1,Freehold,1998,HDB,598669,21,59,Central Region,Bukit Timah
HIGH STREET CENTRE,"1,170,000",807.3,"1,449",22 Mar 2018,1 NORTH BRIDGE ROAD #26-03,Resale,Strata,75,"15,600",-,Apartment,1,99 yrs from 02/06/1969,2005,Private,179094,06,17,Central Region,Downtown Core
SEASIDE RESIDENCES,"1,081,000",592.02,"1,826",22 Mar 2018,18 SIGLAP LINK #13-30,New Sale,Strata,55,"19,655",-,Apartment,1,99 yrs from 18/04/2016,Uncompleted,HDB,448873,15,44,East Region,Bedok
LIIV RESIDENCES,"746,738",398.27,"1,875",22 Mar 2018,339 PASIR PANJANG ROAD #03-04,New Sale,Strata,37,"20,182",-,Apartment,1,Freehold,Uncompleted,Private,117368,05,11,Central Region,Queenstown
THE INTERLACE,"1,338,000","1,044.11","1,281",22 Mar 2018,194 DEPOT ROAD #11-29,Resale,Strata,97,"13,794",-,Condominium,1,99 yrs from 11/02/2009,2013,Private,109691,04,10,Central Region,Bukit Merah
ASTORIA PARK,"965,000",925.7,"1,042",22 Mar 2018,36 LORONG MYDIN #01-02,Resale,Strata,86,"11,221",-,Condominium,1,99 yrs from 01/05/1993,1995,Private,416828,14,41,East Region,Bedok
KALLANG RIVERSIDE,"2,231,945","1,033.34","2,160",22 Mar 2018,51 KAMPONG BUGIS #16-05,New Sale,Strata,96,"23,249",-,Apartment,1,Freehold,Uncompleted,HDB,338986,12,33,Central Region,Kallang
KINGSFORD WATERBAY,"642,000",484.38,"1,325",22 Mar 2018,76 UPPER SERANGOON VIEW #05-61,Sub Sale,Strata,45,"14,267",-,Apartment,1,99 yrs from 03/03/2014,Uncompleted,HDB,533880,19,53,North East Region,Hougang
KOVAN GRANDEUR,"1,100,000","1,388.56",792,22 Mar 2018,118 TAMPINES ROAD #05-10,Resale,Strata,129,"8,527",-,Apartment,1,99 yrs from 10/08/2010,2011,HDB,535193,19,53,North East Region,Hougang
PARC VERA,"850,000",871.88,975,22 Mar 2018,2 HOUGANG STREET 32 #04-08,Resale,Strata,81,"10,494",-,Condominium,1,99 yrs from 20/12/2010,2014,Private,534041,19,53,North East Region,Hougang
COCO PALMS,"1,654,400","1,259.39","1,314",22 Mar 2018,29 PASIR RIS GROVE #14-56,New Sale,Strata,117,"14,140",-,Condominium,1,99 yrs from 07/01/2008,2018,Private,518074,18,51,East Region,Pasir Ris
STARVILLE,"1,350,000","1,474.67",915,22 Mar 2018,66 LENGKONG TIGA #01-14,Resale,Strata,137,"9,854",-,Condominium,1,Freehold,2006,Private,417471,14,41,East Region,Bedok
38 JERVOIS,"1,528,461",645.84,"2,367",22 Mar 2018,38 JERVOIS ROAD #02-05,New Sale,Strata,60,"25,474",-,Apartment,1,Freehold,Uncompleted,N.A,249078,10,24,Central Region,Tanglin
A TREASURE TROVE,"870,000",775.01,"1,123",22 Mar 2018,76 PUNGGOL WALK #15-54,Resale,Strata,72,"12,083",-,Condominium,1,99 yrs from 09/03/2011,2015,HDB,828788,19,82,North East Region,Punggol
FIORENZA,"1,028,000",839.59,"1,224",22 Mar 2018,42 FLORENCE ROAD #04-04,Resale,Strata,78,"13,179",-,Apartment,1,Freehold,2011,HDB,549576,19,54,North East Region,Hougang
ORCHID PARK CONDOMINIUM,"1,070,000","1,571.54",681,22 Mar 2018,85 YISHUN STREET 81 #11-03,Resale,Strata,146,"7,329",-,Condominium,1,99 yrs from 01/09/1991,1994,HDB,768447,27,76,North Region,Yishun
BAYSHORE PARK,"870,000",936.47,929,22 Mar 2018,50 BAYSHORE ROAD #07-01,Resale,Strata,87,"10,000",-,Condominium,1,99 yrs from 17/03/1982,1986,Private,469977,16,46,East Region,Bedok
ST FRANCIS LODGE,"1,295,000","1,237.86","1,046",22 Mar 2018,98 ST. FRANCIS ROAD #03-03,Resale,Strata,115,"11,261",-,Apartment,1,Freehold,1998,HDB,328074,12,32,Central Region,Kallang
THE MAYFAIR,"1,000,000","1,162.51",860,22 Mar 2018,3 JURONG EAST STREET 32 #06-05,Resale,Strata,108,"9,259",-,Condominium,1,99 yrs from 04/12/1996,2000,Private,609478,22,60,West Region,Jurong East
NEW FUTURA,"4,212,000","1,367.03","3,081",22 Mar 2018,18 LEONIE HILL ROAD #05-04,Resale,Strata,127,"33,165",-,Condominium,1,Freehold,2017,HDB,239199,09,23,Central Region,River Valley
GRANDEUR PARK RESIDENCES,"999,000",581.26,"1,719",22 Mar 2018,1 BEDOK SOUTH AVENUE 3 #14-02,New Sale,Strata,54,"18,500",-,Condominium,1,99 yrs from 25/05/2016,Uncompleted,Private,465461,16,46,East Region,Bedok
PARC BOTANNIA,"649,000",505.91,"1,283",22 Mar 2018,10 FERNVALE STREET #06-01,New Sale,Strata,47,"13,809",-,Condominium,1,99 yrs from 28/12/2016,Uncompleted,HDB,797390,28,79,North East Region,Sengkang
PARC ROSEWOOD,"660,000",602.78,"1,095",22 Mar 2018,81 ROSEWOOD DRIVE #03-57,Resale,Strata,56,"11,786",-,Condominium,1,99 yrs from 07/09/2011,2014,HDB,737788,25,73,North Region,Woodlands
PALM HAVEN,"1,440,000","2,055.92",700,22 Mar 2018,18 PALM GROVE AVENUE #04-06,Resale,Strata,191,"7,539",-,Condominium,1,999 yrs from 01/09/1876,2002,Private,547312,19,54,North East Region,Hougang
BARTLEY RIDGE,"1,185,000",828.83,"1,430",22 Mar 2018,46 MOUNT VERNON ROAD #06-50,Resale,Strata,77,"15,390",-,Condominium,1,99 yrs from 16/04/2012,2016,HDB,368063,13,36,Central Region,Toa Payoh
EAST GALLERIA,"1,320,000",893.41,"1,477",22 Mar 2018,19 SEA AVENUE #03-02,Resale,Strata,83,"15,904",-,Apartment,1,Freehold,2007,Private,424239,15,42,Central Region,Marine Parade
THE RED HOUSE,"1,045,450",721.19,"1,450",22 Mar 2018,63 EAST COAST ROAD #02-20,New Sale,Strata,67,"15,604",-,Apartment,1,99 yrs from 06/01/2012,2016,Private,428776,15,42,Central Region,Marine Parade
CENTRAL IMPERIAL,"450,000",419.8,"1,072",22 Mar 2018,3 LORONG 14 GEYLANG #03-06,Resale,Strata,39,"11,538",-,Apartment,1,Freehold,2014,Private,398915,14,39,Central Region,Geylang
THE LINCOLN MODERN,"2,100,000","1,377.79","1,524",22 Mar 2018,20 LINCOLN ROAD #06-05,Resale,Strata,128,"16,406",-,Apartment,1,Freehold,2003,Private,308353,11,30,Central Region,Novena
CENTRAL GROVE,"1,160,000","1,184.04",980,23 Mar 2018,1 GEYLANG EAST AVENUE 1 #03-07,Resale,Strata,110,"10,545",-,Condominium,1,99 yrs from 18/07/1997,2001,Private,389778,14,38,Central Region,Geylang
THE SAIL @ MARINA BAY,"1,700,000",893.41,"1,903",23 Mar 2018,2 MARINA BOULEVARD #67-09,Resale,Strata,83,"20,482",-,Apartment,1,99 yrs from 12/08/2002,2008,HDB,018987,01,01,Central Region,Downtown Core
GOLD COAST CONDOMINIUM,"2,070,000","1,872.94","1,105",23 Mar 2018,360 PASIR PANJANG ROAD #04-14,Resale,Strata,174,"11,897",-,Condominium,1,Freehold,1994,Private,118699,05,11,Central Region,Queenstown
THE QUARTZ,"1,060,000","1,065.64",995,23 Mar 2018,59 COMPASSVALE BOW #14-17,Resale,Strata,99,"10,707",-,Condominium,1,99 yrs from 18/04/2005,2009,HDB,544988,19,54,North East Region,Sengkang
UP@ROBERTSON QUAY,"1,510,000",570.49,"2,647",23 Mar 2018,92 ROBERTSON QUAY #05-10,Resale,Strata,53,"28,491",-,Apartment,1,99 yrs from 07/06/2011,2015,HDB,238260,09,23,Central Region,Singapore River
WATERBANK AT DAKOTA,"825,000",484.38,"1,703",23 Mar 2018,70 DAKOTA CRESCENT #08-01,Resale,Strata,45,"18,333",-,Condominium,1,99 yrs from 07/12/2009,2013,Private,399941,14,39,Central Region,Geylang
THE SEAWIND,"1,153,228",645.84,"1,786",23 Mar 2018,76 LORONG M TELOK KURAU #05-15,Resale,Strata,60,"19,220",-,Condominium,1,Freehold,2015,HDB,425412,15,42,East Region,Bedok
THE NASSIM,"7,090,000","1,926.76","3,680",23 Mar 2018,18 NASSIM HILL #05-02,Resale,Strata,179,"39,609",-,Condominium,1,Freehold,2015,Private,258485,10,25,Central Region,Tanglin
BLOSSOMS @ WOODLEIGH,"2,390,000","2,680.24",892,23 Mar 2018,10 WOODLEIGH CLOSE #15-01,Resale,Strata,249,"9,598",-,Condominium,1,Freehold,2007,HDB,357905,13,35,Central Region,Toa Payoh
HAIG 162,"720,000",484.38,"1,486",23 Mar 2018,162 HAIG ROAD #05-09,Resale,Strata,45,"16,000",-,Apartment,1,Freehold,2013,Private,438773,15,43,Central Region,Marine Parade
THE TAPESTRY,"989,600",699.66,"1,414",23 Mar 2018,59 TAMPINES STREET 86 #08-33,New Sale,Strata,65,"15,225",-,Condominium,1,99 yrs from 31/07/2017,Uncompleted,HDB,528509,18,52,East Region,Tampines
CARISSA PARK CONDOMINIUM,"1,020,000","1,302.44",783,23 Mar 2018,6 FLORA DRIVE #06-69,Resale,Strata,121,"8,430",-,Condominium,1,Freehold,2001,HDB,507027,17,50,East Region,Pasir Ris
NV RESIDENCES,"1,050,000","1,227.1",856,23 Mar 2018,85 PASIR RIS GROVE #02-11,Resale,Strata,114,"9,211",-,Condominium,1,99 yrs from 07/01/2008,2013,Private,518212,18,51,East Region,Pasir Ris
THE TAPESTRY,"1,722,400","1,431.61","1,203",23 Mar 2018,57 TAMPINES STREET 86 #08-28,New Sale,Strata,133,"12,950",-,Condominium,1,99 yrs from 31/07/2017,Uncompleted,Private,528542,18,52,East Region,Tampines
VETRO,"578,000",473.62,"1,220",23 Mar 2018,22A MAR THOMA ROAD #05-01,Resale,Strata,44,"13,136",-,Apartment,1,999 yrs from 02/06/1882,2010,HDB,328703,12,32,Central Region,Kallang
MANDARIN GARDENS,"950,000",828.83,"1,146",23 Mar 2018,5 SIGLAP ROAD #08-41,Resale,Strata,77,"12,338",-,Condominium,1,99 yrs from 08/03/1982,1986,Private,448908,15,44,East Region,Bedok
H2O RESIDENCES,"890,000",882.65,"1,008",23 Mar 2018,32 FERNVALE LINK #09-09,Resale,Strata,82,"10,854",-,Condominium,1,99 yrs from 10/05/2010,2015,Private,797531,28,79,North East Region,Sengkang
ARTRA,"1,897,800","1,227.1","1,547",23 Mar 2018,10 ALEXANDRA VIEW #15-02,New Sale,Strata,114,"16,647",-,Apartment,1,99 yrs from 15/02/2016,Uncompleted,Private,158745,03,15,Central Region,Bukit Merah
THE COAST AT SENTOSA COVE,"3,650,000","2,023.63","1,804",23 Mar 2018,278 OCEAN DRIVE #05-19,Resale,Strata,188,"19,415",-,Condominium,1,99 yrs from 11/04/2006,2009,HDB,098450,04,09,Central Region,Southern Islands
THE CASCADIA,"980,000",570.49,"1,718",23 Mar 2018,921 BUKIT TIMAH ROAD #09-02,Resale,Strata,53,"18,491",-,Condominium,1,Freehold,2010,Private,589624,21,58,Central Region,Bukit Timah
THE CALROSE,"1,655,000","1,237.86","1,337",23 Mar 2018,511 YIO CHU KANG ROAD #02-09,Resale,Strata,115,"14,391",-,Condominium,1,Freehold,2007,HDB,787066,26,78,North East Region,Ang Mo Kio
A TREASURE TROVE,"860,000",775.01,"1,110",23 Mar 2018,76 PUNGGOL WALK #05-54,Resale,Strata,72,"11,944",-,Condominium,1,99 yrs from 09/03/2011,2015,Private,828788,19,82,North East Region,Punggol
THE TAPESTRY,"959,200",699.66,"1,371",23 Mar 2018,63 TAMPINES STREET 86 #05-54,New Sale,Strata,65,"14,757",-,Condominium,1,99 yrs from 31/07/2017,Uncompleted,N.A,528511,18,52,East Region,Tampines
HAZEL PARK CONDOMINIUM,"2,800,000","2,734.06","1,024",23 Mar 2018,21 HAZEL PARK TERRACE #19-01,Resale,Strata,254,"11,024",-,Condominium,1,999 yrs from 25/09/1882,2000,Private,678946,23,67,West Region,Bukit Panjang
PARC PALAIS,"1,050,000",958,"1,096",23 Mar 2018,49 HUME AVENUE #05-03,Resale,Strata,89,"11,798",-,Condominium,1,Freehold,1999,Private,598749,21,59,West Region,Bukit Batok
THE SUNNY SPRING,"1,250,000","1,194.8","1,046",23 Mar 2018,50 LORONG 40 GEYLANG #08-41,Resale,Strata,111,"11,261",-,Apartment,1,Freehold,1998,Private,398074,14,39,Central Region,Geylang
CROWN CENTRE,"2,750,000","2,647.94","1,039",23 Mar 2018,557 BUKIT TIMAH ROAD #03-03,Resale,Strata,246,"11,179",-,Apartment,1,Freehold,1984,HDB,269694,10,26,Central Region,Bukit Timah
FERRARIA PARK CONDOMINIUM,"1,068,888","1,216.33",879,23 Mar 2018,10 FLORA DRIVE #02-08,Resale,Strata,113,"9,459",-,Condominium,1,Freehold,2009,Private,506942,17,50,East Region,Pasir Ris
WOODHAVEN,"850,000",850.36,"1,000",23 Mar 2018,77 WOODGROVE AVENUE #02-45,Resale,Strata,79,"10,759",-,Condominium,1,99 yrs from 07/02/2011,2015,Private,737811,25,73,North Region,Woodlands
SKYLINE RESIDENCES,"1,480,000",828.83,"1,786",23 Mar 2018,612 TELOK BLANGAH ROAD #07-11,Resale,Strata,77,"19,221",-,Condominium,1,Freehold,2015,Private,109026,04,10,Central Region,Bukit Merah
BARTLEY RESIDENCES,"1,410,000","1,097.93","1,284",23 Mar 2018,5 LORONG HOW SUN #16-26,Resale,Strata,102,"13,824",-,Apartment,1,99 yrs from 29/06/2011,2015,Private,536562,19,53,North East Region,Serangoon
AXIS @ SIGLAP,"1,350,000","1,517.72",889,23 Mar 2018,59 EAST COAST TERRACE #05-03,Resale,Strata,141,"9,574",-,Apartment,1,Freehold,2009,Private,458950,15,45,East Region,Bedok
JIA,"2,150,000","1,657.66","1,297",23 Mar 2018,65 WILKIE ROAD #04-01,Resale,Strata,154,"13,961",-,Apartment,1,Freehold,2011,Private,228068,09,22,Central Region,Rochor
NORTHVALE,"756,000","1,033.34",732,23 Mar 2018,71 CHOA CHU KANG LOOP #06-03,Resale,Strata,96,"7,875",-,Apartment,1,99 yrs from 01/03/1995,1998,Private,689673,23,68,West Region,Choa Chu Kang
MARTIN PLACE RESIDENCES,"3,800,000","1,722.24","2,206",23 Mar 2018,2 MARTIN PLACE #23-03,Resale,Strata,160,"23,750",-,Condominium,1,Freehold,2011,Private,237988,09,23,Central Region,River Valley
GRANDEUR PARK RESIDENCES,"2,116,000","1,453.14","1,456",23 Mar 2018,5 BEDOK SOUTH AVENUE 3 #08-23,New Sale,Strata,135,"15,674",-,Condominium,1,99 yrs from 25/05/2016,Uncompleted,N.A,465463,16,46,East Region,Bedok
THE TAPESTRY,"836,800",602.78,"1,388",23 Mar 2018,63 TAMPINES STREET 86 #03-51,New Sale,Strata,56,"14,943",-,Condominium,1,99 yrs from 31/07/2017,Uncompleted,Private,528511,18,52,East Region,Tampines
THE INTERLACE,"4,341,000","4,122.61","1,053",23 Mar 2018,188 DEPOT ROAD #19-17,Resale,Strata,383,"11,334",-,Condominium,1,99 yrs from 11/02/2009,2013,Private,109688,04,10,Central Region,Bukit Merah
THE ARTE,"3,400,000","4,014.97",847,23 Mar 2018,21 JALAN RAJA UDANG #34-06,Resale,Strata,373,"9,115",-,Condominium,1,Freehold,2010,Private,329215,12,32,Central Region,Novena
SOUTHAVEN II,"1,540,000","1,442.38","1,068",23 Mar 2018,33 HINDHEDE WALK #06-10,Resale,Strata,134,"11,493",-,Condominium,1,999 yrs from 21/06/1877,1999,Private,587968,21,58,West Region,Bukit Panjang
RIO VISTA,"965,000","1,248.62",773,23 Mar 2018,18 UPPER SERANGOON VIEW #04-15,Resale,Strata,116,"8,319",-,Condominium,1,99 yrs from 02/01/2001,2004,HDB,534202,19,53,North East Region,Hougang
SUNGLADE,"1,250,000","1,108.69","1,127",23 Mar 2018,7 SERANGOON AVENUE 2 #01-15,Resale,Strata,103,"12,136",-,Condominium,1,99 yrs from 09/10/2000,2003,HDB,556133,19,55,North East Region,Serangoon
THE TAPESTRY,"2,172,800","1,765.3","1,231",23 Mar 2018,55 TAMPINES STREET 86 #08-23,New Sale,Strata,164,"13,249",-,Condominium,1,99 yrs from 31/07/2017,Uncompleted,HDB,528541,18,52,East Region,Tampines
THE ALCOVE,"1,042,000","1,291.68",807,23 Mar 2018,10 LORONG 27 GEYLANG #06-09,Resale,Strata,120,"8,683",-,Apartment,1,99 yrs from 06/10/2000,2004,HDB,388199,14,38,Central Region,Geylang
THE TAPESTRY,"656,800",441.32,"1,488",23 Mar 2018,61 TAMPINES STREET 86 #09-45,New Sale,Strata,41,"16,020",-,Condominium,1,99 yrs from 31/07/2017,Uncompleted,HDB,528510,18,52,East Region,Tampines
GOLDENHILL PARK CONDOMINIUM,"2,038,000","1,334.74","1,527",23 Mar 2018,66 MEI HWAN DRIVE #12-09,Resale,Strata,124,"16,435",-,Condominium,1,Freehold,2004,Private,568429,20,56,North East Region,Serangoon
THE CALROSE,"1,700,000","1,302.44","1,305",23 Mar 2018,511 YIO CHU KANG ROAD #01-18,Resale,Strata,121,"14,050",-,Condominium,1,Freehold,2007,Private,787066,26,78,North East Region,Ang Mo Kio
THE TRIZON,"2,680,000","1,550.02","1,729",23 Mar 2018,8 RIDGEWOOD CLOSE #12-13,Resale,Strata,144,"18,611",-,Condominium,1,Freehold,2012,Private,276698,10,27,Central Region,Bukit Timah
THE TAPESTRY,"848,540",602.78,"1,408",23 Mar 2018,51 TAMPINES STREET 86 #08-11,New Sale,Strata,56,"15,153",-,Condominium,1,99 yrs from 31/07/2017,Uncompleted,N.A,528539,18,52,East Region,Tampines
THE TAPESTRY,"2,235,200","1,765.3","1,266",23 Mar 2018,55 TAMPINES STREET 86 #14-23,New Sale,Strata,164,"13,629",-,Condominium,1,99 yrs from 31/07/2017,Uncompleted,Private,528541,18,52,East Region,Tampines
THE GARDENS AT BISHAN,"1,930,000","1,700.71","1,135",23 Mar 2018,3 SIN MING WALK #20-21,Resale,Strata,158,"12,215",-,Condominium,1,99 yrs from 22/03/1997,2004,Private,575575,20,57,Central Region,Bishan
WESTCOVE CONDOMINIUM,"1,000,000","1,205.57",829,23 Mar 2018,10 WEST COAST CRESCENT #06-01,Resale,Strata,112,"8,929",-,Condominium,1,99 yrs from 01/03/1995,1998,HDB,128041,05,12,West Region,Clementi
VILLE ROYALE,"1,805,000","1,119.46","1,612",23 Mar 2018,312 RIVER VALLEY ROAD #02-02,Resale,Strata,104,"17,356",-,Condominium,1,Freehold,1993,Private,238352,09,23,Central Region,River Valley
THE TAPESTRY,"1,720,800","1,431.61","1,202",23 Mar 2018,57 TAMPINES STREET 86 #13-27,New Sale,Strata,133,"12,938",-,Condominium,1,99 yrs from 31/07/2017,Uncompleted,Private,528542,18,52,East Region,Tampines
CASPIAN,"950,000",936.47,"1,014",23 Mar 2018,50 LAKESIDE DRIVE #04-04,Resale,Strata,87,"10,920",-,Condominium,1,99 yrs from 17/03/2008,2012,HDB,648315,22,64,West Region,Jurong West
CLOVER BY THE PARK,"1,760,000","1,571.54","1,120",23 Mar 2018,6 BISHAN STREET 25 #03-09,Resale,Strata,146,"12,055",-,Condominium,1,99 yrs from 10/09/2007,2011,HDB,573975,20,57,Central Region,Bishan
SIMSVILLE,"968,000",968.76,999,23 Mar 2018,2 GEYLANG EAST AVENUE 2 #09-05,Resale,Strata,90,"10,756",-,Condominium,1,99 yrs from 01/12/1994,1998,Private,389754,14,38,Central Region,Geylang
THE LAKESHORE,"1,190,000","1,108.69","1,073",23 Mar 2018,31 JURONG WEST STREET 41 #13-29,Resale,Strata,103,"11,553",-,Condominium,1,99 yrs from 22/11/2002,2007,Private,649412,22,64,West Region,Jurong West
EUHABITAT,"665,000",516.67,"1,287",23 Mar 2018,228 JALAN EUNOS #02-134,Resale,Strata,48,"13,854",-,Condominium,1,99 yrs from 06/12/2010,2015,HDB,415868,14,41,East Region,Bedok
THE TAPESTRY,"660,000",441.32,"1,495",23 Mar 2018,61 TAMPINES STREET 86 #08-43,New Sale,Strata,41,"16,098",-,Condominium,1,99 yrs from 31/07/2017,Uncompleted,HDB,528510,18,52,East Region,Tampines
THE HILLIER,"870,000",613.55,"1,418",23 Mar 2018,2 HILLVIEW RISE #12-04,Resale,Strata,57,"15,263",-,Apartment,1,99 yrs from 01/08/2011,2016,Private,667978,23,66,West Region,Bukit Batok
CHANGI COURT,"1,390,000","1,388.56","1,001",23 Mar 2018,698 UPPER CHANGI ROAD EAST #04-01,Resale,Strata,129,"10,775",-,Condominium,1,Freehold,1997,Private,486828,16,48,East Region,Tampines
THE TAPESTRY,"1,040,800",818.06,"1,272",24 Mar 2018,63 TAMPINES STREET 86 #15-54,New Sale,Strata,76,"13,695",-,Condominium,1,99 yrs from 31/07/2017,Uncompleted,HDB,528511,18,52,East Region,Tampines
THE TAPESTRY,"660,000",441.32,"1,495",24 Mar 2018,61 TAMPINES STREET 86 #08-46,New Sale,Strata,41,"16,098",-,Condominium,1,99 yrs from 31/07/2017,Uncompleted,HDB,528510,18,52,East Region,Tampines
THE TAPESTRY,"874,400",602.78,"1,451",24 Mar 2018,61 TAMPINES STREET 86 #03-41,New Sale,Strata,56,"15,614",-,Condominium,1,99 yrs from 31/07/2017,Uncompleted,HDB,528510,18,52,East Region,Tampines
THE TAPESTRY,"686,400",473.62,"1,449",24 Mar 2018,51 TAMPINES STREET 86 #11-12,New Sale,Strata,44,"15,600",-,Condominium,1,99 yrs from 31/07/2017,Uncompleted,N.A,528539,18,52,East Region,Tampines
THE TAPESTRY,"650,400",441.32,"1,474",24 Mar 2018,61 TAMPINES STREET 86 #07-45,New Sale,Strata,41,"15,863",-,Condominium,1,99 yrs from 31/07/2017,Uncompleted,HDB,528510,18,52,East Region,Tampines
THE TAPESTRY,"632,800",441.32,"1,434",24 Mar 2018,51 TAMPINES STREET 86 #07-09,New Sale,Strata,41,"15,434",-,Condominium,1,99 yrs from 31/07/2017,Uncompleted,N.A,528539,18,52,East Region,Tampines
THE TAPESTRY,"1,588,800","1,345.5","1,181",24 Mar 2018,59 TAMPINES STREET 86 #15-32,New Sale,Strata,125,"12,710",-,Condominium,1,99 yrs from 31/07/2017,Uncompleted,HDB,528509,18,52,East Region,Tampines
THE TAPESTRY,"931,200",699.66,"1,331",24 Mar 2018,63 TAMPINES STREET 86 #01-55,New Sale,Strata,65,"14,326",-,Condominium,1,99 yrs from 31/07/2017,Uncompleted,Private,528511,18,52,East Region,Tampines
THE TAPESTRY,"654,400",473.62,"1,382",24 Mar 2018,51 TAMPINES STREET 86 #04-03,New Sale,Strata,44,"14,873",-,Condominium,1,99 yrs from 31/07/2017,Uncompleted,HDB,528539,18,52,East Region,Tampines
THE TAPESTRY,"1,714,400","1,431.61","1,198",24 Mar 2018,57 TAMPINES STREET 86 #12-27,New Sale,Strata,133,"12,890",-,Condominium,1,99 yrs from 31/07/2017,Uncompleted,HDB,528542,18,52,East Region,Tampines
THE NAVIAN,"1,438,000",904.18,"1,590",24 Mar 2018,178 JALAN EUNOS #04-05,New Sale,Strata,84,"17,119",-,Apartment,1,Freehold,Uncompleted,HDB,419530,14,41,East Region,Bedok
THE TAPESTRY,"690,400",473.62,"1,458",24 Mar 2018,61 TAMPINES STREET 86 #05-40,New Sale,Strata,44,"15,691",-,Condominium,1,99 yrs from 31/07/2017,Uncompleted,N.A,528510,18,52,East Region,Tampines
THE TAPESTRY,"676,800",473.62,"1,429",24 Mar 2018,51 TAMPINES STREET 86 #11-01,New Sale,Strata,44,"15,382",-,Condominium,1,99 yrs from 31/07/2017,Uncompleted,HDB,528539,18,52,East Region,Tampines
THE TAPESTRY,"852,000",602.78,"1,413",24 Mar 2018,51 TAMPINES STREET 86 #01-10,New Sale,Strata,56,"15,214",-,Condominium,1,99 yrs from 31/07/2017,Uncompleted,HDB,528539,18,52,East Region,Tampines
THE TAPESTRY,"1,224,000",925.7,"1,322",24 Mar 2018,55 TAMPINES STREET 86 #10-22,New Sale,Strata,86,"14,233",-,Condominium,1,99 yrs from 31/07/2017,Uncompleted,HDB,528541,18,52,East Region,Tampines
THE TAPESTRY,"951,200",699.66,"1,360",24 Mar 2018,63 TAMPINES STREET 86 #03-54,New Sale,Strata,65,"14,634",-,Condominium,1,99 yrs from 31/07/2017,Uncompleted,HDB,528511,18,52,East Region,Tampines
THE TAPESTRY,"848,800",602.78,"1,408",24 Mar 2018,51 TAMPINES STREET 86 #01-11,New Sale,Strata,56,"15,157",-,Condominium,1,99 yrs from 31/07/2017,Uncompleted,HDB,528539,18,52,East Region,Tampines
KINGSFORD WATERBAY,"1,016,000",688.9,"1,475",24 Mar 2018,80 UPPER SERANGOON VIEW #06-74,New Sale,Strata,64,"15,875",-,Apartment,1,99 yrs from 03/03/2014,Uncompleted,HDB,533878,19,53,North East Region,Hougang
THE TAPESTRY,"716,000",473.62,"1,512",24 Mar 2018,61 TAMPINES STREET 86 #13-39,New Sale,Strata,44,"16,273",-,Condominium,1,99 yrs from 31/07/2017,Uncompleted,Private,528510,18,52,East Region,Tampines
THE TAPESTRY,"654,400",473.62,"1,382",24 Mar 2018,51 TAMPINES STREET 86 #02-13,New Sale,Strata,44,"14,873",-,Condominium,1,99 yrs from 31/07/2017,Uncompleted,HDB,528539,18,52,East Region,Tampines
THE TAPESTRY,"944,000",699.66,"1,349",24 Mar 2018,63 TAMPINES STREET 86 #08-55,New Sale,Strata,65,"14,523",-,Condominium,1,99 yrs from 31/07/2017,Uncompleted,Private,528511,18,52,East Region,Tampines
THE TAPESTRY,"690,400",473.62,"1,458",24 Mar 2018,61 TAMPINES STREET 86 #05-39,New Sale,Strata,44,"15,691",-,Condominium,1,99 yrs from 31/07/2017,Uncompleted,HDB,528510,18,52,East Region,Tampines
THE TAPESTRY,"651,200",473.62,"1,375",24 Mar 2018,51 TAMPINES STREET 86 #03-03,New Sale,Strata,44,"14,800",-,Condominium,1,99 yrs from 31/07/2017,Uncompleted,HDB,528539,18,52,East Region,Tampines
THE TAPESTRY,"687,200",473.62,"1,451",24 Mar 2018,61 TAMPINES STREET 86 #04-50,New Sale,Strata,44,"15,618",-,Condominium,1,99 yrs from 31/07/2017,Uncompleted,HDB,528510,18,52,East Region,Tampines
THE TAPESTRY,"979,200",699.66,"1,400",24 Mar 2018,63 TAMPINES STREET 86 #10-54,New Sale,Strata,65,"15,065",-,Condominium,1,99 yrs from 31/07/2017,Uncompleted,HDB,528511,18,52,East Region,Tampines
THE TAPESTRY,"703,200",473.62,"1,485",24 Mar 2018,61 TAMPINES STREET 86 #09-40,New Sale,Strata,44,"15,982",-,Condominium,1,99 yrs from 31/07/2017,Uncompleted,N.A,528510,18,52,East Region,Tampines
THE TAPESTRY,"885,600",602.78,"1,469",24 Mar 2018,51 TAMPINES STREET 86 #09-11,New Sale,Strata,56,"15,814",-,Condominium,1,99 yrs from 31/07/2017,Uncompleted,Private,528539,18,52,East Region,Tampines
THE TAPESTRY,"906,400",602.78,"1,504",24 Mar 2018,61 TAMPINES STREET 86 #11-41,New Sale,Strata,56,"16,186",-,Condominium,1,99 yrs from 31/07/2017,Uncompleted,Private,528510,18,52,East Region,Tampines
THE TAPESTRY,"687,200",473.62,"1,451",24 Mar 2018,61 TAMPINES STREET 86 #04-40,New Sale,Strata,44,"15,618",-,Condominium,1,99 yrs from 31/07/2017,Uncompleted,HDB,528510,18,52,East Region,Tampines
THE TAPESTRY,"680,800",473.62,"1,437",24 Mar 2018,61 TAMPINES STREET 86 #02-40,New Sale,Strata,44,"15,473",-,Condominium,1,99 yrs from 31/07/2017,Uncompleted,Private,528510,18,52,East Region,Tampines
THE TAPESTRY,"1,059,200",818.06,"1,295",24 Mar 2018,59 TAMPINES STREET 86 #15-33,New Sale,Strata,76,"13,937",-,Condominium,1,99 yrs from 31/07/2017,Uncompleted,Private,528509,18,52,East Region,Tampines
THE TAPESTRY,"848,800",602.78,"1,408",24 Mar 2018,61 TAMPINES STREET 86 #06-48,New Sale,Strata,56,"15,157",-,Condominium,1,99 yrs from 31/07/2017,Uncompleted,HDB,528510,18,52,East Region,Tampines
THE TAPESTRY,"667,200",473.62,"1,409",24 Mar 2018,51 TAMPINES STREET 86 #06-13,New Sale,Strata,44,"15,164",-,Condominium,1,99 yrs from 31/07/2017,Uncompleted,HDB,528539,18,52,East Region,Tampines
THE TAPESTRY,"649,600",441.32,"1,472",24 Mar 2018,61 TAMPINES STREET 86 #01-46,New Sale,Strata,41,"15,844",-,Condominium,1,99 yrs from 31/07/2017,Uncompleted,HDB,528510,18,52,East Region,Tampines
THE TAPESTRY,"1,741,600","1,431.61","1,217",24 Mar 2018,57 TAMPINES STREET 86 #11-28,New Sale,Strata,133,"13,095",-,Condominium,1,99 yrs from 31/07/2017,Uncompleted,Private,528542,18,52,East Region,Tampines
THE TAPESTRY,"595,200",441.32,"1,349",24 Mar 2018,51 TAMPINES STREET 86 #02-06,New Sale,Strata,41,"14,517",-,Condominium,1,99 yrs from 31/07/2017,Uncompleted,HDB,528539,18,52,East Region,Tampines
THE TAPESTRY,"865,600",602.78,"1,436",24 Mar 2018,51 TAMPINES STREET 86 #04-11,New Sale,Strata,56,"15,457",-,Condominium,1,99 yrs from 31/07/2017,Uncompleted,HDB,528539,18,52,East Region,Tampines
THE TAPESTRY,"1,426,400","1,130.22","1,262",24 Mar 2018,63 TAMPINES STREET 86 #05-53,New Sale,Strata,105,"13,585",-,Condominium,1,99 yrs from 31/07/2017,Uncompleted,Private,528511,18,52,East Region,Tampines
THE TAPESTRY,"600,800",441.32,"1,361",24 Mar 2018,51 TAMPINES STREET 86 #03-06,New Sale,Strata,41,"14,654",-,Condominium,1,99 yrs from 31/07/2017,Uncompleted,HDB,528539,18,52,East Region,Tampines
THE TAPESTRY,"932,000",699.66,"1,332",24 Mar 2018,63 TAMPINES STREET 86 #05-55,New Sale,Strata,65,"14,338",-,Condominium,1,99 yrs from 31/07/2017,Uncompleted,Private,528511,18,52,East Region,Tampines
THE TAPESTRY,"651,200",473.62,"1,375",24 Mar 2018,51 TAMPINES STREET 86 #03-01,New Sale,Strata,44,"14,800",-,Condominium,1,99 yrs from 31/07/2017,Uncompleted,HDB,528539,18,52,East Region,Tampines
THE TAPESTRY,"1,484,800","1,130.22","1,314",24 Mar 2018,59 TAMPINES STREET 86 #08-32,New Sale,Strata,105,"14,141",-,Condominium,1,99 yrs from 31/07/2017,Uncompleted,HDB,528509,18,52,East Region,Tampines
THE TAPESTRY,"639,200",441.32,"1,448",24 Mar 2018,51 TAMPINES STREET 86 #09-09,New Sale,Strata,41,"15,590",-,Condominium,1,99 yrs from 31/07/2017,Uncompleted,Private,528539,18,52,East Region,Tampines
THE TAPESTRY,"673,600",473.62,"1,422",24 Mar 2018,51 TAMPINES STREET 86 #07-12,New Sale,Strata,44,"15,309",-,Condominium,1,99 yrs from 31/07/2017,Uncompleted,Private,528539,18,52,East Region,Tampines
THE TAPESTRY,"667,200",473.62,"1,409",24 Mar 2018,51 TAMPINES STREET 86 #08-03,New Sale,Strata,44,"15,164",-,Condominium,1,99 yrs from 31/07/2017,Uncompleted,N.A,528539,18,52,East Region,Tampines
THE TAPESTRY,"975,200",688.9,"1,416",24 Mar 2018,53 TAMPINES STREET 86 #06-18,New Sale,Strata,64,"15,238",-,Condominium,1,99 yrs from 31/07/2017,Uncompleted,N.A,528540,18,52,East Region,Tampines
THE TAPESTRY,"1,454,400","1,130.22","1,287",24 Mar 2018,63 TAMPINES STREET 86 #10-53,New Sale,Strata,105,"13,851",-,Condominium,1,99 yrs from 31/07/2017,Uncompleted,HDB,528511,18,52,East Region,Tampines
THE TAPESTRY,"995,200",699.66,"1,422",24 Mar 2018,63 TAMPINES STREET 86 #14-54,New Sale,Strata,65,"15,311",-,Condominium,1,99 yrs from 31/07/2017,Uncompleted,HDB,528511,18,52,East Region,Tampines
THE TAPESTRY,"644,000",441.32,"1,459",24 Mar 2018,61 TAMPINES STREET 86 #05-45,New Sale,Strata,41,"15,707",-,Condominium,1,99 yrs from 31/07/2017,Uncompleted,HDB,528510,18,52,East Region,Tampines
THE TAPESTRY,"840,000",602.78,"1,394",24 Mar 2018,59 TAMPINES STREET 86 #06-30,New Sale,Strata,56,"15,000",-,Condominium,1,99 yrs from 31/07/2017,Uncompleted,HDB,528509,18,52,East Region,Tampines
THE TAPESTRY,"1,229,600",925.7,"1,328",24 Mar 2018,55 TAMPINES STREET 86 #11-22,New Sale,Strata,86,"14,298",-,Condominium,1,99 yrs from 31/07/2017,Uncompleted,HDB,528541,18,52,East Region,Tampines
THE TAPESTRY,"634,400",441.32,"1,437",24 Mar 2018,61 TAMPINES STREET 86 #02-45,New Sale,Strata,41,"15,473",-,Condominium,1,99 yrs from 31/07/2017,Uncompleted,Private,528510,18,52,East Region,Tampines
THE TAPESTRY,"709,600",473.62,"1,498",24 Mar 2018,61 TAMPINES STREET 86 #09-38,New Sale,Strata,44,"16,127",-,Condominium,1,99 yrs from 31/07/2017,Uncompleted,Private,528510,18,52,East Region,Tampines
PARC BOTANNIA,"699,000",505.91,"1,382",24 Mar 2018,18 FERNVALE STREET #19-27,New Sale,Strata,47,"14,872",-,Condominium,1,99 yrs from 28/12/2016,Uncompleted,HDB,797394,28,79,North East Region,Sengkang
THE TAPESTRY,"1,728,800","1,431.61","1,208",24 Mar 2018,57 TAMPINES STREET 86 #09-28,New Sale,Strata,133,"12,998",-,Condominium,1,99 yrs from 31/07/2017,Uncompleted,Private,528542,18,52,East Region,Tampines
THE TAPESTRY,"655,200",473.62,"1,383",24 Mar 2018,51 TAMPINES STREET 86 #01-01,New Sale,Strata,44,"14,891",-,Condominium,1,99 yrs from 31/07/2017,Uncompleted,Private,528539,18,52,East Region,Tampines
THE TAPESTRY,"706,400",473.62,"1,492",24 Mar 2018,61 TAMPINES STREET 86 #10-39,New Sale,Strata,44,"16,055",-,Condominium,1,99 yrs from 31/07/2017,Uncompleted,HDB,528510,18,52,East Region,Tampines
THE TAPESTRY,"673,600",473.62,"1,422",24 Mar 2018,51 TAMPINES STREET 86 #08-13,New Sale,Strata,44,"15,309",-,Condominium,1,99 yrs from 31/07/2017,Uncompleted,HDB,528539,18,52,East Region,Tampines
THE TAPESTRY,"1,228,000",990.29,"1,240",24 Mar 2018,63 TAMPINES STREET 86 #05-56,New Sale,Strata,92,"13,348",-,Condominium,1,99 yrs from 31/07/2017,Uncompleted,HDB,528511,18,52,East Region,Tampines
THE TAPESTRY,"893,600",602.78,"1,482",24 Mar 2018,51 TAMPINES STREET 86 #11-11,New Sale,Strata,56,"15,957",-,Condominium,1,99 yrs from 31/07/2017,Uncompleted,N.A,528539,18,52,East Region,Tampines
THE TAPESTRY,"955,200",699.66,"1,365",24 Mar 2018,63 TAMPINES STREET 86 #04-54,New Sale,Strata,65,"14,695",-,Condominium,1,99 yrs from 31/07/2017,Uncompleted,HDB,528511,18,52,East Region,Tampines
THE TAPESTRY,"643,200",441.32,"1,457",24 Mar 2018,61 TAMPINES STREET 86 #01-44,New Sale,Strata,41,"15,688",-,Condominium,1,99 yrs from 31/07/2017,Uncompleted,HDB,528510,18,52,East Region,Tampines
THE TAPESTRY,"684,000",473.62,"1,444",24 Mar 2018,61 TAMPINES STREET 86 #03-50,New Sale,Strata,44,"15,545",-,Condominium,1,99 yrs from 31/07/2017,Uncompleted,HDB,528510,18,52,East Region,Tampines
THE TAPESTRY,"657,600",473.62,"1,388",24 Mar 2018,51 TAMPINES STREET 86 #05-01,New Sale,Strata,44,"14,945",-,Condominium,1,99 yrs from 31/07/2017,Uncompleted,HDB,528539,18,52,East Region,Tampines
THE TAPESTRY,"1,785,600","1,614.6","1,106",24 Mar 2018,57 TAMPINES STREET 86 #15-27,New Sale,Strata,150,"11,904",-,Condominium,1,99 yrs from 31/07/2017,Uncompleted,HDB,528542,18,52,East Region,Tampines
GRANDEUR PARK RESIDENCES,"1,117,000",667.37,"1,674",24 Mar 2018,9 BEDOK SOUTH AVENUE 3 #01-38,New Sale,Strata,62,"18,016",-,Condominium,1,99 yrs from 25/05/2016,Uncompleted,N.A,465465,16,46,East Region,Bedok
THE TAPESTRY,"872,800",602.78,"1,448",24 Mar 2018,51 TAMPINES STREET 86 #10-10,New Sale,Strata,56,"15,586",-,Condominium,1,99 yrs from 31/07/2017,Uncompleted,HDB,528539,18,52,East Region,Tampines
THE TAPESTRY,"964,000",699.66,"1,378",24 Mar 2018,63 TAMPINES STREET 86 #13-55,New Sale,Strata,65,"14,831",-,Condominium,1,99 yrs from 31/07/2017,Uncompleted,HDB,528511,18,52,East Region,Tampines
THE TAPESTRY,"1,290,400",990.29,"1,303",24 Mar 2018,59 TAMPINES STREET 86 #14-35,New Sale,Strata,92,"14,026",-,Condominium,1,99 yrs from 31/07/2017,Uncompleted,HDB,528509,18,52,East Region,Tampines
THE TAPESTRY,"670,400",473.62,"1,415",24 Mar 2018,51 TAMPINES STREET 86 #09-01,New Sale,Strata,44,"15,236",-,Condominium,1,99 yrs from 31/07/2017,Uncompleted,HDB,528539,18,52,East Region,Tampines
THE TAPESTRY,"688,000",473.62,"1,453",24 Mar 2018,61 TAMPINES STREET 86 #01-40,New Sale,Strata,44,"15,636",-,Condominium,1,99 yrs from 31/07/2017,Uncompleted,HDB,528510,18,52,East Region,Tampines
THE TAPESTRY,"1,428,000","1,130.22","1,263",24 Mar 2018,63 TAMPINES STREET 86 #09-52,New Sale,Strata,105,"13,600",-,Condominium,1,99 yrs from 31/07/2017,Uncompleted,Private,528511,18,52,East Region,Tampines
THE TAPESTRY,"700,000",473.62,"1,478",24 Mar 2018,61 TAMPINES STREET 86 #06-38,New Sale,Strata,44,"15,909",-,Condominium,1,99 yrs from 31/07/2017,Uncompleted,HDB,528510,18,52,East Region,Tampines
THE TAPESTRY,"670,400",473.62,"1,415",24 Mar 2018,51 TAMPINES STREET 86 #07-13,New Sale,Strata,44,"15,236",-,Condominium,1,99 yrs from 31/07/2017,Uncompleted,Private,528539,18,52,East Region,Tampines
THE TAPESTRY,"1,437,600","1,130.22","1,272",24 Mar 2018,63 TAMPINES STREET 86 #07-53,New Sale,Strata,105,"13,691",-,Condominium,1,99 yrs from 31/07/2017,Uncompleted,Private,528511,18,52,East Region,Tampines
THE TAPESTRY,"890,400",602.78,"1,477",24 Mar 2018,61 TAMPINES STREET 86 #07-41,New Sale,Strata,56,"15,900",-,Condominium,1,99 yrs from 31/07/2017,Uncompleted,HDB,528510,18,52,East Region,Tampines
THE TAPESTRY,"607,200",441.32,"1,376",24 Mar 2018,51 TAMPINES STREET 86 #05-06,New Sale,Strata,41,"14,810",-,Condominium,1,99 yrs from 31/07/2017,Uncompleted,HDB,528539,18,52,East Region,Tampines
THE TAPESTRY,"1,448,800","1,130.22","1,282",24 Mar 2018,63 TAMPINES STREET 86 #09-53,New Sale,Strata,105,"13,798",-,Condominium,1,99 yrs from 31/07/2017,Uncompleted,N.A,528511,18,52,East Region,Tampines
THE TAPESTRY,"719,200",473.62,"1,519",24 Mar 2018,61 TAMPINES STREET 86 #14-40,New Sale,Strata,44,"16,345",-,Condominium,1,99 yrs from 31/07/2017,Uncompleted,HDB,528510,18,52,East Region,Tampines
THE TAPESTRY,"997,600",699.66,"1,426",24 Mar 2018,59 TAMPINES STREET 86 #10-33,New Sale,Strata,65,"15,348",-,Condominium,1,99 yrs from 31/07/2017,Uncompleted,HDB,528509,18,52,East Region,Tampines
THE TAPESTRY,"610,400",441.32,"1,383",24 Mar 2018,51 TAMPINES STREET 86 #04-08,New Sale,Strata,41,"14,888",-,Condominium,1,99 yrs from 31/07/2017,Uncompleted,HDB,528539,18,52,East Region,Tampines
THE TAPESTRY,"1,760,800","1,431.61","1,230",24 Mar 2018,57 TAMPINES STREET 86 #14-28,New Sale,Strata,133,"13,239",-,Condominium,1,99 yrs from 31/07/2017,Uncompleted,N.A,528542,18,52,East Region,Tampines
THE TAPESTRY,"963,200",699.66,"1,377",24 Mar 2018,63 TAMPINES STREET 86 #06-54,New Sale,Strata,65,"14,818",-,Condominium,1,99 yrs from 31/07/2017,Uncompleted,HDB,528511,18,52,East Region,Tampines
THE TAPESTRY,"767,200",602.78,"1,273",24 Mar 2018,61 TAMPINES STREET 86 #15-39,New Sale,Strata,56,"13,700",-,Condominium,1,99 yrs from 31/07/2017,Uncompleted,HDB,528510,18,52,East Region,Tampines
THE TAPESTRY,"653,600",441.32,"1,481",24 Mar 2018,61 TAMPINES STREET 86 #06-43,New Sale,Strata,41,"15,941",-,Condominium,1,99 yrs from 31/07/2017,Uncompleted,N.A,528510,18,52,East Region,Tampines
THE TAPESTRY,"655,200",473.62,"1,383",24 Mar 2018,51 TAMPINES STREET 86 #01-03,New Sale,Strata,44,"14,891",-,Condominium,1,99 yrs from 31/07/2017,Uncompleted,HDB,528539,18,52,East Region,Tampines
THE TAPESTRY,"719,200",473.62,"1,519",24 Mar 2018,61 TAMPINES STREET 86 #12-38,New Sale,Strata,44,"16,345",-,Condominium,1,99 yrs from 31/07/2017,Uncompleted,HDB,528510,18,52,East Region,Tampines
THE TAPESTRY,"657,600",473.62,"1,388",24 Mar 2018,51 TAMPINES STREET 86 #03-13,New Sale,Strata,44,"14,945",-,Condominium,1,99 yrs from 31/07/2017,Uncompleted,Private,528539,18,52,East Region,Tampines
THE TAPESTRY,"654,400",473.62,"1,382",24 Mar 2018,51 TAMPINES STREET 86 #04-01,New Sale,Strata,44,"14,873",-,Condominium,1,99 yrs from 31/07/2017,Uncompleted,N.A,528539,18,52,East Region,Tampines
THE TAPESTRY,"664,000",473.62,"1,402",24 Mar 2018,51 TAMPINES STREET 86 #07-01,New Sale,Strata,44,"15,091",-,Condominium,1,99 yrs from 31/07/2017,Uncompleted,HDB,528539,18,52,East Region,Tampines
THE TAPESTRY,"1,758,400","1,485.43","1,184",24 Mar 2018,55 TAMPINES STREET 86 #01-24,New Sale,Strata,138,"12,742",-,Condominium,1,99 yrs from 31/07/2017,Uncompleted,N.A,528541,18,52,East Region,Tampines
THE TAPESTRY,"647,200",441.32,"1,466",24 Mar 2018,61 TAMPINES STREET 86 #06-44,New Sale,Strata,41,"15,785",-,Condominium,1,99 yrs from 31/07/2017,Uncompleted,HDB,528510,18,52,East Region,Tampines
THE TAPESTRY,"973,600",699.66,"1,392",24 Mar 2018,59 TAMPINES STREET 86 #04-33,New Sale,Strata,65,"14,978",-,Condominium,1,99 yrs from 31/07/2017,Uncompleted,Private,528509,18,52,East Region,Tampines
SEASIDE RESIDENCES,"993,000",592.02,"1,677",24 Mar 2018,16 SIGLAP LINK #03-23,New Sale,Strata,55,"18,055",-,Apartment,1,99 yrs from 18/04/2016,Uncompleted,Private,448872,15,44,East Region,Bedok
THE TAPESTRY,"1,237,600",990.29,"1,250",24 Mar 2018,53 TAMPINES STREET 86 #09-20,New Sale,Strata,92,"13,452",-,Condominium,1,99 yrs from 31/07/2017,Uncompleted,N.A,528540,18,52,East Region,Tampines
PARC BOTANNIA,"1,517,000","1,248.62","1,215",24 Mar 2018,16 FERNVALE STREET #04-25,New Sale,Strata,116,"13,078",-,Condominium,1,99 yrs from 28/12/2016,Uncompleted,HDB,797393,28,79,North East Region,Sengkang
THE TAPESTRY,"716,000",473.62,"1,512",24 Mar 2018,61 TAMPINES STREET 86 #13-40,New Sale,Strata,44,"16,273",-,Condominium,1,99 yrs from 31/07/2017,Uncompleted,HDB,528510,18,52,East Region,Tampines
THE TAPESTRY,"696,000",473.62,"1,470",24 Mar 2018,51 TAMPINES STREET 86 #14-12,New Sale,Strata,44,"15,818",-,Condominium,1,99 yrs from 31/07/2017,Uncompleted,N.A,528539,18,52,East Region,Tampines
THE TAPESTRY,"864,800",602.78,"1,435",24 Mar 2018,63 TAMPINES STREET 86 #10-58,New Sale,Strata,56,"15,443",-,Condominium,1,99 yrs from 31/07/2017,Uncompleted,HDB,528511,18,52,East Region,Tampines
THE TAPESTRY,"852,800",602.78,"1,415",24 Mar 2018,63 TAMPINES STREET 86 #07-51,New Sale,Strata,56,"15,229",-,Condominium,1,99 yrs from 31/07/2017,Uncompleted,HDB,528511,18,52,East Region,Tampines
THE TAPESTRY,"1,405,600","1,130.22","1,244",24 Mar 2018,63 TAMPINES STREET 86 #05-52,New Sale,Strata,105,"13,387",-,Condominium,1,99 yrs from 31/07/2017,Uncompleted,HDB,528511,18,52,East Region,Tampines
THE TAPESTRY,"650,400",441.32,"1,474",24 Mar 2018,61 TAMPINES STREET 86 #05-46,New Sale,Strata,41,"15,863",-,Condominium,1,99 yrs from 31/07/2017,Uncompleted,Private,528510,18,52,East Region,Tampines
THE TAPESTRY,"944,800",699.66,"1,350",24 Mar 2018,59 TAMPINES STREET 86 #07-34,New Sale,Strata,65,"14,535",-,Condominium,1,99 yrs from 31/07/2017,Uncompleted,N.A,528509,18,52,East Region,Tampines
THE TAPESTRY,"712,800",473.62,"1,505",24 Mar 2018,61 TAMPINES STREET 86 #12-40,New Sale,Strata,44,"16,200",-,Condominium,1,99 yrs from 31/07/2017,Uncompleted,Private,528510,18,52,East Region,Tampines
THE TAPESTRY,"1,207,200",925.7,"1,304",24 Mar 2018,55 TAMPINES STREET 86 #07-25,New Sale,Strata,86,"14,037",-,Condominium,1,99 yrs from 31/07/2017,Uncompleted,HDB,528541,18,52,East Region,Tampines
THE TAPESTRY,"663,200",441.32,"1,503",24 Mar 2018,61 TAMPINES STREET 86 #11-45,New Sale,Strata,41,"16,176",-,Condominium,1,99 yrs from 31/07/2017,Uncompleted,Private,528510,18,52,East Region,Tampines
THE TAPESTRY,"878,400",602.78,"1,457",24 Mar 2018,61 TAMPINES STREET 86 #04-41,New Sale,Strata,56,"15,686",-,Condominium,1,99 yrs from 31/07/2017,Uncompleted,HDB,528510,18,52,East Region,Tampines
THE TAPESTRY,"940,800",699.66,"1,345",24 Mar 2018,59 TAMPINES STREET 86 #06-34,New Sale,Strata,65,"14,474",-,Condominium,1,99 yrs from 31/07/2017,Uncompleted,Private,528509,18,52,East Region,Tampines
THE TAPESTRY,"1,727,200","1,431.61","1,206",24 Mar 2018,57 TAMPINES STREET 86 #14-27,New Sale,Strata,133,"12,986",-,Condominium,1,99 yrs from 31/07/2017,Uncompleted,N.A,528542,18,52,East Region,Tampines
THE TAPESTRY,"840,000",602.78,"1,394",24 Mar 2018,61 TAMPINES STREET 86 #01-42,New Sale,Strata,56,"15,000",-,Condominium,1,99 yrs from 31/07/2017,Uncompleted,Private,528510,18,52,East Region,Tampines
THE TAPESTRY,"694,400",473.62,"1,466",24 Mar 2018,61 TAMPINES STREET 86 #01-38,New Sale,Strata,44,"15,782",-,Condominium,1,99 yrs from 31/07/2017,Uncompleted,Private,528510,18,52,East Region,Tampines
THE TAPESTRY,"828,000",602.78,"1,374",24 Mar 2018,59 TAMPINES STREET 86 #03-30,New Sale,Strata,56,"14,786",-,Condominium,1,99 yrs from 31/07/2017,Uncompleted,HDB,528509,18,52,East Region,Tampines
THE TAPESTRY,"1,001,600",699.66,"1,432",24 Mar 2018,59 TAMPINES STREET 86 #11-33,New Sale,Strata,65,"15,409",-,Condominium,1,99 yrs from 31/07/2017,Uncompleted,Private,528509,18,52,East Region,Tampines
THE TAPESTRY,"1,460,000","1,130.22","1,292",24 Mar 2018,63 TAMPINES STREET 86 #11-53,New Sale,Strata,105,"13,905",-,Condominium,1,99 yrs from 31/07/2017,Uncompleted,HDB,528511,18,52,East Region,Tampines
THE TAPESTRY,"856,800",602.78,"1,421",24 Mar 2018,61 TAMPINES STREET 86 #08-48,New Sale,Strata,56,"15,300",-,Condominium,1,99 yrs from 31/07/2017,Uncompleted,HDB,528510,18,52,East Region,Tampines
THE TAPESTRY,"664,000",473.62,"1,402",24 Mar 2018,51 TAMPINES STREET 86 #05-13,New Sale,Strata,44,"15,091",-,Condominium,1,99 yrs from 31/07/2017,Uncompleted,HDB,528539,18,52,East Region,Tampines
THE TAPESTRY,"936,000",699.66,"1,338",24 Mar 2018,59 TAMPINES STREET 86 #01-34,New Sale,Strata,65,"14,400",-,Condominium,1,99 yrs from 31/07/2017,Uncompleted,HDB,528509,18,52,East Region,Tampines
THE TAPESTRY,"1,424,000","1,130.22","1,260",24 Mar 2018,53 TAMPINES STREET 86 #11-15,New Sale,Strata,105,"13,562",-,Condominium,1,99 yrs from 31/07/2017,Uncompleted,HDB,528540,18,52,East Region,Tampines
THE TAPESTRY,"975,200",699.66,"1,394",24 Mar 2018,63 TAMPINES STREET 86 #09-54,New Sale,Strata,65,"15,003",-,Condominium,1,99 yrs from 31/07/2017,Uncompleted,Private,528511,18,52,East Region,Tampines
THE TAPESTRY,"1,476,800","1,130.22","1,307",24 Mar 2018,63 TAMPINES STREET 86 #14-53,New Sale,Strata,105,"14,065",-,Condominium,1,99 yrs from 31/07/2017,Uncompleted,N.A,528511,18,52,East Region,Tampines
THE TAPESTRY,"709,600",473.62,"1,498",24 Mar 2018,61 TAMPINES STREET 86 #11-50,New Sale,Strata,44,"16,127",-,Condominium,1,99 yrs from 31/07/2017,Uncompleted,N.A,528510,18,52,East Region,Tampines
THE TAPESTRY,"852,800",602.78,"1,415",24 Mar 2018,61 TAMPINES STREET 86 #07-48,New Sale,Strata,56,"15,229",-,Condominium,1,99 yrs from 31/07/2017,Uncompleted,HDB,528510,18,52,East Region,Tampines
THE TAPESTRY,"684,000",473.62,"1,444",24 Mar 2018,61 TAMPINES STREET 86 #03-39,New Sale,Strata,44,"15,545",-,Condominium,1,99 yrs from 31/07/2017,Uncompleted,Private,528510,18,52,East Region,Tampines
THE TAPESTRY,"987,200",699.66,"1,411",24 Mar 2018,63 TAMPINES STREET 86 #12-54,New Sale,Strata,65,"15,188",-,Condominium,1,99 yrs from 31/07/2017,Uncompleted,Private,528511,18,52,East Region,Tampines
THE TAPESTRY,"1,262,400",990.29,"1,275",24 Mar 2018,59 TAMPINES STREET 86 #09-35,New Sale,Strata,92,"13,722",-,Condominium,1,99 yrs from 31/07/2017,Uncompleted,HDB,528509,18,52,East Region,Tampines
THE TAPESTRY,"993,600",699.66,"1,420",24 Mar 2018,59 TAMPINES STREET 86 #09-33,New Sale,Strata,65,"15,286",-,Condominium,1,99 yrs from 31/07/2017,Uncompleted,Private,528509,18,52,East Region,Tampines
THE TAPESTRY,"642,400",441.32,"1,456",24 Mar 2018,51 TAMPINES STREET 86 #08-08,New Sale,Strata,41,"15,668",-,Condominium,1,99 yrs from 31/07/2017,Uncompleted,HDB,528539,18,52,East Region,Tampines
THE TAPESTRY,"860,800",602.78,"1,428",24 Mar 2018,63 TAMPINES STREET 86 #09-51,New Sale,Strata,56,"15,371",-,Condominium,1,99 yrs from 31/07/2017,Uncompleted,HDB,528511,18,52,East Region,Tampines
THE TAPESTRY,"800,800",602.78,"1,329",24 Mar 2018,51 TAMPINES STREET 86 #06-05,New Sale,Strata,56,"14,300",-,Condominium,1,99 yrs from 31/07/2017,Uncompleted,Private,528539,18,52,East Region,Tampines
THE TAPESTRY,"684,000",473.62,"1,444",24 Mar 2018,61 TAMPINES STREET 86 #03-40,New Sale,Strata,44,"15,545",-,Condominium,1,99 yrs from 31/07/2017,Uncompleted,HDB,528510,18,52,East Region,Tampines
THE NAVIAN,"1,068,000",656.6,"1,627",24 Mar 2018,178 JALAN EUNOS #04-06,New Sale,Strata,61,"17,508",-,Apartment,1,Freehold,Uncompleted,Private,419530,14,41,East Region,Bedok
THE TAPESTRY,"650,400",441.32,"1,474",24 Mar 2018,61 TAMPINES STREET 86 #05-43,New Sale,Strata,41,"15,863",-,Condominium,1,99 yrs from 31/07/2017,Uncompleted,N.A,528510,18,52,East Region,Tampines
THE TAPESTRY,"1,244,800",990.29,"1,257",24 Mar 2018,63 TAMPINES STREET 86 #08-56,New Sale,Strata,92,"13,530",-,Condominium,1,99 yrs from 31/07/2017,Uncompleted,HDB,528511,18,52,East Region,Tampines
THE TAPESTRY,"967,200",699.66,"1,382",24 Mar 2018,63 TAMPINES STREET 86 #07-54,New Sale,Strata,65,"14,880",-,Condominium,1,99 yrs from 31/07/2017,Uncompleted,N.A,528511,18,52,East Region,Tampines
THE TAPESTRY,"1,432,000","1,130.22","1,267",24 Mar 2018,63 TAMPINES STREET 86 #06-53,New Sale,Strata,105,"13,638",-,Condominium,1,99 yrs from 31/07/2017,Uncompleted,HDB,528511,18,52,East Region,Tampines
THE TAPESTRY,"910,400",602.78,"1,510",24 Mar 2018,61 TAMPINES STREET 86 #12-41,New Sale,Strata,56,"16,257",-,Condominium,1,99 yrs from 31/07/2017,Uncompleted,HDB,528510,18,52,East Region,Tampines
THE TAPESTRY,"1,273,600",990.29,"1,286",24 Mar 2018,59 TAMPINES STREET 86 #11-35,New Sale,Strata,92,"13,843",-,Condominium,1,99 yrs from 31/07/2017,Uncompleted,HDB,528509,18,52,East Region,Tampines
THE TAPESTRY,"706,400",473.62,"1,492",24 Mar 2018,61 TAMPINES STREET 86 #08-38,New Sale,Strata,44,"16,055",-,Condominium,1,99 yrs from 31/07/2017,Uncompleted,HDB,528510,18,52,East Region,Tampines
THE TAPESTRY,"673,600",473.62,"1,422",24 Mar 2018,51 TAMPINES STREET 86 #10-03,New Sale,Strata,44,"15,309",-,Condominium,1,99 yrs from 31/07/2017,Uncompleted,Private,528539,18,52,East Region,Tampines
THE TAPESTRY,"979,200",688.9,"1,421",24 Mar 2018,53 TAMPINES STREET 86 #07-18,New Sale,Strata,64,"15,300",-,Condominium,1,99 yrs from 31/07/2017,Uncompleted,HDB,528540,18,52,East Region,Tampines
THE TAPESTRY,"706,400",473.62,"1,492",24 Mar 2018,61 TAMPINES STREET 86 #10-40,New Sale,Strata,44,"16,055",-,Condominium,1,99 yrs from 31/07/2017,Uncompleted,Private,528510,18,52,East Region,Tampines
THE TAPESTRY,"848,000",602.78,"1,407",24 Mar 2018,53 TAMPINES STREET 86 #08-14,New Sale,Strata,56,"15,143",-,Condominium,1,99 yrs from 31/07/2017,Uncompleted,HDB,528540,18,52,East Region,Tampines
THE TAPESTRY,"690,400",473.62,"1,458",24 Mar 2018,61 TAMPINES STREET 86 #03-38,New Sale,Strata,44,"15,691",-,Condominium,1,99 yrs from 31/07/2017,Uncompleted,HDB,528510,18,52,East Region,Tampines
THE TAPESTRY,"1,288,000",990.29,"1,301",24 Mar 2018,53 TAMPINES STREET 86 #07-19,New Sale,Strata,92,"14,000",-,Condominium,1,99 yrs from 31/07/2017,Uncompleted,Private,528540,18,52,East Region,Tampines
THE TAPESTRY,"667,200",473.62,"1,409",24 Mar 2018,51 TAMPINES STREET 86 #05-12,New Sale,Strata,44,"15,164",-,Condominium,1,99 yrs from 31/07/2017,Uncompleted,N.A,528539,18,52,East Region,Tampines
THE TAPESTRY,"640,800",441.32,"1,452",24 Mar 2018,61 TAMPINES STREET 86 #04-45,New Sale,Strata,41,"15,629",-,Condominium,1,99 yrs from 31/07/2017,Uncompleted,HDB,528510,18,52,East Region,Tampines
THE TAPESTRY,"676,800",473.62,"1,429",24 Mar 2018,51 TAMPINES STREET 86 #09-13,New Sale,Strata,44,"15,382",-,Condominium,1,99 yrs from 31/07/2017,Uncompleted,N.A,528539,18,52,East Region,Tampines
THE TAPESTRY,"1,429,600","1,130.22","1,265",24 Mar 2018,53 TAMPINES STREET 86 #12-15,New Sale,Strata,105,"13,615",-,Condominium,1,99 yrs from 31/07/2017,Uncompleted,HDB,528540,18,52,East Region,Tampines
THE TAPESTRY,"610,400",441.32,"1,383",24 Mar 2018,51 TAMPINES STREET 86 #01-08,New Sale,Strata,41,"14,888",-,Condominium,1,99 yrs from 31/07/2017,Uncompleted,N.A,528539,18,52,East Region,Tampines
THE TAPESTRY,"1,013,600",699.66,"1,449",24 Mar 2018,59 TAMPINES STREET 86 #14-33,New Sale,Strata,65,"15,594",-,Condominium,1,99 yrs from 31/07/2017,Uncompleted,Private,528509,18,52,East Region,Tampines
THE TAPESTRY,"882,400",602.78,"1,464",24 Mar 2018,61 TAMPINES STREET 86 #05-41,New Sale,Strata,56,"15,757",-,Condominium,1,99 yrs from 31/07/2017,Uncompleted,HDB,528510,18,52,East Region,Tampines
THE TAPESTRY,"952,000",699.66,"1,361",24 Mar 2018,63 TAMPINES STREET 86 #10-55,New Sale,Strata,65,"14,646",-,Condominium,1,99 yrs from 31/07/2017,Uncompleted,N.A,528511,18,52,East Region,Tampines
GEM RESIDENCES,"1,965,000","1,313.21","1,496",24 Mar 2018,1 LORONG 5 TOA PAYOH #19-08,New Sale,Strata,122,"16,107",-,Condominium,1,99 yrs from 21/09/2015,Uncompleted,Private,319458,12,31,Central Region,Toa Payoh
THE TAPESTRY,"664,800",473.62,"1,404",24 Mar 2018,51 TAMPINES STREET 86 #01-12,New Sale,Strata,44,"15,109",-,Condominium,1,99 yrs from 31/07/2017,Uncompleted,N.A,528539,18,52,East Region,Tampines
THE TAPESTRY,"696,800",473.62,"1,471",24 Mar 2018,61 TAMPINES STREET 86 #07-40,New Sale,Strata,44,"15,836",-,Condominium,1,99 yrs from 31/07/2017,Uncompleted,Private,528510,18,52,East Region,Tampines
THE TAPESTRY,"971,200",699.66,"1,388",24 Mar 2018,63 TAMPINES STREET 86 #08-54,New Sale,Strata,65,"14,942",-,Condominium,1,99 yrs from 31/07/2017,Uncompleted,Private,528511,18,52,East Region,Tampines
THE TAPESTRY,"700,000",473.62,"1,478",24 Mar 2018,61 TAMPINES STREET 86 #08-39,New Sale,Strata,44,"15,909",-,Condominium,1,99 yrs from 31/07/2017,Uncompleted,HDB,528510,18,52,East Region,Tampines
THE CLEMENT CANOPY,"1,623,000","1,108.69","1,464",24 Mar 2018,18 CLEMENTI AVENUE 1 #26-11,New Sale,Strata,103,"15,757",-,Apartment,1,99 yrs from 09/03/2016,Uncompleted,N.A,129961,05,12,West Region,Clementi
THE TAPESTRY,"840,800",602.78,"1,395",24 Mar 2018,61 TAMPINES STREET 86 #05-42,New Sale,Strata,56,"15,014",-,Condominium,1,99 yrs from 31/07/2017,Uncompleted,Private,528510,18,52,East Region,Tampines
THE TAPESTRY,"936,800",699.66,"1,339",24 Mar 2018,59 TAMPINES STREET 86 #05-34,New Sale,Strata,65,"14,412",-,Condominium,1,99 yrs from 31/07/2017,Uncompleted,Private,528509,18,52,East Region,Tampines
THE TAPESTRY,"1,240,800",925.7,"1,340",24 Mar 2018,57 TAMPINES STREET 86 #11-26,New Sale,Strata,86,"14,428",-,Condominium,1,99 yrs from 31/07/2017,Uncompleted,Private,528542,18,52,East Region,Tampines
THE TAPESTRY,"968,800",699.66,"1,385",24 Mar 2018,59 TAMPINES STREET 86 #13-34,New Sale,Strata,65,"14,905",-,Condominium,1,99 yrs from 31/07/2017,Uncompleted,HDB,528509,18,52,East Region,Tampines
THE TAPESTRY,"836,800",602.78,"1,388",24 Mar 2018,63 TAMPINES STREET 86 #03-58,New Sale,Strata,56,"14,943",-,Condominium,1,99 yrs from 31/07/2017,Uncompleted,Private,528511,18,52,East Region,Tampines
THE TAPESTRY,"637,600",441.32,"1,445",24 Mar 2018,61 TAMPINES STREET 86 #03-45,New Sale,Strata,41,"15,551",-,Condominium,1,99 yrs from 31/07/2017,Uncompleted,N.A,528510,18,52,East Region,Tampines
THE TAPESTRY,"660,000",441.32,"1,495",24 Mar 2018,61 TAMPINES STREET 86 #10-45,New Sale,Strata,41,"16,098",-,Condominium,1,99 yrs from 31/07/2017,Uncompleted,HDB,528510,18,52,East Region,Tampines
THE TAPESTRY,"1,233,600",990.29,"1,246",24 Mar 2018,63 TAMPINES STREET 86 #06-56,New Sale,Strata,92,"13,409",-,Condominium,1,99 yrs from 31/07/2017,Uncompleted,HDB,528511,18,52,East Region,Tampines
THE TAPESTRY,"971,200",688.9,"1,410",24 Mar 2018,53 TAMPINES STREET 86 #05-18,New Sale,Strata,64,"15,175",-,Condominium,1,99 yrs from 31/07/2017,Uncompleted,Private,528540,18,52,East Region,Tampines
THE TAPESTRY,"660,000",441.32,"1,495",24 Mar 2018,61 TAMPINES STREET 86 #10-44,New Sale,Strata,41,"16,098",-,Condominium,1,99 yrs from 31/07/2017,Uncompleted,HDB,528510,18,52,East Region,Tampines
THE TAPESTRY,"860,800",602.78,"1,428",24 Mar 2018,51 TAMPINES STREET 86 #07-10,New Sale,Strata,56,"15,371",-,Condominium,1,99 yrs from 31/07/2017,Uncompleted,HDB,528539,18,52,East Region,Tampines
THE TAPESTRY,"688,000",473.62,"1,453",24 Mar 2018,61 TAMPINES STREET 86 #01-39,New Sale,Strata,44,"15,636",-,Condominium,1,99 yrs from 31/07/2017,Uncompleted,N.A,528510,18,52,East Region,Tampines
THE TAPESTRY,"844,800",602.78,"1,401",24 Mar 2018,61 TAMPINES STREET 86 #05-48,New Sale,Strata,56,"15,086",-,Condominium,1,99 yrs from 31/07/2017,Uncompleted,HDB,528510,18,52,East Region,Tampines
THE TAPESTRY,"676,000",441.32,"1,532",24 Mar 2018,61 TAMPINES STREET 86 #15-45,New Sale,Strata,41,"16,488",-,Condominium,1,99 yrs from 31/07/2017,Uncompleted,HDB,528510,18,52,East Region,Tampines
THE TAPESTRY,"1,507,200","1,130.22","1,334",24 Mar 2018,59 TAMPINES STREET 86 #12-32,New Sale,Strata,105,"14,354",-,Condominium,1,99 yrs from 31/07/2017,Uncompleted,HDB,528509,18,52,East Region,Tampines
THE TAPESTRY,"987,200",688.9,"1,433",24 Mar 2018,53 TAMPINES STREET 86 #09-18,New Sale,Strata,64,"15,425",-,Condominium,1,99 yrs from 31/07/2017,Uncompleted,HDB,528540,18,52,East Region,Tampines
THE TAPESTRY,"634,400",441.32,"1,437",24 Mar 2018,61 TAMPINES STREET 86 #02-44,New Sale,Strata,41,"15,473",-,Condominium,1,99 yrs from 31/07/2017,Uncompleted,HDB,528510,18,52,East Region,Tampines
THE TAPESTRY,"629,600",441.32,"1,427",24 Mar 2018,51 TAMPINES STREET 86 #06-09,New Sale,Strata,41,"15,356",-,Condominium,1,99 yrs from 31/07/2017,Uncompleted,HDB,528539,18,52,East Region,Tampines
THE TAPESTRY,"1,420,000","1,130.22","1,256",24 Mar 2018,63 TAMPINES STREET 86 #04-53,New Sale,Strata,105,"13,524",-,Condominium,1,99 yrs from 31/07/2017,Uncompleted,HDB,528511,18,52,East Region,Tampines
THE TAPESTRY,"848,800",602.78,"1,408",24 Mar 2018,63 TAMPINES STREET 86 #06-58,New Sale,Strata,56,"15,157",-,Condominium,1,99 yrs from 31/07/2017,Uncompleted,HDB,528511,18,52,East Region,Tampines
THE TAPESTRY,"1,443,200","1,130.22","1,277",24 Mar 2018,63 TAMPINES STREET 86 #08-53,New Sale,Strata,105,"13,745",-,Condominium,1,99 yrs from 31/07/2017,Uncompleted,N.A,528511,18,52,East Region,Tampines
THE TAPESTRY,"928,800",699.66,"1,328",24 Mar 2018,59 TAMPINES STREET 86 #03-34,New Sale,Strata,65,"14,289",-,Condominium,1,99 yrs from 31/07/2017,Uncompleted,Private,528509,18,52,East Region,Tampines
THE TAPESTRY,"983,200",699.66,"1,405",24 Mar 2018,63 TAMPINES STREET 86 #11-54,New Sale,Strata,65,"15,126",-,Condominium,1,99 yrs from 31/07/2017,Uncompleted,HDB,528511,18,52,East Region,Tampines
THE TAPESTRY,"977,600",699.66,"1,397",24 Mar 2018,59 TAMPINES STREET 86 #05-33,New Sale,Strata,65,"15,040",-,Condominium,1,99 yrs from 31/07/2017,Uncompleted,Private,528509,18,52,East Region,Tampines
THE TAPESTRY,"629,600",441.32,"1,427",24 Mar 2018,51 TAMPINES STREET 86 #06-06,New Sale,Strata,41,"15,356",-,Condominium,1,99 yrs from 31/07/2017,Uncompleted,N.A,528539,18,52,East Region,Tampines
THE TAPESTRY,"680,000",473.62,"1,436",24 Mar 2018,51 TAMPINES STREET 86 #09-12,New Sale,Strata,44,"15,455",-,Condominium,1,99 yrs from 31/07/2017,Uncompleted,Private,528539,18,52,East Region,Tampines
THE TAPESTRY,"1,412,800","1,130.22","1,250",24 Mar 2018,53 TAMPINES STREET 86 #09-15,New Sale,Strata,105,"13,455",-,Condominium,1,99 yrs from 31/07/2017,Uncompleted,HDB,528540,18,52,East Region,Tampines
THE TAPESTRY,"687,200",473.62,"1,451",24 Mar 2018,61 TAMPINES STREET 86 #02-38,New Sale,Strata,44,"15,618",-,Condominium,1,99 yrs from 31/07/2017,Uncompleted,HDB,528510,18,52,East Region,Tampines
THE TAPESTRY,"1,299,200",990.29,"1,312",24 Mar 2018,53 TAMPINES STREET 86 #09-19,New Sale,Strata,92,"14,122",-,Condominium,1,99 yrs from 31/07/2017,Uncompleted,Private,528540,18,52,East Region,Tampines
THE TAPESTRY,"1,701,600","1,431.61","1,189",24 Mar 2018,57 TAMPINES STREET 86 #10-27,New Sale,Strata,133,"12,794",-,Condominium,1,99 yrs from 31/07/2017,Uncompleted,Private,528542,18,52,East Region,Tampines
THE TAPESTRY,"1,708,000","1,431.61","1,193",24 Mar 2018,57 TAMPINES STREET 86 #11-27,New Sale,Strata,133,"12,842",-,Condominium,1,99 yrs from 31/07/2017,Uncompleted,Private,528542,18,52,East Region,Tampines
THE TAPESTRY,"683,200",473.62,"1,443",24 Mar 2018,51 TAMPINES STREET 86 #11-13,New Sale,Strata,44,"15,527",-,Condominium,1,99 yrs from 31/07/2017,Uncompleted,HDB,528539,18,52,East Region,Tampines
THE TAPESTRY,"1,473,600","1,130.22","1,304",24 Mar 2018,59 TAMPINES STREET 86 #06-32,New Sale,Strata,105,"14,034",-,Condominium,1,99 yrs from 31/07/2017,Uncompleted,HDB,528509,18,52,East Region,Tampines
THE TAPESTRY,"788,800",602.78,"1,309",24 Mar 2018,51 TAMPINES STREET 86 #03-04,New Sale,Strata,56,"14,086",-,Condominium,1,99 yrs from 31/07/2017,Uncompleted,Private,528539,18,52,East Region,Tampines
THE TAPESTRY,"936,000",699.66,"1,338",24 Mar 2018,63 TAMPINES STREET 86 #06-55,New Sale,Strata,65,"14,400",-,Condominium,1,99 yrs from 31/07/2017,Uncompleted,HDB,528511,18,52,East Region,Tampines
THE TAPESTRY,"983,200",688.9,"1,427",24 Mar 2018,53 TAMPINES STREET 86 #08-18,New Sale,Strata,64,"15,363",-,Condominium,1,99 yrs from 31/07/2017,Uncompleted,Private,528540,18,52,East Region,Tampines
THE TAPESTRY,"673,600",473.62,"1,422",24 Mar 2018,51 TAMPINES STREET 86 #10-01,New Sale,Strata,44,"15,309",-,Condominium,1,99 yrs from 31/07/2017,Uncompleted,HDB,528539,18,52,East Region,Tampines
THE TAPESTRY,"832,000",602.78,"1,380",24 Mar 2018,59 TAMPINES STREET 86 #04-30,New Sale,Strata,56,"14,857",-,Condominium,1,99 yrs from 31/07/2017,Uncompleted,HDB,528509,18,52,East Region,Tampines
THE TAPESTRY,"676,800",473.62,"1,429",24 Mar 2018,51 TAMPINES STREET 86 #08-12,New Sale,Strata,44,"15,382",-,Condominium,1,99 yrs from 31/07/2017,Uncompleted,N.A,528539,18,52,East Region,Tampines
THE TAPESTRY,"600,800",441.32,"1,361",24 Mar 2018,51 TAMPINES STREET 86 #03-09,New Sale,Strata,41,"14,654",-,Condominium,1,99 yrs from 31/07/2017,Uncompleted,HDB,528539,18,52,East Region,Tampines
THE TAPESTRY,"653,600",441.32,"1,481",24 Mar 2018,61 TAMPINES STREET 86 #08-45,New Sale,Strata,41,"15,941",-,Condominium,1,99 yrs from 31/07/2017,Uncompleted,HDB,528510,18,52,East Region,Tampines
THE TAPESTRY,"856,800",602.78,"1,421",24 Mar 2018,63 TAMPINES STREET 86 #08-51,New Sale,Strata,56,"15,300",-,Condominium,1,99 yrs from 31/07/2017,Uncompleted,HDB,528511,18,52,East Region,Tampines
THE TAPESTRY,"716,000",473.62,"1,512",24 Mar 2018,61 TAMPINES STREET 86 #11-38,New Sale,Strata,44,"16,273",-,Condominium,1,99 yrs from 31/07/2017,Uncompleted,HDB,528510,18,52,East Region,Tampines
THE TAPESTRY,"856,800",602.78,"1,421",24 Mar 2018,59 TAMPINES STREET 86 #09-37,New Sale,Strata,56,"15,300",-,Condominium,1,99 yrs from 31/07/2017,Uncompleted,Private,528509,18,52,East Region,Tampines
THE TAPESTRY,"844,800",602.78,"1,401",24 Mar 2018,51 TAMPINES STREET 86 #03-10,New Sale,Strata,56,"15,086",-,Condominium,1,99 yrs from 31/07/2017,Uncompleted,Private,528539,18,52,East Region,Tampines
THE TAPESTRY,"798,400",602.78,"1,325",24 Mar 2018,53 TAMPINES STREET 86 #03-14,New Sale,Strata,56,"14,257",-,Condominium,1,99 yrs from 31/07/2017,Uncompleted,HDB,528540,18,52,East Region,Tampines
THE TAPESTRY,"656,800",441.32,"1,488",24 Mar 2018,61 TAMPINES STREET 86 #07-43,New Sale,Strata,41,"16,020",-,Condominium,1,99 yrs from 31/07/2017,Uncompleted,HDB,528510,18,52,East Region,Tampines
THE TAPESTRY,"964,800",699.66,"1,379",24 Mar 2018,59 TAMPINES STREET 86 #12-34,New Sale,Strata,65,"14,843",-,Condominium,1,99 yrs from 31/07/2017,Uncompleted,HDB,528509,18,52,East Region,Tampines
THE TAPESTRY,"667,200",473.62,"1,409",24 Mar 2018,51 TAMPINES STREET 86 #08-01,New Sale,Strata,44,"15,164",-,Condominium,1,99 yrs from 31/07/2017,Uncompleted,Private,528539,18,52,East Region,Tampines
THE TAPESTRY,"894,400",602.78,"1,484",24 Mar 2018,61 TAMPINES STREET 86 #08-41,New Sale,Strata,56,"15,971",-,Condominium,1,99 yrs from 31/07/2017,Uncompleted,HDB,528510,18,52,East Region,Tampines
THE TAPESTRY,"956,800",699.66,"1,368",24 Mar 2018,59 TAMPINES STREET 86 #10-34,New Sale,Strata,65,"14,720",-,Condominium,1,99 yrs from 31/07/2017,Uncompleted,N.A,528509,18,52,East Region,Tampines
THE TAPESTRY,"868,800",602.78,"1,441",24 Mar 2018,61 TAMPINES STREET 86 #12-42,New Sale,Strata,56,"15,514",-,Condominium,1,99 yrs from 31/07/2017,Uncompleted,HDB,528510,18,52,East Region,Tampines
THE TAPESTRY,"889,600",602.78,"1,476",24 Mar 2018,51 TAMPINES STREET 86 #10-11,New Sale,Strata,56,"15,886",-,Condominium,1,99 yrs from 31/07/2017,Uncompleted,N.A,528539,18,52,East Region,Tampines
THE TAPESTRY,"985,600",699.66,"1,409",24 Mar 2018,59 TAMPINES STREET 86 #07-33,New Sale,Strata,65,"15,163",-,Condominium,1,99 yrs from 31/07/2017,Uncompleted,HDB,528509,18,52,East Region,Tampines
THE TAPESTRY,"924,000",699.66,"1,321",24 Mar 2018,63 TAMPINES STREET 86 #03-55,New Sale,Strata,65,"14,215",-,Condominium,1,99 yrs from 31/07/2017,Uncompleted,HDB,528511,18,52,East Region,Tampines
THE TAPESTRY,"653,600",441.32,"1,481",24 Mar 2018,61 TAMPINES STREET 86 #06-46,New Sale,Strata,41,"15,941",-,Condominium,1,99 yrs from 31/07/2017,Uncompleted,HDB,528510,18,52,East Region,Tampines
THE TAPESTRY,"848,000",602.78,"1,407",24 Mar 2018,59 TAMPINES STREET 86 #08-30,New Sale,Strata,56,"15,143",-,Condominium,1,99 yrs from 31/07/2017,Uncompleted,Private,528509,18,52,East Region,Tampines
THE TAPESTRY,"1,479,200","1,130.22","1,309",24 Mar 2018,59 TAMPINES STREET 86 #07-32,New Sale,Strata,105,"14,088",-,Condominium,1,99 yrs from 31/07/2017,Uncompleted,HDB,528509,18,52,East Region,Tampines
THE TAPESTRY,"952,800",699.66,"1,362",24 Mar 2018,59 TAMPINES STREET 86 #09-34,New Sale,Strata,65,"14,658",-,Condominium,1,99 yrs from 31/07/2017,Uncompleted,HDB,528509,18,52,East Region,Tampines
THE TAPESTRY,"1,688,800","1,431.61","1,180",24 Mar 2018,57 TAMPINES STREET 86 #08-27,New Sale,Strata,133,"12,698",-,Condominium,1,99 yrs from 31/07/2017,Uncompleted,HDB,528542,18,52,East Region,Tampines
THE TAPESTRY,"696,800",473.62,"1,471",24 Mar 2018,61 TAMPINES STREET 86 #05-38,New Sale,Strata,44,"15,836",-,Condominium,1,99 yrs from 31/07/2017,Uncompleted,HDB,528510,18,52,East Region,Tampines
THE TAPESTRY,"873,600",602.78,"1,449",24 Mar 2018,51 TAMPINES STREET 86 #06-11,New Sale,Strata,56,"15,600",-,Condominium,1,99 yrs from 31/07/2017,Uncompleted,HDB,528539,18,52,East Region,Tampines
THE TAPESTRY,"877,600",602.78,"1,456",24 Mar 2018,51 TAMPINES STREET 86 #07-11,New Sale,Strata,56,"15,671",-,Condominium,1,99 yrs from 31/07/2017,Uncompleted,N.A,528539,18,52,East Region,Tampines
THE TAPESTRY,"1,464,800","1,130.22","1,296",24 Mar 2018,63 TAMPINES STREET 86 #12-53,New Sale,Strata,105,"13,950",-,Condominium,1,99 yrs from 31/07/2017,Uncompleted,HDB,528511,18,52,East Region,Tampines
THE TAPESTRY,"860,800",602.78,"1,428",24 Mar 2018,61 TAMPINES STREET 86 #09-48,New Sale,Strata,56,"15,371",-,Condominium,1,99 yrs from 31/07/2017,Uncompleted,HDB,528510,18,52,East Region,Tampines
THE TAPESTRY,"848,800",602.78,"1,408",24 Mar 2018,63 TAMPINES STREET 86 #06-51,New Sale,Strata,56,"15,157",-,Condominium,1,99 yrs from 31/07/2017,Uncompleted,Private,528511,18,52,East Region,Tampines
THE TAPESTRY,"643,200",441.32,"1,457",24 Mar 2018,61 TAMPINES STREET 86 #01-45,New Sale,Strata,41,"15,688",-,Condominium,1,99 yrs from 31/07/2017,Uncompleted,HDB,528510,18,52,East Region,Tampines
THE TAPESTRY,"660,800",473.62,"1,395",24 Mar 2018,51 TAMPINES STREET 86 #04-13,New Sale,Strata,44,"15,018",-,Condominium,1,99 yrs from 31/07/2017,Uncompleted,HDB,528539,18,52,East Region,Tampines
THE TAPESTRY,"1,005,600",699.66,"1,437",24 Mar 2018,59 TAMPINES STREET 86 #12-33,New Sale,Strata,65,"15,471",-,Condominium,1,99 yrs from 31/07/2017,Uncompleted,Private,528509,18,52,East Region,Tampines
THE TAPESTRY,"960,000",699.66,"1,372",24 Mar 2018,63 TAMPINES STREET 86 #12-55,New Sale,Strata,65,"14,769",-,Condominium,1,99 yrs from 31/07/2017,Uncompleted,Private,528511,18,52,East Region,Tampines
THE TAPESTRY,"636,000",441.32,"1,441",24 Mar 2018,51 TAMPINES STREET 86 #06-08,New Sale,Strata,41,"15,512",-,Condominium,1,99 yrs from 31/07/2017,Uncompleted,HDB,528539,18,52,East Region,Tampines
THE TAPESTRY,"876,800",602.78,"1,455",24 Mar 2018,63 TAMPINES STREET 86 #13-51,New Sale,Strata,56,"15,657",-,Condominium,1,99 yrs from 31/07/2017,Uncompleted,HDB,528511,18,52,East Region,Tampines
THE TAPESTRY,"844,800",602.78,"1,401",24 Mar 2018,63 TAMPINES STREET 86 #05-51,New Sale,Strata,56,"15,086",-,Condominium,1,99 yrs from 31/07/2017,Uncompleted,HDB,528511,18,52,East Region,Tampines
THE TAPESTRY,"852,800",602.78,"1,415",24 Mar 2018,61 TAMPINES STREET 86 #08-42,New Sale,Strata,56,"15,229",-,Condominium,1,99 yrs from 31/07/2017,Uncompleted,N.A,528510,18,52,East Region,Tampines
THE TAPESTRY,"660,800",473.62,"1,395",24 Mar 2018,51 TAMPINES STREET 86 #06-01,New Sale,Strata,44,"15,018",-,Condominium,1,99 yrs from 31/07/2017,Uncompleted,N.A,528539,18,52,East Region,Tampines
THE TAPESTRY,"680,800",473.62,"1,437",24 Mar 2018,61 TAMPINES STREET 86 #02-39,New Sale,Strata,44,"15,473",-,Condominium,1,99 yrs from 31/07/2017,Uncompleted,N.A,528510,18,52,East Region,Tampines
THE TAPESTRY,"836,000",602.78,"1,387",24 Mar 2018,59 TAMPINES STREET 86 #05-30,New Sale,Strata,56,"14,929",-,Condominium,1,99 yrs from 31/07/2017,Uncompleted,HDB,528509,18,52,East Region,Tampines
THE TAPESTRY,"1,009,600",699.66,"1,443",24 Mar 2018,59 TAMPINES STREET 86 #13-33,New Sale,Strata,65,"15,532",-,Condominium,1,99 yrs from 31/07/2017,Uncompleted,HDB,528509,18,52,East Region,Tampines
THE TAPESTRY,"660,800",473.62,"1,395",24 Mar 2018,51 TAMPINES STREET 86 #03-12,New Sale,Strata,44,"15,018",-,Condominium,1,99 yrs from 31/07/2017,Uncompleted,Private,528539,18,52,East Region,Tampines
THE TAPESTRY,"626,400",441.32,"1,419",24 Mar 2018,51 TAMPINES STREET 86 #05-09,New Sale,Strata,41,"15,278",-,Condominium,1,99 yrs from 31/07/2017,Uncompleted,HDB,528539,18,52,East Region,Tampines
THE TAPESTRY,"648,000",473.62,"1,368",24 Mar 2018,51 TAMPINES STREET 86 #02-03,New Sale,Strata,44,"14,727",-,Condominium,1,99 yrs from 31/07/2017,Uncompleted,Private,528539,18,52,East Region,Tampines
THE TAPESTRY,"693,600",473.62,"1,464",24 Mar 2018,61 TAMPINES STREET 86 #04-38,New Sale,Strata,44,"15,764",-,Condominium,1,99 yrs from 31/07/2017,Uncompleted,Private,528510,18,52,East Region,Tampines
THE TAPESTRY,"683,200",473.62,"1,443",24 Mar 2018,51 TAMPINES STREET 86 #13-01,New Sale,Strata,44,"15,527",-,Condominium,1,99 yrs from 31/07/2017,Uncompleted,HDB,528539,18,52,East Region,Tampines
THE TAPESTRY,"658,400",441.32,"1,492",24 Mar 2018,51 TAMPINES STREET 86 #13-08,New Sale,Strata,41,"16,059",-,Condominium,1,99 yrs from 31/07/2017,Uncompleted,HDB,528539,18,52,East Region,Tampines
THE TAPESTRY,"1,235,200",925.7,"1,334",24 Mar 2018,55 TAMPINES STREET 86 #12-22,New Sale,Strata,86,"14,363",-,Condominium,1,99 yrs from 31/07/2017,Uncompleted,HDB,528541,18,52,East Region,Tampines
THE TAPESTRY,"1,396,800","1,130.22","1,236",24 Mar 2018,59 TAMPINES STREET 86 #06-31,New Sale,Strata,105,"13,303",-,Condominium,1,99 yrs from 31/07/2017,Uncompleted,N.A,528509,18,52,East Region,Tampines
THE TAPESTRY,"1,415,200","1,130.22","1,252",24 Mar 2018,63 TAMPINES STREET 86 #03-53,New Sale,Strata,105,"13,478",-,Condominium,1,99 yrs from 31/07/2017,Uncompleted,HDB,528511,18,52,East Region,Tampines
THE TAPESTRY,"690,400",473.62,"1,458",24 Mar 2018,61 TAMPINES STREET 86 #05-50,New Sale,Strata,44,"15,691",-,Condominium,1,99 yrs from 31/07/2017,Uncompleted,N.A,528510,18,52,East Region,Tampines
THE TAPESTRY,"804,800",602.78,"1,335",24 Mar 2018,51 TAMPINES STREET 86 #07-04,New Sale,Strata,56,"14,371",-,Condominium,1,99 yrs from 31/07/2017,Uncompleted,HDB,528539,18,52,East Region,Tampines
THE TAPESTRY,"837,600",602.78,"1,390",24 Mar 2018,51 TAMPINES STREET 86 #02-11,New Sale,Strata,56,"14,957",-,Condominium,1,99 yrs from 31/07/2017,Uncompleted,HDB,528539,18,52,East Region,Tampines
THE TAPESTRY,"961,600",688.9,"1,396",24 Mar 2018,53 TAMPINES STREET 86 #14-17,New Sale,Strata,64,"15,025",-,Condominium,1,99 yrs from 31/07/2017,Uncompleted,HDB,528540,18,52,East Region,Tampines
THE TAPESTRY,"960,800",699.66,"1,373",24 Mar 2018,59 TAMPINES STREET 86 #11-34,New Sale,Strata,65,"14,782",-,Condominium,1,99 yrs from 31/07/2017,Uncompleted,Private,528509,18,52,East Region,Tampines
THE TAPESTRY,"712,800",473.62,"1,505",24 Mar 2018,61 TAMPINES STREET 86 #12-39,New Sale,Strata,44,"16,200",-,Condominium,1,99 yrs from 31/07/2017,Uncompleted,HDB,528510,18,52,East Region,Tampines
THE TAPESTRY,"940,000",699.66,"1,344",24 Mar 2018,63 TAMPINES STREET 86 #07-55,New Sale,Strata,65,"14,462",-,Condominium,1,99 yrs from 31/07/2017,Uncompleted,N.A,528511,18,52,East Region,Tampines
THE TAPESTRY,"683,200",473.62,"1,443",24 Mar 2018,51 TAMPINES STREET 86 #10-12,New Sale,Strata,44,"15,527",-,Condominium,1,99 yrs from 31/07/2017,Uncompleted,N.A,528539,18,52,East Region,Tampines
THE TAPESTRY,"948,000",699.66,"1,355",24 Mar 2018,63 TAMPINES STREET 86 #09-55,New Sale,Strata,65,"14,585",-,Condominium,1,99 yrs from 31/07/2017,Uncompleted,HDB,528511,18,52,East Region,Tampines
THE TAPESTRY,"991,200",688.9,"1,439",24 Mar 2018,53 TAMPINES STREET 86 #10-18,New Sale,Strata,64,"15,488",-,Condominium,1,99 yrs from 31/07/2017,Uncompleted,Private,528540,18,52,East Region,Tampines
THE TAPESTRY,"1,745,600","1,485.43","1,175",24 Mar 2018,55 TAMPINES STREET 86 #07-24,New Sale,Strata,138,"12,649",-,Condominium,1,99 yrs from 31/07/2017,Uncompleted,Private,528541,18,52,East Region,Tampines
THE TAPESTRY,"647,200",441.32,"1,466",24 Mar 2018,61 TAMPINES STREET 86 #06-45,New Sale,Strata,41,"15,785",-,Condominium,1,99 yrs from 31/07/2017,Uncompleted,HDB,528510,18,52,East Region,Tampines
THE TAPESTRY,"689,600",473.62,"1,456",24 Mar 2018,51 TAMPINES STREET 86 #12-12,New Sale,Strata,44,"15,673",-,Condominium,1,99 yrs from 31/07/2017,Uncompleted,HDB,528539,18,52,East Region,Tampines
THE TAPESTRY,"703,200",473.62,"1,485",24 Mar 2018,61 TAMPINES STREET 86 #07-38,New Sale,Strata,44,"15,982",-,Condominium,1,99 yrs from 31/07/2017,Uncompleted,HDB,528510,18,52,East Region,Tampines
THE TAPESTRY,"604,000",441.32,"1,369",24 Mar 2018,51 TAMPINES STREET 86 #01-09,New Sale,Strata,41,"14,732",-,Condominium,1,99 yrs from 31/07/2017,Uncompleted,HDB,528539,18,52,East Region,Tampines
THE TAPESTRY,"693,600",473.62,"1,464",24 Mar 2018,61 TAMPINES STREET 86 #06-40,New Sale,Strata,44,"15,764",-,Condominium,1,99 yrs from 31/07/2017,Uncompleted,HDB,528510,18,52,East Region,Tampines
THE TAPESTRY,"963,200",688.9,"1,398",24 Mar 2018,53 TAMPINES STREET 86 #03-18,New Sale,Strata,64,"15,050",-,Condominium,1,99 yrs from 31/07/2017,Uncompleted,N.A,528540,18,52,East Region,Tampines
THE TAPESTRY,"956,000",699.66,"1,366",24 Mar 2018,63 TAMPINES STREET 86 #11-55,New Sale,Strata,65,"14,708",-,Condominium,1,99 yrs from 31/07/2017,Uncompleted,HDB,528511,18,52,East Region,Tampines
THE TAPESTRY,"1,304,800",990.29,"1,318",24 Mar 2018,53 TAMPINES STREET 86 #10-19,New Sale,Strata,92,"14,183",-,Condominium,1,99 yrs from 31/07/2017,Uncompleted,N.A,528540,18,52,East Region,Tampines
THE TAPESTRY,"687,200",473.62,"1,451",24 Mar 2018,61 TAMPINES STREET 86 #04-39,New Sale,Strata,44,"15,618",-,Condominium,1,99 yrs from 31/07/2017,Uncompleted,HDB,528510,18,52,East Region,Tampines
THE TAPESTRY,"703,200",473.62,"1,485",24 Mar 2018,61 TAMPINES STREET 86 #09-39,New Sale,Strata,44,"15,982",-,Condominium,1,99 yrs from 31/07/2017,Uncompleted,HDB,528510,18,52,East Region,Tampines
THE TAPESTRY,"650,400",441.32,"1,474",24 Mar 2018,61 TAMPINES STREET 86 #07-44,New Sale,Strata,41,"15,863",-,Condominium,1,99 yrs from 31/07/2017,Uncompleted,N.A,528510,18,52,East Region,Tampines
THE TAPESTRY,"1,282,400",990.29,"1,295",24 Mar 2018,53 TAMPINES STREET 86 #06-19,New Sale,Strata,92,"13,939",-,Condominium,1,99 yrs from 31/07/2017,Uncompleted,Private,528540,18,52,East Region,Tampines
THE TAPESTRY,"693,600",473.62,"1,464",24 Mar 2018,61 TAMPINES STREET 86 #06-39,New Sale,Strata,44,"15,764",-,Condominium,1,99 yrs from 31/07/2017,Uncompleted,HDB,528510,18,52,East Region,Tampines
THE TAPESTRY,"836,800",602.78,"1,388",24 Mar 2018,61 TAMPINES STREET 86 #03-48,New Sale,Strata,56,"14,943",-,Condominium,1,99 yrs from 31/07/2017,Uncompleted,Private,528510,18,52,East Region,Tampines
THE TAPESTRY,"642,400",441.32,"1,456",24 Mar 2018,51 TAMPINES STREET 86 #10-09,New Sale,Strata,41,"15,668",-,Condominium,1,99 yrs from 31/07/2017,Uncompleted,N.A,528539,18,52,East Region,Tampines
THE TAPESTRY,"1,276,800",990.29,"1,289",24 Mar 2018,53 TAMPINES STREET 86 #05-19,New Sale,Strata,92,"13,878",-,Condominium,1,99 yrs from 31/07/2017,Uncompleted,N.A,528540,18,52,East Region,Tampines
THE TAPESTRY,"663,200",441.32,"1,503",24 Mar 2018,61 TAMPINES STREET 86 #09-43,New Sale,Strata,41,"16,176",-,Condominium,1,99 yrs from 31/07/2017,Uncompleted,HDB,528510,18,52,East Region,Tampines
THE TAPESTRY,"595,200",441.32,"1,349",24 Mar 2018,51 TAMPINES STREET 86 #02-09,New Sale,Strata,41,"14,517",-,Condominium,1,99 yrs from 31/07/2017,Uncompleted,HDB,528539,18,52,East Region,Tampines
THE TAPESTRY,"1,490,400","1,130.22","1,319",24 Mar 2018,59 TAMPINES STREET 86 #09-32,New Sale,Strata,105,"14,194",-,Condominium,1,99 yrs from 31/07/2017,Uncompleted,N.A,528509,18,52,East Region,Tampines
THE TAPESTRY,"604,000",441.32,"1,369",24 Mar 2018,51 TAMPINES STREET 86 #04-09,New Sale,Strata,41,"14,732",-,Condominium,1,99 yrs from 31/07/2017,Uncompleted,HDB,528539,18,52,East Region,Tampines
THE TAPESTRY,"709,600",473.62,"1,498",24 Mar 2018,61 TAMPINES STREET 86 #11-40,New Sale,Strata,44,"16,127",-,Condominium,1,99 yrs from 31/07/2017,Uncompleted,HDB,528510,18,52,East Region,Tampines
THE TAPESTRY,"1,212,800",925.7,"1,310",24 Mar 2018,55 TAMPINES STREET 86 #08-22,New Sale,Strata,86,"14,102",-,Condominium,1,99 yrs from 31/07/2017,Uncompleted,HDB,528541,18,52,East Region,Tampines
THE TAPESTRY,"868,800",602.78,"1,441",24 Mar 2018,63 TAMPINES STREET 86 #11-51,New Sale,Strata,56,"15,514",-,Condominium,1,99 yrs from 31/07/2017,Uncompleted,Private,528511,18,52,East Region,Tampines
THE TAPESTRY,"898,400",602.78,"1,490",24 Mar 2018,61 TAMPINES STREET 86 #09-41,New Sale,Strata,56,"16,043",-,Condominium,1,99 yrs from 31/07/2017,Uncompleted,HDB,528510,18,52,East Region,Tampines
THE TAPESTRY,"948,800",699.66,"1,356",24 Mar 2018,59 TAMPINES STREET 86 #08-34,New Sale,Strata,65,"14,597",-,Condominium,1,99 yrs from 31/07/2017,Uncompleted,N.A,528509,18,52,East Region,Tampines
THE TAPESTRY,"886,400",602.78,"1,471",24 Mar 2018,61 TAMPINES STREET 86 #06-41,New Sale,Strata,56,"15,829",-,Condominium,1,99 yrs from 31/07/2017,Uncompleted,HDB,528510,18,52,East Region,Tampines
THE TAPESTRY,"965,600",699.66,"1,380",24 Mar 2018,59 TAMPINES STREET 86 #02-33,New Sale,Strata,65,"14,855",-,Condominium,1,99 yrs from 31/07/2017,Uncompleted,N.A,528509,18,52,East Region,Tampines
THE TAPESTRY,"696,800",473.62,"1,471",24 Mar 2018,61 TAMPINES STREET 86 #07-39,New Sale,Strata,44,"15,836",-,Condominium,1,99 yrs from 31/07/2017,Uncompleted,HDB,528510,18,52,East Region,Tampines
THE TAPESTRY,"1,235,200",925.7,"1,334",24 Mar 2018,55 TAMPINES STREET 86 #12-25,New Sale,Strata,86,"14,363",-,Condominium,1,99 yrs from 31/07/2017,Uncompleted,HDB,528541,18,52,East Region,Tampines
THE TAPESTRY,"991,200",699.66,"1,417",24 Mar 2018,63 TAMPINES STREET 86 #13-54,New Sale,Strata,65,"15,249",-,Condominium,1,99 yrs from 31/07/2017,Uncompleted,HDB,528511,18,52,East Region,Tampines
THE TAPESTRY,"607,200",441.32,"1,376",24 Mar 2018,51 TAMPINES STREET 86 #03-08,New Sale,Strata,41,"14,810",-,Condominium,1,99 yrs from 31/07/2017,Uncompleted,HDB,528539,18,52,East Region,Tampines
PARC BOTANNIA,"1,173,112",871.88,"1,345",24 Mar 2018,18 FERNVALE STREET #11-29,New Sale,Strata,81,"14,483",-,Condominium,1,99 yrs from 28/12/2016,Uncompleted,HDB,797394,28,79,North East Region,Sengkang
THE TAPESTRY,"712,800",473.62,"1,505",24 Mar 2018,61 TAMPINES STREET 86 #10-38,New Sale,Strata,44,"16,200",-,Condominium,1,99 yrs from 31/07/2017,Uncompleted,HDB,528510,18,52,East Region,Tampines
THE TAPESTRY,"670,400",473.62,"1,415",24 Mar 2018,51 TAMPINES STREET 86 #06-12,New Sale,Strata,44,"15,236",-,Condominium,1,99 yrs from 31/07/2017,Uncompleted,Private,528539,18,52,East Region,Tampines
THE TAPESTRY,"1,408,800","1,130.22","1,246",24 Mar 2018,59 TAMPINES STREET 86 #08-31,New Sale,Strata,105,"13,417",-,Condominium,1,99 yrs from 31/07/2017,Uncompleted,Private,528509,18,52,East Region,Tampines
THE TAPESTRY,"604,000",441.32,"1,369",24 Mar 2018,51 TAMPINES STREET 86 #04-06,New Sale,Strata,41,"14,732",-,Condominium,1,99 yrs from 31/07/2017,Uncompleted,N.A,528539,18,52,East Region,Tampines
THE TAPESTRY,"1,293,600",990.29,"1,306",24 Mar 2018,53 TAMPINES STREET 86 #08-19,New Sale,Strata,92,"14,061",-,Condominium,1,99 yrs from 31/07/2017,Uncompleted,HDB,528540,18,52,East Region,Tampines
THE TAPESTRY,"852,800",602.78,"1,415",24 Mar 2018,63 TAMPINES STREET 86 #07-58,New Sale,Strata,56,"15,229",-,Condominium,1,99 yrs from 31/07/2017,Uncompleted,Private,528511,18,52,East Region,Tampines
THE TAPESTRY,"653,600",441.32,"1,481",24 Mar 2018,61 TAMPINES STREET 86 #08-44,New Sale,Strata,41,"15,941",-,Condominium,1,99 yrs from 31/07/2017,Uncompleted,Private,528510,18,52,East Region,Tampines
THE TAPESTRY,"972,800",699.66,"1,390",24 Mar 2018,59 TAMPINES STREET 86 #14-34,New Sale,Strata,65,"14,966",-,Condominium,1,99 yrs from 31/07/2017,Uncompleted,HDB,528509,18,52,East Region,Tampines
THE TAPESTRY,"644,000",441.32,"1,459",24 Mar 2018,61 TAMPINES STREET 86 #03-46,New Sale,Strata,41,"15,707",-,Condominium,1,99 yrs from 31/07/2017,Uncompleted,HDB,528510,18,52,East Region,Tampines
THE TAPESTRY,"644,000",441.32,"1,459",24 Mar 2018,61 TAMPINES STREET 86 #03-43,New Sale,Strata,41,"15,707",-,Condominium,1,99 yrs from 31/07/2017,Uncompleted,HDB,528510,18,52,East Region,Tampines
THE TAPESTRY,"649,600",441.32,"1,472",24 Mar 2018,61 TAMPINES STREET 86 #01-43,New Sale,Strata,41,"15,844",-,Condominium,1,99 yrs from 31/07/2017,Uncompleted,HDB,528510,18,52,East Region,Tampines
THE TAPESTRY,"836,000",602.78,"1,387",24 Mar 2018,53 TAMPINES STREET 86 #05-14,New Sale,Strata,56,"14,929",-,Condominium,1,99 yrs from 31/07/2017,Uncompleted,Private,528540,18,52,East Region,Tampines
THE TAPESTRY,"680,000",473.62,"1,436",24 Mar 2018,51 TAMPINES STREET 86 #10-13,New Sale,Strata,44,"15,455",-,Condominium,1,99 yrs from 31/07/2017,Uncompleted,HDB,528539,18,52,East Region,Tampines
THE TAPESTRY,"981,600",699.66,"1,403",24 Mar 2018,59 TAMPINES STREET 86 #06-33,New Sale,Strata,65,"15,102",-,Condominium,1,99 yrs from 31/07/2017,Uncompleted,HDB,528509,18,52,East Region,Tampines
THE TAPESTRY,"852,000",602.78,"1,413",24 Mar 2018,59 TAMPINES STREET 86 #09-30,New Sale,Strata,56,"15,214",-,Condominium,1,99 yrs from 31/07/2017,Uncompleted,Private,528509,18,52,East Region,Tampines
THE TAPESTRY,"709,600",473.62,"1,498",24 Mar 2018,61 TAMPINES STREET 86 #11-39,New Sale,Strata,44,"16,127",-,Condominium,1,99 yrs from 31/07/2017,Uncompleted,HDB,528510,18,52,East Region,Tampines
THE TAPESTRY,"702,270",473.62,"1,483",25 Mar 2018,61 TAMPINES STREET 86 #06-50,New Sale,Strata,44,"15,961",-,Condominium,1,99 yrs from 31/07/2017,Uncompleted,Private,528510,18,52,East Region,Tampines
THE TAPESTRY,"936,360",699.66,"1,338",25 Mar 2018,59 TAMPINES STREET 86 #02-34,New Sale,Strata,65,"14,406",-,Condominium,1,99 yrs from 31/07/2017,Uncompleted,HDB,528509,18,52,East Region,Tampines
THE TAPESTRY,"1,197,600",990.29,"1,209",25 Mar 2018,63 TAMPINES STREET 86 #06-57,New Sale,Strata,92,"13,017",-,Condominium,1,99 yrs from 31/07/2017,Uncompleted,HDB,528511,18,52,East Region,Tampines
THE TAPESTRY,"665,820",473.62,"1,406",25 Mar 2018,51 TAMPINES STREET 86 #05-03,New Sale,Strata,44,"15,132",-,Condominium,1,99 yrs from 31/07/2017,Uncompleted,HDB,528539,18,52,East Region,Tampines
HIGHLINE RESIDENCES,"4,125,000","2,174.33","1,897",25 Mar 2018,9 KIM TIAN ROAD #35-16,New Sale,Strata,202,"20,421",-,Condominium,1,99 yrs from 22/07/2013,2018,N.A,168593,03,16,Central Region,Bukit Merah
THE TAPESTRY,"1,756,890","1,431.61","1,227",25 Mar 2018,57 TAMPINES STREET 86 #10-28,New Sale,Strata,133,"13,210",-,Condominium,1,99 yrs from 31/07/2017,Uncompleted,Private,528542,18,52,East Region,Tampines
THE TAPESTRY,"969,600",699.66,"1,386",25 Mar 2018,59 TAMPINES STREET 86 #03-33,New Sale,Strata,65,"14,917",-,Condominium,1,99 yrs from 31/07/2017,Uncompleted,Private,528509,18,52,East Region,Tampines
THE TAPESTRY,"1,531,710","1,130.22","1,355",25 Mar 2018,59 TAMPINES STREET 86 #13-32,New Sale,Strata,105,"14,588",-,Condominium,1,99 yrs from 31/07/2017,Uncompleted,Private,528509,18,52,East Region,Tampines
GRANDEUR PARK RESIDENCES,"2,137,000","1,453.14","1,471",25 Mar 2018,5 BEDOK SOUTH AVENUE 3 #11-23,New Sale,Strata,135,"15,830",-,Condominium,1,99 yrs from 25/05/2016,Uncompleted,Private,465463,16,46,East Region,Bedok
ARTRA,"1,873,800","1,119.46","1,674",25 Mar 2018,10 ALEXANDRA VIEW #08-11,New Sale,Strata,104,"18,017",-,Apartment,1,99 yrs from 15/02/2016,Uncompleted,N.A,158745,03,15,Central Region,Bukit Merah
THE CLEMENT CANOPY,"1,408,000",990.29,"1,422",25 Mar 2018,16 CLEMENTI AVENUE 1 #03-05,New Sale,Strata,92,"15,304",-,Apartment,1,99 yrs from 09/03/2016,Uncompleted,Private,129960,05,12,West Region,Clementi
GRANDEUR PARK RESIDENCES,"1,108,000",667.37,"1,660",25 Mar 2018,9 BEDOK SOUTH AVENUE 3 #01-39,New Sale,Strata,62,"17,871",-,Condominium,1,99 yrs from 25/05/2016,Uncompleted,HDB,465465,16,46,East Region,Bedok
FIVENINE,"1,650,000","1,054.87","1,564",25 Mar 2018,59 LORONG K TELOK KURAU #03-01,New Sale,Strata,98,"16,837",-,Apartment,1,Freehold,Uncompleted,Private,425669,15,42,East Region,Bedok
THE SHELFORD,"3,375,500","2,411.14","1,400",25 Mar 2018,1D SHELFORD ROAD #05-27,Resale,Strata,224,"15,069",-,Condominium,1,Freehold,2005,Private,286889,11,28,Central Region,Bukit Timah
GRANDEUR PARK RESIDENCES,"1,737,000","1,130.22","1,537",25 Mar 2018,9 BEDOK SOUTH AVENUE 3 #14-37,New Sale,Strata,105,"16,543",-,Condominium,1,99 yrs from 25/05/2016,Uncompleted,HDB,465465,16,46,East Region,Bedok
THE TAPESTRY,"925,600",688.9,"1,344",25 Mar 2018,53 TAMPINES STREET 86 #05-17,New Sale,Strata,64,"14,463",-,Condominium,1,99 yrs from 31/07/2017,Uncompleted,HDB,528540,18,52,East Region,Tampines
SIMS URBAN OASIS,"2,260,600","1,442.38","1,567",25 Mar 2018,6 SIMS DRIVE #13-25,New Sale,Strata,134,"16,870",-,Condominium,1,99 yrs from 29/07/2014,2017,HDB,387388,14,38,Central Region,Geylang
ARTRA,"1,857,200","1,119.46","1,659",25 Mar 2018,10 ALEXANDRA VIEW #07-11,New Sale,Strata,104,"17,858",-,Apartment,1,99 yrs from 15/02/2016,Uncompleted,Private,158745,03,15,Central Region,Bukit Merah
70@TRURO,"919,908",495.14,"1,858",25 Mar 2018,70 TRURO ROAD #04-03,New Sale,Strata,46,"19,998",-,Apartment,1,Freehold,Uncompleted,HDB,217618,08,21,Central Region,Kallang
LAKEHOLMZ,"1,385,000","1,496.2",926,26 Mar 2018,82 CORPORATION ROAD #12-06,Resale,Strata,139,"9,964",-,Condominium,1,99 yrs from 29/10/2001,2005,Private,649820,22,64,West Region,Jurong West
PARC ELEGANCE,"545,000",398.27,"1,368",26 Mar 2018,15 TELOK KURAU ROAD #04-21,Resale,Strata,37,"14,730",-,Apartment,1,Freehold,2013,HDB,423762,15,42,East Region,Bedok
CITY SUITES,"932,000",527.44,"1,767",26 Mar 2018,235 BALESTIER ROAD #08-01,New Sale,Strata,49,"19,020",-,Apartment,1,Freehold,2017,N.A,329699,12,32,Central Region,Novena
GRANDEUR PARK RESIDENCES,"1,363,000",893.41,"1,526",26 Mar 2018,3 BEDOK SOUTH AVENUE 3 #01-20,New Sale,Strata,83,"16,422",-,Condominium,1,99 yrs from 25/05/2016,Uncompleted,HDB,465462,16,46,East Region,Bedok
THE TRILINQ,"1,635,000","1,345.5","1,215",26 Mar 2018,28A JALAN LEMPENG #04-16,New Sale,Strata,125,"13,080",-,Condominium,1,99 yrs from 16/04/2012,2017,Private,128808,05,12,West Region,Clementi
THE TREVOSE,"1,910,000","1,474.67","1,295",26 Mar 2018,56 TREVOSE CRESCENT #04-04,Resale,Strata,137,"13,942",-,Condominium,1,99 yrs from 14/12/1996,2001,Private,298088,11,29,Central Region,Novena
FLO RESIDENCE,"848,000",936.47,906,26 Mar 2018,7 PUNGGOL FIELD WALK #04-15,Resale,Strata,87,"9,747",-,Condominium,1,99 yrs from 05/12/2011,2016,Private,828742,19,82,North East Region,Punggol
KINGSFORD WATERBAY,"1,199,000",893.41,"1,342",26 Mar 2018,70 UPPER SERANGOON VIEW #07-34,New Sale,Strata,83,"14,446",-,Apartment,1,99 yrs from 03/03/2014,Uncompleted,Private,533883,19,53,North East Region,Hougang
SIMS RESIDENCES,"1,050,000","1,216.33",863,26 Mar 2018,8 LORONG 39 GEYLANG #05-05,Resale,Strata,113,"9,292",-,Apartment,1,99 yrs from 11/08/1997,2002,Private,387882,14,38,Central Region,Geylang
RIPPLE BAY,"808,000",775.01,"1,043",26 Mar 2018,8 PASIR RIS LINK #08-38,Resale,Strata,72,"11,222",-,Condominium,1,99 yrs from 10/08/2011,2015,Private,518162,18,51,East Region,Pasir Ris
THE CLAYMORE,"8,398,000","3,347.6","2,509",26 Mar 2018,25 CLAYMORE ROAD #12-02,Resale,Strata,311,"27,003",-,Condominium,1,Freehold,1985,Private,229543,09,22,Central Region,Newton
ARTRA,"1,840,500","1,119.46","1,644",26 Mar 2018,10 ALEXANDRA VIEW #05-11,New Sale,Strata,104,"17,697",-,Apartment,1,99 yrs from 15/02/2016,Uncompleted,HDB,158745,03,15,Central Region,Bukit Merah
THE ASANA,"1,703,000",635.08,"2,682",26 Mar 2018,19 QUEEN'S ROAD #01-06,New Sale,Strata,59,"28,864",-,Apartment,1,Freehold,2017,N.A,266745,10,26,Central Region,Bukit Timah
KINGSFORD WATERBAY,"1,171,000",861.12,"1,360",26 Mar 2018,68 UPPER SERANGOON VIEW #14-24,New Sale,Strata,80,"14,638",-,Apartment,1,99 yrs from 03/03/2014,Uncompleted,HDB,533884,19,53,North East Region,Hougang
THE TAPESTRY,"1,326,780",990.29,"1,340",26 Mar 2018,53 TAMPINES STREET 86 #11-19,New Sale,Strata,92,"14,422",-,Condominium,1,99 yrs from 31/07/2017,Uncompleted,Private,528540,18,52,East Region,Tampines
KINGSFORD WATERBAY,"1,259,000",914.94,"1,376",26 Mar 2018,64 UPPER SERANGOON VIEW #04-03,New Sale,Strata,85,"14,812",-,Apartment,1,99 yrs from 03/03/2014,Uncompleted,HDB,533886,19,53,North East Region,Hougang
KINGSFORD WATERBAY,"996,000",688.9,"1,446",26 Mar 2018,68 UPPER SERANGOON VIEW #04-22,New Sale,Strata,64,"15,563",-,Apartment,1,99 yrs from 03/03/2014,Uncompleted,Private,533884,19,53,North East Region,Hougang
THE LINCOLN RESIDENCES,"3,480,000","1,840.64","1,891",26 Mar 2018,28 SURREY ROAD #13-02,Resale,Strata,171,"20,351",-,Condominium,1,Freehold,2011,Private,307762,11,30,Central Region,Novena
VARSITY PARK CONDOMINIUM,"2,000,000","1,797.59","1,113",26 Mar 2018,68 WEST COAST ROAD #01-89,Resale,Strata,167,"11,976",-,Condominium,1,99 yrs from 03/05/2004,2008,Private,126830,05,12,West Region,Clementi
LIVIA,"820,000",914.94,896,26 Mar 2018,73 PASIR RIS GROVE #05-24,Resale,Strata,85,"9,647",-,Condominium,1,99 yrs from 07/01/2008,2011,HDB,518206,18,51,East Region,Pasir Ris
BULLION PARK,"1,268,888","1,237.86","1,025",26 Mar 2018,168 LENTOR LOOP #08-04,Resale,Strata,115,"11,034",-,Condominium,1,Freehold,1993,HDB,789098,26,78,North East Region,Ang Mo Kio
GRANDEUR PARK RESIDENCES,"1,086,112",624.31,"1,740",26 Mar 2018,1 BEDOK SOUTH AVENUE 3 #11-14,New Sale,Strata,58,"18,726",-,Condominium,1,99 yrs from 25/05/2016,Uncompleted,Private,465461,16,46,East Region,Bedok
CASA MERAH,"1,480,000","1,334.74","1,109",26 Mar 2018,70 TANAH MERAH KECHIL AVENUE #05-39,Resale,Strata,124,"11,935",-,Apartment,1,99 yrs from 11/07/2006,2009,Private,465534,16,46,East Region,Bedok
PARC SEABREEZE,"2,710,000","1,593.07","1,701",26 Mar 2018,532 JOO CHIAT ROAD #08-01,Resale,Strata,148,"18,311",-,Apartment,1,Freehold,2012,Private,427711,15,42,Central Region,Marine Parade
A TREASURE TROVE,"1,328,000","1,205.57","1,102",26 Mar 2018,72 PUNGGOL WALK #07-47,Resale,Strata,112,"11,857",-,Condominium,1,99 yrs from 09/03/2011,2015,Private,828786,19,82,North East Region,Punggol
SCOTTS 28,"3,380,000","1,636.13","2,066",26 Mar 2018,28 SCOTTS ROAD #05-03,Resale,Strata,152,"22,237",-,Condominium,1,Freehold,1998,Private,228223,09,22,Central Region,Newton
SPRING GARDENS,"1,450,000","1,270.15","1,142",26 Mar 2018,141 HAIG ROAD #02-02,Resale,Strata,118,"12,288",-,Apartment,1,Freehold,2000,Private,438769,15,43,Central Region,Marine Parade
SIMS URBAN OASIS,"2,161,600","1,539.25","1,404",26 Mar 2018,16 SIMS DRIVE #18-59,New Sale,Strata,143,"15,116",-,Condominium,1,99 yrs from 29/07/2014,2017,HDB,387393,14,38,Central Region,Geylang
MAYSPRINGS,"778,000",818.06,951,26 Mar 2018,6 PETIR ROAD #13-01,Resale,Strata,76,"10,237",-,Apartment,1,99 yrs from 01/12/1994,1998,HDB,678267,23,67,West Region,Bukit Panjang
HOLLAND HILL PARK,"2,100,000","1,431.61","1,467",26 Mar 2018,7A HOLLAND HILL #03-09,Resale,Strata,133,"15,789",-,Condominium,1,Freehold,1992,Private,278732,10,27,Central Region,Bukit Timah
N.A.,"1,550,000","1,377.79","1,125",26 Mar 2018,7B BINJAI PARK,Resale,Strata,128,"12,109",-,Apartment,1,999 yrs from 01/06/1875,-,HDB,589821,21,58,Central Region,Bukit Timah
EUPHONY GARDENS,"830,000","1,194.8",695,26 Mar 2018,7 JALAN MATA AYER #03-30,Resale,Strata,111,"7,477",-,Condominium,1,99 yrs from 25/02/1998,2001,HDB,759152,27,75,North Region,Mandai
HEDGES PARK CONDOMINIUM,"1,300,000","1,539.25",845,26 Mar 2018,83 FLORA DRIVE #02-47,Resale,Strata,143,"9,091",-,Condominium,1,99 yrs from 28/07/2010,2015,HDB,506887,17,50,East Region,Pasir Ris
FERRARIA PARK CONDOMINIUM,"820,000",979.52,837,26 Mar 2018,28 FLORA DRIVE #01-55,Resale,Strata,91,"9,011",-,Condominium,1,Freehold,2009,HDB,506951,17,50,East Region,Pasir Ris
D'NEST,"1,510,000","1,410.08","1,071",26 Mar 2018,139 PASIR RIS GROVE #04-42,Resale,Strata,131,"11,527",-,Condominium,1,99 yrs from 20/10/2010,2017,Private,518134,18,51,East Region,Pasir Ris
MARINA ONE RESIDENCES,"5,528,000","2,249.68","2,457",26 Mar 2018,21 MARINA WAY #07-08,New Sale,Strata,209,"26,450",-,Apartment,1,99 yrs from 01/07/2011,2017,Private,018978,01,01,Central Region,Downtown Core
PARC ROSEWOOD,"553,000",516.67,"1,070",26 Mar 2018,93 ROSEWOOD DRIVE #01-118,Resale,Strata,48,"11,521",-,Condominium,1,99 yrs from 07/09/2011,2014,HDB,737794,25,73,North Region,Woodlands
PARKVIEW APARTMENTS,"728,000",979.52,743,26 Mar 2018,1 BUKIT BATOK STREET 25 #09-02,Resale,Strata,91,"8,000",-,Apartment,1,99 yrs from 01/05/1994,1998,HDB,658882,23,65,West Region,Bukit Batok
SIXTH AVENUE VILLE,"1,670,000","1,184.04","1,410",26 Mar 2018,43 SIXTH AVENUE #02-06,Resale,Strata,110,"15,182",-,Condominium,1,Freehold,1999,HDB,276484,10,27,Central Region,Bukit Timah
THE SAIL @ MARINA BAY,"1,100,000",592.02,"1,858",26 Mar 2018,2 MARINA BOULEVARD #05-10,Resale,Strata,55,"20,000",-,Apartment,1,99 yrs from 12/08/2002,2008,HDB,018987,01,01,Central Region,Downtown Core
THE SCALA,"1,265,600",904.18,"1,400",26 Mar 2018,136 SERANGOON AVENUE 3 #12-21,Resale,Strata,84,"15,067",-,Apartment,1,99 yrs from 06/01/2010,2013,HDB,554476,19,55,North East Region,Serangoon
ARCHIPELAGO,"1,525,000","1,184.04","1,288",26 Mar 2018,511 BEDOK RESERVOIR ROAD #03-44,Resale,Strata,110,"13,864",-,Condominium,1,99 yrs from 01/06/2011,2015,Private,479272,16,47,East Region,Bedok
CITYSCAPE @FARRER PARK,"1,700,000","1,345.5","1,263",26 Mar 2018,101 MERGUI ROAD #11-06,Resale,Strata,125,"13,600",-,Condominium,1,Freehold,2014,HDB,219067,08,21,Central Region,Kallang
CENTRA HEIGHTS,"660,000",430.56,"1,533",26 Mar 2018,455 SIMS AVENUE #05-05,Resale,Strata,40,"16,500",-,Apartment,1,Freehold,2014,HDB,387607,14,38,Central Region,Geylang
CHANGI COURT,"1,450,000","1,388.56","1,044",26 Mar 2018,698 UPPER CHANGI ROAD EAST #03-01,Resale,Strata,129,"11,240",-,Condominium,1,Freehold,1997,Private,486828,16,48,East Region,Tampines
PINNACLE 16,"890,000",581.26,"1,531",26 Mar 2018,16 SHAN ROAD #13-02,Resale,Strata,54,"16,481",-,Apartment,1,Freehold,2006,HDB,328107,12,32,Central Region,Novena
THE WARREN,"1,050,000","1,216.33",863,26 Mar 2018,41 CHOA CHU KANG LOOP #09-12,Resale,Strata,113,"9,292",-,Condominium,1,99 yrs from 21/06/2001,2004,HDB,689677,23,68,West Region,Choa Chu Kang
SKY HABITAT,"1,860,100","1,291.68","1,440",26 Mar 2018,7 BISHAN STREET 15 #06-04,Resale,Strata,120,"15,501",-,Condominium,1,99 yrs from 30/05/2011,2015,HDB,573908,20,57,Central Region,Bishan
KJ MANSION,"1,450,000","1,539.25",942,26 Mar 2018,7 ROSYTH ROAD #01-02,Resale,Strata,143,"10,140",-,Apartment,1,999 yrs from 01/01/1886,2003,Private,546144,19,54,North East Region,Hougang
REFLECTIONS AT KEPPEL BAY,"1,500,000","1,011.82","1,482",26 Mar 2018,33 KEPPEL BAY VIEW #04-98,Resale,Strata,94,"15,957",-,Condominium,1,99 yrs from 15/03/2006,2011,Private,098419,04,09,Central Region,Bukit Merah
LAKEHOLMZ,"928,000","1,033.34",898,26 Mar 2018,86 CORPORATION ROAD #04-12,Resale,Strata,96,"9,667",-,Condominium,1,99 yrs from 29/10/2001,2005,Private,649822,22,64,West Region,Jurong West
ESPADA,"1,488,000",656.6,"2,266",26 Mar 2018,48 ST. THOMAS WALK #32-07,Resale,Strata,61,"24,393",-,Apartment,1,Freehold,2013,HDB,238126,09,23,Central Region,River Valley
COSTA RHU,"1,100,000",990.29,"1,111",26 Mar 2018,3 RHU CROSS #02-06,Resale,Strata,92,"11,957",-,Condominium,1,99 yrs from 30/05/1994,1997,Private,437433,15,43,Central Region,Kallang
CANBERRA RESIDENCES,"683,000",613.55,"1,113",26 Mar 2018,507 CANBERRA DRIVE #04-17,Resale,Strata,57,"11,982",-,Condominium,1,99 yrs from 08/09/2010,2013,Private,768127,27,76,North Region,Sembawang
J GATEWAY,"865,000",527.44,"1,640",26 Mar 2018,6 GATEWAY DRIVE #10-16,Resale,Strata,49,"17,653",-,Condominium,1,99 yrs from 28/08/2012,2016,HDB,608535,22,60,West Region,Jurong East
BRADDELL VIEW,"1,600,000","1,700.71",941,26 Mar 2018,10F BRADDELL HILL #06-21,Resale,Strata,158,"10,127",-,Apartment,1,102 yrs from 01/02/1978,1981,Private,579725,20,57,Central Region,Toa Payoh
THE CLEARWATER,"1,070,000","1,194.8",896,26 Mar 2018,12 BEDOK RESERVOIR VIEW #11-36,Resale,Strata,111,"9,640",-,Condominium,1,99 yrs from 18/07/1997,2001,HDB,479237,16,47,East Region,Bedok
KINGSFORD WATERBAY,"1,182,000",893.41,"1,323",26 Mar 2018,74 UPPER SERANGOON VIEW #08-52,New Sale,Strata,83,"14,241",-,Apartment,1,99 yrs from 03/03/2014,Uncompleted,HDB,533881,19,53,North East Region,Hougang
GARDENVISTA,"996,888",871.88,"1,143",26 Mar 2018,952 DUNEARN ROAD #10-09,Resale,Strata,81,"12,307",-,Condominium,1,99 yrs from 09/09/1999,2006,Private,589482,21,58,Central Region,Bukit Timah
LIBERTE,"1,788,000",742.72,"2,407",26 Mar 2018,5 SARKIES ROAD #05-01,Resale,Strata,69,"25,913",-,Apartment,1,Freehold,2015,Private,258125,10,25,Central Region,Newton
THE CALROSE,"2,100,000","2,217.38",947,26 Mar 2018,511 YIO CHU KANG ROAD #05-09,Resale,Strata,206,"10,194",-,Condominium,1,Freehold,2007,Private,787066,26,78,North East Region,Ang Mo Kio
PARC BOTANNIA,"682,000",505.91,"1,348",26 Mar 2018,12 FERNVALE STREET #17-10,New Sale,Strata,47,"14,511",-,Condominium,1,99 yrs from 28/12/2016,Uncompleted,N.A,797391,28,79,North East Region,Sengkang
SAVANNAH CONDOPARK,"1,280,000","1,453.14",881,26 Mar 2018,55 SIMEI RISE #07-50,Resale,Strata,135,"9,481",-,Condominium,1,99 yrs from 29/11/2000,2005,Private,528791,18,52,East Region,Tampines
70@TRURO,"914,908",495.14,"1,848",26 Mar 2018,70 TRURO ROAD #03-04,New Sale,Strata,46,"19,889",-,Apartment,1,Freehold,Uncompleted,Private,217618,08,21,Central Region,Kallang
SYMPHONY HEIGHTS,"1,360,000","1,280.92","1,062",26 Mar 2018,33 HUME AVENUE #04-01,Resale,Strata,119,"11,429",-,Condominium,1,Freehold,1998,Private,598734,21,59,West Region,Bukit Batok
GEM RESIDENCES,"1,447,380",979.52,"1,478",26 Mar 2018,1 LORONG 5 TOA PAYOH #14-04,New Sale,Strata,91,"15,905",-,Condominium,1,99 yrs from 21/09/2015,Uncompleted,N.A,319458,12,31,Central Region,Toa Payoh
BLU CORAL,"2,050,000","2,088.22",982,26 Mar 2018,127A LORONG L TELOK KURAU #05-09,Resale,Strata,194,"10,567",-,Condominium,1,Freehold,2009,Private,425602,15,42,East Region,Bedok
ROBERTSON BLUE,"2,700,000","1,237.86","2,181",26 Mar 2018,88 ROBERTSON QUAY #06-07,Resale,Strata,115,"23,478",-,Apartment,1,Freehold,2006,Private,238247,09,23,Central Region,Singapore River
ONE-NORTH RESIDENCES,"1,980,000","1,323.97","1,495",26 Mar 2018,7 ONE-NORTH GATEWAY #11-23,Resale,Strata,123,"16,098",-,Apartment,1,99 yrs from 15/09/2005,2009,Private,138642,05,13,Central Region,Queenstown
THE BROOKS I,"953,175",710.42,"1,342",26 Mar 2018,60 SPRINGSIDE WALK #03-04,Resale,Strata,66,"14,442",-,Apartment,1,Freehold,2016,HDB,786020,26,78,North Region,Yishun
QUEENS,"1,440,000","1,184.04","1,216",26 Mar 2018,12 STIRLING ROAD #36-13,Resale,Strata,110,"13,091",-,Condominium,1,99 yrs from 16/02/1998,2002,HDB,148955,03,14,Central Region,Queenstown
CLEMENTI PARK,"1,780,000","1,625.36","1,095",26 Mar 2018,135 SUNSET WAY #09-03,Resale,Strata,151,"11,788",-,Condominium,1,Freehold,1985,Private,597158,21,59,West Region,Clementi
EVERGREEN PARK,"788,000","1,087.16",725,26 Mar 2018,31 HOUGANG AVENUE 7 #04-09,Resale,Strata,101,"7,802",-,Apartment,1,99 yrs from 01/10/1995,1999,Private,538800,19,53,North East Region,Hougang
THE REGALIA,"2,180,000","1,216.33","1,792",26 Mar 2018,2 RIVER VALLEY CLOSE #16-04,Resale,Strata,113,"19,292",-,Apartment,1,Freehold,1993,Private,238428,09,23,Central Region,River Valley
ORCHID PARK CONDOMINIUM,"720,000",958,752,26 Mar 2018,87 YISHUN STREET 81 #07-03,Resale,Strata,89,"8,090",-,Condominium,1,99 yrs from 01/09/1991,1994,HDB,768448,27,76,North Region,Yishun
PALM GARDENS,"810,000","1,205.57",672,26 Mar 2018,2C HONG SAN WALK #14-12,Resale,Strata,112,"7,232",-,Condominium,1,99 yrs from 12/08/1996,2000,HDB,689049,23,68,West Region,Choa Chu Kang
STARLIGHT SUITES,"1,780,660",775.01,"2,298",26 Mar 2018,11 RIVER VALLEY CLOSE #26-03,Resale,Strata,72,"24,731",-,Apartment,1,Freehold,2014,Private,238437,09,23,Central Region,River Valley
NEW FUTURA,"6,018,000","1,829.88","3,289",26 Mar 2018,18 LEONIE HILL ROAD #16-06,Resale,Strata,170,"35,400",-,Condominium,1,Freehold,2017,Private,239199,09,23,Central Region,River Valley
QUBE SUITES,"640,000",430.56,"1,486",26 Mar 2018,24 JALAN PUNAI #04-04,Resale,Strata,40,"16,000",-,Apartment,1,Freehold,2015,HDB,418804,14,41,East Region,Bedok
REGENT PARK,"900,000",958,939,26 Mar 2018,26 JALAN LEMPENG #02-05,Resale,Strata,89,"10,112",-,Condominium,1,99 yrs from 01/12/1993,1997,HDB,128805,05,12,West Region,Clementi
THE NAVIAN,"1,063,000",656.6,"1,619",26 Mar 2018,178 JALAN EUNOS #03-06,New Sale,Strata,61,"17,426",-,Apartment,1,Freehold,Uncompleted,Private,419530,14,41,East Region,Bedok
ORCHID PARK CONDOMINIUM,"708,000",958,739,26 Mar 2018,85 YISHUN STREET 81 #02-02,Resale,Strata,89,"7,955",-,Condominium,1,99 yrs from 01/09/1991,1994,HDB,768447,27,76,North Region,Yishun
PARC ELEGANCE,"895,000",699.66,"1,279",27 Mar 2018,13 TELOK KURAU ROAD #03-01,Resale,Strata,65,"13,769",-,Apartment,1,Freehold,2013,Private,423912,15,42,East Region,Bedok
THE VIRIDIAN,"720,000",505.91,"1,423",27 Mar 2018,6 JALAN AMPAS #12-04,Resale,Strata,47,"15,319",-,Apartment,1,Freehold,2015,Private,329507,12,32,Central Region,Novena
BARTLEY RESIDENCES,"1,480,000","1,065.64","1,389",27 Mar 2018,7 LORONG HOW SUN #16-36,Resale,Strata,99,"14,949",-,Apartment,1,99 yrs from 29/06/2011,2015,HDB,536564,19,53,North East Region,Serangoon
CITY SQUARE RESIDENCES,"1,880,000","1,216.33","1,546",27 Mar 2018,6 KITCHENER LINK #05-12,Resale,Strata,113,"16,637",-,Condominium,1,Freehold,2009,Private,207227,08,20,Central Region,Kallang
THE HILLFORD,"599,000",505.91,"1,184",27 Mar 2018,176 JALAN JURONG KECHIL #06-33,Resale,Strata,47,"12,745",-,Apartment,1,60 yrs from 19/02/2013,2016,Private,596184,21,59,Central Region,Bukit Timah
THE MINTON,"1,268,000","1,216.33","1,042",27 Mar 2018,14 HOUGANG STREET 11 #02-69,Resale,Strata,113,"11,221",-,Condominium,1,99 yrs from 27/07/2007,2013,Private,534071,19,53,North East Region,Hougang
WATERTOWN,"830,000",570.49,"1,455",27 Mar 2018,69 PUNGGOL CENTRAL #09-34,Sub Sale,Strata,53,"15,660",-,Apartment,1,99 yrs from 18/05/2011,2017,HDB,828754,19,82,North East Region,Punggol
FORESQUE RESIDENCES,"1,680,000","1,270.15","1,323",27 Mar 2018,107 PETIR ROAD #22-17,Resale,Strata,118,"14,237",-,Condominium,1,99 yrs from 10/01/2011,2014,Private,678275,23,67,West Region,Bukit Panjang
GOLDENHILL PARK CONDOMINIUM,"3,900,000","2,701.76","1,444",27 Mar 2018,68 MEI HWAN DRIVE #20-16,Resale,Strata,251,"15,538",-,Condominium,1,Freehold,2004,Private,568430,20,56,North East Region,Serangoon
THE MINTON,"975,000",979.52,995,27 Mar 2018,2 HOUGANG STREET 11 #07-03,Resale,Strata,91,"10,714",-,Condominium,1,99 yrs from 27/07/2007,2013,HDB,538751,19,53,North East Region,Hougang
PALMERA EAST,"640,000",430.56,"1,486",27 Mar 2018,29 LORONG MELAYU #03-08,Resale,Strata,40,"16,000",-,Apartment,1,Freehold,2012,Private,416914,14,41,East Region,Bedok
SPRINGDALE CONDOMINIUM,"1,060,000",925.7,"1,145",27 Mar 2018,45 HINDHEDE WALK #05-12,Resale,Strata,86,"12,326",-,Condominium,1,999 yrs from 21/06/1877,1998,HDB,587978,21,58,West Region,Bukit Panjang
ESTELLA GARDENS,"998,000","1,140.98",875,27 Mar 2018,27 FLORA ROAD #05-03,Resale,Strata,106,"9,415",-,Condominium,1,Freehold,1999,Private,509741,17,50,East Region,Pasir Ris
SIXTH AVENUE VILLE,"3,650,000","2,540.3","1,437",27 Mar 2018,43 SIXTH AVENUE #04-13,Resale,Strata,236,"15,466",-,Condominium,1,Freehold,1999,Private,276484,10,27,Central Region,Bukit Timah
AVILA GARDENS,"1,055,000","1,302.44",810,27 Mar 2018,15 FLORA ROAD #07-01,Resale,Strata,121,"8,719",-,Condominium,1,Freehold,1995,HDB,509734,17,50,East Region,Pasir Ris
SHANGHAI ONE,"1,320,000",882.65,"1,495",27 Mar 2018,1 SHANGHAI ROAD #05-03,Resale,Strata,82,"16,098",-,Apartment,1,Freehold,2007,Private,248180,10,24,Central Region,Tanglin
PARC RIVIERA,"1,287,000",990.29,"1,300",27 Mar 2018,103 WEST COAST VALE #04-17,New Sale,Strata,92,"13,989",-,Condominium,1,99 yrs from 11/11/2015,Uncompleted,HDB,126754,05,12,West Region,Clementi
V ON SHENTON,"1,048,000",473.62,"2,213",27 Mar 2018,5A SHENTON WAY #12-14,Sub Sale,Strata,44,"23,818",-,Apartment,1,99 yrs from 29/11/2011,2017,Private,068814,01,06,Central Region,Downtown Core
PARC CENTROS,"650,000",462.85,"1,404",27 Mar 2018,92 PUNGGOL CENTRAL #08-25,Resale,Strata,43,"15,116",-,Condominium,1,99 yrs from 19/03/2012,2016,HDB,828723,19,82,North East Region,Punggol
26 NEWTON,"2,058,000",775.01,"2,655",27 Mar 2018,26 NEWTON ROAD #22-03,Resale,Strata,72,"28,583",-,Apartment,1,Freehold,2016,HDB,307957,11,30,Central Region,Novena
GEM RESIDENCES,"1,816,000","1,248.62","1,454",27 Mar 2018,3 LORONG 5 TOA PAYOH #06-15,New Sale,Strata,116,"15,655",-,Condominium,1,99 yrs from 21/09/2015,Uncompleted,N.A,319459,12,31,Central Region,Toa Payoh
PUBLIC MANSION,"1,620,000","1,883.7",860,27 Mar 2018,432 BALESTIER ROAD #05-444,Resale,Strata,175,"9,257",-,Apartment,1,Freehold,1974,Private,329813,12,32,Central Region,Novena
RIVIERA RESIDENCES,"1,723,000","1,237.86","1,392",27 Mar 2018,15 RIVIERA DRIVE #09-18,Resale,Strata,115,"14,983",-,Condominium,1,Freehold,2007,Private,467205,16,46,East Region,Bedok
SEASIDE RESIDENCES,"987,000",592.02,"1,667",27 Mar 2018,16 SIGLAP LINK #02-23,New Sale,Strata,55,"17,945",-,Apartment,1,99 yrs from 18/04/2016,Uncompleted,Private,448872,15,44,East Region,Bedok
SIMS URBAN OASIS,"2,222,200","1,442.38","1,541",27 Mar 2018,6 SIMS DRIVE #05-25,New Sale,Strata,134,"16,584",-,Condominium,1,99 yrs from 29/07/2014,2017,HDB,387388,14,38,Central Region,Geylang
GARDENVISTA,"1,375,000","1,130.22","1,217",27 Mar 2018,956 DUNEARN ROAD #02-19,Resale,Strata,105,"13,095",-,Condominium,1,99 yrs from 09/09/1999,2006,Private,589484,21,58,Central Region,Bukit Timah
KHEAM HOCK GARDENS,"2,450,000","1,937.52","1,265",27 Mar 2018,38 KHEAM HOCK ROAD #04-04,Resale,Strata,180,"13,611",-,Condominium,1,Freehold,1988,Private,298808,11,29,Central Region,Novena
CASCATA,"938,000",979.52,958,27 Mar 2018,7 TEO KIM ENG ROAD #05-02,Resale,Strata,91,"10,308",-,Apartment,1,Freehold,2005,HDB,416378,14,41,East Region,Bedok
70@TRURO,"909,909",495.14,"1,838",27 Mar 2018,70 TRURO ROAD #02-03,New Sale,Strata,46,"19,781",-,Apartment,1,Freehold,Uncompleted,N.A,217618,08,21,Central Region,Kallang
CARABELLE,"1,630,000","1,259.39","1,294",27 Mar 2018,63 WEST COAST WAY #10-25,Resale,Strata,117,"13,932",-,Condominium,1,956 yrs from 27/05/1928,2009,Private,127021,05,12,West Region,Clementi
EAST SHINE,"1,120,000","1,054.87","1,062",27 Mar 2018,57 LORONG MELAYU #02-04,Resale,Strata,98,"11,429",-,Apartment,1,Freehold,2004,Private,417026,14,41,East Region,Bedok
RIVER PLACE,"2,300,000","1,722.24","1,335",27 Mar 2018,60 HAVELOCK ROAD #09-18,Resale,Strata,160,"14,375",-,Condominium,1,99 yrs from 07/11/1995,2000,HDB,169658,03,16,Central Region,Singapore River
JARDIN,"2,770,000","1,776.06","1,560",27 Mar 2018,966 DUNEARN ROAD #01-10,Resale,Strata,165,"16,788",-,Condominium,1,Freehold,2012,Private,589488,21,58,Central Region,Bukit Timah
BAYSHORE PARK,"905,000",936.47,966,27 Mar 2018,62 BAYSHORE ROAD #15-07,Resale,Strata,87,"10,402",-,Condominium,1,99 yrs from 17/03/1982,1986,Private,469983,16,46,East Region,Bedok
PALMERA EAST,"790,000",559.73,"1,411",27 Mar 2018,29 LORONG MELAYU #02-07,Resale,Strata,52,"15,192",-,Apartment,1,Freehold,2012,Private,416914,14,41,East Region,Bedok
THE JADE,"1,070,000","1,011.82","1,058",27 Mar 2018,9 BUKIT BATOK CENTRAL LINK #10-01,Resale,Strata,94,"11,383",-,Condominium,1,99 yrs from 02/10/2001,2004,Private,658074,23,65,West Region,Bukit Batok
WATER PLACE,"2,050,000","1,560.78","1,313",27 Mar 2018,177 TANJONG RHU ROAD #09-18,Resale,Strata,145,"14,138",-,Condominium,1,99 yrs from 02/03/1998,2004,Private,436607,15,43,Central Region,Kallang
CARIBBEAN AT KEPPEL BAY,"3,630,000","2,098.98","1,729",27 Mar 2018,38 KEPPEL BAY DRIVE #04-88,Resale,Strata,195,"18,615",-,Condominium,1,99 yrs from 16/08/1999,2004,Private,098654,04,09,Central Region,Bukit Merah
HUNDRED TREES,"1,000,000",914.94,"1,093",27 Mar 2018,87 WEST COAST DRIVE #09-15,Resale,Strata,85,"11,765",-,Condominium,1,956 yrs from 27/05/1928,2013,Private,128015,05,12,West Region,Clementi
MARYMOUNT VIEW,"1,200,000",893.41,"1,343",27 Mar 2018,11 PEMIMPIN DRIVE #05-01,Resale,Strata,83,"14,458",-,Condominium,1,Freehold,1992,HDB,576148,20,57,Central Region,Bishan
THE MINTON,"1,850,000","1,657.66","1,116",27 Mar 2018,10A HOUGANG STREET 11 #12-35,Resale,Strata,154,"12,013",-,Condominium,1,99 yrs from 27/07/2007,2013,Private,534079,19,53,North East Region,Hougang
HILLVIEW HEIGHTS,"1,080,000",990.29,"1,091",27 Mar 2018,29 HILLVIEW AVENUE #03-08,Resale,Strata,92,"11,739",-,Condominium,1,Freehold,1996,Private,669561,23,66,West Region,Bukit Batok
CHANGI GREEN,"980,000","1,033.34",948,27 Mar 2018,712A UPPER CHANGI ROAD EAST #03-09,Resale,Strata,96,"10,208",-,Condominium,1,Freehold,1998,Private,486843,16,48,East Region,Tampines
MILL POINT,"993,000",527.44,"1,883",27 Mar 2018,3 ZION CLOSE #15-11,Resale,Strata,49,"20,265",-,Apartment,1,999 yrs from 21/06/1877,2004,HDB,247813,10,24,Central Region,Tanglin
FLAMINGO VALLEY,"2,300,000","1,593.07","1,444",27 Mar 2018,478 SIGLAP ROAD #04-59,Resale,Strata,148,"15,541",-,Condominium,1,Freehold,2014,Private,454852,15,45,East Region,Bedok
EAST SHINE,"1,118,000",979.52,"1,141",27 Mar 2018,57 LORONG MELAYU #04-05,Resale,Strata,91,"12,286",-,Apartment,1,Freehold,2004,HDB,417026,14,41,East Region,Bedok
THE ARCADIA,"3,560,000","4,671.58",762,27 Mar 2018,235 ARCADIA ROAD #01-06,Resale,Strata,434,"8,203",-,Condominium,1,99 yrs from 17/08/1979,1983,Private,289843,11,28,Central Region,Bukit Timah
BEAVERTON COURT,"4,300,000","3,229.2","1,332",27 Mar 2018,45 MOUNT SINAI RISE #05-01,Resale,Strata,300,"14,333",-,Condominium,1,Freehold,1984,Private,276958,10,27,Central Region,Bukit Timah
ARTRA,"1,580,800",785.77,"2,012",27 Mar 2018,10 ALEXANDRA VIEW #32-05,New Sale,Strata,73,"21,655",-,Apartment,1,99 yrs from 15/02/2016,Uncompleted,Private,158745,03,15,Central Region,Bukit Merah
KALLANG RIVERSIDE,"3,054,200","1,431.61","2,133",27 Mar 2018,51 KAMPONG BUGIS #15-07,New Sale,Strata,133,"22,964",-,Apartment,1,Freehold,Uncompleted,HDB,338986,12,33,Central Region,Kallang
AMPAS APARTMENTS,"95,000,000","60,612.08","1,567",27 Mar 2018,"5(ENBLOC) JALAN AMPAS #02-01,02,03 ETC",Resale,Strata,"5,631","16,871",-,Apartment,43,Freehold,1990,Private,329506,12,32,Central Region,Novena
QUEENS PEAK,"3,357,000","2,002.1","1,677",27 Mar 2018,3 DUNDEE ROAD #42-18,New Sale,Strata,186,"18,048",-,Condominium,1,99 yrs from 28/09/2015,Uncompleted,N.A,149457,03,14,Central Region,Queenstown
ORCHID PARK CONDOMINIUM,"620,000",871.88,711,27 Mar 2018,95 YISHUN STREET 81 #03-06,Resale,Strata,81,"7,654",-,Condominium,1,99 yrs from 01/09/1991,1994,HDB,768452,27,76,North Region,Yishun
KELLETT COURT,"1,508,888","1,011.82","1,491",27 Mar 2018,21 SHELFORD ROAD #04-07,Resale,Strata,94,"16,052",-,Condominium,1,Freehold,1997,Private,288411,11,28,Central Region,Bukit Timah
THE VISION,"1,080,000",818.06,"1,320",27 Mar 2018,79 WEST COAST CRESCENT #30-03,Resale,Strata,76,"14,211",-,Condominium,1,99 yrs from 25/06/2008,2014,Private,126793,05,12,West Region,Clementi
GRANDEUR PARK RESIDENCES,"1,450,000",968.76,"1,497",27 Mar 2018,7 BEDOK SOUTH AVENUE 3 #03-32,New Sale,Strata,90,"16,111",-,Condominium,1,99 yrs from 25/05/2016,Uncompleted,Private,465464,16,46,East Region,Bedok
BALLOTA PARK CONDOMINIUM,"1,050,000","1,442.38",728,27 Mar 2018,156 MARIAM WAY #02-08,Resale,Strata,134,"7,836",-,Condominium,1,Freehold,2000,HDB,507082,17,50,East Region,Pasir Ris
THE ESPIRA,"1,260,000","1,140.98","1,104",27 Mar 2018,130 LORONG L TELOK KURAU #03-10,Resale,Strata,106,"11,887",-,Apartment,1,Freehold,2009,HDB,425566,15,42,East Region,Bedok
EUHABITAT,"660,000",527.44,"1,251",27 Mar 2018,226 JALAN EUNOS #03-126,Resale,Strata,49,"13,469",-,Condominium,1,99 yrs from 06/12/2010,2015,HDB,415869,14,41,East Region,Bedok
ATRIUM RESIDENCES,"1,350,000","2,228.15",606,27 Mar 2018,7 LORONG 28 GEYLANG #04-11,Resale,Strata,207,"6,522",-,Apartment,1,Freehold,2008,Private,398412,14,39,Central Region,Geylang
FIVENINE,"1,850,000","1,291.68","1,432",27 Mar 2018,59A LORONG K TELOK KURAU #05-04,New Sale,Strata,120,"15,417",-,Apartment,1,Freehold,Uncompleted,Private,423369,15,42,East Region,Bedok
WATERFRONT GOLD,"725,000",581.26,"1,247",27 Mar 2018,754 BEDOK RESERVOIR ROAD #08-12,Resale,Strata,54,"13,426",-,Condominium,1,99 yrs from 26/11/2009,2014,HDB,479258,16,47,East Region,Bedok
QUEENS,"1,500,000","1,194.8","1,255",27 Mar 2018,16 STIRLING ROAD #24-15,Resale,Strata,111,"13,514",-,Condominium,1,99 yrs from 16/02/1998,2002,HDB,148957,03,14,Central Region,Queenstown
YISHUN SAPPHIRE,"975,000","1,506.96",647,27 Mar 2018,42 CANBERRA DRIVE #01-08,Resale,Strata,140,"6,964",-,Condominium,1,99 yrs from 16/02/1998,2001,Private,768434,27,76,North Region,Yishun
THE NAVIAN,"1,071,000",656.6,"1,631",27 Mar 2018,178 JALAN EUNOS #02-11,New Sale,Strata,61,"17,557",-,Apartment,1,Freehold,Uncompleted,Private,419530,14,41,East Region,Bedok
BULLION PARK,"915,000",807.3,"1,133",27 Mar 2018,166 LENTOR LOOP #10-02,Resale,Strata,75,"12,200",-,Condominium,1,Freehold,1993,Private,789097,26,78,North East Region,Ang Mo Kio
ECHELON,"1,500,000",861.12,"1,742",27 Mar 2018,9 ALEXANDRA VIEW #07-11,Resale,Strata,80,"18,750",-,Condominium,1,99 yrs from 06/03/2012,2016,HDB,158742,03,15,Central Region,Bukit Merah
QUEENS,"1,430,000","1,184.04","1,208",27 Mar 2018,12 STIRLING ROAD #24-11,Resale,Strata,110,"13,000",-,Condominium,1,99 yrs from 16/02/1998,2002,HDB,148955,03,14,Central Region,Queenstown
MI CASA,"965,000","1,119.46",862,28 Mar 2018,323 CHOA CHU KANG AVENUE 3 #11-25,Resale,Strata,104,"9,279",-,Condominium,1,99 yrs from 25/08/2008,2012,HDB,689865,23,68,West Region,Choa Chu Kang
BLISS@KOVAN,"1,600,000","1,162.51","1,376",28 Mar 2018,6B SIMON LANE #02-28,Resale,Strata,108,"14,815",-,Condominium,1,Freehold,2015,Private,546057,19,54,North East Region,Hougang
PARC ROSEWOOD,"532,000",430.56,"1,236",28 Mar 2018,93 ROSEWOOD DRIVE #03-110,Resale,Strata,40,"13,300",-,Condominium,1,99 yrs from 07/09/2011,2014,HDB,737794,25,73,North Region,Woodlands
THE QUARTZ,"1,180,000","1,130.22","1,044",28 Mar 2018,53 COMPASSVALE BOW #18-08,Resale,Strata,105,"11,238",-,Condominium,1,99 yrs from 18/04/2005,2009,HDB,544985,19,54,North East Region,Sengkang
COTE D'AZUR,"1,880,000","1,313.21","1,432",28 Mar 2018,68 MARINE PARADE ROAD #06-20,Resale,Strata,122,"15,410",-,Condominium,1,99 yrs from 25/07/2001,2004,Private,449301,15,44,Central Region,Marine Parade
NAUNG RESIDENCE,"1,185,000","1,001.05","1,184",28 Mar 2018,1 JALAN NAUNG #01-04,Resale,Strata,93,"12,742",-,Apartment,1,999 yrs from 19/02/1883,2015,HDB,537670,19,53,North East Region,Hougang
EDELWEISS PARK CONDOMINIUM,"860,000","1,033.34",832,28 Mar 2018,88 FLORA ROAD #05-29,Resale,Strata,96,"8,958",-,Condominium,1,Freehold,2006,Private,507003,17,50,East Region,Pasir Ris
MONTEREY PARK CONDOMINIUM,"1,550,000","1,313.21","1,180",28 Mar 2018,27 WEST COAST RISE #11-09,Resale,Strata,122,"12,705",-,Condominium,1,999 yrs from 21/02/1885,2005,HDB,127470,05,12,West Region,Clementi
PARC BOTANNIA,"627,000",505.91,"1,239",28 Mar 2018,12 FERNVALE STREET #04-10,New Sale,Strata,47,"13,340",-,Condominium,1,99 yrs from 28/12/2016,Uncompleted,HDB,797391,28,79,North East Region,Sengkang
ECO SANCTUARY,"880,000",667.37,"1,319",28 Mar 2018,61 CHESTNUT AVENUE #11-05,Resale,Strata,62,"14,194",-,Condominium,1,99 yrs from 25/04/2012,2016,HDB,679522,23,67,West Region,Bukit Panjang
SAVANNAH CONDOPARK,"1,428,888","2,045.16",699,28 Mar 2018,41 SIMEI RISE #01-24,Resale,Strata,190,"7,520",-,Condominium,1,99 yrs from 29/11/2000,2005,HDB,528784,18,52,East Region,Tampines
KOVAN RESIDENCES,"1,645,000","1,442.38","1,140",28 Mar 2018,7A KOVAN ROAD #06-32,Resale,Strata,134,"12,276",-,Condominium,1,99 yrs from 31/12/2007,2011,Private,544897,19,54,North East Region,Hougang
THE INTERLACE,"2,600,000","2,055.92","1,265",28 Mar 2018,182 DEPOT ROAD #06-06,Resale,Strata,191,"13,613",-,Condominium,1,99 yrs from 11/02/2009,2013,Private,109685,04,10,Central Region,Bukit Merah
BALLOTA PARK CONDOMINIUM,"1,300,000","1,829.88",710,28 Mar 2018,156 MARIAM WAY #01-08,Resale,Strata,170,"7,647",-,Condominium,1,Freehold,2000,HDB,507082,17,50,East Region,Pasir Ris
EIGHT RIVERSUITES,"729,000",441.32,"1,652",28 Mar 2018,2 WHAMPOA EAST #11-05,Resale,Strata,41,"17,780",-,Condominium,1,99 yrs from 11/07/2011,2016,Private,338517,12,33,Central Region,Kallang
SPOTTISWOODE PARK,"915,000","1,270.15",720,28 Mar 2018,105 SPOTTISWOODE PARK ROAD #15-130,Resale,Strata,118,"7,754",-,Apartment,1,99 yrs from 01/08/1976,-,Private,080105,02,08,Central Region,Bukit Merah
AVILA GARDENS,"1,008,800","1,280.92",788,28 Mar 2018,19 FLORA ROAD #07-06,Resale,Strata,119,"8,477",-,Condominium,1,Freehold,1995,Private,509736,17,50,East Region,Pasir Ris
THE AZZURO,"990,000",861.12,"1,150",28 Mar 2018,113 LORONG H TELOK KURAU #04-04,Resale,Strata,80,"12,375",-,Apartment,1,Freehold,2011,Private,426140,15,42,East Region,Bedok
MARTIN PLACE RESIDENCES,"2,950,000","1,420.85","2,076",28 Mar 2018,6 MARTIN PLACE #11-11,Resale,Strata,132,"22,348",-,Condominium,1,Freehold,2011,Private,237990,09,23,Central Region,River Valley
REGENT GROVE,"745,000","1,194.8",624,28 Mar 2018,50 CHOA CHU KANG NORTH 7 #03-03,Resale,Strata,111,"6,712",-,Condominium,1,99 yrs from 17/05/1997,2000,HDB,689527,23,68,West Region,Choa Chu Kang
PEBBLE BAY,"3,000,000","1,894.46","1,584",28 Mar 2018,130 TANJONG RHU ROAD #13-16,Resale,Strata,176,"17,045",-,Condominium,1,99 yrs from 09/03/1994,1997,Private,436918,15,43,Central Region,Kallang
THE HILLSIDE,"1,550,000","1,571.54",986,28 Mar 2018,345 UPPER BUKIT TIMAH ROAD #01-09,Resale,Strata,146,"10,616",-,Condominium,1,Freehold,2001,Private,588197,21,58,West Region,Bukit Batok
PASIR VIEW PARK,"1,600,000","1,334.74","1,199",28 Mar 2018,200 PASIR PANJANG ROAD #02-18,Resale,Strata,124,"12,903",-,Condominium,1,Freehold,1994,Private,118571,05,11,Central Region,Queenstown
TROPIKA EAST,"1,400,888","1,151.75","1,216",28 Mar 2018,3 FOO KIM LIN ROAD #02-16,Resale,Strata,107,"13,092",-,Condominium,1,Freehold,2016,HDB,419679,14,41,East Region,Bedok
ORCHARD TOWERS,"2,480,000","1,969.81","1,259",28 Mar 2018,1 CLAYMORE DRIVE #18-03,Resale,Strata,183,"13,552",-,Apartment,1,Freehold,1975,Private,229594,09,22,Central Region,Orchard
THE ESTUARY,"858,000",925.7,927,28 Mar 2018,93 YISHUN AVENUE 1 #13-24,Resale,Strata,86,"9,977",-,Condominium,1,99 yrs from 25/06/2008,2013,Private,769136,27,76,North Region,Yishun
ARTRA,"1,666,600",828.83,"2,011",28 Mar 2018,10 ALEXANDRA VIEW #31-03,New Sale,Strata,77,"21,644",-,Apartment,1,99 yrs from 15/02/2016,Uncompleted,HDB,158745,03,15,Central Region,Bukit Merah
SEA ESTA,"1,300,000","1,377.79",944,28 Mar 2018,30 PASIR RIS LINK #01-29,Resale,Strata,128,"10,156",-,Condominium,1,99 yrs from 09/01/2012,2015,Private,518147,18,51,East Region,Pasir Ris
THE TRILINQ,"1,828,000","1,700.71","1,075",28 Mar 2018,28A JALAN LEMPENG #02-16,New Sale,Strata,158,"11,570",-,Condominium,1,99 yrs from 16/04/2012,2017,Private,128808,05,12,West Region,Clementi
BOTANNIA,"1,850,000","1,550.02","1,194",28 Mar 2018,33A WEST COAST PARK #02-40,Resale,Strata,144,"12,847",-,Condominium,1,956 yrs from 27/05/1928,2009,Private,127727,05,12,West Region,Clementi
LLOYD SIXTYFIVE,"1,648,000",592.02,"2,784",28 Mar 2018,65 LLOYD ROAD #06-04,Resale,Strata,55,"29,964",-,Apartment,1,Freehold,2016,Private,239114,09,23,Central Region,River Valley
BOATHOUSE RESIDENCES,"885,000",839.59,"1,054",28 Mar 2018,27 UPPER SERANGOON VIEW #15-12,Resale,Strata,78,"11,346",-,Condominium,1,99 yrs from 09/02/2011,2015,Private,534045,19,53,North East Region,Hougang
ONE SHENTON,"1,850,000","1,097.93","1,685",28 Mar 2018,1 SHENTON WAY #40-08,Resale,Strata,102,"18,137",-,Apartment,1,99 yrs from 14/10/2005,2011,Private,068803,01,06,Central Region,Downtown Core
HILLVIEW GREEN,"1,550,000","1,582.31",980,28 Mar 2018,73 HUME AVENUE #05-05,Resale,Strata,147,"10,544",-,Condominium,1,999 yrs from 19/05/1883,1998,Private,598747,21,59,West Region,Bukit Batok
WATERMARK ROBERTSON QUAY,"2,350,000","1,323.97","1,775",28 Mar 2018,3 RODYK STREET #05-19,Resale,Strata,123,"19,106",-,Apartment,1,Freehold,2008,Private,238213,09,23,Central Region,Singapore River
CASPIAN,"1,345,000","1,205.57","1,116",28 Mar 2018,60 LAKESIDE DRIVE #17-44,Resale,Strata,112,"12,009",-,Condominium,1,99 yrs from 17/03/2008,2012,Private,648320,22,64,West Region,Jurong West
WATER PLACE,"1,558,000","1,216.33","1,281",28 Mar 2018,171 TANJONG RHU ROAD #14-01,Resale,Strata,113,"13,788",-,Condominium,1,99 yrs from 02/03/1998,2004,Private,436931,15,43,Central Region,Kallang
BREEZE BY THE EAST,"2,850,000","2,540.3","1,122",28 Mar 2018,320 UPPER EAST COAST ROAD #01-09,Resale,Strata,236,"12,076",-,Condominium,1,Freehold,2011,Private,466452,16,46,East Region,Bedok
R MAISON,"2,123,528","1,636.13","1,298",28 Mar 2018,1 SOMMERVILLE WALK #05-08,Resale,Strata,152,"13,971",-,Apartment,1,Freehold,2016,HDB,357699,13,35,North East Region,Serangoon
MELVILLE PARK,"820,000","1,162.51",705,28 Mar 2018,20 SIMEI STREET 1 #02-12,Resale,Strata,108,"7,593",-,Condominium,1,99 yrs from 01/09/1992,1996,Private,529944,18,52,East Region,Tampines
PARK 1 SUITES,"1,393,000","1,097.93","1,269",28 Mar 2018,8 LORONG 40 GEYLANG #04-03,New Sale,Strata,102,"13,657",-,Apartment,1,Freehold,2017,Private,398054,14,39,Central Region,Geylang
GUILLEMARD EDGE,"860,000",624.31,"1,378",28 Mar 2018,38 LORONG 30 GEYLANG #03-23,Resale,Strata,58,"14,828",-,Apartment,1,Freehold,2014,Private,398371,14,39,Central Region,Geylang
THE INFLORA,"548,000",462.85,"1,184",28 Mar 2018,53 FLORA DRIVE #07-12,Resale,Strata,43,"12,744",-,Condominium,1,99 yrs from 25/05/2012,2016,HDB,506863,17,50,East Region,Pasir Ris
WATERVIEW,"1,260,000","1,130.22","1,115",28 Mar 2018,77 TAMPINES AVENUE 1 #10-12,Resale,Strata,105,"12,000",-,Condominium,1,99 yrs from 16/06/2010,2014,Private,529782,18,52,East Region,Tampines
ROSEWOOD,"980,000","1,420.85",690,28 Mar 2018,9 ROSEWOOD DRIVE #15-17,Resale,Strata,132,"7,424",-,Condominium,1,99 yrs from 20/06/2000,2003,HDB,737938,25,73,North Region,Woodlands
THE CHERRYWOOD,"975,000",818.06,"1,192",28 Mar 2018,120 LORONG L TELOK KURAU #03-01,Resale,Strata,76,"12,829",-,Apartment,1,Freehold,2013,Private,425553,15,42,East Region,Bedok
ARTRA,"1,811,100","1,044.11","1,735",28 Mar 2018,10 ALEXANDRA VIEW #23-10,New Sale,Strata,97,"18,671",-,Apartment,1,99 yrs from 15/02/2016,Uncompleted,HDB,158745,03,15,Central Region,Bukit Merah
PARC HAVEN,"1,588,888","1,388.56","1,144",28 Mar 2018,16 LORONG LIMAU #01-12,Resale,Strata,129,"12,317",-,Apartment,1,Freehold,2004,Private,328743,12,32,Central Region,Novena
SPOTTISWOODE 18,"970,000",505.91,"1,917",28 Mar 2018,18 SPOTTISWOODE PARK ROAD #08-01,Resale,Strata,47,"20,638",-,Apartment,1,Freehold,2014,HDB,088642,02,08,Central Region,Bukit Merah
ESPIRA SUITES,"690,000",495.14,"1,394",28 Mar 2018,99A LORONG H TELOK KURAU #04-05,Resale,Strata,46,"15,000",-,Apartment,1,Freehold,2012,Private,426121,15,42,East Region,Bedok
HEDGES PARK CONDOMINIUM,"765,000",871.88,877,28 Mar 2018,89 FLORA DRIVE #05-71,Resale,Strata,81,"9,444",-,Condominium,1,99 yrs from 28/07/2010,2015,Private,506890,17,50,East Region,Pasir Ris
PANDAN VALLEY,"1,330,000","1,173.28","1,134",28 Mar 2018,2 PANDAN VALLEY #03-207,Resale,Strata,109,"12,202",-,Condominium,1,Freehold,1978,Private,597626,21,59,Central Region,Bukit Timah
KINGSFORD . HILLVIEW PEAK,"790,000",548.96,"1,439",28 Mar 2018,101 HILLVIEW RISE #25-05,Sub Sale,Strata,51,"15,490",-,Condominium,1,99 yrs from 04/06/2012,2017,Private,667981,23,66,West Region,Bukit Batok
CRADELS,"700,000",441.32,"1,586",28 Mar 2018,10 LORONG LIMAU #20-03,Resale,Strata,41,"17,073",-,Apartment,1,Freehold,2015,Private,328754,12,32,Central Region,Novena
SKY HABITAT,"5,215,120","2,734.06","1,907",28 Mar 2018,9 BISHAN STREET 15 #36-11,Resale,Strata,254,"20,532",-,Condominium,1,99 yrs from 30/05/2011,2015,Private,573909,20,57,Central Region,Bishan
AZALEA PARK CONDOMINIUM,"1,210,000","1,506.96",803,28 Mar 2018,10 FLORA ROAD #05-03,Resale,Strata,140,"8,643",-,Condominium,1,999 yrs from 12/10/1885,1996,Private,509729,17,50,East Region,Pasir Ris
MARINA ONE RESIDENCES,"2,636,964","1,130.22","2,333",28 Mar 2018,21 MARINA WAY #24-01,New Sale,Strata,105,"25,114",-,Apartment,1,99 yrs from 01/07/2011,2017,Private,018978,01,01,Central Region,Downtown Core
WATERBANK AT DAKOTA,"1,865,000","1,151.75","1,619",28 Mar 2018,72 DAKOTA CRESCENT #10-10,Resale,Strata,107,"17,430",-,Condominium,1,99 yrs from 07/12/2009,2013,Private,399942,14,39,Central Region,Geylang
SKYSUITES@ANSON,"2,262,000",958,"2,361",28 Mar 2018,8 ENGGOR STREET #65-01,Resale,Strata,89,"25,416",-,Apartment,1,99 yrs from 18/02/2008,2014,HDB,079718,02,07,Central Region,Downtown Core
THE INTERWEAVE,"940,000",688.9,"1,365",28 Mar 2018,21 KIM KEAT ROAD #17-03,Resale,Strata,64,"14,688",-,Apartment,1,Freehold,2014,HDB,328805,12,32,Central Region,Novena
MARINA ONE RESIDENCES,"2,770,999","1,140.98","2,429",28 Mar 2018,21 MARINA WAY #25-02,New Sale,Strata,106,"26,142",-,Apartment,1,99 yrs from 01/07/2011,2017,N.A,018978,01,01,Central Region,Downtown Core
THE ARTE,"2,270,000","1,872.94","1,212",28 Mar 2018,23 JALAN RAJA UDANG #06-08,Resale,Strata,174,"13,046",-,Condominium,1,Freehold,2010,Private,329216,12,32,Central Region,Novena
KENTVIEW PARK,"1,500,000","1,313.21","1,142",28 Mar 2018,87 PASIR PANJANG HILL #03-06,Resale,Strata,122,"12,295",-,Condominium,1,Freehold,1994,HDB,118892,05,11,Central Region,Queenstown
PARC PALAIS,"1,290,000","1,237.86","1,042",28 Mar 2018,47 HUME AVENUE #06-09,Resale,Strata,115,"11,217",-,Condominium,1,Freehold,1999,Private,598748,21,59,West Region,Bukit Batok
MARINA ONE RESIDENCES,"2,755,789","1,140.98","2,415",28 Mar 2018,21 MARINA WAY #24-02,New Sale,Strata,106,"25,998",-,Apartment,1,99 yrs from 01/07/2011,2017,Private,018978,01,01,Central Region,Downtown Core
SKY HABITAT,"2,104,800","1,517.72","1,387",28 Mar 2018,7 BISHAN STREET 15 #05-06,Resale,Strata,141,"14,928",-,Condominium,1,99 yrs from 30/05/2011,2015,Private,573908,20,57,Central Region,Bishan
KOVAN REGENCY,"1,318,000",979.52,"1,346",28 Mar 2018,42 KOVAN RISE #03-25,Resale,Strata,91,"14,484",-,Condominium,1,99 yrs from 24/04/2012,2015,Private,544729,19,54,North East Region,Hougang
PARC EMILY,"1,660,000",904.18,"1,836",28 Mar 2018,15 MOUNT EMILY ROAD #04-37,Resale,Strata,84,"19,762",-,Condominium,1,Freehold,2008,Private,228495,09,22,Central Region,Rochor
WATERSCAPE AT CAVENAGH,"1,058,888",581.26,"1,822",28 Mar 2018,65 CAVENAGH ROAD #06-01,Resale,Strata,54,"19,609",-,Apartment,1,Freehold,2014,Private,229619,09,22,Central Region,Newton
THE BEVERLY,"1,720,000","1,388.56","1,239",28 Mar 2018,45 TOH TUCK ROAD #03-07,Resale,Strata,129,"13,333",-,Apartment,1,Freehold,2012,Private,596720,21,59,Central Region,Bukit Timah
TREE HOUSE,"1,250,000","1,248.62","1,001",28 Mar 2018,66 CHESTNUT AVENUE #13-14,Resale,Strata,116,"10,776",-,Condominium,1,99 yrs from 23/11/2009,2013,Private,679520,23,67,West Region,Bukit Panjang
GEM RESIDENCES,"1,981,000","1,313.21","1,509",28 Mar 2018,1 LORONG 5 TOA PAYOH #24-08,New Sale,Strata,122,"16,238",-,Condominium,1,99 yrs from 21/09/2015,Uncompleted,HDB,319458,12,31,Central Region,Toa Payoh
CENTRINA,"910,000",753.48,"1,208",28 Mar 2018,11 EVERITT ROAD NORTH #04-01,Resale,Strata,70,"13,000",-,Apartment,1,Freehold,2011,HDB,428524,15,42,Central Region,Geylang
BANYAN CONDOMINIUM,"1,900,000","1,582.31","1,201",28 Mar 2018,7 CHWEE CHIAN ROAD #02-11,Resale,Strata,147,"12,925",-,Condominium,1,Freehold,1995,Private,119749,05,11,Central Region,Queenstown
BELMOND GREEN,"2,050,000","1,065.64","1,924",28 Mar 2018,15A BALMORAL ROAD #07-07,Resale,Strata,99,"20,707",-,Condominium,1,Freehold,2004,HDB,259816,10,25,Central Region,Tanglin
HEDGES PARK CONDOMINIUM,"1,025,000","1,184.04",866,28 Mar 2018,73 FLORA DRIVE #02-09,Resale,Strata,110,"9,318",-,Condominium,1,99 yrs from 28/07/2010,2015,HDB,506882,17,50,East Region,Pasir Ris
CHANGI RISE CONDOMINIUM,"802,000","1,022.58",784,28 Mar 2018,20 SIMEI RISE #02-52,Resale,Strata,95,"8,442",-,Condominium,1,99 yrs from 29/11/2000,2004,HDB,528809,18,52,East Region,Tampines
HILLSTA,"668,000",570.49,"1,171",28 Mar 2018,66 PHOENIX ROAD #19-04,Resale,Strata,53,"12,604",-,Condominium,1,99 yrs from 03/10/2011,2016,HDB,668201,23,66,West Region,Bukit Batok
FLO RESIDENCE,"990,000","1,044.11",948,28 Mar 2018,13 PUNGGOL FIELD WALK #19-28,Resale,Strata,97,"10,206",-,Condominium,1,99 yrs from 05/12/2011,2016,Private,828745,19,82,North East Region,Punggol
CASTLE GREEN,"1,022,000","1,173.28",871,28 Mar 2018,483 YIO CHU KANG ROAD #13-13,Resale,Strata,109,"9,376",-,Condominium,1,99 yrs from 01/12/1993,1997,HDB,787057,26,78,North East Region,Ang Mo Kio
BEDOK RESIDENCES,"1,660,000","1,076.4","1,542",28 Mar 2018,18 BEDOK NORTH DRIVE #12-08,Resale,Strata,100,"16,600",-,Apartment,1,99 yrs from 21/11/2011,2015,HDB,465495,16,46,East Region,Bedok
THE SUNNY SPRING,"1,130,000","1,097.93","1,029",28 Mar 2018,50 LORONG 40 GEYLANG #02-47,Resale,Strata,102,"11,078",-,Apartment,1,Freehold,1998,Private,398074,14,39,Central Region,Geylang
H2O RESIDENCES,"860,000",850.36,"1,011",28 Mar 2018,34 FERNVALE LINK #09-15,Resale,Strata,79,"10,886",-,Condominium,1,99 yrs from 10/05/2010,2015,HDB,797532,28,79,North East Region,Sengkang
SPRINGVALE,"1,030,000",914.94,"1,126",28 Mar 2018,907 EAST COAST ROAD #02-11,Resale,Strata,85,"12,118",-,Apartment,1,Freehold,1995,Private,459107,15,45,East Region,Bedok
THE SEA VIEW,"1,070,000",559.73,"1,912",28 Mar 2018,37 AMBER ROAD #21-20,Resale,Strata,52,"20,577",-,Condominium,1,Freehold,2008,HDB,439946,15,43,Central Region,Marine Parade
MOUNTBATTEN SUITES,"1,200,000","1,044.11","1,149",28 Mar 2018,861 MOUNTBATTEN ROAD #02-05,Resale,Strata,97,"12,371",-,Apartment,1,Freehold,2012,Private,437842,15,43,Central Region,Marine Parade
THE FOLIAGE,"1,280,000",958,"1,336",28 Mar 2018,370 PASIR PANJANG ROAD #03-06,Resale,Strata,89,"14,382",-,Condominium,1,Freehold,2008,Private,118707,05,11,Central Region,Queenstown
HAZEL PARK CONDOMINIUM,"1,420,000","1,377.79","1,031",28 Mar 2018,27 HAZEL PARK TERRACE #06-07,Resale,Strata,128,"11,094",-,Condominium,1,999 yrs from 25/09/1882,2000,HDB,678949,23,67,West Region,Bukit Panjang
THE ANCHORAGE,"1,931,200","1,420.85","1,359",28 Mar 2018,370E ALEXANDRA ROAD #03-04,Resale,Strata,132,"14,630",-,Condominium,1,Freehold,1997,Private,159958,03,15,Central Region,Queenstown
THE TROPICA,"1,390,000","1,711.48",812,28 Mar 2018,63 TAMPINES AVENUE 1 #01-04,Resale,Strata,159,"8,742",-,Condominium,1,99 yrs from 04/12/1996,2000,HDB,529777,18,52,East Region,Tampines
THE CREST,"1,938,000",947.23,"2,046",28 Mar 2018,107 PRINCE CHARLES CRESCENT #01-21,Resale,Strata,88,"22,023",-,Condominium,1,99 yrs from 21/12/2012,2017,HDB,159020,03,15,Central Region,Bukit Merah
SIMS URBAN OASIS,"1,767,000","1,205.57","1,466",28 Mar 2018,16 SIMS DRIVE #04-56,New Sale,Strata,112,"15,777",-,Condominium,1,99 yrs from 29/07/2014,2017,N.A,387393,14,38,Central Region,Geylang
THE GARDENS AT BISHAN,"1,360,000","1,227.1","1,108",28 Mar 2018,9 SIN MING WALK #17-05,Resale,Strata,114,"11,930",-,Condominium,1,99 yrs from 22/03/1997,2004,HDB,575578,20,57,Central Region,Bishan
SIGNATURE PARK,"1,235,000","1,054.87","1,171",28 Mar 2018,50A TOH TUCK ROAD #03-08,Resale,Strata,98,"12,602",-,Condominium,1,Freehold,1998,Private,596742,21,59,Central Region,Bukit Timah
BOATHOUSE RESIDENCES,"740,000",710.42,"1,042",28 Mar 2018,33 UPPER SERANGOON VIEW #06-27,Resale,Strata,66,"11,212",-,Condominium,1,99 yrs from 09/02/2011,2015,HDB,534042,19,53,North East Region,Hougang
BULLION PARK,"1,388,000","1,259.39","1,102",28 Mar 2018,166 LENTOR LOOP #13-06,Resale,Strata,117,"11,863",-,Condominium,1,Freehold,1993,Private,789097,26,78,North East Region,Ang Mo Kio
LIVIA,"1,048,000","1,323.97",792,28 Mar 2018,71 PASIR RIS GROVE #03-20,Resale,Strata,123,"8,520",-,Condominium,1,99 yrs from 07/01/2008,2011,Private,518205,18,51,East Region,Pasir Ris
THE INTERLACE,"1,200,000",807.3,"1,486",28 Mar 2018,184 DEPOT ROAD #12-08,Resale,Strata,75,"16,000",-,Condominium,1,99 yrs from 11/02/2009,2013,HDB,109686,04,10,Central Region,Bukit Merah
MONTROSA,"1,050,000","1,205.57",871,29 Mar 2018,132 HILLVIEW AVENUE #06-03,Resale,Strata,112,"9,375",-,Condominium,1,999 yrs from 12/10/1885,1999,HDB,669597,23,66,West Region,Bukit Batok
TERRASSE,"1,700,000","1,646.89","1,032",29 Mar 2018,31 TERRASSE LANE #01-58,Resale,Strata,153,"11,111",-,Condominium,1,99 yrs from 23/08/2010,2014,HDB,544779,19,54,North East Region,Hougang
NORTHWOOD,"1,425,000","1,636.13",871,29 Mar 2018,62 JALAN MATA AYER #02-15,Resale,Strata,152,"9,375",-,Condominium,1,Freehold,2009,HDB,759159,27,75,North Region,Mandai
D'GALLERY,"730,000",527.44,"1,384",29 Mar 2018,15 JALAN MASJID #04-03,Resale,Strata,49,"14,898",-,Apartment,1,Freehold,2006,Private,418936,14,41,East Region,Bedok
THE ELYSIA,"906,000",818.06,"1,107",29 Mar 2018,6 MAR THOMA ROAD #05-03,Resale,Strata,76,"11,921",-,Apartment,1,999 yrs from 02/06/1882,2005,Private,328688,12,32,Central Region,Kallang
CASABELLA,"2,158,120","1,323.97","1,630",29 Mar 2018,176 DUCHESS AVENUE #02-04,Resale,Strata,123,"17,546",-,Condominium,1,Freehold,2005,HDB,269187,10,26,Central Region,Bukit Timah
CHARMING GARDEN,"3,560,000","2,475.72","1,438",29 Mar 2018,138 KING'S ROAD #03-03,Resale,Strata,230,"15,478",-,Condominium,1,999 yrs from 27/12/1875,1987,Private,268156,10,26,Central Region,Bukit Timah
CAIRNHILL HEIGHTS,"72,588,888","23,497.81","3,089",29 Mar 2018,16 ENBLOC CAIRNHILL RISE #08-02 ETC,Resale,Strata,"2,183","33,252",-,Apartment,19,Freehold,1985,Private,229744,09,22,Central Region,Newton
PARC MONDRIAN,"1,520,000","1,184.04","1,284",29 Mar 2018,21 WOODLEIGH CLOSE #04-03,Resale,Strata,110,"13,818",-,Apartment,1,Freehold,2010,HDB,357916,13,35,Central Region,Toa Payoh
PINNACLE 16,"1,400,000",925.7,"1,512",29 Mar 2018,16 SHAN ROAD #16-03,Resale,Strata,86,"16,279",-,Apartment,1,Freehold,2006,Private,328107,12,32,Central Region,Novena
HAIG COURT,"1,430,000","1,076.4","1,329",29 Mar 2018,152 HAIG ROAD #05-05,Resale,Strata,100,"14,300",-,Condominium,1,Freehold,2004,Private,438791,15,43,Central Region,Marine Parade
NOVA 88,"780,000",548.96,"1,421",29 Mar 2018,8 BHAMO ROAD #14-05,Resale,Strata,51,"15,294",-,Apartment,1,Freehold,2012,HDB,329640,12,32,Central Region,Novena
THE MKZ,"1,428,000",850.36,"1,679",29 Mar 2018,131 MACKENZIE ROAD #05-02,Resale,Strata,79,"18,076",-,Apartment,1,Freehold,2014,HDB,228714,09,22,Central Region,Newton
THE TREVOSE,"1,910,000","1,463.9","1,305",29 Mar 2018,60 TREVOSE CRESCENT #02-32,Resale,Strata,136,"14,044",-,Condominium,1,99 yrs from 14/12/1996,2001,Private,298090,11,29,Central Region,Novena
OASIS @ ELIAS,"890,000","1,205.57",738,29 Mar 2018,60 ELIAS ROAD #06-03,Resale,Strata,112,"7,946",-,Condominium,1,99 yrs from 17/03/2008,2011,Private,519938,18,51,East Region,Pasir Ris
TANJONG RIA CONDOMINIUM,"875,000",807.3,"1,084",29 Mar 2018,121 TANJONG RHU ROAD #02-24,Resale,Strata,75,"11,667",-,Condominium,1,99 yrs from 31/05/1993,1997,Private,436914,15,43,Central Region,Kallang
WATERFRONT KEY,"1,390,000","1,248.62","1,113",29 Mar 2018,770 BEDOK RESERVOIR ROAD #09-03,Resale,Strata,116,"11,983",-,Condominium,1,99 yrs from 31/10/2007,2012,HDB,479250,16,47,East Region,Bedok
PARC CENTROS,"650,000",462.85,"1,404",29 Mar 2018,92 PUNGGOL CENTRAL #14-32,Resale,Strata,43,"15,116",-,Condominium,1,99 yrs from 19/03/2012,2016,Private,828723,19,82,North East Region,Punggol
CENTRO RESIDENCES,"1,400,000",925.7,"1,512",29 Mar 2018,59 ANG MO KIO AVENUE 8 #25-06,Resale,Strata,86,"16,279",-,Condominium,1,99 yrs from 11/12/2007,2014,HDB,567752,20,56,North East Region,Ang Mo Kio
SAVANNAH CONDOPARK,"988,000","1,227.1",805,29 Mar 2018,51 SIMEI RISE #03-44,Resale,Strata,114,"8,667",-,Condominium,1,99 yrs from 29/11/2000,2005,Private,528789,18,52,East Region,Tampines
NEPTUNE COURT,"1,420,000","1,636.13",868,29 Mar 2018,4 MARINE VISTA #09-55,Resale,Strata,152,"9,342",-,Apartment,1,99 yrs from 01/11/1975,1975,HDB,449028,15,44,East Region,Bedok
BEACON HEIGHTS,"1,318,000","1,108.69","1,189",29 Mar 2018,8 MAR THOMA ROAD #20-02,Resale,Strata,103,"12,796",-,Condominium,1,999 yrs from 02/06/1882,2012,Private,328689,12,32,Central Region,Kallang
THE EQUATORIAL,"1,980,000","1,248.62","1,586",29 Mar 2018,151 STEVENS ROAD #06-08,Resale,Strata,116,"17,069",-,Condominium,1,Freehold,2001,Private,257872,10,25,Central Region,Tanglin
SOUTHAVEN II,"1,530,000","1,410.08","1,085",29 Mar 2018,31 HINDHEDE WALK #09-01,Resale,Strata,131,"11,679",-,Condominium,1,999 yrs from 21/06/1877,1999,Private,587967,21,58,West Region,Bukit Panjang
EASTERN LAGOON,"990,000",753.48,"1,314",29 Mar 2018,202 UPPER EAST COAST ROAD #06-02,Resale,Strata,70,"14,143",-,Condominium,1,Freehold,1985,Private,455284,15,45,East Region,Bedok
N.A.,"1,500,000","1,205.57","1,244",29 Mar 2018,2B STANGEE PLACE,Resale,Strata,112,"13,393",-,Apartment,1,Freehold,-,Private,424065,15,42,Central Region,Marine Parade
D'CHATEAU @ SHELFORD,"1,830,000","1,367.03","1,339",29 Mar 2018,25A SHELFORD ROAD #05-05,Resale,Strata,127,"14,409",-,Apartment,1,Freehold,2010,Private,288416,11,28,Central Region,Bukit Timah
SIMS RESIDENCES,"1,320,000","1,646.89",802,29 Mar 2018,8 LORONG 39 GEYLANG #01-11,Resale,Strata,153,"8,627",-,Apartment,1,99 yrs from 11/08/1997,2002,HDB,387882,14,38,Central Region,Geylang
THE GREENWICH,"1,100,000","1,076.4","1,022",29 Mar 2018,11 SELETAR ROAD #04-53,Resale,Strata,100,"11,000",-,Condominium,1,99 yrs from 21/12/2009,2014,Private,807016,28,80,North East Region,Serangoon
WU DE BUILDING,"1,118,000","1,259.39",888,29 Mar 2018,6A BEATTY ROAD #04-04,Resale,Strata,117,"9,556",-,Apartment,1,Freehold,1990,Private,209946,08,20,Central Region,Kallang
PAVILION 11,"2,088,000","1,485.43","1,406",29 Mar 2018,25 AKYAB ROAD #09-05,Resale,Strata,138,"15,130",-,Condominium,1,Freehold,2009,Private,309979,11,30,Central Region,Novena
THE TAPESTRY,"611,550",441.32,"1,386",29 Mar 2018,51 TAMPINES STREET 86 #01-06,New Sale,Strata,41,"14,916",-,Condominium,1,99 yrs from 31/07/2017,Uncompleted,N.A,528539,18,52,East Region,Tampines
MEADOWS @ PEIRCE,"1,380,000","1,216.33","1,135",29 Mar 2018,626 UPPER THOMSON ROAD #04-07,Resale,Strata,113,"12,212",-,Condominium,1,Freehold,2012,Private,787130,26,78,North East Region,Ang Mo Kio
HUNDRED TREES,"1,250,000",914.94,"1,366",29 Mar 2018,83 WEST COAST DRIVE #08-08,Resale,Strata,85,"14,706",-,Condominium,1,956 yrs from 27/05/1928,2013,HDB,127999,05,12,West Region,Clementi
WILKIE 48,"1,210,000",893.41,"1,354",29 Mar 2018,48 WILKIE ROAD #06-03,Resale,Strata,83,"14,578",-,Apartment,1,Freehold,1998,HDB,228059,09,22,Central Region,Rochor
CASTLE GREEN,"990,000","1,216.33",814,29 Mar 2018,481 YIO CHU KANG ROAD #06-15,Resale,Strata,113,"8,761",-,Condominium,1,99 yrs from 01/12/1993,1997,HDB,787056,26,78,North East Region,Ang Mo Kio
COSTA RHU,"1,300,000","1,011.82","1,285",29 Mar 2018,5 RHU CROSS #14-15,Resale,Strata,94,"13,830",-,Condominium,1,99 yrs from 30/05/1994,1997,HDB,437434,15,43,Central Region,Kallang
ARCHIPELAGO,"1,250,000",979.52,"1,276",29 Mar 2018,515 BEDOK RESERVOIR ROAD #05-59,Resale,Strata,91,"13,736",-,Condominium,1,99 yrs from 01/06/2011,2015,HDB,479274,16,47,East Region,Bedok
HUME PARK I,"1,275,000","1,356.26",940,29 Mar 2018,9 HUME AVENUE #06-02,Resale,Strata,126,"10,119",-,Condominium,1,Freehold,1995,Private,598722,21,59,West Region,Bukit Batok
ONE AMBER,"2,390,000","1,270.15","1,882",29 Mar 2018,7 AMBER GARDENS #19-17,Resale,Strata,118,"20,254",-,Condominium,1,Freehold,2010,Private,439974,15,43,Central Region,Marine Parade
ECO SANCTUARY,"800,000",667.37,"1,199",29 Mar 2018,61 CHESTNUT AVENUE #04-04,Resale,Strata,62,"12,903",-,Condominium,1,99 yrs from 25/04/2012,2016,Private,679522,23,67,West Region,Bukit Panjang
D'LEEDON,"1,650,000","1,011.82","1,631",29 Mar 2018,13 LEEDON HEIGHTS #10-44,Resale,Strata,94,"17,553",-,Condominium,1,99 yrs from 08/04/2010,2014,Private,266224,10,26,Central Region,Bukit Timah
CLOVER BY THE PARK,"1,828,000","1,280.92","1,427",29 Mar 2018,6 BISHAN STREET 25 #37-14,Resale,Strata,119,"15,361",-,Condominium,1,99 yrs from 10/09/2007,2011,Private,573975,20,57,Central Region,Bishan
CITY SUITES,"933,570",527.44,"1,770",29 Mar 2018,235 BALESTIER ROAD #10-01,New Sale,Strata,49,"19,052",-,Apartment,1,Freehold,2017,Private,329699,12,32,Central Region,Novena
SOPHIA HILLS,"2,430,000","1,130.22","2,150",29 Mar 2018,5 MOUNT SOPHIA #01-08,New Sale,Strata,105,"23,143",-,Condominium,1,99 yrs from 10/12/2013,2018,Private,228453,09,22,Central Region,Rochor
SENNETT RESIDENCE,"1,200,000",828.83,"1,448",29 Mar 2018,33 PHENG GECK AVENUE #16-10,Resale,Strata,77,"15,584",-,Condominium,1,99 yrs from 28/11/2011,2016,HDB,348228,13,34,Central Region,Toa Payoh
VA RESIDENCES,"930,000",624.31,"1,490",29 Mar 2018,9 BOON TECK ROAD #09-02,New Sale,Strata,58,"16,034",-,Apartment,1,Freehold,2016,Private,329583,12,32,Central Region,Novena
NOMU,"1,160,000",473.62,"2,449",29 Mar 2018,20 HANDY ROAD #06-04,Resale,Strata,44,"26,364",-,Apartment,1,Freehold,2009,HDB,229236,09,22,Central Region,Museum
MANDARIN GARDENS,"888,000",731.95,"1,213",29 Mar 2018,5 SIGLAP ROAD #08-39,Resale,Strata,68,"13,059",-,Condominium,1,99 yrs from 08/03/1982,1986,Private,448908,15,44,East Region,Bedok
THE PEAK@BALMEG,"2,028,000","1,711.48","1,185",29 Mar 2018,11 BALMEG HILL #01-23,Resale,Strata,159,"12,755",-,Condominium,1,Freehold,2011,Private,119916,05,11,Central Region,Queenstown
WEMBLY RESIDENCES,"1,558,000","1,560.78",998,29 Mar 2018,28 YIO CHU KANG ROAD #05-07,Resale,Strata,145,"10,745",-,Apartment,1,Freehold,2011,Private,545678,19,54,North East Region,Hougang
ONE-NORTH RESIDENCES,"1,450,000","1,011.82","1,433",29 Mar 2018,7 ONE-NORTH GATEWAY #08-11,Resale,Strata,94,"15,426",-,Apartment,1,99 yrs from 15/09/2005,2009,Private,138642,05,13,Central Region,Queenstown
THE STELLAR,"1,700,000","1,420.85","1,196",29 Mar 2018,10 WEST COAST ROAD #02-10,Resale,Strata,132,"12,879",-,Condominium,1,Freehold,2008,Private,126822,05,12,West Region,Clementi
THE CREST,"2,406,000","1,248.62","1,927",29 Mar 2018,105 PRINCE CHARLES CRESCENT #19-13,Resale,Strata,116,"20,741",-,Condominium,1,99 yrs from 21/12/2012,2017,Private,159019,03,15,Central Region,Bukit Merah
THE NAUTICAL,"870,000",979.52,888,29 Mar 2018,97 JALAN SENDUDOK #03-80,Resale,Strata,91,"9,560",-,Condominium,1,99 yrs from 29/08/2011,2015,HDB,769474,27,76,North Region,Sembawang
VALLEY PARK,"2,050,000","1,216.33","1,685",29 Mar 2018,473 RIVER VALLEY ROAD #15-07,Resale,Strata,113,"18,142",-,Condominium,1,999 yrs from 21/06/1877,1997,HDB,248358,10,24,Central Region,Tanglin
MARTIN PLACE RESIDENCES,"3,200,000","1,420.85","2,252",29 Mar 2018,6 MARTIN PLACE #29-11,Resale,Strata,132,"24,242",-,Condominium,1,Freehold,2011,Private,237990,09,23,Central Region,River Valley
A TREASURE TROVE,"850,000",893.41,951,29 Mar 2018,74 PUNGGOL WALK #01-49,Resale,Strata,83,"10,241",-,Condominium,1,99 yrs from 09/03/2011,2015,Private,828787,19,82,North East Region,Punggol
ARTRA,"1,648,600",828.83,"1,989",29 Mar 2018,10 ALEXANDRA VIEW #32-06,New Sale,Strata,77,"21,410",-,Apartment,1,99 yrs from 15/02/2016,Uncompleted,HDB,158745,03,15,Central Region,Bukit Merah
STRATUM,"1,645,000","1,819.12",904,29 Mar 2018,86 ELIAS ROAD #01-22,Sub Sale,Strata,169,"9,734",-,Condominium,1,99 yrs from 11/07/2012,2016,HDB,519948,18,51,East Region,Pasir Ris
PARC RIVIERA,"1,240,680",990.29,"1,253",29 Mar 2018,103 WEST COAST VALE #35-17,New Sale,Strata,92,"13,486",-,Condominium,1,99 yrs from 11/11/2015,Uncompleted,N.A,126754,05,12,West Region,Clementi
HILLVIEW HEIGHTS,"1,070,000",958,"1,117",29 Mar 2018,27 HILLVIEW AVENUE #07-05,Resale,Strata,89,"12,022",-,Condominium,1,Freehold,1996,Private,669559,23,66,West Region,Bukit Batok
ARTRA,"2,499,400","1,410.08","1,773",29 Mar 2018,10 ALEXANDRA VIEW #32-01,New Sale,Strata,131,"19,079",-,Apartment,1,99 yrs from 15/02/2016,Uncompleted,HDB,158745,03,15,Central Region,Bukit Merah
EASTERN LAGOON,"1,780,000","1,377.79","1,292",29 Mar 2018,202 UPPER EAST COAST ROAD #11-05,Resale,Strata,128,"13,906",-,Condominium,1,Freehold,1985,Private,455284,15,45,East Region,Bedok
LINCOLN SUITES,"1,230,000",527.44,"2,332",29 Mar 2018,3 KHIANG GUAN AVENUE #15-04,Resale,Strata,49,"25,102",-,Condominium,1,Freehold,2014,Private,308381,11,30,Central Region,Novena
SYMPHONY SUITES,"710,000",688.9,"1,031",29 Mar 2018,5 YISHUN CLOSE #01-09,Sub Sale,Strata,64,"11,094",-,Condominium,1,99 yrs from 10/06/2014,Uncompleted,HDB,768006,27,76,North Region,Yishun
A TREASURE TROVE,"1,291,000","1,205.57","1,071",29 Mar 2018,52 PUNGGOL WALK #04-08,Resale,Strata,112,"11,527",-,Condominium,1,99 yrs from 09/03/2011,2015,HDB,828831,19,82,North East Region,Punggol
SEASONS VIEW,"1,250,000","1,140.98","1,096",29 Mar 2018,5 PEMIMPIN DRIVE #11-05,Resale,Strata,106,"11,792",-,Condominium,1,99 yrs from 06/09/1996,2000,Private,576149,20,57,Central Region,Bishan
SAVANNAH CONDOPARK,"950,000","1,227.1",774,29 Mar 2018,41 SIMEI RISE #03-23,Resale,Strata,114,"8,333",-,Condominium,1,99 yrs from 29/11/2000,2005,Private,528784,18,52,East Region,Tampines
GRANDEUR PARK RESIDENCES,"2,213,000","1,453.14","1,523",29 Mar 2018,5 BEDOK SOUTH AVENUE 3 #13-24,New Sale,Strata,135,"16,393",-,Condominium,1,99 yrs from 25/05/2016,Uncompleted,Private,465463,16,46,East Region,Bedok
VILLA MARINA,"1,800,000","2,314.26",778,29 Mar 2018,25 JALAN SEMPADAN #04-14,Resale,Strata,215,"8,372",-,Condominium,1,99 yrs from 13/02/1995,1999,Private,457400,15,45,East Region,Bedok
ASTOR,"775,000",871.88,889,29 Mar 2018,51C LENGKONG EMPAT #04-05,Resale,Strata,81,"9,568",-,Apartment,1,99 yrs from 12/08/2002,2006,Private,417660,14,41,East Region,Bedok
ESTELLA GARDENS,"1,360,000","1,593.07",854,29 Mar 2018,27 FLORA ROAD #02-07,Resale,Strata,148,"9,189",-,Condominium,1,Freehold,1999,Private,509741,17,50,East Region,Pasir Ris
HILLSTA,"653,000",570.49,"1,145",29 Mar 2018,66 PHOENIX ROAD #19-05,Resale,Strata,53,"12,321",-,Condominium,1,99 yrs from 03/10/2011,2016,Private,668201,23,66,West Region,Bukit Batok
THE OCTET,"540,000",398.27,"1,356",29 Mar 2018,23 LORONG 24 GEYLANG #04-02,Sub Sale,Strata,37,"14,595",-,Apartment,1,Freehold,2016,HDB,398628,14,39,Central Region,Geylang
THE SPECTRUM,"1,100,000",958,"1,148",29 Mar 2018,501 PASIR PANJANG ROAD #03-01,Resale,Strata,89,"12,360",-,Condominium,1,Freehold,2005,HDB,117506,05,11,Central Region,Queenstown
BRADDELL VIEW,"1,279,760","1,700.71",752,29 Mar 2018,10H BRADDELL HILL #23-29,Resale,Strata,158,"8,100",-,Apartment,1,103 yrs from 01/08/1977,1981,Private,579727,20,57,Central Region,Toa Payoh
HEJI GARDENS,"1,889,000","2,443.43",773,29 Mar 2018,73 LORONG K TELOK KURAU #03-02,Resale,Strata,227,"8,322",-,Apartment,1,Freehold,1983,Private,425692,15,42,East Region,Bedok
GRANDEUR 8,"1,350,000","1,259.39","1,072",29 Mar 2018,18 ANG MO KIO CENTRAL 3 #15-29,Resale,Strata,117,"11,538",-,Condominium,1,99 yrs from 16/07/2002,2005,HDB,567749,20,56,North East Region,Ang Mo Kio
J GATEWAY,"1,435,000",947.23,"1,515",29 Mar 2018,2 GATEWAY DRIVE #23-08,Resale,Strata,88,"16,307",-,Condominium,1,99 yrs from 28/08/2012,2016,Private,608533,22,60,West Region,Jurong East
THOMSON GRAND,"1,795,000","1,367.03","1,313",29 Mar 2018,17 SIN MING WALK #13-08,Resale,Strata,127,"14,134",-,Condominium,1,99 yrs from 08/02/2010,2015,HDB,573913,20,57,Central Region,Bishan
AVILA GARDENS,"1,030,000","1,302.44",791,29 Mar 2018,13 FLORA ROAD #02-01,Resale,Strata,121,"8,512",-,Condominium,1,Freehold,1995,HDB,509733,17,50,East Region,Pasir Ris
PARC SEABREEZE,"2,190,000","1,291.68","1,695",29 Mar 2018,532 JOO CHIAT ROAD #06-06,Resale,Strata,120,"18,250",-,Apartment,1,Freehold,2012,Private,427711,15,42,Central Region,Marine Parade
WATER PLACE,"1,530,000","1,216.33","1,258",29 Mar 2018,175 TANJONG RHU ROAD #10-09,Resale,Strata,113,"13,540",-,Condominium,1,99 yrs from 02/03/1998,2004,HDB,436606,15,43,Central Region,Kallang
EIGHT RIVERSUITES,"1,200,000",807.3,"1,486",29 Mar 2018,8 WHAMPOA EAST #14-19,Resale,Strata,75,"16,000",-,Condominium,1,99 yrs from 11/07/2011,2016,HDB,338520,12,33,Central Region,Kallang
DAKOTA RESIDENCES,"2,230,000","1,743.77","1,279",29 Mar 2018,36 DAKOTA CRESCENT #01-07,Resale,Strata,162,"13,765",-,Condominium,1,99 yrs from 11/09/2007,2010,Private,399937,14,39,Central Region,Geylang
TOMLINSON HEIGHTS,"11,736,300","4,047.26","2,900",29 Mar 2018,31 TOMLINSON ROAD #16-01,Resale,Strata,376,"31,214",-,Condominium,1,Freehold,2014,Private,247855,10,24,Central Region,River Valley
GUILLEMARD EDGE,"645,000",419.8,"1,536",29 Mar 2018,38 LORONG 30 GEYLANG #06-22,Resale,Strata,39,"16,538",-,Apartment,1,Freehold,2014,HDB,398371,14,39,Central Region,Geylang
H2O RESIDENCES,"1,251,000","1,194.8","1,047",29 Mar 2018,38 FERNVALE LINK #07-22,Resale,Strata,111,"11,270",-,Condominium,1,99 yrs from 10/05/2010,2015,HDB,797534,28,79,North East Region,Sengkang
KANDIS RESIDENCE,"1,183,600",936.47,"1,264",30 Mar 2018,6 KANDIS LINK #06-07,New Sale,Strata,87,"13,605",-,Condominium,1,99 yrs from 11/07/2016,Uncompleted,HDB,756969,27,75,North Region,Sembawang
GEM RESIDENCES,"1,862,000","1,248.62","1,491",30 Mar 2018,3 LORONG 5 TOA PAYOH #14-15,New Sale,Strata,116,"16,052",-,Condominium,1,99 yrs from 21/09/2015,Uncompleted,Private,319459,12,31,Central Region,Toa Payoh
THE TAPESTRY,"672,300",473.62,"1,420",30 Mar 2018,51 TAMPINES STREET 86 #04-12,New Sale,Strata,44,"15,280",-,Condominium,1,99 yrs from 31/07/2017,Uncompleted,Private,528539,18,52,East Region,Tampines
THE TAPESTRY,"656,910",441.32,"1,488",30 Mar 2018,51 TAMPINES STREET 86 #12-09,New Sale,Strata,41,"16,022",-,Condominium,1,99 yrs from 31/07/2017,Uncompleted,HDB,528539,18,52,East Region,Tampines
SEASIDE RESIDENCES,"989,000",505.91,"1,955",30 Mar 2018,12 SIGLAP LINK #25-13,New Sale,Strata,47,"21,043",-,Apartment,1,99 yrs from 18/04/2016,Uncompleted,N.A,448870,15,44,East Region,Bedok
THE TAPESTRY,"980,100",699.66,"1,401",30 Mar 2018,63 TAMPINES STREET 86 #14-55,New Sale,Strata,65,"15,078",-,Condominium,1,99 yrs from 31/07/2017,Uncompleted,HDB,528511,18,52,East Region,Tampines
SEASIDE RESIDENCES,"991,000",559.73,"1,771",30 Mar 2018,16 SIGLAP LINK #03-25,New Sale,Strata,52,"19,058",-,Apartment,1,99 yrs from 18/04/2016,Uncompleted,HDB,448872,15,44,East Region,Bedok
THE TAPESTRY,"694,980",473.62,"1,467",30 Mar 2018,51 TAMPINES STREET 86 #12-13,New Sale,Strata,44,"15,795",-,Condominium,1,99 yrs from 31/07/2017,Uncompleted,N.A,528539,18,52,East Region,Tampines
FIVENINE,"1,596,000","1,054.87","1,513",30 Mar 2018,59A LORONG K TELOK KURAU #02-03,New Sale,Strata,98,"16,286",-,Apartment,1,Freehold,Uncompleted,Private,423369,15,42,East Region,Bedok
SEASIDE RESIDENCES,"1,832,000","1,087.16","1,685",30 Mar 2018,18 SIGLAP LINK #09-31,New Sale,Strata,101,"18,139",-,Apartment,1,99 yrs from 18/04/2016,Uncompleted,Private,448873,15,44,East Region,Bedok
THE TAPESTRY,"688,500",473.62,"1,454",30 Mar 2018,51 TAMPINES STREET 86 #12-01,New Sale,Strata,44,"15,648",-,Condominium,1,99 yrs from 31/07/2017,Uncompleted,Private,528539,18,52,East Region,Tampines
THE TAPESTRY,"698,220",473.62,"1,474",30 Mar 2018,51 TAMPINES STREET 86 #13-13,New Sale,Strata,44,"15,869",-,Condominium,1,99 yrs from 31/07/2017,Uncompleted,Private,528539,18,52,East Region,Tampines
PARC BOTANNIA,"654,000",505.91,"1,293",31 Mar 2018,10 FERNVALE STREET #07-01,New Sale,Strata,47,"13,915",-,Condominium,1,99 yrs from 28/12/2016,Uncompleted,HDB,797390,28,79,North East Region,Sengkang
8 HULLET,"1,898,200",538.2,"3,527",31 Mar 2018,8 HULLET ROAD #08-04,New Sale,Strata,50,"37,964",-,Apartment,1,Freehold,Uncompleted,HDB,229160,09,22,Central Region,Newton
PARC BOTANNIA,"1,127,112",861.12,"1,309",31 Mar 2018,18 FERNVALE STREET #05-29,New Sale,Strata,80,"14,089",-,Condominium,1,99 yrs from 28/12/2016,Uncompleted,Private,797394,28,79,North East Region,Sengkang
8 HULLET,"1,883,200",538.2,"3,499",31 Mar 2018,8 HULLET ROAD #07-04,New Sale,Strata,50,"37,664",-,Apartment,1,Freehold,Uncompleted,N.A,229160,09,22,Central Region,Newton
8 HULLET,"2,251,780",667.37,"3,374",31 Mar 2018,8 HULLET ROAD #05-02,New Sale,Strata,62,"36,319",-,Apartment,1,Freehold,Uncompleted,Private,229160,09,22,Central Region,Newton
FIVENINE,"1,616,000","1,054.87","1,532",31 Mar 2018,59 LORONG K TELOK KURAU #02-02,New Sale,Strata,98,"16,490",-,Apartment,1,Freehold,Uncompleted,HDB,425669,15,42,East Region,Bedok
THE TAPESTRY,"1,486,350","1,130.22","1,315",31 Mar 2018,59 TAMPINES STREET 86 #05-32,New Sale,Strata,105,"14,156",-,Condominium,1,99 yrs from 31/07/2017,Uncompleted,Private,528509,18,52,East Region,Tampines
8 HULLET,"2,316,780",667.37,"3,472",31 Mar 2018,8 HULLET ROAD #09-02,New Sale,Strata,62,"37,367",-,Apartment,1,Freehold,Uncompleted,Private,229160,09,22,Central Region,Newton
PARC BOTANNIA,"646,000",505.91,"1,277",31 Mar 2018,10 FERNVALE STREET #05-01,New Sale,Strata,47,"13,745",-,Condominium,1,99 yrs from 28/12/2016,Uncompleted,N.A,797390,28,79,North East Region,Sengkang
8 HULLET,"2,336,780",667.37,"3,501",31 Mar 2018,8 HULLET ROAD #10-02,New Sale,Strata,62,"37,690",-,Apartment,1,Freehold,Uncompleted,Private,229160,09,22,Central Region,Newton
8 HULLET,"2,810,100",796.54,"3,528",31 Mar 2018,8 HULLET ROAD #11-03,New Sale,Strata,74,"37,974",-,Apartment,1,Freehold,Uncompleted,Private,229160,09,22,Central Region,Newton
8 HULLET,"2,780,100",796.54,"3,490",31 Mar 2018,8 HULLET ROAD #10-03,New Sale,Strata,74,"37,569",-,Apartment,1,Freehold,Uncompleted,Private,229160,09,22,Central Region,Newton
8 HULLET,"2,266,780",667.37,"3,397",31 Mar 2018,8 HULLET ROAD #06-02,New Sale,Strata,62,"36,561",-,Apartment,1,Freehold,Uncompleted,N.A,229160,09,22,Central Region,Newton
8 HULLET,"2,376,780",667.37,"3,561",31 Mar 2018,8 HULLET ROAD #12-02,New Sale,Strata,62,"38,335",-,Apartment,1,Freehold,Uncompleted,HDB,229160,09,22,Central Region,Newton
8 HULLET,"2,281,780",667.37,"3,419",31 Mar 2018,8 HULLET ROAD #07-02,New Sale,Strata,62,"36,803",-,Apartment,1,Freehold,Uncompleted,Private,229160,09,22,Central Region,Newton
8 HULLET,"2,202,380",656.6,"3,354",31 Mar 2018,8 HULLET ROAD #03-01,New Sale,Strata,61,"36,105",-,Apartment,1,Freehold,Uncompleted,Private,229160,09,22,Central Region,Newton
GRANDEUR PARK RESIDENCES,"1,192,000",667.37,"1,786",31 Mar 2018,9 BEDOK SOUTH AVENUE 3 #14-38,New Sale,Strata,62,"19,226",-,Condominium,1,99 yrs from 25/05/2016,Uncompleted,N.A,465465,16,46,East Region,Bedok
ARTRA,"1,665,500",828.83,"2,009",31 Mar 2018,10 ALEXANDRA VIEW #34-06,New Sale,Strata,77,"21,630",-,Apartment,1,99 yrs from 15/02/2016,Uncompleted,HDB,158745,03,15,Central Region,Bukit Merah
QUEENS PEAK,"1,621,000",850.36,"1,906",31 Mar 2018,1 DUNDEE ROAD #35-09,New Sale,Strata,79,"20,519",-,Condominium,1,99 yrs from 28/09/2015,Uncompleted,HDB,149456,03,14,Central Region,Queenstown
8 HULLET,"2,235,780",667.37,"3,350",31 Mar 2018,8 HULLET ROAD #03-02,New Sale,Strata,62,"36,061",-,Apartment,1,Freehold,Uncompleted,N.A,229160,09,22,Central Region,Newton
THE TAPESTRY,"665,820",473.62,"1,406",31 Mar 2018,51 TAMPINES STREET 86 #02-12,New Sale,Strata,44,"15,132",-,Condominium,1,99 yrs from 31/07/2017,Uncompleted,HDB,528539,18,52,East Region,Tampines
8 HULLET,"2,296,780",667.37,"3,442",31 Mar 2018,8 HULLET ROAD #08-02,New Sale,Strata,62,"37,045",-,Apartment,1,Freehold,Uncompleted,Private,229160,09,22,Central Region,Newton
SOPHIA HILLS,"3,376,000","1,539.25","2,193",31 Mar 2018,27 MOUNT SOPHIA #04-98,New Sale,Strata,143,"23,608",-,Condominium,1,99 yrs from 10/12/2013,2018,N.A,228478,09,22,Central Region,Rochor
SOPHIA HILLS,"2,143,000",979.52,"2,188",31 Mar 2018,25 MOUNT SOPHIA #01-84,New Sale,Strata,91,"23,549",-,Condominium,1,99 yrs from 10/12/2013,2018,Private,228477,09,22,Central Region,Rochor
