Project Name,Transacted Price ($),Area (SQFT),Unit Price ($ PSF),Sale Date,Address,Type of Sale,Type of Area,Area (SQM),Unit Price ($ PSM),Nett Price($),Property Type,Number of Units,Tenure,Completion Date,Purchaser Address Indicator,Postal Code,Postal District,Postal Sector,Planning Region,Planning Area
LAKE GRANDE,"1,130,000",818.06,"1,381",01 Jan 2018,8 JURONG LAKE LINK #01-21,New Sale,Strata,76,"14,868",-,Condominium,1,99 yrs from 09/06/2015,Uncompleted,N.A,648130,22,64,West Region,Jurong West
LAKE GRANDE,"1,201,000",861.12,"1,395",01 Jan 2018,8 JURONG LAKE LINK #17-21,New Sale,Strata,80,"15,013",-,Condominium,1,99 yrs from 09/06/2015,Uncompleted,HDB,648130,22,64,West Region,Jurong West
SYMPHONY SUITES,"942,000",893.41,"1,054",01 Jan 2018,3 YISHUN CLOSE #04-07,New Sale,Strata,83,"11,349",-,Condominium,1,99 yrs from 10/06/2014,Uncompleted,N.A,768005,27,76,North Region,Yishun
SIMS URBAN OASIS,"1,522,200","1,130.22","1,347",01 Jan 2018,10 SIMS DRIVE #18-39,New Sale,Strata,105,"14,497",-,Condominium,1,99 yrs from 29/07/2014,2017,HDB,387390,14,38,Central Region,Geylang
STARS OF KOVAN,"1,527,000",958,"1,594",01 Jan 2018,984 UPPER SERANGOON ROAD #16-19,New Sale,Strata,89,"17,157",-,Apartment,1,99 yrs from 25/02/2015,Uncompleted,Private,533854,19,53,North East Region,Hougang
TRELLIS TOWERS,"828,000",548.96,"1,508",02 Jan 2018,700 LORONG 1 TOA PAYOH #06-05,Resale,Strata,51,"16,235",-,Condominium,1,Freehold,2000,HDB,319773,12,31,Central Region,Toa Payoh
CENTRAL VIEW,"1,060,000","1,259.39",842,02 Jan 2018,52 HOUGANG STREET 11 #05-08,Resale,Strata,117,"9,060",-,Condominium,1,99 yrs from 20/03/1998,2002,Private,538750,19,53,North East Region,Hougang
SPRINGVALE,"1,088,000",968.76,"1,123",02 Jan 2018,907 EAST COAST ROAD #03-03,Resale,Strata,90,"12,089",-,Apartment,1,Freehold,1995,HDB,459107,15,45,East Region,Bedok
FLAMINGO VALLEY,"1,630,000","1,205.57","1,352",02 Jan 2018,470 SIGLAP ROAD #02-30,Resale,Strata,112,"14,554",-,Condominium,1,Freehold,2014,HDB,454943,15,45,East Region,Bedok
EVERGREEN PARK,"770,000","1,173.28",656,02 Jan 2018,35 HOUGANG AVENUE 7 #12-04,Resale,Strata,109,"7,064",-,Apartment,1,99 yrs from 01/10/1995,1999,HDB,538802,19,53,North East Region,Hougang
SEASIDE RESIDENCES,"2,041,000","1,259.39","1,621",02 Jan 2018,12 SIGLAP LINK #06-09,New Sale,Strata,117,"17,444",-,Apartment,1,99 yrs from 18/04/2016,Uncompleted,HDB,448870,15,44,East Region,Bedok
LANDMARK TOWER,"1,035,000","1,033.34","1,002",02 Jan 2018,173 CHIN SWEE ROAD #13-02,Resale,Strata,96,"10,781",-,Apartment,1,99 yrs from 16/06/1980,1985,Private,169878,03,16,Central Region,Outram
RAFFLESIA CONDOMINIUM,"1,280,000","1,194.8","1,071",02 Jan 2018,31 BISHAN STREET 21 #20-05,Resale,Strata,111,"11,532",-,Condominium,1,99 yrs from 18/07/1997,2003,HDB,579800,20,57,Central Region,Bishan
CITYLIGHTS,"1,310,000",893.41,"1,466",02 Jan 2018,86 JELLICOE ROAD #14-18,Resale,Strata,83,"15,783",-,Condominium,1,99 yrs from 05/01/2004,2007,Private,208745,08,20,Central Region,Kallang
THE CLIFT,"1,000,000",495.14,"2,020",02 Jan 2018,21 MCCALLUM STREET #13-07,Resale,Strata,46,"21,739",-,Apartment,1,99 yrs from 28/04/2004,2011,Private,069047,01,06,Central Region,Downtown Core
GRANDEUR PARK RESIDENCES,"998,000",624.31,"1,599",02 Jan 2018,1 BEDOK SOUTH AVENUE 3 #04-14,New Sale,Strata,58,"17,207",-,Condominium,1,99 yrs from 25/05/2016,Uncompleted,HDB,465461,16,46,East Region,Bedok
VISTA RESIDENCES,"2,000,000","1,334.74","1,498",02 Jan 2018,28 JALAN DATOH #29-07,Resale,Strata,124,"16,129",-,Condominium,1,Freehold,2013,Private,329426,12,32,Central Region,Novena
WING FONG MANSIONS,"860,000","1,237.86",695,02 Jan 2018,12 LORONG 14 GEYLANG #08-16,Resale,Strata,115,"7,478",-,Apartment,1,Freehold,1997,HDB,398924,14,39,Central Region,Geylang
MARINA ONE RESIDENCES,"3,831,525","1,506.96","2,543",02 Jan 2018,21 MARINA WAY #19-18,New Sale,Strata,140,"27,368",-,Apartment,1,99 yrs from 01/07/2011,2017,N.A,018978,01,01,Central Region,Downtown Core
THOMSON IMPERIAL COURT,"1,600,000","2,152.8",743,02 Jan 2018,200 UPPER THOMSON ROAD #04-11,Resale,Strata,200,"8,000",-,Apartment,1,Freehold,1999,HDB,574424,20,57,Central Region,Bishan
KENSINGTON PARK CONDOMINIUM,"1,780,000","1,657.66","1,074",02 Jan 2018,12 KENSINGTON PARK DRIVE #03-05,Resale,Strata,154,"11,558",-,Condominium,1,999 yrs from 01/04/1878,1990,HDB,557325,19,55,North East Region,Serangoon
THE LINE @ TANJONG RHU,"1,044,000",419.8,"2,487",02 Jan 2018,6 TANJONG RHU ROAD #06-08,Resale,Strata,39,"26,769",-,Condominium,1,Freehold,2016,HDB,436883,15,43,Central Region,Kallang
HILLBROOKS,"1,100,000","1,097.93","1,002",02 Jan 2018,90 HILLVIEW AVENUE #09-02,Resale,Strata,102,"10,784",-,Condominium,1,Freehold,1999,Private,669610,23,66,West Region,Bukit Batok
THE CREST,"2,488,000","1,216.33","2,045",02 Jan 2018,111 PRINCE CHARLES CRESCENT #04-29,Resale,Strata,113,"22,018",-,Condominium,1,99 yrs from 21/12/2012,2017,Private,159022,03,15,Central Region,Bukit Merah
MARTIN EDGE,"850,000",516.67,"1,645",02 Jan 2018,50 MARTIN ROAD #05-01,Resale,Strata,48,"17,708",-,Apartment,1,Freehold,2006,Private,239071,09,23,Central Region,River Valley
SIMS URBAN OASIS,"1,585,500","1,033.34","1,534",02 Jan 2018,18 SIMS DRIVE #09-61,New Sale,Strata,96,"16,516",-,Condominium,1,99 yrs from 29/07/2014,2017,N.A,387394,14,38,Central Region,Geylang
LAKE GRANDE,"1,595,000","1,151.75","1,385",02 Jan 2018,2 JURONG LAKE LINK #02-08,New Sale,Strata,107,"14,907",-,Condominium,1,99 yrs from 09/06/2015,Uncompleted,HDB,648157,22,64,West Region,Jurong West
THE SHORE RESIDENCES,"2,200,000","1,377.79","1,597",02 Jan 2018,85 AMBER ROAD #13-16,Resale,Strata,128,"17,188",-,Condominium,1,103 yrs from 18/08/2009,2014,Private,439895,15,43,Central Region,Marine Parade
SEASONS PARK,"1,110,000","1,291.68",859,02 Jan 2018,491 YIO CHU KANG ROAD #06-08,Resale,Strata,120,"9,250",-,Condominium,1,99 yrs from 01/03/1995,1997,Private,787078,26,78,North East Region,Ang Mo Kio
DOVER PARKVIEW,"1,000,000",968.76,"1,032",02 Jan 2018,32 DOVER RISE #08-01,Resale,Strata,90,"11,111",-,Condominium,1,99 yrs from 01/12/1993,1997,Private,138686,05,13,Central Region,Queenstown
PARC RIVIERA,"1,348,000","1,151.75","1,170",02 Jan 2018,103 WEST COAST VALE #16-12,New Sale,Strata,107,"12,598",-,Condominium,1,99 yrs from 11/11/2015,Uncompleted,Private,126754,05,12,West Region,Clementi
DORMER PARK,"2,025,000","1,248.62","1,622",02 Jan 2018,55 JERVOIS ROAD #10-01,Resale,Strata,116,"17,457",-,Condominium,1,Freehold,1993,Private,249047,10,24,Central Region,Tanglin
WATERFRONT ISLE,"1,255,000","1,151.75","1,090",02 Jan 2018,736 BEDOK RESERVOIR ROAD #03-26,Resale,Strata,107,"11,729",-,Condominium,1,99 yrs from 26/11/2009,2015,Private,479264,16,47,East Region,Bedok
SYMPHONY SUITES,"1,000,000",914.94,"1,093",02 Jan 2018,9 YISHUN CLOSE #13-17,New Sale,Strata,85,"11,765",-,Condominium,1,99 yrs from 10/06/2014,Uncompleted,Private,768008,27,76,North Region,Yishun
DUO RESIDENCES,"3,809,520","1,528.49","2,492",02 Jan 2018,1 FRASER STREET #43-18,New Sale,Strata,142,"26,828",-,Apartment,1,99 yrs from 01/07/2011,2017,Private,189350,07,18,Central Region,Downtown Core
THE GREENWICH,"635,000",602.78,"1,053",02 Jan 2018,7 SELETAR ROAD #05-20,Resale,Strata,56,"11,339",-,Condominium,1,99 yrs from 21/12/2009,2014,Private,807014,28,80,North East Region,Serangoon
THE MINTON,"1,450,000","1,216.33","1,192",02 Jan 2018,10 HOUGANG STREET 11 #14-31,Resale,Strata,113,"12,832",-,Condominium,1,99 yrs from 27/07/2007,2013,HDB,534080,19,53,North East Region,Hougang
GEM RESIDENCES,"1,395,000",936.47,"1,490",02 Jan 2018,1 LORONG 5 TOA PAYOH #19-07,New Sale,Strata,87,"16,034",-,Condominium,1,99 yrs from 21/09/2015,Uncompleted,Private,319458,12,31,Central Region,Toa Payoh
PARC OASIS,"1,325,000","1,506.96",879,02 Jan 2018,49 JURONG EAST AVENUE 1 #14-03,Resale,Strata,140,"9,464",-,Condominium,1,99 yrs from 01/12/1991,1994,Private,609781,22,60,West Region,Jurong East
SIGNATURE PARK,"1,580,000","1,399.32","1,129",02 Jan 2018,52 TOH TUCK ROAD #09-05,Resale,Strata,130,"12,154",-,Condominium,1,Freehold,1998,HDB,596743,21,59,Central Region,Bukit Timah
KERRISDALE,"1,500,000","1,280.92","1,171",02 Jan 2018,32 STURDEE ROAD #18-09,Resale,Strata,119,"12,605",-,Condominium,1,99 yrs from 02/04/1998,2005,Private,207853,08,20,Central Region,Kallang
SIMS URBAN OASIS,"1,592,100","1,033.34","1,541",02 Jan 2018,18 SIMS DRIVE #10-61,New Sale,Strata,96,"16,584",-,Condominium,1,99 yrs from 29/07/2014,2017,HDB,387394,14,38,Central Region,Geylang
KELLOCK LODGE,"1,260,000",893.41,"1,410",02 Jan 2018,3 KELLOCK ROAD #06-02,Resale,Strata,83,"15,181",-,Apartment,1,Freehold,1997,Private,248899,10,24,Central Region,Tanglin
SYMPHONY SUITES,"1,015,000","1,022.58",993,02 Jan 2018,13 YISHUN CLOSE #06-26,New Sale,Strata,95,"10,684",-,Condominium,1,99 yrs from 10/06/2014,Uncompleted,HDB,768010,27,76,North Region,Yishun
BLOSSOMS @ WOODLEIGH,"1,638,000","1,205.57","1,359",02 Jan 2018,10 WOODLEIGH CLOSE #08-08,Resale,Strata,112,"14,625",-,Condominium,1,Freehold,2007,HDB,357905,13,35,Central Region,Toa Payoh
LAKE GRANDE,"1,600,000","1,151.75","1,389",02 Jan 2018,2 JURONG LAKE LINK #03-08,New Sale,Strata,107,"14,953",-,Condominium,1,99 yrs from 09/06/2015,Uncompleted,N.A,648157,22,64,West Region,Jurong West
THE HILLIER,"770,000",516.67,"1,490",02 Jan 2018,2 HILLVIEW RISE #19-13,Resale,Strata,48,"16,042",-,Apartment,1,99 yrs from 01/08/2011,2016,HDB,667978,23,66,West Region,Bukit Batok
GEM RESIDENCES,"1,468,000",979.52,"1,499",02 Jan 2018,1 LORONG 5 TOA PAYOH #16-04,New Sale,Strata,91,"16,132",-,Condominium,1,99 yrs from 21/09/2015,Uncompleted,Private,319458,12,31,Central Region,Toa Payoh
THE RITZ-CARLTON RESIDENCES SINGAPORE CAIRNHILL,"11,480,000","3,056.98","3,755",02 Jan 2018,65 CAIRNHILL ROAD #31-02,Resale,Strata,284,"40,423",-,Apartment,1,Freehold,2011,Private,229721,09,22,Central Region,Newton
SIMS URBAN OASIS,"1,635,800","1,033.34","1,583",02 Jan 2018,18 SIMS DRIVE #15-61,New Sale,Strata,96,"17,040",-,Condominium,1,99 yrs from 29/07/2014,2017,HDB,387394,14,38,Central Region,Geylang
EVERGREEN PARK,"895,000","1,356.26",660,02 Jan 2018,31 HOUGANG AVENUE 7 #01-02,Resale,Strata,126,"7,103",-,Apartment,1,99 yrs from 01/10/1995,1999,Private,538800,19,53,North East Region,Hougang
RESIDENCES @ SOMME,"780,000",635.08,"1,228",02 Jan 2018,3 PETAIN ROAD #04-06,Resale,Strata,59,"13,220",-,Apartment,1,Freehold,2008,Private,208108,08,20,Central Region,Kallang
SIMS URBAN OASIS,"1,598,900","1,033.34","1,547",02 Jan 2018,18 SIMS DRIVE #11-61,New Sale,Strata,96,"16,655",-,Condominium,1,99 yrs from 29/07/2014,2017,N.A,387394,14,38,Central Region,Geylang
ALESSANDREA,"1,418,000","1,001.05","1,417",02 Jan 2018,31 ALEXANDRA ROAD #07-05,Resale,Strata,93,"15,247",-,Apartment,1,Freehold,2003,HDB,159967,03,15,Central Region,Bukit Merah
IDYLLIC EAST,"1,950,000","1,926.76","1,012",02 Jan 2018,576 UPPER EAST COAST ROAD #05-05,Resale,Strata,179,"10,894",-,Apartment,1,Freehold,2010,Private,466588,16,46,East Region,Bedok
THE CLEMENT CANOPY,"1,462,000",990.29,"1,476",02 Jan 2018,18 CLEMENTI AVENUE 1 #30-07,New Sale,Strata,92,"15,891",-,Apartment,1,99 yrs from 09/03/2016,Uncompleted,N.A,129961,05,12,West Region,Clementi
EUHABITAT,"640,000",548.96,"1,166",02 Jan 2018,212 JALAN EUNOS #04-81,Resale,Strata,51,"12,549",-,Condominium,1,99 yrs from 06/12/2010,2015,HDB,419550,14,41,East Region,Bedok
GOODWOOD RESIDENCE,"5,200,000","2,830.93","1,837",02 Jan 2018,263 BUKIT TIMAH ROAD #01-10,Resale,Strata,263,"19,772",-,Condominium,1,Freehold,2013,Private,259704,10,25,Central Region,Newton
CASA FLORA,"1,540,000","1,808.35",852,02 Jan 2018,21 SALAM WALK #01-01,Resale,Strata,168,"9,167",-,Condominium,1,Freehold,1987,Private,467169,16,46,East Region,Bedok
THE CALROSE,"1,810,000","1,410.08","1,284",02 Jan 2018,513 YIO CHU KANG ROAD #01-31,Resale,Strata,131,"13,817",-,Condominium,1,Freehold,2007,Private,787067,26,78,North East Region,Ang Mo Kio
SEASIDE RESIDENCES,"1,588,000","1,022.58","1,553",02 Jan 2018,18 SIGLAP LINK #07-34,New Sale,Strata,95,"16,716",-,Apartment,1,99 yrs from 18/04/2016,Uncompleted,Private,448873,15,44,East Region,Bedok
THE SOLITAIRE,"3,600,000","2,163.56","1,664",02 Jan 2018,5B BALMORAL PARK #04-05,Resale,Strata,201,"17,910",-,Condominium,1,Freehold,2009,Private,259830,10,25,Central Region,Tanglin
KANDIS RESIDENCE,"673,000",484.38,"1,389",02 Jan 2018,10 KANDIS LINK #03-22,New Sale,Strata,45,"14,956",-,Condominium,1,99 yrs from 11/07/2016,Uncompleted,HDB,756971,27,75,North Region,Sembawang
THE WHARF RESIDENCE,"2,780,000","1,474.67","1,885",03 Jan 2018,7 TONG WATT ROAD #10-03,Resale,Strata,137,"20,292",-,Condominium,1,999 yrs from 01/07/1841,2012,Private,238002,09,23,Central Region,River Valley
SKIES MILTONIA,"2,796,875","4,671.58",599,03 Jan 2018,15 MILTONIA CLOSE,Resale,Strata,434,"6,444",-,Condominium,1,99 yrs from 20/02/2012,2016,Private,768055,27,76,North Region,Yishun
SHELFORD 23,"2,120,000","1,345.5","1,576",03 Jan 2018,23A SHELFORD ROAD #03-07,Resale,Strata,125,"16,960",-,Apartment,1,Freehold,2011,Private,286655,11,28,Central Region,Bukit Timah
THE INSPIRA,"1,170,000",667.37,"1,753",03 Jan 2018,11 ARNASALAM CHETTY ROAD #04-05,Resale,Strata,62,"18,871",-,Condominium,1,Freehold,2009,Private,239949,09,23,Central Region,River Valley
PARK 1 SUITES,"1,373,000","1,097.93","1,251",03 Jan 2018,8 LORONG 40 GEYLANG #02-01,New Sale,Strata,102,"13,461",-,Apartment,1,Freehold,2017,Private,398054,14,39,Central Region,Geylang
NINETEEN SHELFORD ROAD,"1,920,000","1,560.78","1,230",03 Jan 2018,19 SHELFORD ROAD #04-34,Resale,Strata,145,"13,241",-,Condominium,1,Freehold,1997,Private,288408,11,28,Central Region,Bukit Timah
SYMPHONY SUITES,"991,000",893.41,"1,109",03 Jan 2018,3 YISHUN CLOSE #11-07,New Sale,Strata,83,"11,940",-,Condominium,1,99 yrs from 10/06/2014,Uncompleted,Private,768005,27,76,North Region,Yishun
LA BRISA,"790,000",602.78,"1,311",03 Jan 2018,50 LORONG 28 GEYLANG #06-06,Resale,Strata,56,"14,107",-,Apartment,1,Freehold,2012,HDB,398453,14,39,Central Region,Geylang
SYMPHONY SUITES,"1,069,000","1,022.58","1,045",03 Jan 2018,9 YISHUN CLOSE #10-18,New Sale,Strata,95,"11,253",-,Condominium,1,99 yrs from 10/06/2014,Uncompleted,Private,768008,27,76,North Region,Yishun
THE CENTRIS,"1,050,000","1,087.16",966,03 Jan 2018,81 JURONG WEST CENTRAL 3 #05-39,Resale,Strata,101,"10,396",-,Apartment,1,99 yrs from 21/06/2006,2009,HDB,648340,22,64,West Region,Jurong West
RIVERSAILS,"630,000",516.67,"1,219",03 Jan 2018,2 UPPER SERANGOON CRESCENT #16-02,Resale,Strata,48,"13,125",-,Condominium,1,99 yrs from 07/12/2011,2016,Private,534035,19,53,North East Region,Hougang
SKIES MILTONIA,"2,796,875","4,671.58",599,03 Jan 2018,13 MILTONIA CLOSE,Resale,Strata,434,"6,444",-,Condominium,1,99 yrs from 20/02/2012,2016,Private,768054,27,76,North Region,Yishun
SYMPHONY SUITES,"1,044,000","1,022.58","1,021",03 Jan 2018,13 YISHUN CLOSE #07-26,New Sale,Strata,95,"10,989",-,Condominium,1,99 yrs from 10/06/2014,Uncompleted,HDB,768010,27,76,North Region,Yishun
GALLOP GREEN,"5,660,000","3,261.49","1,735",03 Jan 2018,19 WOOLLERTON PARK #04-22,Resale,Strata,303,"18,680",-,Condominium,1,Freehold,2002,Private,257537,10,25,Central Region,Tanglin
RIVERSOUND RESIDENCE,"1,200,000","1,367.03",878,03 Jan 2018,1 SENGKANG EAST AVENUE #09-01,Resale,Strata,127,"9,449",-,Condominium,1,99 yrs from 26/08/2011,2015,Private,544811,19,54,North East Region,Sengkang
SIMS URBAN OASIS,"1,605,600","1,033.34","1,554",03 Jan 2018,18 SIMS DRIVE #12-61,New Sale,Strata,96,"16,725",-,Condominium,1,99 yrs from 29/07/2014,2017,HDB,387394,14,38,Central Region,Geylang
SYMPHONY SUITES,"973,000",914.94,"1,063",03 Jan 2018,13 YISHUN CLOSE #10-25,New Sale,Strata,85,"11,447",-,Condominium,1,99 yrs from 10/06/2014,Uncompleted,HDB,768010,27,76,North Region,Yishun
LIVIA,"1,230,000","1,410.08",872,03 Jan 2018,81 PASIR RIS GROVE #03-48,Resale,Strata,131,"9,389",-,Condominium,1,99 yrs from 07/01/2008,2011,HDB,518210,18,51,East Region,Pasir Ris
TRILIGHT,"2,350,000","1,087.16","2,162",03 Jan 2018,7 NEWTON ROAD #30-03,Resale,Strata,101,"23,267",-,Condominium,1,Freehold,2012,Private,307945,11,30,Central Region,Novena
SPOTTISWOODE 18,"960,000",505.91,"1,898",03 Jan 2018,18 SPOTTISWOODE PARK ROAD #07-01,Resale,Strata,47,"20,426",-,Apartment,1,Freehold,2014,HDB,088642,02,08,Central Region,Bukit Merah
SKIES MILTONIA,"2,796,875","4,671.58",599,03 Jan 2018,9 MILTONIA CLOSE,Resale,Strata,434,"6,444",-,Condominium,1,99 yrs from 20/02/2012,2016,Private,768052,27,76,North Region,Yishun
REGENTVILLE,"995,000","1,743.77",571,03 Jan 2018,8 HOUGANG STREET 92 #15-04,Resale,Strata,162,"6,142",-,Apartment,1,99 yrs from 24/04/1996,1999,HDB,538686,19,53,North East Region,Hougang
THE BAYSHORE,"1,150,000","1,227.1",937,03 Jan 2018,34 BAYSHORE ROAD #10-06,Resale,Strata,114,"10,088",-,Condominium,1,99 yrs from 31/05/1993,1997,Private,469976,16,46,East Region,Bedok
SKIES MILTONIA,"2,796,875","4,671.58",599,03 Jan 2018,11 MILTONIA CLOSE,Resale,Strata,434,"6,444",-,Condominium,1,99 yrs from 20/02/2012,2016,Private,768053,27,76,North Region,Yishun
BARTLEY RESIDENCES,"1,148,888","1,001.05","1,148",03 Jan 2018,7A LORONG HOW SUN #01-46,Resale,Strata,93,"12,354",-,Apartment,1,99 yrs from 29/06/2011,2015,HDB,536565,19,53,North East Region,Serangoon
OLEANDER TOWERS,"1,080,000",893.41,"1,209",03 Jan 2018,913 LORONG 1 TOA PAYOH #18-01,Resale,Strata,83,"13,012",-,Apartment,1,99 yrs from 01/03/1995,1998,HDB,319772,12,31,Central Region,Toa Payoh
RIVERVALE CREST,"730,000",936.47,780,03 Jan 2018,9 RIVERVALE CRESCENT #08-26,Resale,Strata,87,"8,391",-,Apartment,1,99 yrs from 06/12/1997,2002,HDB,545086,19,54,North East Region,Sengkang
LAKEVIEW ESTATE,"2,500,000","3,035.45",824,03 Jan 2018,97C UPPER THOMSON ROAD #21-09,Resale,Strata,282,"8,865",-,Apartment,1,99 yrs from 01/06/1977,1977,Private,574329,20,57,Central Region,Bishan
THE BEVERLY,"2,850,000","3,659.76",779,03 Jan 2018,47 TOH TUCK ROAD #05-24,Resale,Strata,340,"8,382",-,Apartment,1,Freehold,2012,Private,596722,21,59,Central Region,Bukit Timah
CARDIFF RESIDENCE,"595,000",419.8,"1,417",03 Jan 2018,103 CARDIFF GROVE #02-29,Resale,Strata,39,"15,256",-,Condominium,1,99 yrs from 04/11/2011,2014,HDB,558962,19,55,North East Region,Serangoon
26 NEWTON,"2,008,000",775.01,"2,591",03 Jan 2018,26 NEWTON ROAD #08-06,Resale,Strata,72,"27,889",-,Apartment,1,Freehold,2016,Private,307957,11,30,Central Region,Novena
SUNRISE GARDENS,"1,088,000","1,463.9",743,03 Jan 2018,53 SUNRISE AVENUE #01-20,Resale,Strata,136,"8,000",-,Condominium,1,99 yrs from 24/06/1995,1998,Private,806746,28,80,North East Region,Ang Mo Kio
WHITEHAVEN,"900,000",538.2,"1,672",03 Jan 2018,332 PASIR PANJANG ROAD #03-03,Resale,Strata,50,"18,000",-,Apartment,1,Freehold,2016,Private,117395,05,11,Central Region,Queenstown
THE SIERRA,"1,648,000","1,205.57","1,367",03 Jan 2018,80 MOUNT SINAI DRIVE #09-03,Resale,Strata,112,"14,714",-,Apartment,1,947 yrs from 15/05/1937,1998,Private,277125,10,27,Central Region,Bukit Timah
DE CENTURION,"900,000",570.49,"1,578",03 Jan 2018,6A TANJONG RHU ROAD #08-02,Resale,Strata,53,"16,981",-,Apartment,1,Freehold,2010,Private,436884,15,43,Central Region,Kallang
SKIES MILTONIA,"2,796,875","4,671.58",599,03 Jan 2018,3 MILTONIA CLOSE,Resale,Strata,434,"6,444",-,Condominium,1,99 yrs from 20/02/2012,2016,Private,768049,27,76,North Region,Yishun
THE TRILLIUM,"4,550,000","2,389.61","1,904",03 Jan 2018,112 KIM SENG ROAD #05-01,Resale,Strata,222,"20,495",-,Condominium,1,Freehold,2010,Private,239432,09,23,Central Region,Singapore River
COSTA DEL SOL,"2,180,000","1,560.78","1,397",03 Jan 2018,76 BAYSHORE ROAD #21-19,Resale,Strata,145,"15,034",-,Condominium,1,99 yrs from 05/05/1997,2003,Private,469990,16,46,East Region,Bedok
SUITES @ NEWTON,"950,000",484.38,"1,961",03 Jan 2018,1 SURREY ROAD #04-04,Resale,Strata,45,"21,111",-,Apartment,1,Freehold,2016,HDB,307740,11,30,Central Region,Novena
ROSEWOOD,"850,000","1,173.28",724,03 Jan 2018,11 ROSEWOOD DRIVE #11-22,Resale,Strata,109,"7,798",-,Condominium,1,99 yrs from 20/06/2000,2003,HDB,737939,25,73,North Region,Woodlands
BLUE HORIZON,"1,195,000","1,151.75","1,038",03 Jan 2018,21 WEST COAST CRESCENT #18-05,Resale,Strata,107,"11,168",-,Condominium,1,99 yrs from 14/08/2000,2005,Private,128045,05,12,West Region,Clementi
OASIS @ ELIAS,"945,000","1,216.33",777,03 Jan 2018,70 ELIAS ROAD #10-19,Resale,Strata,113,"8,363",-,Condominium,1,99 yrs from 17/03/2008,2011,HDB,519943,18,51,East Region,Pasir Ris
YISHUN EMERALD,"850,000","1,334.74",637,03 Jan 2018,28 CANBERRA DRIVE #01-20,Resale,Strata,124,"6,855",-,Condominium,1,99 yrs from 16/02/1998,2002,Private,768429,27,76,North Region,Yishun
BULLION PARK,"858,000",807.3,"1,063",03 Jan 2018,168 LENTOR LOOP #12-02,Resale,Strata,75,"11,440",-,Condominium,1,Freehold,1993,Private,789098,26,78,North East Region,Ang Mo Kio
CANTIZ @ RAMBAI,"1,000,000",850.36,"1,176",03 Jan 2018,21 RAMBAI ROAD #02-02,Resale,Strata,79,"12,658",-,Apartment,1,Freehold,2010,HDB,424340,15,42,Central Region,Marine Parade
VILLA MARINA,"1,220,000","1,496.2",815,03 Jan 2018,25 JALAN SEMPADAN #01-16,Resale,Strata,139,"8,777",-,Condominium,1,99 yrs from 13/02/1995,1999,HDB,457400,15,45,East Region,Bedok
D'LEEDON,"6,800,000","5,134.43","1,324",03 Jan 2018,3 LEEDON HEIGHTS #35-05,Resale,Strata,477,"14,256",-,Condominium,1,99 yrs from 08/04/2010,2014,Private,267951,10,26,Central Region,Bukit Timah
BEDOK RESIDENCES,"800,000",516.67,"1,548",03 Jan 2018,30 BEDOK NORTH DRIVE #09-50,Resale,Strata,48,"16,667",-,Apartment,1,99 yrs from 21/11/2011,2015,HDB,465501,16,46,East Region,Bedok
WILKIE 87,"1,620,000","1,227.1","1,320",03 Jan 2018,87 WILKIE ROAD #04-03,Resale,Strata,114,"14,211",-,Apartment,1,Freehold,2004,HDB,228084,09,22,Central Region,Rochor
SKY VUE,"1,310,000",807.3,"1,623",03 Jan 2018,3 BISHAN STREET 15 #21-11,Resale,Strata,75,"17,467",-,Condominium,1,99 yrs from 04/03/2013,2016,HDB,573911,20,57,Central Region,Bishan
THE INSPIRA,"2,380,000","1,248.62","1,906",03 Jan 2018,11 ARNASALAM CHETTY ROAD #12-04,Resale,Strata,116,"20,517",-,Condominium,1,Freehold,2009,Private,239949,09,23,Central Region,River Valley
SKY HABITAT,"1,914,900","1,280.92","1,495",03 Jan 2018,7 BISHAN STREET 15 #23-05,Resale,Strata,119,"16,092",-,Condominium,1,99 yrs from 30/05/2011,2015,Private,573908,20,57,Central Region,Bishan
PARC RIVIERA,"1,141,000",990.29,"1,152",03 Jan 2018,103 WEST COAST VALE #08-17,New Sale,Strata,92,"12,402",-,Condominium,1,99 yrs from 11/11/2015,Uncompleted,HDB,126754,05,12,West Region,Clementi
WATER PLACE,"1,505,000","1,216.33","1,237",03 Jan 2018,171 TANJONG RHU ROAD #11-01,Resale,Strata,113,"13,319",-,Condominium,1,99 yrs from 02/03/1998,2004,Private,436931,15,43,Central Region,Kallang
PARC ROSEWOOD,"655,000",602.78,"1,087",03 Jan 2018,91 ROSEWOOD DRIVE #03-104,Resale,Strata,56,"11,696",-,Condominium,1,99 yrs from 07/09/2011,2014,Private,737793,25,73,North Region,Woodlands
NORTH PARK RESIDENCES,"1,529,040","1,162.51","1,315",03 Jan 2018,33 YISHUN CENTRAL 1 #04-74,New Sale,Strata,108,"14,158",-,Apartment,1,99 yrs from 19/03/2015,Uncompleted,N.A,768806,27,76,North Region,Yishun
CENTRAL GREEN CONDOMINIUM,"1,100,000",775.01,"1,419",03 Jan 2018,5 JALAN MEMBINA #10-02,Resale,Strata,72,"15,278",-,Condominium,1,99 yrs from 01/07/1992,1995,HDB,169481,03,16,Central Region,Bukit Merah
SKIES MILTONIA,"2,796,875","4,671.58",599,03 Jan 2018,1 MILTONIA CLOSE,Resale,Strata,434,"6,444",-,Condominium,1,99 yrs from 20/02/2012,2016,Private,768123,27,76,North Region,Yishun
PARC BOTANNIA,"857,000",667.37,"1,284",03 Jan 2018,10 FERNVALE STREET #06-05,New Sale,Strata,62,"13,823",-,Condominium,1,99 yrs from 28/12/2016,Uncompleted,Private,797390,28,79,North East Region,Sengkang
SKIES MILTONIA,"2,796,875","4,671.58",599,03 Jan 2018,5 MILTONIA CLOSE,Resale,Strata,434,"6,444",-,Condominium,1,99 yrs from 20/02/2012,2016,Private,768050,27,76,North Region,Yishun
VILLA AZURA,"1,878,000","1,334.74","1,407",03 Jan 2018,1 CHERRY AVENUE #02-09,Resale,Strata,124,"15,145",-,Condominium,1,Freehold,1999,Private,279871,10,27,Central Region,Bukit Timah
SKIES MILTONIA,"2,796,875","4,671.58",599,03 Jan 2018,7 MILTONIA CLOSE,Resale,Strata,434,"6,444",-,Condominium,1,99 yrs from 20/02/2012,2016,Private,768051,27,76,North Region,Yishun
EUHABITAT,"669,000",635.08,"1,053",04 Jan 2018,206 JALAN EUNOS #01-55,Resale,Strata,59,"11,339",-,Condominium,1,99 yrs from 06/12/2010,2015,HDB,419547,14,41,East Region,Bedok
BOATHOUSE RESIDENCES,"970,000","1,108.69",875,04 Jan 2018,25 UPPER SERANGOON VIEW #03-08,Resale,Strata,103,"9,417",-,Condominium,1,99 yrs from 09/02/2011,2015,HDB,534046,19,53,North East Region,Hougang
THE TRILINQ,"1,466,000","1,108.69","1,322",04 Jan 2018,28 JALAN LEMPENG #28-08,New Sale,Strata,103,"14,233",-,Condominium,1,99 yrs from 16/04/2012,2017,HDB,128807,05,12,West Region,Clementi
THE IMPERIAL,"3,900,000","1,991.34","1,958",04 Jan 2018,7 JALAN RUMBIA #10-09,Resale,Strata,185,"21,081",-,Condominium,1,Freehold,2006,Private,239619,09,23,Central Region,Museum
EASTPOINT GREEN,"800,000",968.76,826,04 Jan 2018,5 SIMEI STREET 3 #05-03,Resale,Strata,90,"8,889",-,Condominium,1,99 yrs from 24/04/1996,1999,Private,529892,18,52,East Region,Tampines
NORTH PARK RESIDENCES,"1,456,360","1,097.93","1,326",04 Jan 2018,25 YISHUN CENTRAL 1 #07-55,New Sale,Strata,102,"14,278",-,Apartment,1,99 yrs from 19/03/2015,Uncompleted,HDB,768802,27,76,North Region,Yishun
GALLOP GABLES,"3,000,000","1,733","1,731",04 Jan 2018,74 FARRER ROAD #03-04,Resale,Strata,161,"18,634",-,Condominium,1,Freehold,1997,Private,268852,10,26,Central Region,Tanglin
MARINA ONE RESIDENCES,"3,616,770","1,506.96","2,400",04 Jan 2018,21 MARINA WAY #10-18,New Sale,Strata,140,"25,834",-,Apartment,1,99 yrs from 01/07/2011,2017,HDB,018978,01,01,Central Region,Downtown Core
SUITES @ SIMS,"518,000",376.74,"1,375",04 Jan 2018,468 SIMS AVENUE #02-03,Resale,Strata,35,"14,800",-,Apartment,1,Freehold,2013,Private,387544,14,38,Central Region,Geylang
REZI 35,"1,196,500",850.36,"1,407",04 Jan 2018,20 LORONG 35 GEYLANG #06-07,New Sale,Strata,79,"15,146",-,Apartment,1,Freehold,Uncompleted,Private,387949,14,38,Central Region,Geylang
HILLVIEW REGENCY,"785,000",904.18,868,04 Jan 2018,26 BUKIT BATOK EAST AVENUE 2 #08-05,Resale,Strata,84,"9,345",-,Condominium,1,99 yrs from 20/06/2000,2005,Private,659920,23,65,West Region,Bukit Batok
HILLVIEW REGENCY,"880,000","1,119.46",786,04 Jan 2018,28 BUKIT BATOK EAST AVENUE 2 #16-20,Resale,Strata,104,"8,462",-,Condominium,1,99 yrs from 20/06/2000,2006,HDB,659921,23,65,West Region,Bukit Batok
SKY HABITAT,"2,000,981","1,410.08","1,419",04 Jan 2018,7 BISHAN STREET 15 #12-06,Resale,Strata,131,"15,275",-,Condominium,1,99 yrs from 30/05/2011,2015,Private,573908,20,57,Central Region,Bishan
THE COTZ,"556,000",409.03,"1,359",04 Jan 2018,171 TELOK KURAU ROAD #04-05,Resale,Strata,38,"14,632",-,Apartment,1,Freehold,2010,HDB,423824,15,42,East Region,Bedok
SIMS URBAN OASIS,"1,500,700","1,033.34","1,452",04 Jan 2018,18 SIMS DRIVE #17-62,New Sale,Strata,96,"15,632",-,Condominium,1,99 yrs from 29/07/2014,2017,HDB,387394,14,38,Central Region,Geylang
THE TROPICA,"965,000","1,237.86",780,04 Jan 2018,51 TAMPINES AVENUE 1 #02-05,Resale,Strata,115,"8,391",-,Condominium,1,99 yrs from 04/12/1996,2000,Private,529771,18,52,East Region,Tampines
ARTRA,"1,947,500","1,044.11","1,865",04 Jan 2018,10 ALEXANDRA VIEW #31-09,New Sale,Strata,97,"20,077",-,Apartment,1,99 yrs from 15/02/2016,Uncompleted,N.A,158745,03,15,Central Region,Bukit Merah
THE MAKENA,"5,100,000","3,153.85","1,617",04 Jan 2018,123 MEYER ROAD #28-03,Resale,Strata,293,"17,406",-,Condominium,1,Freehold,1998,Private,437934,15,43,Central Region,Marine Parade
ECO,"1,150,000",839.59,"1,370",04 Jan 2018,281 BEDOK SOUTH AVENUE 3 #07-37,Sub Sale,Strata,78,"14,744",-,Condominium,1,99 yrs from 14/05/2012,2017,Private,465459,16,46,East Region,Bedok
AMBER RESIDENCES,"1,700,000","1,248.62","1,361",04 Jan 2018,50 AMBER ROAD #02-04,Resale,Strata,116,"14,655",-,Condominium,1,Freehold,2011,Private,439888,15,43,Central Region,Marine Parade
SYMPHONY SUITES,"1,059,000","1,022.58","1,036",04 Jan 2018,9 YISHUN CLOSE #10-19,New Sale,Strata,95,"11,147",-,Condominium,1,99 yrs from 10/06/2014,Uncompleted,HDB,768008,27,76,North Region,Yishun
AMARYLLIS VILLE,"1,010,000",656.6,"1,538",04 Jan 2018,20 NEWTON ROAD #18-03,Resale,Strata,61,"16,557",-,Condominium,1,99 yrs from 24/10/1997,2004,HDB,307953,11,30,Central Region,Novena
WATERVIEW,"1,140,000","1,130.22","1,009",04 Jan 2018,95 TAMPINES AVENUE 1 #09-46,Resale,Strata,105,"10,857",-,Condominium,1,99 yrs from 16/06/2010,2014,HDB,528692,18,52,East Region,Tampines
ST PATRICK'S LOFT,"2,250,000","1,959.05","1,149",04 Jan 2018,45 ST. PATRICK'S ROAD #05-10,Resale,Strata,182,"12,363",-,Apartment,1,Freehold,2008,HDB,424166,15,42,East Region,Bedok
THE TRILLIUM,"2,875,000","1,399.32","2,055",04 Jan 2018,118 KIM SENG ROAD #21-10,Resale,Strata,130,"22,115",-,Condominium,1,Freehold,2010,Private,239435,09,23,Central Region,Singapore River
PARC PALAIS,"1,480,000","1,485.43",996,04 Jan 2018,57 HUME AVENUE #04-07,Resale,Strata,138,"10,725",-,Condominium,1,Freehold,1999,Private,598753,21,59,West Region,Bukit Batok
THE MINTON,"1,200,000","1,216.33",987,04 Jan 2018,6A HOUGANG STREET 11 #02-13,Resale,Strata,113,"10,619",-,Condominium,1,99 yrs from 27/07/2007,2013,Private,538756,19,53,North East Region,Hougang
LE NOUVEL ARDMORE,"15,660,100","3,821.22","4,098",04 Jan 2018,1A ARDMORE PARK #30-02,Resale,Strata,355,"44,113",-,Condominium,1,Freehold,2014,Private,259945,10,25,Central Region,Newton
CENTRAL GROVE,"1,350,000","1,259.39","1,072",04 Jan 2018,3 GEYLANG EAST AVENUE 1 #18-09,Resale,Strata,117,"11,538",-,Condominium,1,99 yrs from 18/07/1997,2001,Private,389779,14,38,Central Region,Geylang
YISHUN SAPPHIRE,"971,000","1,356.26",716,04 Jan 2018,50 CANBERRA DRIVE #12-19,Resale,Strata,126,"7,706",-,Condominium,1,99 yrs from 16/02/1998,2001,HDB,768438,27,76,North Region,Yishun
GUILIN VIEW,"875,000","1,259.39",695,04 Jan 2018,22 BUKIT BATOK STREET 52 #02-03,Resale,Strata,117,"7,479",-,Condominium,1,99 yrs from 24/04/1996,1999,HDB,659245,23,65,West Region,Bukit Batok
V ON SHENTON,"1,180,000",484.38,"2,436",04 Jan 2018,5A SHENTON WAY #14-17,Sub Sale,Strata,45,"26,222",-,Apartment,1,99 yrs from 29/11/2011,2017,HDB,068814,01,06,Central Region,Downtown Core
JOO CHIAT APARTMENT,"1,680,000","2,055.92",817,04 Jan 2018,293 ONAN ROAD #02-01,Resale,Strata,191,"8,796",-,Apartment,1,Freehold,-,HDB,424681,15,42,Central Region,Marine Parade
RIVERSAILS,"950,000",979.52,970,04 Jan 2018,8 UPPER SERANGOON CRESCENT #04-21,Resale,Strata,91,"10,440",-,Condominium,1,99 yrs from 07/12/2011,2016,Private,534032,19,53,North East Region,Hougang
REFLECTIONS AT KEPPEL BAY,"1,850,000","1,216.33","1,521",04 Jan 2018,31 KEPPEL BAY VIEW #10-90,Resale,Strata,113,"16,372",-,Condominium,1,99 yrs from 15/03/2006,2011,Private,098418,04,09,Central Region,Bukit Merah
CENTRAL VIEW,"1,100,000","1,291.68",852,04 Jan 2018,52 HOUGANG STREET 11 #13-08,Resale,Strata,120,"9,167",-,Condominium,1,99 yrs from 20/03/1998,2002,HDB,538750,19,53,North East Region,Hougang
BUKIT REGENCY,"1,450,000","1,431.61","1,013",04 Jan 2018,5 UPPER BUKIT TIMAH VIEW #02-12,Resale,Strata,133,"10,902",-,Condominium,1,Freehold,1995,Private,588134,21,58,Central Region,Bukit Timah
STURDEE RESIDENCES,"1,459,800",947.23,"1,541",04 Jan 2018,10 BEATTY ROAD #20-01,New Sale,Strata,88,"16,589",-,Condominium,1,99 yrs from 29/06/2015,Uncompleted,HDB,209955,08,20,Central Region,Kallang
ATRIUM RESIDENCES,"1,008,888","1,022.58",987,04 Jan 2018,15 LORONG 28 GEYLANG #07-23,Resale,Strata,95,"10,620",-,Apartment,1,Freehold,2008,HDB,398419,14,39,Central Region,Geylang
EAST MEADOWS,"1,300,000","1,377.79",944,04 Jan 2018,30 TANAH MERAH KECHIL ROAD #08-09,Resale,Strata,128,"10,156",-,Condominium,1,99 yrs from 02/03/1998,2001,HDB,465558,16,46,East Region,Bedok
N.A.,"3,080,000","1,506.96","2,044",04 Jan 2018,7 DRAYCOTT DRIVE #04-01,Resale,Strata,140,"22,000",-,Apartment,1,Freehold,2000,Private,259421,10,25,Central Region,Newton
PANDAN VALLEY,"1,900,000","1,668.42","1,139",04 Jan 2018,2 PANDAN VALLEY #10-209,Resale,Strata,155,"12,258",-,Condominium,1,Freehold,1978,HDB,597626,21,59,Central Region,Bukit Timah
BANYAN CONDOMINIUM,"1,250,000","1,119.46","1,117",04 Jan 2018,7 CHWEE CHIAN ROAD #03-05,Resale,Strata,104,"12,019",-,Condominium,1,Freehold,1995,Private,119749,05,11,Central Region,Queenstown
RIVERSAILS,"1,120,000","1,184.04",946,04 Jan 2018,18 UPPER SERANGOON CRESCENT #02-47,Resale,Strata,110,"10,182",-,Condominium,1,99 yrs from 07/12/2011,2016,HDB,534027,19,53,North East Region,Hougang
GEM RESIDENCES,"1,538,460",979.52,"1,571",05 Jan 2018,1 LORONG 5 TOA PAYOH #32-04,New Sale,Strata,91,"16,906",-,Condominium,1,99 yrs from 21/09/2015,Uncompleted,Private,319458,12,31,Central Region,Toa Payoh
11 AMBER ROAD,"2,088,000","1,506.96","1,386",05 Jan 2018,11 AMBER ROAD #15-01,Resale,Strata,140,"14,914",-,Apartment,1,Freehold,2004,Private,439857,15,43,Central Region,Marine Parade
LE HILL CONDOMINIUM,"1,070,000","1,011.82","1,058",05 Jan 2018,42 PASIR PANJANG HILL #02-02,Resale,Strata,94,"11,383",-,Condominium,1,Freehold,1999,Private,118894,05,11,Central Region,Queenstown
SOLEIL @ SINARAN,"3,250,000","1,722.24","1,887",05 Jan 2018,6 SINARAN DRIVE #22-10,Resale,Strata,160,"20,313",-,Condominium,1,99 yrs from 23/10/2006,2011,Private,307468,11,30,Central Region,Novena
PARK INFINIA AT WEE NAM,"2,223,000","1,130.22","1,967",05 Jan 2018,2A LINCOLN ROAD #25-04,Resale,Strata,105,"21,171",-,Condominium,1,Freehold,2008,Private,308364,11,30,Central Region,Novena
BUKIT REGENCY,"1,488,889","1,399.32","1,064",05 Jan 2018,9 UPPER BUKIT TIMAH VIEW #04-02,Resale,Strata,130,"11,453",-,Condominium,1,Freehold,1995,Private,588136,21,58,Central Region,Bukit Timah
LOYANG VALLEY,"1,200,000","1,872.94",641,05 Jan 2018,222 LOYANG AVENUE #04-01,Resale,Strata,174,"6,897",-,Condominium,1,99 yrs from 20/08/1982,1985,Private,509068,17,50,East Region,Pasir Ris
HIGHLINE RESIDENCES,"2,362,500","1,291.68","1,829",05 Jan 2018,9 KIM TIAN ROAD #04-17,New Sale,Strata,120,"19,688",-,Condominium,1,99 yrs from 22/07/2013,Uncompleted,Private,168593,03,16,Central Region,Bukit Merah
KENTISH LODGE,"950,000","1,184.04",802,05 Jan 2018,3 OXFORD ROAD #01-10,Resale,Strata,110,"8,636",-,Apartment,1,99 yrs from 01/03/1995,1998,HDB,218814,08,21,Central Region,Kallang
CASTLE LOFT,"700,000",656.6,"1,066",05 Jan 2018,133 LORONG K TELOK KURAU #01-02,Resale,Strata,61,"11,475",-,Apartment,1,Freehold,1996,Private,425770,15,42,East Region,Bedok
WATERFRONT ISLE,"725,000",592.02,"1,225",05 Jan 2018,738 BEDOK RESERVOIR ROAD #11-31,Resale,Strata,55,"13,182",-,Condominium,1,99 yrs from 26/11/2009,2015,Private,479265,16,47,East Region,Bedok
HIGH OAK CONDOMINIUM,"1,060,000","1,216.33",871,05 Jan 2018,11 TOH TUCK ROAD #03-45,Resale,Strata,113,"9,381",-,Condominium,1,99 yrs from 24/04/1996,1999,Private,596290,21,59,Central Region,Bukit Timah
SUNFLOWER COURT,"780,000","1,044.11",747,05 Jan 2018,30 LORONG 6 GEYLANG #07-02,Resale,Strata,97,"8,041",-,Apartment,1,Freehold,2001,HDB,399182,14,39,Central Region,Geylang
BOATHOUSE RESIDENCES,"700,000",624.31,"1,121",05 Jan 2018,33 UPPER SERANGOON VIEW #07-23,Resale,Strata,58,"12,069",-,Condominium,1,99 yrs from 09/02/2011,2015,HDB,534042,19,53,North East Region,Hougang
MAYSPRINGS,"820,000",914.94,896,05 Jan 2018,2 PETIR ROAD #15-14,Resale,Strata,85,"9,647",-,Apartment,1,99 yrs from 01/12/1994,1998,HDB,678265,23,67,West Region,Bukit Panjang
THE LAKEFRONT RESIDENCES,"1,310,000","1,001.05","1,309",05 Jan 2018,48 LAKESIDE DRIVE #12-29,Resale,Strata,93,"14,086",-,Condominium,1,99 yrs from 03/08/2010,2014,HDB,648305,22,64,West Region,Jurong West
THE TOMLINSON,"4,850,000","2,346.55","2,067",05 Jan 2018,20 CUSCADEN ROAD #03-01,Resale,Strata,218,"22,248",-,Apartment,1,Freehold,2002,HDB,249726,10,24,Central Region,Orchard
THE TOMLINSON,"5,200,000","2,346.55","2,216",05 Jan 2018,20 CUSCADEN ROAD #12-01,Resale,Strata,218,"23,853",-,Apartment,1,Freehold,2002,Private,249726,10,24,Central Region,Orchard
PRINCIPAL GARDEN,"1,418,000",764.24,"1,849",05 Jan 2018,97 PRINCE CHARLES CRESCENT #23-18,New Sale,Strata,71,"19,901","1,413,000",Condominium,1,99 yrs from 21/07/2014,Uncompleted,Private,159028,03,15,Central Region,Bukit Merah
D'NEST,"950,000",936.47,"1,014",05 Jan 2018,131 PASIR RIS GROVE #08-14,Sub Sale,Strata,87,"10,920",-,Condominium,1,99 yrs from 20/10/2010,2017,HDB,518130,18,51,East Region,Pasir Ris
ORCHARD BEL AIR,"4,300,000","3,207.67","1,341",05 Jan 2018,245 ORCHARD BOULEVARD #13-02,Resale,Strata,298,"14,430",-,Condominium,1,99 yrs from 01/08/1980,1984,Private,248648,10,24,Central Region,River Valley
PARC BOTANNIA,"771,000",581.26,"1,326",05 Jan 2018,16 FERNVALE STREET #11-19,New Sale,Strata,54,"14,278",-,Condominium,1,99 yrs from 28/12/2016,Uncompleted,Private,797393,28,79,North East Region,Sengkang
FLAMINGO VALLEY,"1,150,000","1,001.05","1,149",05 Jan 2018,478 SIGLAP ROAD #01-66,Resale,Strata,93,"12,366",-,Condominium,1,Freehold,2014,HDB,454852,15,45,East Region,Bedok
FOREST HILLS CONDOMINIUM,"945,000","1,227.1",770,05 Jan 2018,29 TRANSIT ROAD #03-20,Resale,Strata,114,"8,289",-,Condominium,1,99 yrs from 10/02/2000,2003,Private,778905,26,77,North Region,Yishun
THOMSON 800,"1,950,000","1,733","1,125",05 Jan 2018,808 THOMSON ROAD #01-24,Resale,Strata,161,"12,112",-,Condominium,1,Freehold,1999,HDB,298190,11,29,Central Region,Toa Payoh
REFLECTIONS AT KEPPEL BAY,"8,000,000","2,927.81","2,732",05 Jan 2018,21 KEPPEL BAY VIEW #01-69,Resale,Strata,272,"29,412",-,Condominium,1,99 yrs from 15/03/2006,2011,Private,098413,04,09,Central Region,Bukit Merah
SYMPHONY SUITES,"973,000",914.94,"1,063",05 Jan 2018,9 YISHUN CLOSE #10-17,New Sale,Strata,85,"11,447",-,Condominium,1,99 yrs from 10/06/2014,Uncompleted,HDB,768008,27,76,North Region,Yishun
FOUR SEASONS PARK,"6,682,820","2,260.44","2,956",05 Jan 2018,10 CUSCADEN WALK #20-01,Resale,Strata,210,"31,823",-,Condominium,1,Freehold,1994,Private,249693,10,24,Central Region,River Valley
URBANA,"2,750,000","1,474.67","1,865",05 Jan 2018,1 RIVER VALLEY CLOSE #10-03,Resale,Strata,137,"20,073",-,Condominium,1,Freehold,2007,HDB,238427,09,23,Central Region,River Valley
HONG HENG MANSIONS,"760,000",925.7,821,05 Jan 2018,60 SEMBAWANG ROAD #03-01,Resale,Strata,86,"8,837",-,Apartment,1,Freehold,1996,HDB,779088,26,77,North Region,Yishun
HIGHLINE RESIDENCES,"2,662,500","1,291.68","2,061",05 Jan 2018,9 KIM TIAN ROAD #28-17,New Sale,Strata,120,"22,188",-,Condominium,1,99 yrs from 22/07/2013,2018,Private,168593,03,16,Central Region,Bukit Merah
THE MINTON,"740,000",699.66,"1,058",05 Jan 2018,10D HOUGANG STREET 11 #05-52,Resale,Strata,65,"11,385",-,Condominium,1,99 yrs from 27/07/2007,2013,HDB,534076,19,53,North East Region,Hougang
SOPHIA HILLS,"2,025,000","1,022.58","1,980",05 Jan 2018,15 MOUNT SOPHIA #01-48,New Sale,Strata,95,"21,316",-,Condominium,1,99 yrs from 10/12/2013,Uncompleted,HDB,228472,09,22,Central Region,Rochor
WATERFRONT ISLE,"1,195,000","1,044.11","1,145",05 Jan 2018,730 BEDOK RESERVOIR ROAD #07-02,Resale,Strata,97,"12,320",-,Condominium,1,99 yrs from 26/11/2009,2015,HDB,479261,16,47,East Region,Bedok
SAVANNAH CONDOPARK,"960,000","1,227.1",782,05 Jan 2018,35 SIMEI RISE #03-10,Resale,Strata,114,"8,421",-,Condominium,1,99 yrs from 29/11/2000,2005,HDB,528781,18,52,East Region,Tampines
THE RIVERINE BY THE PARK,"1,999,000","1,205.57","1,658",05 Jan 2018,398 KALLANG ROAD #19-03,Resale,Strata,112,"17,848",-,Apartment,1,Freehold,2010,HDB,339098,12,33,Central Region,Kallang
GRANDEUR 8,"1,300,000","1,194.8","1,088",05 Jan 2018,16 ANG MO KIO CENTRAL 3 #13-28,Resale,Strata,111,"11,712",-,Condominium,1,99 yrs from 16/07/2002,2005,HDB,567748,20,56,North East Region,Ang Mo Kio
AVALON,"3,930,000","2,238.91","1,755",05 Jan 2018,25 ANDERSON ROAD #07-05,Resale,Strata,208,"18,894",-,Condominium,1,Freehold,1999,Private,259986,10,25,Central Region,Tanglin
NEW COURT,"1,200,000","1,151.75","1,042",05 Jan 2018,35 JALAN DUSUN #06-02,Resale,Strata,107,"11,215",-,Apartment,1,Freehold,2000,Private,329387,12,32,Central Region,Novena
THE AMERY,"1,880,000","1,528.49","1,230",05 Jan 2018,18 LORONG K TELOK KURAU #04-12,Resale,Strata,142,"13,239",-,Condominium,1,Freehold,2010,Private,425781,15,42,East Region,Bedok
RESIDENCES @ KILLINEY,"2,080,000","1,076.4","1,932",05 Jan 2018,147 KILLINEY ROAD #09-05,Resale,Strata,100,"20,800",-,Apartment,1,Freehold,2012,Private,239566,09,23,Central Region,River Valley
SUITES@CHANGI,"574,000",441.32,"1,301",05 Jan 2018,226 CHANGI ROAD #02-07,Resale,Strata,41,"14,000",-,Apartment,1,Freehold,2012,HDB,419740,14,41,Central Region,Geylang
TANAMERA CREST,"770,000",861.12,894,05 Jan 2018,10 PARI DEDAP WALK #13-17,Resale,Strata,80,"9,625",-,Condominium,1,99 yrs from 20/06/2000,2004,HDB,486062,16,48,East Region,Bedok
FLAMINGO VALLEY,"1,862,189","1,237.86","1,504",05 Jan 2018,470 SIGLAP ROAD #04-33,Resale,Strata,115,"16,193",-,Condominium,1,Freehold,2014,Private,454943,15,45,East Region,Bedok
TANGLIN VIEW,"1,390,000","1,151.75","1,207",05 Jan 2018,152 PRINCE CHARLES CRESCENT #02-12,Resale,Strata,107,"12,991",-,Condominium,1,99 yrs from 17/05/1997,2001,Private,159013,03,15,Central Region,Bukit Merah
RIVERVALE CREST,"810,000","1,205.57",672,05 Jan 2018,5 RIVERVALE CRESCENT #07-09,Resale,Strata,112,"7,232",-,Apartment,1,99 yrs from 06/12/1997,2002,HDB,545084,19,54,North East Region,Sengkang
CITYLIGHTS,"930,000",559.73,"1,662",05 Jan 2018,90 JELLICOE ROAD #23-29,Resale,Strata,52,"17,885",-,Condominium,1,99 yrs from 05/01/2004,2007,HDB,208749,08,20,Central Region,Kallang
THE SCALA,"750,000",592.02,"1,267",05 Jan 2018,130 SERANGOON AVENUE 3 #01-05,Resale,Strata,55,"13,636",-,Apartment,1,99 yrs from 06/01/2010,2013,HDB,554479,19,55,North East Region,Serangoon
RIO VISTA,"1,500,000","2,152.8",697,05 Jan 2018,20 UPPER SERANGOON VIEW #17-17,Resale,Strata,200,"7,500",-,Condominium,1,99 yrs from 02/01/2001,2004,Private,534203,19,53,North East Region,Hougang
RIVERGATE,"3,056,888","1,506.96","2,029",05 Jan 2018,99 ROBERTSON QUAY #19-15,Resale,Strata,140,"21,835",-,Apartment,1,Freehold,2009,Private,238258,09,23,Central Region,Singapore River
STRATUM,"1,553,000","1,797.59",864,05 Jan 2018,94 ELIAS ROAD #01-46,Sub Sale,Strata,167,"9,299",-,Condominium,1,99 yrs from 11/07/2012,2016,HDB,519952,18,51,East Region,Pasir Ris
LIVIA,"1,330,000","1,539.25",864,05 Jan 2018,63 PASIR RIS GROVE #13-06,Resale,Strata,143,"9,301",-,Condominium,1,99 yrs from 07/01/2008,2011,HDB,518216,18,51,East Region,Pasir Ris
KATONG GARDENS,"2,800,000","2,346.55","1,193",05 Jan 2018,239 TEMBELING ROAD #02-01,Resale,Strata,218,"12,844",-,Condominium,1,Freehold,1984,Private,423723,15,42,Central Region,Marine Parade
REFLECTIONS AT KEPPEL BAY,"1,930,000","1,011.82","1,907",05 Jan 2018,29 KEPPEL BAY VIEW #16-87,Resale,Strata,94,"20,532",-,Condominium,1,99 yrs from 15/03/2006,2011,Private,098417,04,09,Central Region,Bukit Merah
SYMPHONY SUITES,"886,000",785.77,"1,128",05 Jan 2018,21 YISHUN CLOSE #15-42,New Sale,Strata,73,"12,137",-,Condominium,1,99 yrs from 10/06/2014,Uncompleted,N.A,768014,27,76,North Region,Yishun
SYMPHONY SUITES,"1,155,000","1,022.58","1,129",06 Jan 2018,11 YISHUN CLOSE #15-23,New Sale,Strata,95,"12,158",-,Condominium,1,99 yrs from 10/06/2014,Uncompleted,Private,768009,27,76,North Region,Yishun
THE ALPS RESIDENCES,"1,174,000","1,087.16","1,080",06 Jan 2018,113 TAMPINES STREET 86 #01-41,New Sale,Strata,101,"11,624",-,Condominium,1,99 yrs from 03/08/2015,Uncompleted,HDB,528536,18,52,East Region,Tampines
THE ALPS RESIDENCES,"1,196,000","1,087.16","1,100",06 Jan 2018,113 TAMPINES STREET 86 #05-41,New Sale,Strata,101,"11,842",-,Condominium,1,99 yrs from 03/08/2015,Uncompleted,HDB,528536,18,52,East Region,Tampines
FOREST WOODS,"1,365,000",914.94,"1,492",06 Jan 2018,9B LORONG LEW LIAN #02-13,New Sale,Strata,85,"16,059",-,Condominium,1,99 yrs from 05/02/2016,Uncompleted,HDB,536496,19,53,North East Region,Serangoon
PARC RIVIERA,"811,000",602.78,"1,345",06 Jan 2018,103 WEST COAST VALE #17-19,New Sale,Strata,56,"14,482",-,Condominium,1,99 yrs from 11/11/2015,Uncompleted,Private,126754,05,12,West Region,Clementi
HIGHLINE RESIDENCES,"2,245,000","1,227.1","1,830",06 Jan 2018,3 KIM TIAN ROAD #04-03,New Sale,Strata,114,"19,693",-,Condominium,1,99 yrs from 22/07/2013,Uncompleted,N.A,169281,03,16,Central Region,Bukit Merah
HIGHLINE RESIDENCES,"2,301,750","1,151.75","1,998",06 Jan 2018,7 KIM TIAN ROAD #27-08,New Sale,Strata,107,"21,512",-,Condominium,1,99 yrs from 22/07/2013,Uncompleted,Private,168592,03,16,Central Region,Bukit Merah
THE ALPS RESIDENCES,"1,191,000","1,065.64","1,118",06 Jan 2018,103 TAMPINES STREET 86 #02-08,New Sale,Strata,99,"12,030",-,Condominium,1,99 yrs from 03/08/2015,Uncompleted,HDB,528576,18,52,East Region,Tampines
STARS OF KOVAN,"1,083,600",742.72,"1,459",06 Jan 2018,980 UPPER SERANGOON ROAD #12-01,New Sale,Strata,69,"15,704",-,Apartment,1,99 yrs from 25/02/2015,Uncompleted,HDB,533856,19,53,North East Region,Hougang
NORTH PARK RESIDENCES,"1,490,400","1,097.93","1,357",06 Jan 2018,25 YISHUN CENTRAL 1 #11-55,New Sale,Strata,102,"14,612",-,Apartment,1,99 yrs from 19/03/2015,Uncompleted,HDB,768802,27,76,North Region,Yishun
SEASIDE RESIDENCES,"2,007,000","1,259.39","1,594",06 Jan 2018,12 SIGLAP LINK #03-09,New Sale,Strata,117,"17,154",-,Apartment,1,99 yrs from 18/04/2016,Uncompleted,Private,448870,15,44,East Region,Bedok
SEASIDE RESIDENCES,"2,018,000","1,259.39","1,602",06 Jan 2018,16 SIGLAP LINK #04-24,New Sale,Strata,117,"17,248",-,Apartment,1,99 yrs from 18/04/2016,Uncompleted,Private,448872,15,44,East Region,Bedok
NORTH PARK RESIDENCES,"1,455,440","1,151.75","1,264",06 Jan 2018,27 YISHUN CENTRAL 1 #04-60,New Sale,Strata,107,"13,602",-,Apartment,1,99 yrs from 19/03/2015,Uncompleted,Private,768803,27,76,North Region,Yishun
6 DERBYSHIRE,"1,791,468",828.83,"2,161",06 Jan 2018,6 DERBYSHIRE ROAD #15-07,Resale,Strata,77,"23,266",-,Condominium,1,Freehold,2017,Private,309462,11,30,Central Region,Novena
SYMPHONY SUITES,"1,033,900","1,022.58","1,011",07 Jan 2018,11 YISHUN CLOSE #07-23,New Sale,Strata,95,"10,883",-,Condominium,1,99 yrs from 10/06/2014,Uncompleted,N.A,768009,27,76,North Region,Yishun
SEASIDE RESIDENCES,"1,970,000","1,087.16","1,812",07 Jan 2018,12 SIGLAP LINK #24-11,New Sale,Strata,101,"19,505",-,Apartment,1,99 yrs from 18/04/2016,Uncompleted,Private,448870,15,44,East Region,Bedok
HIGHLINE RESIDENCES,"2,587,500","1,291.68","2,003",07 Jan 2018,9 KIM TIAN ROAD #26-17,New Sale,Strata,120,"21,563",-,Condominium,1,99 yrs from 22/07/2013,Uncompleted,HDB,168593,03,16,Central Region,Bukit Merah
SYMPHONY SUITES,"1,044,000","1,022.58","1,021",07 Jan 2018,9 YISHUN CLOSE #07-18,New Sale,Strata,95,"10,989",-,Condominium,1,99 yrs from 10/06/2014,Uncompleted,HDB,768008,27,76,North Region,Yishun
STARS OF KOVAN,"1,527,000",968.76,"1,576",07 Jan 2018,982 UPPER SERANGOON ROAD #16-12,New Sale,Strata,90,"16,967",-,Apartment,1,99 yrs from 25/02/2015,Uncompleted,HDB,533855,19,53,North East Region,Hougang
PARC BOTANNIA,"670,000",505.91,"1,324",07 Jan 2018,18 FERNVALE STREET #18-35,New Sale,Strata,47,"14,255",-,Condominium,1,99 yrs from 28/12/2016,Uncompleted,HDB,797394,28,79,North East Region,Sengkang
NEEM TREE,"768,000",452.09,"1,699",07 Jan 2018,30 JALAN KEMAMAN #15-03,New Sale,Strata,42,"18,286",-,Apartment,1,Freehold,Uncompleted,HDB,329341,12,32,Central Region,Novena
HIGHLINE RESIDENCES,"2,625,000","1,291.68","2,032",07 Jan 2018,9 KIM TIAN ROAD #27-17,New Sale,Strata,120,"21,875",-,Condominium,1,99 yrs from 22/07/2013,Uncompleted,Private,168593,03,16,Central Region,Bukit Merah
FORTE SUITES,"1,305,100",678.13,"1,925",07 Jan 2018,88 MERGUI ROAD #21-02,New Sale,Strata,63,"20,716",-,Apartment,1,Freehold,2016,HDB,219062,08,21,Central Region,Kallang
NORTH PARK RESIDENCES,"1,445,320","1,097.93","1,316",07 Jan 2018,25 YISHUN CENTRAL 1 #05-55,New Sale,Strata,102,"14,170",-,Apartment,1,99 yrs from 19/03/2015,Uncompleted,HDB,768802,27,76,North Region,Yishun
PARC BOTANNIA,"668,000",505.91,"1,320",07 Jan 2018,18 FERNVALE STREET #18-27,New Sale,Strata,47,"14,213",-,Condominium,1,99 yrs from 28/12/2016,Uncompleted,HDB,797394,28,79,North East Region,Sengkang
CARPMAEL THIRTY-EIGHT,"1,785,600","1,076.4","1,659",07 Jan 2018,38 CARPMAEL ROAD #05-03,New Sale,Strata,100,"17,856",-,Apartment,1,Freehold,Uncompleted,N.A,429781,15,42,Central Region,Geylang
FOREST WOODS,"1,438,000",947.23,"1,518",07 Jan 2018,15 LORONG LEW LIAN #07-29,New Sale,Strata,88,"16,341",-,Condominium,1,99 yrs from 05/02/2016,Uncompleted,HDB,533853,19,53,North East Region,Serangoon
COSTA RHU,"2,210,000","1,776.06","1,244",08 Jan 2018,5 RHU CROSS #10-12,Resale,Strata,165,"13,394",-,Condominium,1,99 yrs from 30/05/1994,1997,Private,437434,15,43,Central Region,Kallang
PANDAN VALLEY,"2,800,000","3,089.27",906,08 Jan 2018,5 PANDAN VALLEY #05-706,Resale,Strata,287,"9,756",-,Condominium,1,Freehold,1978,Private,597629,21,59,Central Region,Bukit Timah
CARIBBEAN AT KEPPEL BAY,"2,150,000","1,334.74","1,611",08 Jan 2018,46 KEPPEL BAY DRIVE #05-131,Resale,Strata,124,"17,339",-,Condominium,1,99 yrs from 16/08/1999,2004,Private,098635,04,09,Central Region,Bukit Merah
THE LUXURIE,"1,150,000","1,011.82","1,137",08 Jan 2018,23 COMPASSVALE ROAD #14-24,Resale,Strata,94,"12,234",-,Condominium,1,99 yrs from 15/06/2011,2015,Private,544755,19,54,North East Region,Sengkang
ARTRA,"1,599,600",828.83,"1,930",08 Jan 2018,10 ALEXANDRA VIEW #30-06,New Sale,Strata,77,"20,774",-,Apartment,1,99 yrs from 15/02/2016,Uncompleted,Private,158745,03,15,Central Region,Bukit Merah
26 NEWTON,"1,318,218",570.49,"2,311",08 Jan 2018,26 NEWTON ROAD #05-01,Resale,Strata,53,"24,872",-,Apartment,1,Freehold,2016,Private,307957,11,30,Central Region,Novena
HELIOS RESIDENCES,"3,980,000","1,700.71","2,340",08 Jan 2018,17 CAIRNHILL CIRCLE #14-05,Resale,Strata,158,"25,190",-,Apartment,1,Freehold,2011,Private,229816,09,22,Central Region,Newton
THE MEYERISE,"2,600,000","1,280.92","2,030",08 Jan 2018,97 MEYER ROAD #08-07,Resale,Strata,119,"21,849",-,Condominium,1,Freehold,2014,Private,437918,15,43,Central Region,Marine Parade
DAKOTA RESIDENCES,"1,400,000","1,022.58","1,369",08 Jan 2018,38 DAKOTA CRESCENT #11-11,Resale,Strata,95,"14,737",-,Condominium,1,99 yrs from 11/09/2007,2010,HDB,399938,14,39,Central Region,Geylang
EMERALD GARDEN,"2,150,000","1,345.5","1,598",08 Jan 2018,33 CLUB STREET #04-01,Resale,Strata,125,"17,200",-,Condominium,1,999 yrs from 01/10/1827,1999,Private,069415,01,06,Central Region,Outram
ROSEWOOD,"860,000","1,173.28",733,08 Jan 2018,1 ROSEWOOD DRIVE #09-02,Resale,Strata,109,"7,890",-,Condominium,1,99 yrs from 20/06/2000,2003,HDB,737934,25,73,North Region,Woodlands
JAYA TOWER,"3,350,000","2,142.04","1,564",08 Jan 2018,431 BUKIT TIMAH ROAD #03-431,Resale,Strata,199,"16,834",-,Apartment,1,Freehold,1979,Private,259738,10,25,Central Region,Tanglin
THE CLEMENT CANOPY,"1,689,000","1,108.69","1,523",08 Jan 2018,18 CLEMENTI AVENUE 1 #37-10,New Sale,Strata,103,"16,398",-,Apartment,1,99 yrs from 09/03/2016,Uncompleted,Private,129961,05,12,West Region,Clementi
BARTLEY RESIDENCES,"1,180,000",904.18,"1,305",08 Jan 2018,3A LORONG HOW SUN #11-22,Resale,Strata,84,"14,048",-,Apartment,1,99 yrs from 29/06/2011,2015,Private,536561,19,53,North East Region,Serangoon
SILVERSEA,"1,420,000",979.52,"1,450",08 Jan 2018,46 MARINE PARADE ROAD #05-04,Resale,Strata,91,"15,604",-,Condominium,1,99 yrs from 20/07/2007,2014,Private,449305,15,44,Central Region,Marine Parade
SYMPHONY SUITES,"997,000",893.41,"1,116",08 Jan 2018,3 YISHUN CLOSE #12-07,New Sale,Strata,83,"12,012",-,Condominium,1,99 yrs from 10/06/2014,Uncompleted,N.A,768005,27,76,North Region,Yishun
DUO RESIDENCES,"4,007,300","1,926.76","2,080",08 Jan 2018,1 FRASER STREET #35-11,New Sale,Strata,179,"22,387",-,Apartment,1,99 yrs from 01/07/2011,2017,Private,189350,07,18,Central Region,Downtown Core
THE HILLIER,"800,000",516.67,"1,548",08 Jan 2018,2 HILLVIEW RISE #25-13,Resale,Strata,48,"16,667",-,Apartment,1,99 yrs from 01/08/2011,2016,Private,667978,23,66,West Region,Bukit Batok
GARDENVISTA,"1,470,000","1,108.69","1,326",08 Jan 2018,950 DUNEARN ROAD #08-05,Resale,Strata,103,"14,272",-,Condominium,1,99 yrs from 09/09/1999,2006,Private,589474,21,58,Central Region,Bukit Timah
NEWTON EDGE,"935,000",462.85,"2,020",08 Jan 2018,3 MAKEWAY AVENUE #09-08,Resale,Strata,43,"21,744",-,Apartment,1,Freehold,2011,HDB,228600,09,22,Central Region,Novena
THE COTZ,"505,000",398.27,"1,268",08 Jan 2018,171 TELOK KURAU ROAD #02-01,Resale,Strata,37,"13,649",-,Apartment,1,Freehold,2010,HDB,423824,15,42,East Region,Bedok
ONE JERVOIS,"1,665,000",990.29,"1,681",08 Jan 2018,5 JERVOIS CLOSE #07-10,Resale,Strata,92,"18,098",-,Condominium,1,Freehold,2009,Private,249101,10,24,Central Region,Tanglin
MARTIN PLACE RESIDENCES,"3,000,000","1,420.85","2,111",08 Jan 2018,6 MARTIN PLACE #23-11,Resale,Strata,132,"22,727",-,Condominium,1,Freehold,2011,Private,237990,09,23,Central Region,River Valley
THOMSON THREE,"1,800,000","1,140.98","1,578",08 Jan 2018,45 BRIGHT HILL DRIVE #20-18,Resale,Strata,106,"16,981",-,Apartment,1,99 yrs from 07/11/2012,2016,HDB,573895,20,57,Central Region,Bishan
THE GARDENS AT BISHAN,"940,000",882.65,"1,065",08 Jan 2018,1 SIN MING WALK #16-37,Resale,Strata,82,"11,463",-,Condominium,1,99 yrs from 22/03/1997,2004,HDB,575574,20,57,Central Region,Bishan
ONE ROSYTH,"1,800,000","2,023.63",889,08 Jan 2018,1 ROSYTH ROAD #05-01,Resale,Strata,188,"9,574",-,Apartment,1,999 yrs from 01/01/1886,2011,Private,546133,19,54,North East Region,Hougang
THOMSON EURO-ASIA,"1,960,000","1,130.22","1,734",08 Jan 2018,150 THOMSON ROAD #07-03,Resale,Strata,105,"18,667",-,Condominium,1,Freehold,2002,Private,307605,11,30,Central Region,Novena
THE ALPS RESIDENCES,"1,196,000","1,065.64","1,122",08 Jan 2018,101 TAMPINES STREET 86 #03-04,New Sale,Strata,99,"12,081",-,Condominium,1,99 yrs from 03/08/2015,Uncompleted,Private,528575,18,52,East Region,Tampines
COSTA RHU,"1,168,000","1,011.82","1,154",08 Jan 2018,5 RHU CROSS #03-07,Resale,Strata,94,"12,426",-,Condominium,1,99 yrs from 30/05/1994,1997,Private,437434,15,43,Central Region,Kallang
THE ASANA,"1,511,000",570.49,"2,649",08 Jan 2018,19 QUEEN'S ROAD #02-10,New Sale,Strata,53,"28,509",-,Apartment,1,Freehold,2017,HDB,266745,10,26,Central Region,Bukit Timah
THE ALPS RESIDENCES,"1,203,000","1,087.16","1,107",08 Jan 2018,113 TAMPINES STREET 86 #06-41,New Sale,Strata,101,"11,911",-,Condominium,1,99 yrs from 03/08/2015,Uncompleted,Private,528536,18,52,East Region,Tampines
GARDEN PARK RESIDENCES,"1,170,000",882.65,"1,326",08 Jan 2018,25 LORONG M TELOK KURAU #03-03,Sub Sale,Strata,82,"14,268",-,Apartment,1,Freehold,2016,Private,425310,15,42,East Region,Bedok
FERRARIA PARK CONDOMINIUM,"1,130,000","1,323.97",853,08 Jan 2018,10 FLORA DRIVE #07-09,Resale,Strata,123,"9,187",-,Condominium,1,Freehold,2009,Private,506942,17,50,East Region,Pasir Ris
LIIV RESIDENCES,"869,559",473.62,"1,836",08 Jan 2018,339 PASIR PANJANG ROAD #02-02,New Sale,Strata,44,"19,763",-,Apartment,1,Freehold,Uncompleted,HDB,117368,05,11,Central Region,Queenstown
SEASIDE RESIDENCES,"1,921,000","1,205.57","1,593",08 Jan 2018,18 SIGLAP LINK #04-35,New Sale,Strata,112,"17,152",-,Apartment,1,99 yrs from 18/04/2016,Uncompleted,Private,448873,15,44,East Region,Bedok
D'NEST,"800,000",775.01,"1,032",08 Jan 2018,139 PASIR RIS GROVE #03-41,Sub Sale,Strata,72,"11,111",-,Condominium,1,99 yrs from 20/10/2010,2017,Private,518134,18,51,East Region,Pasir Ris
THE TRILINQ,"1,682,000","1,345.5","1,250",08 Jan 2018,28A JALAN LEMPENG #22-16,New Sale,Strata,125,"13,456",-,Condominium,1,99 yrs from 16/04/2012,2017,HDB,128808,05,12,West Region,Clementi
THE LAKESHORE,"1,165,000","1,140.98","1,021",08 Jan 2018,33 JURONG WEST STREET 41 #12-49,Resale,Strata,106,"10,991",-,Condominium,1,99 yrs from 22/11/2002,2007,HDB,649413,22,64,West Region,Jurong West
ECO SANCTUARY,"1,280,000",979.52,"1,307",08 Jan 2018,63 CHESTNUT AVENUE #21-12,Resale,Strata,91,"14,066",-,Condominium,1,99 yrs from 25/04/2012,2016,Private,679523,23,67,West Region,Bukit Panjang
THE LINCOLN MODERN,"1,960,000","1,410.08","1,390",08 Jan 2018,20 LINCOLN ROAD #24-03,Resale,Strata,131,"14,962",-,Apartment,1,Freehold,2003,HDB,308353,11,30,Central Region,Novena
THE WHARF RESIDENCE,"2,105,000","1,065.64","1,975",08 Jan 2018,15 TONG WATT ROAD #15-10,Resale,Strata,99,"21,263",-,Condominium,1,999 yrs from 01/07/1841,2012,Private,238026,09,23,Central Region,River Valley
RICH EAST GARDEN,"2,160,000","2,443.43",884,08 Jan 2018,302 UPPER EAST COAST ROAD #03-03,Resale,Strata,227,"9,515",-,Condominium,1,Freehold,1983,HDB,466440,16,46,East Region,Bedok
SYMPHONY SUITES,"968,000",914.94,"1,058",08 Jan 2018,11 YISHUN CLOSE #10-21,New Sale,Strata,85,"11,388",-,Condominium,1,99 yrs from 10/06/2014,Uncompleted,HDB,768009,27,76,North Region,Yishun
THE ROCHESTER RESIDENCES,"1,150,000",839.59,"1,370",08 Jan 2018,33 ROCHESTER DRIVE #08-15,Resale,Strata,78,"14,744",-,Apartment,1,99 yrs from 02/02/2005,2011,HDB,138638,05,13,Central Region,Queenstown
TREVISTA,"1,750,000","1,270.15","1,378",08 Jan 2018,23 LORONG 3 TOA PAYOH #32-11,Resale,Strata,118,"14,831",-,Condominium,1,99 yrs from 15/07/2008,2011,Private,319582,12,31,Central Region,Toa Payoh
PARK EAST,"1,880,000","1,722.24","1,092",08 Jan 2018,73 JALAN TUA KONG #04-03,Resale,Strata,160,"11,750",-,Condominium,1,Freehold,1994,Private,457266,15,45,East Region,Bedok
LOYANG VALLEY,"730,000","1,001.05",729,08 Jan 2018,204 LOYANG AVENUE #04-02,Resale,Strata,93,"7,849",-,Condominium,1,99 yrs from 20/08/1982,1985,Private,509060,17,50,East Region,Pasir Ris
SYMPHONY SUITES,"1,006,000","1,022.58",984,08 Jan 2018,9 YISHUN CLOSE #03-19,New Sale,Strata,95,"10,589",-,Condominium,1,99 yrs from 10/06/2014,Uncompleted,HDB,768008,27,76,North Region,Yishun
SOPHIA HILLS,"1,342,000",710.42,"1,889",08 Jan 2018,25 MOUNT SOPHIA #01-86,New Sale,Strata,66,"20,333",-,Condominium,1,99 yrs from 10/12/2013,Uncompleted,Private,228477,09,22,Central Region,Rochor
THE MAKENA,"1,650,000","1,474.67","1,119",08 Jan 2018,121 MEYER ROAD #01-11,Resale,Strata,137,"12,044",-,Condominium,1,Freehold,1998,Private,437932,15,43,Central Region,Marine Parade
ASCENTIA SKY,"1,930,000","1,474.67","1,309",08 Jan 2018,1 ALEXANDRA VIEW #16-02,Resale,Strata,137,"14,088",-,Condominium,1,99 yrs from 26/03/2008,2013,Private,158748,03,15,Central Region,Bukit Merah
NINETEEN SHELFORD ROAD,"1,350,000",861.12,"1,568",08 Jan 2018,19 SHELFORD ROAD #08-01,Resale,Strata,80,"16,875",-,Condominium,1,Freehold,1997,Private,288408,11,28,Central Region,Bukit Timah
IDYLLIC SUITES,"570,000",441.32,"1,292",09 Jan 2018,21 LORONG 30 GEYLANG #02-10,Resale,Strata,41,"13,902",-,Apartment,1,Freehold,2014,Private,398353,14,39,Central Region,Geylang
THE TRILINQ,"1,588,000","1,345.5","1,180",09 Jan 2018,28A JALAN LEMPENG #08-16,New Sale,Strata,125,"12,704",-,Condominium,1,99 yrs from 16/04/2012,2017,HDB,128808,05,12,West Region,Clementi
THE MORNING GLORY,"930,000","1,033.34",900,09 Jan 2018,24 SIRAT ROAD #04-02,Resale,Strata,96,"9,688",-,Apartment,1,Freehold,2003,Private,545782,19,54,North East Region,Hougang
DENG FU VILLE,"1,850,000","1,528.49","1,210",09 Jan 2018,30 KAMPONG EUNOS #05-07,Resale,Strata,142,"13,028",-,Apartment,1,Freehold,2007,Private,417777,14,41,East Region,Bedok
QUEENS PEAK,"1,773,000","1,054.87","1,681",09 Jan 2018,1 DUNDEE ROAD #29-13,New Sale,Strata,98,"18,092",-,Condominium,1,99 yrs from 28/09/2015,Uncompleted,HDB,149456,03,14,Central Region,Queenstown
IMPERIAL HEIGHTS,"675,000",452.09,"1,493",09 Jan 2018,16 IPOH LANE #15-04,Resale,Strata,42,"16,071",-,Apartment,1,Freehold,2009,HDB,438620,15,43,Central Region,Geylang
EIGHT RIVERSUITES,"970,000",699.66,"1,386",09 Jan 2018,6 WHAMPOA EAST #02-09,Resale,Strata,65,"14,923",-,Condominium,1,99 yrs from 11/07/2011,2016,Private,338519,12,33,Central Region,Kallang
THE INTERLACE,"2,380,000","1,765.3","1,348",09 Jan 2018,218 DEPOT ROAD #08-73,Resale,Strata,164,"14,512",-,Condominium,1,99 yrs from 11/02/2009,2013,Private,109703,04,10,Central Region,Bukit Merah
PASIR PANJANG COURT,"1,635,000","1,345.5","1,215",09 Jan 2018,27 PASIR PANJANG CLOSE,Resale,Strata,125,"13,080",-,Apartment,1,Freehold,-,Private,118975,05,11,Central Region,Queenstown
NINETEEN SHELFORD ROAD,"1,480,000",947.23,"1,562",09 Jan 2018,19 SHELFORD ROAD #03-33,Resale,Strata,88,"16,818",-,Condominium,1,Freehold,1997,HDB,288408,11,28,Central Region,Bukit Timah
NORTH PARK RESIDENCES,"1,498,680","1,097.93","1,365",09 Jan 2018,25 YISHUN CENTRAL 1 #12-55,New Sale,Strata,102,"14,693",-,Apartment,1,99 yrs from 19/03/2015,Uncompleted,Private,768802,27,76,North Region,Yishun
HAIG 162,"680,000",484.38,"1,404",09 Jan 2018,162 HAIG ROAD #06-09,Resale,Strata,45,"15,111",-,Apartment,1,Freehold,2013,Private,438773,15,43,Central Region,Marine Parade
NORTH PARK RESIDENCES,"1,500,520","1,151.75","1,303",09 Jan 2018,25 YISHUN CENTRAL 1 #04-55,New Sale,Strata,107,"14,024",-,Apartment,1,99 yrs from 19/03/2015,Uncompleted,HDB,768802,27,76,North Region,Yishun
DOUBLE BAY RESIDENCES,"1,330,000","1,270.15","1,047",09 Jan 2018,19A SIMEI STREET 4 #11-23,Resale,Strata,118,"11,271",-,Condominium,1,99 yrs from 07/04/2008,2012,Private,529886,18,52,East Region,Tampines
EVERGREEN PARK,"850,000","1,237.86",687,09 Jan 2018,35 HOUGANG AVENUE 7 #08-02,Resale,Strata,115,"7,391",-,Apartment,1,99 yrs from 01/10/1995,1999,HDB,538802,19,53,North East Region,Hougang
IDYLLIC SUITES,"560,000",441.32,"1,269",09 Jan 2018,21 LORONG 30 GEYLANG #04-10,Resale,Strata,41,"13,659",-,Apartment,1,Freehold,2014,Private,398353,14,39,Central Region,Geylang
ESTA RUBY,"1,120,000",958,"1,169",09 Jan 2018,500 GUILLEMARD ROAD #03-04,Resale,Strata,89,"12,584",-,Apartment,1,Freehold,2012,Private,399839,14,39,Central Region,Geylang
LIVIA,"1,280,000","1,539.25",832,09 Jan 2018,65 PASIR RIS GROVE #05-11,Resale,Strata,143,"8,951",-,Condominium,1,99 yrs from 07/01/2008,2011,Private,518217,18,51,East Region,Pasir Ris
BUKIT REGENCY,"1,038,000","1,054.87",984,09 Jan 2018,3 UPPER BUKIT TIMAH VIEW #02-01,Resale,Strata,98,"10,592",-,Condominium,1,Freehold,1995,Private,588133,21,58,Central Region,Bukit Timah
THE LUXURIE,"885,000",731.95,"1,209",09 Jan 2018,17 COMPASSVALE ROAD #03-11,Resale,Strata,68,"13,015",-,Condominium,1,99 yrs from 15/06/2011,2015,HDB,544752,19,54,North East Region,Sengkang
NORTH PARK RESIDENCES,"1,859,320","1,431.61","1,299",09 Jan 2018,35 YISHUN CENTRAL 1 #07-81,New Sale,Strata,133,"13,980",-,Apartment,1,99 yrs from 19/03/2015,Uncompleted,N.A,768807,27,76,North Region,Yishun
HEDGES PARK CONDOMINIUM,"745,000",796.54,935,09 Jan 2018,83 FLORA DRIVE #07-40,Resale,Strata,74,"10,068",-,Condominium,1,99 yrs from 28/07/2010,2015,Private,506887,17,50,East Region,Pasir Ris
THE BROOKS I & II,"1,031,907",818.06,"1,261",09 Jan 2018,25 SPRINGSIDE GREEN #03-06,New Sale,Strata,76,"13,578",-,Apartment,1,Freehold,2016,HDB,786015,26,78,North Region,Yishun
SANDY EIGHT,"880,000",505.91,"1,739",09 Jan 2018,8 SANDY LANE #04-03,New Sale,Strata,47,"18,723",-,Apartment,1,Freehold,Uncompleted,Private,437324,15,43,Central Region,Geylang
THE BERTH BY THE COVE,"3,350,000","3,089.27","1,084",09 Jan 2018,204 OCEAN DRIVE #06-06,Resale,Strata,287,"11,672",-,Condominium,1,99 yrs from 18/03/2004,2006,Private,098628,04,09,Central Region,Southern Islands
LEEDON RESIDENCE,"6,840,000","3,745.87","1,826",09 Jan 2018,22 LEEDON HEIGHTS #12-31,Resale,Strata,348,"19,655",-,Condominium,1,Freehold,2015,Private,266219,10,26,Central Region,Bukit Timah
THE NASSIM,"10,300,000","3,121.56","3,300",09 Jan 2018,18 NASSIM HILL #03-01,Resale,Strata,290,"35,517",-,Condominium,1,Freehold,2015,Private,258485,10,25,Central Region,Tanglin
HILLTOPS,"5,408,000","1,733","3,121",09 Jan 2018,101 CAIRNHILL CIRCLE #05-11,Resale,Strata,161,"33,590",-,Condominium,1,Freehold,2011,Private,229809,09,22,Central Region,Newton
BARTLEY RIDGE,"1,310,000",979.52,"1,337",09 Jan 2018,36 MOUNT VERNON ROAD #09-19,Resale,Strata,91,"14,396",-,Condominium,1,99 yrs from 16/04/2012,2016,Private,368058,13,36,Central Region,Toa Payoh
SIMS URBAN OASIS,"1,642,600","1,033.34","1,590",09 Jan 2018,18 SIMS DRIVE #16-61,New Sale,Strata,96,"17,110",-,Condominium,1,99 yrs from 29/07/2014,2017,HDB,387394,14,38,Central Region,Geylang
ASTORIA PARK,"958,000",958,"1,000",09 Jan 2018,34 LORONG MYDIN #13-09,Resale,Strata,89,"10,764",-,Condominium,1,99 yrs from 01/05/1993,1995,Private,416827,14,41,East Region,Bedok
SIMS EDGE,"743,000",473.62,"1,569",09 Jan 2018,1 GEYLANG EAST AVENUE 2 #08-03,Resale,Strata,44,"16,886",-,Apartment,1,Freehold,2014,HDB,389760,14,38,Central Region,Geylang
REGENT RESIDENCES,"688,888",409.03,"1,684",09 Jan 2018,1091 SERANGOON ROAD #25-03,Resale,Strata,38,"18,129",-,Apartment,1,Freehold,2015,HDB,328190,12,32,Central Region,Kallang
RIVER VALLEY APARTMENTS,"1,500,000","1,162.51","1,290",09 Jan 2018,400U RIVER VALLEY ROAD,Resale,Strata,108,"13,889",-,Apartment,1,Freehold,-,HDB,248298,10,24,Central Region,Tanglin
D'NEST,"1,500,000","1,410.08","1,064",09 Jan 2018,149 PASIR RIS GROVE #07-81,Sub Sale,Strata,131,"11,450",-,Condominium,1,99 yrs from 20/10/2010,2017,HDB,518139,18,51,East Region,Pasir Ris
VIDA,"1,660,000",861.12,"1,928",09 Jan 2018,5 PECK HAY ROAD #04-03,Resale,Strata,80,"20,750",-,Apartment,1,Freehold,2009,Private,228307,09,22,Central Region,Newton
CITYLIGHTS,"1,880,000","1,442.38","1,303",09 Jan 2018,80 JELLICOE ROAD #10-01,Resale,Strata,134,"14,030",-,Condominium,1,99 yrs from 05/01/2004,2007,Private,208766,08,20,Central Region,Kallang
CHARISMA VIEW,"1,080,000","1,065.64","1,013",09 Jan 2018,167 JALAN JURONG KECHIL #05-01,Resale,Strata,99,"10,909",-,Apartment,1,Freehold,2002,Private,598671,21,59,Central Region,Bukit Timah
NATHAN RESIDENCES,"1,380,000",775.01,"1,781",09 Jan 2018,25 NATHAN ROAD #05-07,Resale,Strata,72,"19,167",-,Apartment,1,Freehold,2013,Private,248745,10,24,Central Region,Tanglin
WATERBANK AT DAKOTA,"1,630,000","1,140.98","1,429",09 Jan 2018,78 DAKOTA CRESCENT #08-15,Resale,Strata,106,"15,377",-,Condominium,1,99 yrs from 07/12/2009,2013,Private,399945,14,39,Central Region,Geylang
SUNSHINE LOFT,"840,000",710.42,"1,182",09 Jan 2018,2 LORONG L TELOK KURAU #03-02,Resale,Strata,66,"12,727",-,Apartment,1,Freehold,2005,Private,425600,15,42,East Region,Bedok
THE BAYSHORE,"1,180,000","1,237.86",953,09 Jan 2018,34 BAYSHORE ROAD #14-02,Resale,Strata,115,"10,261",-,Condominium,1,99 yrs from 31/05/1993,1997,Private,469976,16,46,East Region,Bedok
TEMBELING COURT,"1,300,000","1,184.04","1,098",09 Jan 2018,86 TEMBELING ROAD #02-03,Resale,Strata,110,"11,818",-,Apartment,1,Freehold,2010,HDB,423596,15,42,Central Region,Geylang
PARC OLYMPIA,"560,000",495.14,"1,131",09 Jan 2018,66 FLORA DRIVE #06-62,Resale,Strata,46,"12,174",-,Condominium,1,99 yrs from 25/01/2012,2015,HDB,506861,17,50,East Region,Pasir Ris
REGENCY PARK,"5,400,000","3,175.38","1,701",09 Jan 2018,9 NATHAN ROAD #09-02,Resale,Strata,295,"18,305",-,Condominium,1,Freehold,1990,Private,248730,10,24,Central Region,Tanglin
FORTE SUITES,"1,234,000",624.31,"1,977",09 Jan 2018,88 MERGUI ROAD #19-06,New Sale,Strata,58,"21,276",-,Apartment,1,Freehold,2016,HDB,219062,08,21,Central Region,Kallang
PARC OASIS,"950,000","1,076.4",883,09 Jan 2018,39 JURONG EAST AVENUE 1 #11-06,Resale,Strata,100,"9,500",-,Condominium,1,99 yrs from 01/12/1991,1994,HDB,609776,22,60,West Region,Jurong East
EASTPOINT GREEN,"928,000","1,130.22",821,10 Jan 2018,3 SIMEI STREET 3 #05-16,Resale,Strata,105,"8,838",-,Condominium,1,99 yrs from 24/04/1996,1999,Private,529891,18,52,East Region,Tampines
FORT GARDENS,"1,300,000",958,"1,357",10 Jan 2018,21 FORT ROAD #03-04,Resale,Strata,89,"14,607",-,Condominium,1,Freehold,1993,Private,439089,15,43,Central Region,Kallang
RIVERSOUND RESIDENCE,"1,158,000","1,184.04",978,10 Jan 2018,7 SENGKANG EAST AVENUE #12-24,Resale,Strata,110,"10,527",-,Condominium,1,99 yrs from 26/08/2011,2015,Private,544741,19,54,North East Region,Sengkang
BELLERIVE,"1,710,000","1,001.05","1,708",10 Jan 2018,9 KENG CHIN ROAD #12-04,Resale,Strata,93,"18,387",-,Apartment,1,Freehold,2011,Private,258711,10,25,Central Region,Tanglin
OPTIMA @ TANAH MERAH,"1,128,000","1,119.46","1,008",10 Jan 2018,86 TANAH MERAH KECHIL AVENUE #01-16,Resale,Strata,104,"10,846",-,Condominium,1,99 yrs from 09/12/2008,2012,Private,465517,16,46,East Region,Bedok
RIVIERA 38,"1,050,000",882.65,"1,190",10 Jan 2018,38 MAR THOMA ROAD #09-05,Resale,Strata,82,"12,805",-,Apartment,1,999 yrs from 02/06/1882,2014,HDB,328712,12,32,Central Region,Kallang
LAKE GRANDE,"1,230,000",958,"1,284",10 Jan 2018,6 JURONG LAKE LINK #17-20,New Sale,Strata,89,"13,820",-,Condominium,1,99 yrs from 09/06/2015,Uncompleted,N.A,648159,22,64,West Region,Jurong West
THE HORIZON,"2,690,000","1,722.24","1,562",10 Jan 2018,1 HOLT ROAD #10-03,Resale,Strata,160,"16,813",-,Condominium,1,Freehold,2001,Private,249441,10,24,Central Region,Tanglin
THE TESSARINA,"1,470,000",990.29,"1,484",10 Jan 2018,26 WILBY ROAD #02-23,Resale,Strata,92,"15,978",-,Condominium,1,Freehold,2003,Private,276308,10,27,Central Region,Bukit Timah
D'NEST,"1,150,000","1,130.22","1,018",10 Jan 2018,137 PASIR RIS GROVE #03-38,Sub Sale,Strata,105,"10,952",-,Condominium,1,99 yrs from 20/10/2010,2017,HDB,518133,18,51,East Region,Pasir Ris
WATERBANK AT DAKOTA,"798,000",484.38,"1,647",10 Jan 2018,70 DAKOTA CRESCENT #18-04,Resale,Strata,45,"17,733",-,Condominium,1,99 yrs from 07/12/2009,2013,Private,399941,14,39,Central Region,Geylang
GALLOP GREEN,"5,660,000","3,261.49","1,735",10 Jan 2018,19 WOOLLERTON PARK #04-20,Resale,Strata,303,"18,680",-,Condominium,1,Freehold,2002,Private,257537,10,25,Central Region,Tanglin
RIO VISTA,"965,000","1,248.62",773,10 Jan 2018,20 UPPER SERANGOON VIEW #05-20,Resale,Strata,116,"8,319",-,Condominium,1,99 yrs from 02/01/2001,2004,Private,534203,19,53,North East Region,Hougang
REGENT PARK,"900,000",914.94,984,10 Jan 2018,22 JALAN LEMPENG #07-04,Resale,Strata,85,"10,588",-,Condominium,1,99 yrs from 01/12/1993,1997,HDB,128803,05,12,West Region,Clementi
KOVAN MELODY,"980,000",904.18,"1,084",10 Jan 2018,29 KOVAN ROAD #03-32,Resale,Strata,84,"11,667",-,Condominium,1,99 yrs from 20/01/2004,2006,Private,545022,19,54,North East Region,Hougang
CASABELLA,"2,825,000","1,776.06","1,591",10 Jan 2018,222 DUCHESS AVENUE #03-12,Resale,Strata,165,"17,121",-,Condominium,1,Freehold,2005,Private,266338,10,26,Central Region,Bukit Timah
FLO RESIDENCE,"855,000",925.7,924,10 Jan 2018,11 PUNGGOL FIELD WALK #09-24,Resale,Strata,86,"9,942",-,Condominium,1,99 yrs from 05/12/2011,2016,Private,828744,19,82,North East Region,Punggol
SKYSUITES17,"640,000",365.98,"1,749",10 Jan 2018,17 JALAN RAJAH #15-04,Resale,Strata,34,"18,824",-,Apartment,1,Freehold,2014,Private,329137,12,32,Central Region,Novena
PALM GARDENS,"945,000","1,216.33",777,10 Jan 2018,2B HONG SAN WALK #10-08,Resale,Strata,113,"8,363",-,Condominium,1,99 yrs from 12/08/1996,2000,HDB,689048,23,68,West Region,Choa Chu Kang
CARLYX GREEN,"915,000",861.12,"1,063",10 Jan 2018,41 CARLISLE ROAD #05-01,Resale,Strata,80,"11,438",-,Apartment,1,Freehold,2007,Private,219606,08,21,Central Region,Kallang
THE LADYHILL,"7,010,000","3,842.75","1,824",10 Jan 2018,1 LADY HILL ROAD #04-11,Resale,Strata,357,"19,636",-,Condominium,1,Freehold,2002,Private,258670,10,25,Central Region,Tanglin
PARC OLYMPIA,"543,000",495.14,"1,097",10 Jan 2018,50 FLORA DRIVE #08-03,Resale,Strata,46,"11,804",-,Condominium,1,99 yrs from 25/01/2012,2015,Private,506868,17,50,East Region,Pasir Ris
SEASIDE RESIDENCES,"1,688,000","1,087.16","1,553",10 Jan 2018,16 SIGLAP LINK #02-22,New Sale,Strata,101,"16,713",-,Apartment,1,99 yrs from 18/04/2016,Uncompleted,Private,448872,15,44,East Region,Bedok
ROCHELLE AT NEWTON,"2,780,000","1,862.17","1,493",10 Jan 2018,188 KENG LEE ROAD #23-01,Resale,Strata,173,"16,069",-,Condominium,1,99 yrs from 10/03/2008,2012,Private,308414,11,30,Central Region,Novena
SEASONS PARK,"1,110,000","1,248.62",889,10 Jan 2018,495 YIO CHU KANG ROAD #05-01,Resale,Strata,116,"9,569",-,Condominium,1,99 yrs from 01/03/1995,1997,HDB,787080,26,78,North East Region,Ang Mo Kio
BEDOK RESIDENCES,"3,012,570","3,067.74",982,10 Jan 2018,22 BEDOK NORTH DRIVE #15-25,Resale,Strata,285,"10,570",-,Apartment,1,99 yrs from 21/11/2011,2015,Private,465497,16,46,East Region,Bedok
HAIG 162,"815,000",581.26,"1,402",10 Jan 2018,162 HAIG ROAD #13-01,Resale,Strata,54,"15,093",-,Apartment,1,Freehold,2013,Private,438773,15,43,Central Region,Marine Parade
GRANGE RESIDENCES,"8,000,000","2,852.46","2,805",10 Jan 2018,93 GRANGE ROAD #17-07,Resale,Strata,265,"30,189",-,Condominium,1,Freehold,2004,Private,249614,10,24,Central Region,Tanglin
CASTLE GREEN,"1,200,000","1,410.08",851,10 Jan 2018,481 YIO CHU KANG ROAD #12-06,Resale,Strata,131,"9,160",-,Condominium,1,99 yrs from 01/12/1993,1997,Private,787056,26,78,North East Region,Ang Mo Kio
HILLVIEW REGENCY,"870,000","1,119.46",777,10 Jan 2018,28 BUKIT BATOK EAST AVENUE 2 #12-20,Resale,Strata,104,"8,365",-,Condominium,1,99 yrs from 20/06/2000,2006,HDB,659921,23,65,West Region,Bukit Batok
GRANDEUR PARK RESIDENCES,"1,285,000",893.41,"1,438",10 Jan 2018,1 BEDOK SOUTH AVENUE 3 #09-11,New Sale,Strata,83,"15,482",-,Condominium,1,99 yrs from 25/05/2016,Uncompleted,Private,465461,16,46,East Region,Bedok
VENTUNO BALMORAL,"3,500,000","2,432.66","1,439",10 Jan 2018,21 BALMORAL ROAD #11-03,Resale,Strata,226,"15,487",-,Apartment,1,Freehold,2008,Private,259805,10,25,Central Region,Tanglin
ROBERTSON 100,"2,100,000","1,323.97","1,586",10 Jan 2018,100 ROBERTSON QUAY #02-19,Resale,Strata,123,"17,073",-,Apartment,1,Freehold,2004,Private,238250,09,23,Central Region,Singapore River
THE DAFFODIL,"825,000",731.95,"1,127",10 Jan 2018,568 UPPER EAST COAST ROAD #02-10,Resale,Strata,68,"12,132",-,Apartment,1,Freehold,1998,HDB,466584,16,46,East Region,Bedok
BOTANNIA,"1,475,000","1,237.86","1,192",10 Jan 2018,31 WEST COAST PARK #04-25,Resale,Strata,115,"12,826",-,Condominium,1,956 yrs from 27/05/1928,2009,Private,127649,05,12,West Region,Clementi
THE PARC CONDOMINIUM,"1,800,000","1,894.46",950,10 Jan 2018,7 WEST COAST WALK #01-14,Resale,Strata,176,"10,227",-,Condominium,1,Freehold,2010,HDB,127159,05,12,West Region,Clementi
BLUE HORIZON,"910,000",925.7,983,10 Jan 2018,29 WEST COAST CRESCENT #08-28,Resale,Strata,86,"10,581",-,Condominium,1,99 yrs from 14/08/2000,2005,Private,128049,05,12,West Region,Clementi
EDELWEISS PARK CONDOMINIUM,"934,000","1,280.92",729,10 Jan 2018,100 FLORA ROAD #02-65,Resale,Strata,119,"7,849",-,Condominium,1,Freehold,2006,Private,509743,17,50,East Region,Pasir Ris
MY MANHATTAN,"775,000",559.73,"1,385",10 Jan 2018,33 SIMEI STREET 3 #02-20,Resale,Strata,52,"14,904",-,Condominium,1,99 yrs from 11/08/2010,2014,HDB,529903,18,52,East Region,Tampines
PARC BOTANNIA,"585,000",430.56,"1,359",10 Jan 2018,10 FERNVALE STREET #15-08,New Sale,Strata,40,"14,625",-,Condominium,1,99 yrs from 28/12/2016,Uncompleted,Private,797390,28,79,North East Region,Sengkang
HIGHLINE RESIDENCES,"2,700,000","1,291.68","2,090",10 Jan 2018,9 KIM TIAN ROAD #30-17,New Sale,Strata,120,"22,500",-,Condominium,1,99 yrs from 22/07/2013,Uncompleted,Private,168593,03,16,Central Region,Bukit Merah
THE PALETTE,"1,105,000","1,151.75",959,10 Jan 2018,115 PASIR RIS GROVE #02-45,Resale,Strata,107,"10,327",-,Condominium,1,99 yrs from 20/10/2010,2015,HDB,518172,18,51,East Region,Pasir Ris
SEASTRAND,"580,000",570.49,"1,017",10 Jan 2018,17 PASIR RIS LINK #12-41,Resale,Strata,53,"10,943",-,Condominium,1,99 yrs from 03/01/2011,2014,HDB,518183,18,51,East Region,Pasir Ris
NEEM TREE,"840,973",505.91,"1,662",10 Jan 2018,30 JALAN KEMAMAN #15-06,New Sale,Strata,47,"17,893",-,Apartment,1,Freehold,Uncompleted,HDB,329341,12,32,Central Region,Novena
CITYSCAPE @FARRER PARK,"1,488,888","1,119.46","1,330",11 Jan 2018,101 MERGUI ROAD #15-01,Resale,Strata,104,"14,316",-,Condominium,1,Freehold,2014,Private,219067,08,21,Central Region,Kallang
CLOVER BY THE PARK,"2,150,000","1,765.3","1,218",11 Jan 2018,2 BISHAN STREET 25 #34-01,Resale,Strata,164,"13,110",-,Condominium,1,99 yrs from 10/09/2007,2011,HDB,573973,20,57,Central Region,Bishan
PEBBLE BAY,"2,288,000","1,894.46","1,208",11 Jan 2018,132 TANJONG RHU ROAD #06-08,Resale,Strata,176,"13,000",-,Condominium,1,99 yrs from 09/03/1994,1997,Private,436919,15,43,Central Region,Kallang
QUEENS PEAK,"1,395,000",775.01,"1,800",11 Jan 2018,3 DUNDEE ROAD #26-14,New Sale,Strata,72,"19,375",-,Condominium,1,99 yrs from 28/09/2015,Uncompleted,HDB,149457,03,14,Central Region,Queenstown
ST PATRICK'S RESIDENCES,"3,180,000","2,561.83","1,241",11 Jan 2018,60 ST. PATRICK'S ROAD #05-20,Resale,Strata,238,"13,361",-,Apartment,1,Freehold,2013,Private,423467,15,42,East Region,Bedok
PARK WEST,"840,888,888","629,263.44","1,336",11 Jan 2018,"2,4, 6, 8,ETC ENBLOC JALAN LEMPENG #05-01",Resale,Strata,"58,460","14,384",-,Condominium,436,99 yrs from 08/03/1982,1985,Private,128797,05,12,West Region,Clementi
THE CREST,"2,613,000","1,453.14","1,798",11 Jan 2018,101 PRINCE CHARLES CRESCENT #10-04,Resale,Strata,135,"19,356",-,Condominium,1,99 yrs from 21/12/2012,2017,Private,159017,03,15,Central Region,Bukit Merah
LAKESIDE APARTMENTS,"980,000","1,517.72",646,11 Jan 2018,9E YUAN CHING ROAD #05-58,Resale,Strata,141,"6,950",-,Apartment,1,99 yrs from 01/03/1977,-,HDB,618647,22,61,West Region,Jurong East
SOPHIA HILLS,"1,282,000",613.55,"2,089",11 Jan 2018,5 MOUNT SOPHIA #03-06,New Sale,Strata,57,"22,491",-,Condominium,1,99 yrs from 10/12/2013,Uncompleted,Private,228453,09,22,Central Region,Rochor
GRANDE VISTA,"1,180,000","1,367.03",863,11 Jan 2018,12 CACTUS DRIVE #08-03,Resale,Strata,127,"9,291",-,Condominium,1,999 yrs from 05/05/1886,1992,Private,809688,28,80,North East Region,Ang Mo Kio
SOUTHAVEN II,"1,168,000","1,119.46","1,043",11 Jan 2018,33 HINDHEDE WALK #06-06,Resale,Strata,104,"11,231",-,Condominium,1,999 yrs from 21/06/1877,1999,HDB,587968,21,58,West Region,Bukit Panjang
THREE 11,"750,000",495.14,"1,515",11 Jan 2018,311 UPPER THOMSON ROAD #02-07,Resale,Strata,46,"16,304",-,Apartment,1,Freehold,2015,HDB,574409,20,57,Central Region,Bishan
ISUITES @ PALM,"585,000",462.85,"1,264",11 Jan 2018,26 GLASGOW ROAD #04-12,Resale,Strata,43,"13,605",-,Apartment,1,999 yrs from 02/12/1878,2013,Private,549345,19,54,North East Region,Hougang
NEEM TREE,"680,660",419.8,"1,621",11 Jan 2018,30 JALAN KEMAMAN #08-05,New Sale,Strata,39,"17,453",-,Apartment,1,Freehold,Uncompleted,Private,329341,12,32,Central Region,Novena
THE LUXURIE,"615,000",452.09,"1,360",11 Jan 2018,11 COMPASSVALE ROAD #07-01,Resale,Strata,42,"14,643",-,Condominium,1,99 yrs from 15/06/2011,2015,HDB,544749,19,54,North East Region,Sengkang
NINE RESIDENCES,"785,000",699.66,"1,122",11 Jan 2018,14 YISHUN AVENUE 9 #06-17,Resale,Strata,65,"12,077",-,Apartment,1,99 yrs from 30/04/2013,2015,HDB,768895,27,76,North Region,Yishun
CASA ROSA,"997,000","1,173.28",850,11 Jan 2018,35 LORONG ONG LYE #05-09,Resale,Strata,109,"9,147",-,Condominium,1,99 yrs from 02/02/1998,2001,Private,536443,19,53,North East Region,Serangoon
SANCTUARY GREEN,"1,014,000",850.36,"1,192",11 Jan 2018,181 TANJONG RHU ROAD #03-13,Resale,Strata,79,"12,835",-,Condominium,1,99 yrs from 17/03/1997,2004,Private,436922,15,43,Central Region,Kallang
MELVILLE PARK,"710,000",936.47,758,11 Jan 2018,16 SIMEI STREET 1 #07-11,Resale,Strata,87,"8,161",-,Condominium,1,99 yrs from 01/09/1992,1996,Private,529942,18,52,East Region,Tampines
QUEENS PEAK,"1,673,000",936.47,"1,786",11 Jan 2018,1 DUNDEE ROAD #37-01,New Sale,Strata,87,"19,230",-,Condominium,1,99 yrs from 28/09/2015,Uncompleted,Private,149456,03,14,Central Region,Queenstown
GRAMERCY PARK,"4,230,400","1,280.92","3,303",11 Jan 2018,57 GRANGE ROAD #20-07,Resale,Strata,119,"35,550",-,Condominium,1,Freehold,2016,HDB,249569,10,24,Central Region,Tanglin
THE ORANGE GROVE,"6,550,000","3,487.54","1,878",11 Jan 2018,38 ORANGE GROVE ROAD #01-06,Resale,Strata,324,"20,216",-,Condominium,1,Freehold,2010,Private,258364,10,25,Central Region,Tanglin
THE SEAWIND,"1,069,048",656.6,"1,628",11 Jan 2018,76 LORONG M TELOK KURAU #04-12,Resale,Strata,61,"17,525",-,Condominium,1,Freehold,2015,Private,425412,15,42,East Region,Bedok
PINNACLE 16,"1,310,000",925.7,"1,415",11 Jan 2018,16 SHAN ROAD #10-03,Resale,Strata,86,"15,233",-,Apartment,1,Freehold,2006,Private,328107,12,32,Central Region,Novena
THE MAYFAIR,"880,000",893.41,985,11 Jan 2018,7 JURONG EAST STREET 32 #06-03,Resale,Strata,83,"10,602",-,Condominium,1,99 yrs from 04/12/1996,2000,HDB,609480,22,60,West Region,Jurong East
REGAL COURT,"1,138,000","1,173.28",970,11 Jan 2018,17 KIM KEAT ROAD #03-01,Resale,Strata,109,"10,440",-,Apartment,1,Freehold,1997,HDB,328837,12,32,Central Region,Novena
EIGHT RIVERSUITES,"1,400,000","1,076.4","1,301",11 Jan 2018,8 WHAMPOA EAST #09-18,Resale,Strata,100,"14,000",-,Condominium,1,99 yrs from 11/07/2011,2016,Private,338520,12,33,Central Region,Kallang
PARC RIVIERA,"1,336,000","1,151.75","1,160",11 Jan 2018,103 WEST COAST VALE #14-12,New Sale,Strata,107,"12,486",-,Condominium,1,99 yrs from 11/11/2015,Uncompleted,Private,126754,05,12,West Region,Clementi
CITYLIGHTS,"1,175,000",731.95,"1,605",11 Jan 2018,86 JELLICOE ROAD #24-17,Resale,Strata,68,"17,279",-,Condominium,1,99 yrs from 05/01/2004,2007,Private,208745,08,20,Central Region,Kallang
RIO VISTA,"998,000","1,248.62",799,11 Jan 2018,28 UPPER SERANGOON VIEW #09-33,Resale,Strata,116,"8,603",-,Condominium,1,99 yrs from 02/01/2001,2004,Private,534207,19,53,North East Region,Hougang
THE VUE,"550,000",430.56,"1,277",11 Jan 2018,355 UPPER PAYA LEBAR ROAD #04-12,Resale,Strata,40,"13,750",-,Apartment,1,Freehold,2013,HDB,534958,19,53,North East Region,Serangoon
STURDEE RESIDENCES,"2,036,000","1,302.44","1,563",11 Jan 2018,10 BEATTY ROAD #23-08,New Sale,Strata,121,"16,826",-,Condominium,1,99 yrs from 29/06/2015,Uncompleted,HDB,209955,08,20,Central Region,Kallang
THE LUXURIE,"845,000",731.95,"1,154",11 Jan 2018,27 COMPASSVALE ROAD #04-33,Resale,Strata,68,"12,426",-,Condominium,1,99 yrs from 15/06/2011,2015,HDB,544757,19,54,North East Region,Sengkang
RESIDENCES @ JANSEN,"790,000",602.78,"1,311",11 Jan 2018,29 JANSEN ROAD #05-03,Resale,Strata,56,"14,107",-,Apartment,1,999 yrs from 01/09/1876,2008,HDB,548432,19,54,North East Region,Hougang
CHELSEA GROVE,"1,060,000",947.23,"1,119",11 Jan 2018,2 MARTABAN ROAD #04-02,Resale,Strata,88,"12,045",-,Apartment,1,Freehold,2007,Private,328626,12,32,Central Region,Novena
ESTELLA GARDENS,"980,000","1,291.68",759,11 Jan 2018,25 FLORA ROAD #07-04,Resale,Strata,120,"8,167",-,Condominium,1,Freehold,1999,HDB,509740,17,50,East Region,Pasir Ris
GUILIN VIEW,"1,370,000","1,700.71",806,11 Jan 2018,20 BUKIT BATOK STREET 52 #11-02,Resale,Strata,158,"8,671",-,Condominium,1,99 yrs from 24/04/1996,1999,Private,659244,23,65,West Region,Bukit Batok
REGENTVILLE,"730,000",979.52,745,11 Jan 2018,8 HOUGANG STREET 92 #08-06,Resale,Strata,91,"8,022",-,Apartment,1,99 yrs from 24/04/1996,1999,Private,538686,19,53,North East Region,Hougang
GALLERY FIFTEEN,"1,460,000","1,453.14","1,005",11 Jan 2018,31 JALAN DUSUN #08-01,Resale,Strata,135,"10,815",-,Apartment,1,Freehold,2003,Private,329370,12,32,Central Region,Novena
NORTH PARK RESIDENCES,"1,866,510","1,431.61","1,304",11 Jan 2018,35 YISHUN CENTRAL 1 #05-81,New Sale,Strata,133,"14,034",-,Apartment,1,99 yrs from 19/03/2015,Uncompleted,Private,768807,27,76,North Region,Yishun
STURDEE RESIDENCES,"1,804,000","1,302.44","1,385",12 Jan 2018,10 BEATTY ROAD #05-08,New Sale,Strata,121,"14,909",-,Condominium,1,99 yrs from 29/06/2015,Uncompleted,N.A,209955,08,20,Central Region,Kallang
STRATA,"1,675,000","1,065.64","1,572",12 Jan 2018,1 ESSEX ROAD #17-04,Resale,Strata,99,"16,919",-,Apartment,1,Freehold,2006,Private,309329,11,30,Central Region,Novena
PARC BOTANNIA,"1,261,000",979.52,"1,287",12 Jan 2018,10 FERNVALE STREET #10-03,New Sale,Strata,91,"13,857",-,Condominium,1,99 yrs from 28/12/2016,Uncompleted,Private,797390,28,79,North East Region,Sengkang
76 SHENTON,"1,060,000",592.02,"1,790",12 Jan 2018,76 SHENTON WAY #06-01,Resale,Strata,55,"19,273",-,Apartment,1,99 yrs from 12/04/2007,2014,Private,079119,02,07,Central Region,Downtown Core
PARC BOTANNIA,"596,000",430.56,"1,384",12 Jan 2018,10 FERNVALE STREET #19-08,New Sale,Strata,40,"14,900",-,Condominium,1,99 yrs from 28/12/2016,Uncompleted,HDB,797390,28,79,North East Region,Sengkang
HIGHLINE RESIDENCES,"2,400,000","1,227.1","1,956",12 Jan 2018,3 KIM TIAN ROAD #04-04,New Sale,Strata,114,"21,053",-,Condominium,1,99 yrs from 22/07/2013,2018,HDB,169281,03,16,Central Region,Bukit Merah
ESPADA,"940,000",355.21,"2,646",12 Jan 2018,48 ST. THOMAS WALK #26-03,Resale,Strata,33,"28,485",-,Apartment,1,Freehold,2013,Private,238126,09,23,Central Region,River Valley
PARC OLYMPIA,"835,000",990.29,843,12 Jan 2018,50 FLORA DRIVE #03-02,Resale,Strata,92,"9,076",-,Condominium,1,99 yrs from 25/01/2012,2015,HDB,506868,17,50,East Region,Pasir Ris
TREVISTA,"1,530,000","1,130.22","1,354",12 Jan 2018,25 LORONG 3 TOA PAYOH #22-13,Resale,Strata,105,"14,571",-,Condominium,1,99 yrs from 15/07/2008,2011,HDB,319583,12,31,Central Region,Toa Payoh
CARABELLE,"1,180,000",947.23,"1,246",12 Jan 2018,63 WEST COAST WAY #08-22,Resale,Strata,88,"13,409",-,Condominium,1,956 yrs from 27/05/1928,2009,Private,127021,05,12,West Region,Clementi
LEONIE PARC VIEW,"4,900,000","2,249.68","2,178",12 Jan 2018,22 LEONIE HILL ROAD #20-02,Resale,Strata,209,"23,445",-,Apartment,1,Freehold,2009,Private,239195,09,23,Central Region,River Valley
DAKOTA RESIDENCES,"2,550,000","1,829.88","1,394",12 Jan 2018,38 DAKOTA CRESCENT #08-10,Resale,Strata,170,"15,000",-,Condominium,1,99 yrs from 11/09/2007,2010,Private,399938,14,39,Central Region,Geylang
ST MICHAEL REGENCY,"1,100,000",925.7,"1,188",12 Jan 2018,38 ST. MICHAEL'S ROAD #03-04,Resale,Strata,86,"12,791",-,Apartment,1,Freehold,2010,Private,328008,12,32,Central Region,Kallang
WATERTOWN,"1,100,000",958,"1,148",12 Jan 2018,65 PUNGGOL CENTRAL #02-12,Sub Sale,Strata,89,"12,360",-,Apartment,1,99 yrs from 18/05/2011,2017,Private,828842,19,82,North East Region,Punggol
THE SEA VIEW,"4,500,000","2,809.4","1,602",12 Jan 2018,29 AMBER ROAD #22-01,Resale,Strata,261,"17,241",-,Condominium,1,Freehold,2008,Private,439942,15,43,Central Region,Marine Parade
BOATHOUSE RESIDENCES,"952,000",893.41,"1,066",12 Jan 2018,31 UPPER SERANGOON VIEW #16-21,Resale,Strata,83,"11,470",-,Condominium,1,99 yrs from 09/02/2011,2015,Private,534043,19,53,North East Region,Hougang
ROBIN REGALIA,"1,540,000",882.65,"1,745",12 Jan 2018,35 ROBIN ROAD #08-01,Resale,Strata,82,"18,780",-,Apartment,1,Freehold,2000,HDB,258210,10,25,Central Region,Tanglin
MEADOWS @ PEIRCE,"1,550,000","1,356.26","1,143",12 Jan 2018,626 UPPER THOMSON ROAD #01-03,Resale,Strata,126,"12,302",-,Condominium,1,Freehold,2012,Private,787130,26,78,North East Region,Ang Mo Kio
CASA MEYA,"1,500,000","1,194.8","1,255",12 Jan 2018,25 MEYAPPA CHETTIAR ROAD #10-03,Resale,Strata,111,"13,514",-,Apartment,1,Freehold,2009,HDB,358464,13,35,Central Region,Toa Payoh
GEM RESIDENCES,"1,536,724",979.52,"1,569",12 Jan 2018,1 LORONG 5 TOA PAYOH #31-04,New Sale,Strata,91,"16,887",-,Condominium,1,99 yrs from 21/09/2015,Uncompleted,N.A,319458,12,31,Central Region,Toa Payoh
LIVIA,"795,000",914.94,869,12 Jan 2018,79 PASIR RIS GROVE #04-41,Resale,Strata,85,"9,353",-,Condominium,1,99 yrs from 07/01/2008,2011,HDB,518209,18,51,East Region,Pasir Ris
HOLT RESIDENCES,"3,200,000","2,055.92","1,556",12 Jan 2018,5 HOLT ROAD #09-03,Resale,Strata,191,"16,754",-,Apartment,1,Freehold,2000,Private,249444,10,24,Central Region,Tanglin
LAKE GRANDE,"1,784,000","1,302.44","1,370",12 Jan 2018,6 JURONG LAKE LINK #02-18,New Sale,Strata,121,"14,744",-,Condominium,1,99 yrs from 09/06/2015,Uncompleted,N.A,648159,22,64,West Region,Jurong West
SELETAR PARK RESIDENCE,"1,980,000","2,238.91",884,12 Jan 2018,17 SELETAR ROAD #05-31,Resale,Strata,208,"9,519",-,Condominium,1,99 yrs from 15/03/2011,2015,Private,807019,28,80,North East Region,Serangoon
BARTLEY RESIDENCES,"700,000",462.85,"1,512",12 Jan 2018,3 LORONG HOW SUN #04-10,Resale,Strata,43,"16,279",-,Apartment,1,99 yrs from 29/06/2011,2015,HDB,536560,19,53,North East Region,Serangoon
THE GARDENS AT BISHAN,"1,235,000","1,227.1","1,006",12 Jan 2018,1 SIN MING WALK #03-36,Resale,Strata,114,"10,833",-,Condominium,1,99 yrs from 22/03/1997,2004,Private,575574,20,57,Central Region,Bishan
OPTIMA @ TANAH MERAH,"678,000",484.38,"1,400",12 Jan 2018,86 TANAH MERAH KECHIL AVENUE #07-15,Resale,Strata,45,"15,067",-,Condominium,1,99 yrs from 09/12/2008,2012,Private,465517,16,46,East Region,Bedok
EIGHT RIVERSUITES,"735,000",441.32,"1,665",12 Jan 2018,6 WHAMPOA EAST #20-13,Resale,Strata,41,"17,927",-,Condominium,1,99 yrs from 11/07/2011,2016,Private,338519,12,33,Central Region,Kallang
LUMA,"1,320,000",742.72,"1,777",12 Jan 2018,6 RIVER VALLEY GROVE #16-01,Resale,Strata,69,"19,130",-,Apartment,1,Freehold,2011,HDB,238403,09,23,Central Region,River Valley
MARINA ONE RESIDENCES,"3,550,000","1,539.25","2,306",12 Jan 2018,21 MARINA WAY #07-07,New Sale,Strata,143,"24,825",-,Apartment,1,99 yrs from 01/07/2011,2017,Private,018978,01,01,Central Region,Downtown Core
CITY SQUARE RESIDENCES,"1,868,000","1,205.57","1,549",12 Jan 2018,6 KITCHENER LINK #21-09,Resale,Strata,112,"16,679",-,Condominium,1,Freehold,2009,Private,207227,08,20,Central Region,Kallang
TERRASSE,"1,258,000","1,108.69","1,135",12 Jan 2018,27 TERRASSE LANE #04-43,Resale,Strata,103,"12,214",-,Condominium,1,99 yrs from 23/08/2010,2014,HDB,544777,19,54,North East Region,Hougang
THE NASSIM,"6,777,000","1,926.76","3,517",12 Jan 2018,18 NASSIM HILL #04-02,Resale,Strata,179,"37,860",-,Condominium,1,Freehold,2015,HDB,258485,10,25,Central Region,Tanglin
MERAWOODS,"2,050,000","2,045.16","1,002",12 Jan 2018,136A HILLVIEW AVENUE #02-01,Resale,Strata,190,"10,789",-,Condominium,1,999 yrs from 12/10/1885,1999,Private,669606,23,66,West Region,Bukit Batok
CALARASI,"1,980,000","2,292.73",864,12 Jan 2018,31 KIM KEAT LANE #17-03,Resale,Strata,213,"9,296",-,Apartment,1,Freehold,2004,HDB,328882,12,32,Central Region,Novena
THE NASSIM,"19,600,000","7,061.18","2,776",12 Jan 2018,18 NASSIM HILL #05-05,Resale,Strata,656,"29,878",-,Condominium,1,Freehold,2015,Private,258485,10,25,Central Region,Tanglin
VARSITY PARK CONDOMINIUM,"1,890,000","1,797.59","1,051",12 Jan 2018,64 WEST COAST ROAD #01-82,Resale,Strata,167,"11,317",-,Condominium,1,99 yrs from 03/05/2004,2008,Private,126832,05,12,West Region,Clementi
THE PALETTE,"2,250,000","2,561.83",878,12 Jan 2018,111 PASIR RIS GROVE #13-30,Resale,Strata,238,"9,454",-,Condominium,1,99 yrs from 20/10/2010,2015,HDB,518170,18,51,East Region,Pasir Ris
N.A.,"650,000",807.3,805,12 Jan 2018,35A BIRCH ROAD,Resale,Strata,75,"8,667",-,Apartment,1,Freehold,1997,Private,219895,08,21,Central Region,Rochor
PARC VERA,"2,025,000","3,304.55",613,12 Jan 2018,10 HOUGANG STREET 32 #17-17,Resale,Strata,307,"6,596",-,Condominium,1,99 yrs from 20/12/2010,2014,Private,534037,19,53,North East Region,Hougang
SKY HABITAT,"3,296,319","2,077.45","1,587",12 Jan 2018,9 BISHAN STREET 15 #17-15,Resale,Strata,193,"17,079",-,Condominium,1,99 yrs from 30/05/2011,2015,Private,573909,20,57,Central Region,Bishan
MULBERRY TREE,"1,003,000",635.08,"1,579",12 Jan 2018,167 MOULMEIN ROAD #03-04,Resale,Strata,59,"17,000",-,Apartment,1,Freehold,2010,Private,308092,11,30,Central Region,Novena
DUO RESIDENCES,"3,750,000","1,528.49","2,453",12 Jan 2018,1 FRASER STREET #41-18,New Sale,Strata,142,"26,408",-,Apartment,1,99 yrs from 01/07/2011,2017,N.A,189350,07,18,Central Region,Downtown Core
THE LUXURIE,"880,000",775.01,"1,135",12 Jan 2018,23 COMPASSVALE ROAD #11-23,Resale,Strata,72,"12,222",-,Condominium,1,99 yrs from 15/06/2011,2015,HDB,544755,19,54,North East Region,Sengkang
TERRENE AT BUKIT TIMAH,"1,500,000","1,184.04","1,267",12 Jan 2018,113 JALAN JURONG KECHIL #01-06,Resale,Strata,110,"13,636",-,Condominium,1,999 yrs from 19/06/1885,2013,Private,598675,21,59,Central Region,Bukit Timah
GRAMERCY PARK,"5,781,820","1,980.58","2,919",12 Jan 2018,57 GRANGE ROAD #10-04,Resale,Strata,184,"31,423",-,Condominium,1,Freehold,2016,HDB,249569,10,24,Central Region,Tanglin
NEEM TREE,"984,460",624.31,"1,577",12 Jan 2018,30 JALAN KEMAMAN #11-04,New Sale,Strata,58,"16,973",-,Apartment,1,Freehold,Uncompleted,N.A,329341,12,32,Central Region,Novena
SIMS EDGE,"610,000",409.03,"1,491",12 Jan 2018,1 GEYLANG EAST AVENUE 2 #14-05,Resale,Strata,38,"16,053",-,Apartment,1,Freehold,2014,Private,389760,14,38,Central Region,Geylang
H2O RESIDENCES,"798,000",753.48,"1,059",12 Jan 2018,30 FERNVALE LINK #11-06,Resale,Strata,70,"11,400",-,Condominium,1,99 yrs from 10/05/2010,2015,Private,797530,28,79,North East Region,Sengkang
ICON,"1,028,000",559.73,"1,837",12 Jan 2018,10 GOPENG STREET #19-11,Resale,Strata,52,"19,769",-,Apartment,1,99 yrs from 29/01/2002,2007,Private,078878,02,07,Central Region,Downtown Core
CARIBBEAN AT KEPPEL BAY,"1,458,000",893.41,"1,632",12 Jan 2018,46 KEPPEL BAY DRIVE #05-125,Resale,Strata,83,"17,566",-,Condominium,1,99 yrs from 16/08/1999,2004,Private,098635,04,09,Central Region,Bukit Merah
SIMS URBAN OASIS,"1,612,300","1,033.34","1,560",12 Jan 2018,18 SIMS DRIVE #13-61,New Sale,Strata,96,"16,795",-,Condominium,1,99 yrs from 29/07/2014,2017,Private,387394,14,38,Central Region,Geylang
OLEANDER TOWERS,"965,000",893.41,"1,080",12 Jan 2018,911 LORONG 1 TOA PAYOH #06-07,Resale,Strata,83,"11,627",-,Apartment,1,99 yrs from 01/03/1995,1997,HDB,319771,12,31,Central Region,Toa Payoh
PEBBLE BAY,"4,630,000","2,766.35","1,674",12 Jan 2018,136 TANJONG RHU ROAD #04-01,Resale,Strata,257,"18,016",-,Condominium,1,99 yrs from 09/03/1994,1997,Private,436921,15,43,Central Region,Kallang
THE NAVIAN,"1,026,000",656.6,"1,563",12 Jan 2018,178 JALAN EUNOS #05-04,New Sale,Strata,61,"16,820",-,Apartment,1,Freehold,Uncompleted,HDB,419530,14,41,East Region,Bedok
QUEENS PEAK,"1,513,000",861.12,"1,757",13 Jan 2018,3 DUNDEE ROAD #33-22,New Sale,Strata,80,"18,913",-,Condominium,1,99 yrs from 28/09/2015,Uncompleted,HDB,149457,03,14,Central Region,Queenstown
KINGSFORD WATERBAY,"972,729",688.9,"1,412",13 Jan 2018,72 UPPER SERANGOON VIEW #06-40,New Sale,Strata,64,"15,199",-,Apartment,1,99 yrs from 03/03/2014,Uncompleted,N.A,533882,19,53,North East Region,Hougang
GRANDEUR PARK RESIDENCES,"995,000",581.26,"1,712",13 Jan 2018,1 BEDOK SOUTH AVENUE 3 #13-02,New Sale,Strata,54,"18,426",-,Condominium,1,99 yrs from 25/05/2016,Uncompleted,HDB,465461,16,46,East Region,Bedok
PARC BOTANNIA,"761,000",592.02,"1,285",13 Jan 2018,16 FERNVALE STREET #04-23,New Sale,Strata,55,"13,836",-,Condominium,1,99 yrs from 28/12/2016,Uncompleted,HDB,797393,28,79,North East Region,Sengkang
SYMPHONY SUITES,"1,087,000","1,022.58","1,063",13 Jan 2018,5 YISHUN CLOSE #10-11,New Sale,Strata,95,"11,442",-,Condominium,1,99 yrs from 10/06/2014,Uncompleted,Private,768006,27,76,North Region,Yishun
PARC BOTANNIA,"775,000",581.26,"1,333",13 Jan 2018,16 FERNVALE STREET #12-19,New Sale,Strata,54,"14,352",-,Condominium,1,99 yrs from 28/12/2016,Uncompleted,N.A,797393,28,79,North East Region,Sengkang
THE CLEMENT CANOPY,"1,668,000","1,108.69","1,504",13 Jan 2018,18 CLEMENTI AVENUE 1 #39-11,New Sale,Strata,103,"16,194",-,Apartment,1,99 yrs from 09/03/2016,Uncompleted,N.A,129961,05,12,West Region,Clementi
FORTE SUITES,"1,305,300",624.31,"2,091",13 Jan 2018,88 MERGUI ROAD #22-06,New Sale,Strata,58,"22,505",-,Apartment,1,Freehold,2016,Private,219062,08,21,Central Region,Kallang
MARTIN MODERN,"1,986,930",764.24,"2,600",13 Jan 2018,8 MARTIN PLACE #15-05,New Sale,Strata,71,"27,985",-,Condominium,1,99 yrs from 28/09/2016,Uncompleted,Private,237992,09,23,Central Region,River Valley
GRANDEUR PARK RESIDENCES,"1,596,000","1,130.22","1,412",13 Jan 2018,9 BEDOK SOUTH AVENUE 3 #02-37,New Sale,Strata,105,"15,200",-,Condominium,1,99 yrs from 25/05/2016,Uncompleted,Private,465465,16,46,East Region,Bedok
PARC BOTANNIA,"591,000",430.56,"1,373",13 Jan 2018,10 FERNVALE STREET #17-08,New Sale,Strata,40,"14,775",-,Condominium,1,99 yrs from 28/12/2016,Uncompleted,HDB,797390,28,79,North East Region,Sengkang
PARC BOTANNIA,"624,000",505.91,"1,233",13 Jan 2018,18 FERNVALE STREET #04-27,New Sale,Strata,47,"13,277",-,Condominium,1,99 yrs from 28/12/2016,Uncompleted,N.A,797394,28,79,North East Region,Sengkang
PARC BOTANNIA,"1,438,000","1,151.75","1,249",13 Jan 2018,16 FERNVALE STREET #19-20,New Sale,Strata,107,"13,439",-,Condominium,1,99 yrs from 28/12/2016,Uncompleted,HDB,797393,28,79,North East Region,Sengkang
QUEENS PEAK,"1,599,000",936.47,"1,707",13 Jan 2018,3 DUNDEE ROAD #34-20,New Sale,Strata,87,"18,379",-,Condominium,1,99 yrs from 28/09/2015,Uncompleted,HDB,149457,03,14,Central Region,Queenstown
GRANDEUR PARK RESIDENCES,"1,609,000","1,130.22","1,424",13 Jan 2018,9 BEDOK SOUTH AVENUE 3 #04-37,New Sale,Strata,105,"15,324",-,Condominium,1,99 yrs from 25/05/2016,Uncompleted,Private,465465,16,46,East Region,Bedok
ARTRA,"2,159,400","1,410.08","1,531",13 Jan 2018,10 ALEXANDRA VIEW #08-01,New Sale,Strata,131,"16,484",-,Apartment,1,99 yrs from 15/02/2016,Uncompleted,Private,158745,03,15,Central Region,Bukit Merah
KINGSFORD WATERBAY,"972,467",688.9,"1,412",13 Jan 2018,76 UPPER SERANGOON VIEW #07-58,New Sale,Strata,64,"15,195",-,Apartment,1,99 yrs from 03/03/2014,Uncompleted,N.A,533880,19,53,North East Region,Hougang
KINGSFORD WATERBAY,"1,573,217","1,194.8","1,317",13 Jan 2018,80 UPPER SERANGOON VIEW #02-73,New Sale,Strata,111,"14,173",-,Apartment,1,99 yrs from 03/03/2014,Uncompleted,N.A,533878,19,53,North East Region,Hougang
SEASIDE RESIDENCES,"1,044,000",592.02,"1,763",13 Jan 2018,12 SIGLAP LINK #10-10,New Sale,Strata,55,"18,982",-,Apartment,1,99 yrs from 18/04/2016,Uncompleted,Private,448870,15,44,East Region,Bedok
MARTIN MODERN,"2,391,360",882.65,"2,709",13 Jan 2018,10 MARTIN PLACE #22-11,New Sale,Strata,82,"29,163",-,Condominium,1,99 yrs from 28/09/2016,Uncompleted,Private,237963,09,23,Central Region,River Valley
KINGSFORD WATERBAY,"1,199,439",893.41,"1,343",13 Jan 2018,70 UPPER SERANGOON VIEW #11-34,New Sale,Strata,83,"14,451",-,Apartment,1,99 yrs from 03/03/2014,Uncompleted,HDB,533883,19,53,North East Region,Hougang
KINGSFORD WATERBAY,"994,818",688.9,"1,444",13 Jan 2018,66 UPPER SERANGOON VIEW #10-13,New Sale,Strata,64,"15,544",-,Apartment,1,99 yrs from 03/03/2014,Uncompleted,HDB,533885,19,53,North East Region,Hougang
HIGHLINE RESIDENCES,"2,046,250","1,130.22","1,810",13 Jan 2018,3 KIM TIAN ROAD #03-03,New Sale,Strata,105,"19,488",-,Condominium,1,99 yrs from 22/07/2013,Uncompleted,Private,169281,03,16,Central Region,Bukit Merah
PARC RIVIERA,"1,528,000","1,151.75","1,327",13 Jan 2018,103 WEST COAST VALE #35-12,New Sale,Strata,107,"14,280",-,Condominium,1,99 yrs from 11/11/2015,Uncompleted,HDB,126754,05,12,West Region,Clementi
HIGHLINE RESIDENCES,"2,046,250","1,151.75","1,777",13 Jan 2018,1 KIM TIAN ROAD #01-02,New Sale,Strata,107,"19,124",-,Condominium,1,99 yrs from 22/07/2013,Uncompleted,Private,169280,03,16,Central Region,Bukit Merah
KINGSFORD WATERBAY,"1,202,398",893.41,"1,346",13 Jan 2018,70 UPPER SERANGOON VIEW #14-34,New Sale,Strata,83,"14,487",-,Apartment,1,99 yrs from 03/03/2014,Uncompleted,HDB,533883,19,53,North East Region,Hougang
KINGSFORD WATERBAY,"1,200,425",893.41,"1,344",13 Jan 2018,70 UPPER SERANGOON VIEW #12-34,New Sale,Strata,83,"14,463",-,Apartment,1,99 yrs from 03/03/2014,Uncompleted,HDB,533883,19,53,North East Region,Hougang
PARC BOTANNIA,"1,528,000","1,280.92","1,193",13 Jan 2018,16 FERNVALE STREET #09-25,New Sale,Strata,119,"12,840",-,Condominium,1,99 yrs from 28/12/2016,Uncompleted,N.A,797393,28,79,North East Region,Sengkang
QUEENS PEAK,"1,484,000",861.12,"1,723",14 Jan 2018,3 DUNDEE ROAD #29-22,New Sale,Strata,80,"18,550",-,Condominium,1,99 yrs from 28/09/2015,Uncompleted,Private,149457,03,14,Central Region,Queenstown
GRANDEUR PARK RESIDENCES,"1,855,000","1,237.86","1,499",14 Jan 2018,9 BEDOK SOUTH AVENUE 3 #14-40,New Sale,Strata,115,"16,130",-,Condominium,1,99 yrs from 25/05/2016,Uncompleted,Private,465465,16,46,East Region,Bedok
GRANDEUR PARK RESIDENCES,"1,036,000",667.37,"1,552",14 Jan 2018,3 BEDOK SOUTH AVENUE 3 #01-19,New Sale,Strata,62,"16,710",-,Condominium,1,99 yrs from 25/05/2016,Uncompleted,N.A,465462,16,46,East Region,Bedok
STURDEE RESIDENCES,"2,118,000","1,302.44","1,626",14 Jan 2018,10 BEATTY ROAD #27-08,New Sale,Strata,121,"17,504",-,Condominium,1,99 yrs from 29/06/2015,Uncompleted,HDB,209955,08,20,Central Region,Kallang
THE ALPS RESIDENCES,"1,186,000","1,065.64","1,113",14 Jan 2018,109 TAMPINES STREET 86 #01-33,New Sale,Strata,99,"11,980",-,Condominium,1,99 yrs from 03/08/2015,Uncompleted,Private,528534,18,52,East Region,Tampines
SEASIDE RESIDENCES,"988,000",592.02,"1,669",14 Jan 2018,16 SIGLAP LINK #08-23,New Sale,Strata,55,"17,964",-,Apartment,1,99 yrs from 18/04/2016,Uncompleted,N.A,448872,15,44,East Region,Bedok
SIMS URBAN OASIS,"1,649,400","1,033.34","1,596",14 Jan 2018,18 SIMS DRIVE #17-61,New Sale,Strata,96,"17,181",-,Condominium,1,99 yrs from 29/07/2014,2017,N.A,387394,14,38,Central Region,Geylang
HIGHLINE RESIDENCES,"2,205,240","1,151.75","1,915",14 Jan 2018,3 KIM TIAN ROAD #01-04,New Sale,Strata,107,"20,610",-,Condominium,1,99 yrs from 22/07/2013,Uncompleted,HDB,169281,03,16,Central Region,Bukit Merah
FORTE SUITES,"1,391,500",678.13,"2,052",14 Jan 2018,88 MERGUI ROAD #22-05,New Sale,Strata,63,"22,087",-,Apartment,1,Freehold,2016,Private,219062,08,21,Central Region,Kallang
QUEENS PEAK,"2,486,000","1,506.96","1,650",14 Jan 2018,1 DUNDEE ROAD #36-07,New Sale,Strata,140,"17,757",-,Condominium,1,99 yrs from 28/09/2015,Uncompleted,Private,149456,03,14,Central Region,Queenstown
REZI 35,"1,594,300","1,280.92","1,245",15 Jan 2018,20 LORONG 35 GEYLANG #08-07,New Sale,Strata,119,"13,397",-,Apartment,1,Freehold,Uncompleted,HDB,387949,14,38,Central Region,Geylang
SUNRISE GARDENS,"1,300,000","1,851.41",702,15 Jan 2018,57 SUNRISE AVENUE #02-09,Resale,Strata,172,"7,558",-,Condominium,1,99 yrs from 24/06/1995,1998,Private,806748,28,80,North East Region,Ang Mo Kio
HIGHLINE RESIDENCES,"2,354,250","1,151.75","2,044",15 Jan 2018,7 KIM TIAN ROAD #29-08,New Sale,Strata,107,"22,002",-,Condominium,1,99 yrs from 22/07/2013,Uncompleted,Private,168592,03,16,Central Region,Bukit Merah
THE MAKENA,"2,411,000","1,506.96","1,600",15 Jan 2018,121 MEYER ROAD #15-08,Resale,Strata,140,"17,221",-,Condominium,1,Freehold,1998,Private,437932,15,43,Central Region,Marine Parade
GRANDEUR PARK RESIDENCES,"1,139,645",882.65,"1,291",15 Jan 2018,11 BEDOK SOUTH AVENUE 3 #10-52,New Sale,Strata,82,"13,898",-,Condominium,1,99 yrs from 25/05/2016,Uncompleted,HDB,465466,16,46,East Region,Bedok
QUEENS PEAK,"1,795,000","1,054.87","1,702",15 Jan 2018,1 DUNDEE ROAD #32-13,New Sale,Strata,98,"18,316",-,Condominium,1,99 yrs from 28/09/2015,Uncompleted,Private,149456,03,14,Central Region,Queenstown
THE TRILLIUM,"2,870,000","1,399.32","2,051",15 Jan 2018,112 KIM SENG ROAD #22-03,Resale,Strata,130,"22,077",-,Condominium,1,Freehold,2010,HDB,239432,09,23,Central Region,Singapore River
SANDY PALM,"1,195,000","1,786.82",669,15 Jan 2018,163A JALAN LOYANG BESAR #04-05,Resale,Strata,166,"7,199",-,Condominium,1,99 yrs from 21/03/1996,2002,HDB,509414,17,50,East Region,Pasir Ris
KOVAN RESIDENCES,"1,070,000",882.65,"1,212",15 Jan 2018,3A KOVAN ROAD #05-16,Resale,Strata,82,"13,049",-,Condominium,1,99 yrs from 31/12/2007,2011,HDB,544918,19,54,North East Region,Hougang
REGENT PARK,"800,000",807.3,991,15 Jan 2018,26 JALAN LEMPENG #03-10,Resale,Strata,75,"10,667",-,Condominium,1,99 yrs from 01/12/1993,1997,HDB,128805,05,12,West Region,Clementi
SEASIDE RESIDENCES,"1,633,000","1,022.58","1,597",15 Jan 2018,18 SIGLAP LINK #11-34,New Sale,Strata,95,"17,189",-,Apartment,1,99 yrs from 18/04/2016,Uncompleted,Private,448873,15,44,East Region,Bedok
HIGHLINE RESIDENCES,"2,113,750","1,227.1","1,723",15 Jan 2018,5 KIM TIAN ROAD #04-06,New Sale,Strata,114,"18,542",-,Condominium,1,99 yrs from 22/07/2013,Uncompleted,HDB,168591,03,16,Central Region,Bukit Merah
NORTHVALE,"925,000","1,270.15",728,15 Jan 2018,65 CHOA CHU KANG LOOP #08-06,Resale,Strata,118,"7,839",-,Apartment,1,99 yrs from 01/03/1995,1998,HDB,689670,23,68,West Region,Choa Chu Kang
FORTUNE JADE,"1,450,000","1,216.33","1,192",15 Jan 2018,501 DUNMAN ROAD #08-04,Resale,Strata,113,"12,832",-,Apartment,1,Freehold,2003,Private,439193,15,43,Central Region,Geylang
COMPASS HEIGHTS,"695,000",667.37,"1,041",15 Jan 2018,9 SENGKANG SQUARE #04-21,Resale,Strata,62,"11,210",-,Apartment,1,99 yrs from 30/04/2000,2002,Private,545075,19,54,North East Region,Sengkang
PARC CENTROS,"1,260,000","1,162.51","1,084",15 Jan 2018,88 PUNGGOL CENTRAL #02-17,Resale,Strata,108,"11,667",-,Condominium,1,99 yrs from 19/03/2012,2016,HDB,828721,19,82,North East Region,Punggol
BISHAN 8,"1,270,000","1,162.51","1,092",15 Jan 2018,63 BISHAN STREET 21 #02-08,Resale,Strata,108,"11,759",-,Condominium,1,99 yrs from 09/10/1996,2000,HDB,574045,20,57,Central Region,Bishan
COSTA DEL SOL,"2,050,000","1,560.78","1,313",15 Jan 2018,76 BAYSHORE ROAD #24-19,Resale,Strata,145,"14,138",-,Condominium,1,99 yrs from 05/05/1997,2003,Private,469990,16,46,East Region,Bedok
ALEX RESIDENCES,"845,000",473.62,"1,784",15 Jan 2018,28 ALEXANDRA VIEW #03-10,Sub Sale,Strata,44,"19,205",-,Apartment,1,99 yrs from 18/03/2013,2017,HDB,158744,03,15,Central Region,Bukit Merah
BARTLEY RIDGE,"1,340,000",968.76,"1,383",15 Jan 2018,30 MOUNT VERNON ROAD #07-02,Resale,Strata,90,"14,889",-,Condominium,1,99 yrs from 16/04/2012,2016,Private,368055,13,36,Central Region,Toa Payoh
CITY LOFT,"506,500",344.45,"1,470",15 Jan 2018,363 RACE COURSE ROAD #03-03,Resale,Strata,32,"15,828",-,Apartment,1,Freehold,2012,HDB,218636,08,21,Central Region,Kallang
THE QUARTZ,"1,010,000","1,065.64",948,15 Jan 2018,63 COMPASSVALE BOW #03-28,Resale,Strata,99,"10,202",-,Condominium,1,99 yrs from 18/04/2005,2009,Private,544990,19,54,North East Region,Sengkang
ECO SANCTUARY,"975,000",753.48,"1,294",15 Jan 2018,65 CHESTNUT AVENUE #23-21,Resale,Strata,70,"13,929",-,Condominium,1,99 yrs from 25/04/2012,2016,Private,679524,23,67,West Region,Bukit Panjang
SOPHIA HILLS,"1,283,000",613.55,"2,091",15 Jan 2018,5 MOUNT SOPHIA #04-06,New Sale,Strata,57,"22,509",-,Condominium,1,99 yrs from 10/12/2013,Uncompleted,HDB,228453,09,22,Central Region,Rochor
VIVA,"6,000,000","2,992.39","2,005",15 Jan 2018,2 SUFFOLK WALK #27-01,Resale,Strata,278,"21,583",-,Condominium,1,Freehold,2012,Private,307462,11,30,Central Region,Novena
LINCOLN SUITES,"2,180,000","1,097.93","1,986",15 Jan 2018,3 KHIANG GUAN AVENUE #25-06,Resale,Strata,102,"21,373",-,Condominium,1,Freehold,2014,Private,308381,11,30,Central Region,Novena
QUEENS PEAK,"1,321,000",775.01,"1,704",15 Jan 2018,1 DUNDEE ROAD #21-08,New Sale,Strata,72,"18,347",-,Condominium,1,99 yrs from 28/09/2015,Uncompleted,HDB,149456,03,14,Central Region,Queenstown
NV RESIDENCES,"1,100,000","1,227.1",896,15 Jan 2018,85 PASIR RIS GROVE #14-11,Resale,Strata,114,"9,649",-,Condominium,1,99 yrs from 07/01/2008,2013,HDB,518212,18,51,East Region,Pasir Ris
EAST VILLAGE,"1,100,000","1,194.8",921,15 Jan 2018,432 UPPER CHANGI ROAD #04-22,Resale,Strata,111,"9,910",-,Apartment,1,Freehold,2014,Private,487049,16,48,East Region,Bedok
THE CALROSE,"1,950,000","1,442.38","1,352",15 Jan 2018,519 YIO CHU KANG ROAD #02-81,Resale,Strata,134,"14,552",-,Condominium,1,Freehold,2007,Private,787085,26,78,North East Region,Ang Mo Kio
SIMS EDGE,"600,000",409.03,"1,467",15 Jan 2018,1 GEYLANG EAST AVENUE 2 #13-05,Resale,Strata,38,"15,789",-,Apartment,1,Freehold,2014,HDB,389760,14,38,Central Region,Geylang
MIDTOWN RESIDENCES,"830,000",635.08,"1,307",15 Jan 2018,1189 UPPER SERANGOON ROAD #10-16,Resale,Strata,59,"14,068",-,Apartment,1,99 yrs from 24/01/2013,2016,HDB,534785,19,53,North East Region,Hougang
THE NEXUS,"1,800,000","1,194.8","1,507",15 Jan 2018,955 BUKIT TIMAH ROAD #06-13,Resale,Strata,111,"16,216",-,Condominium,1,Freehold,2006,Private,589652,21,58,Central Region,Bukit Timah
CARABELLE,"1,220,000",947.23,"1,288",15 Jan 2018,63 WEST COAST WAY #11-22,Resale,Strata,88,"13,864",-,Condominium,1,956 yrs from 27/05/1928,2009,HDB,127021,05,12,West Region,Clementi
POSHGROVE EAST,"1,850,000","1,431.61","1,292",15 Jan 2018,331 EAST COAST ROAD #01-07,Resale,Strata,133,"13,910",-,Condominium,1,Freehold,2008,Private,429100,15,42,East Region,Bedok
RIS GRANDEUR,"1,035,000","1,065.64",971,15 Jan 2018,25 ELIAS ROAD #14-09,Resale,Strata,99,"10,455",-,Condominium,1,Freehold,2005,Private,519931,18,51,East Region,Pasir Ris
THE MAYFAIR,"1,055,000","1,313.21",803,15 Jan 2018,3 JURONG EAST STREET 32 #16-04,Resale,Strata,122,"8,648",-,Condominium,1,99 yrs from 04/12/1996,2000,HDB,609478,22,60,West Region,Jurong East
HIGHLINE RESIDENCES,"2,387,500","1,227.1","1,946",15 Jan 2018,5 KIM TIAN ROAD #04-05,New Sale,Strata,114,"20,943",-,Condominium,1,99 yrs from 22/07/2013,Uncompleted,Private,168591,03,16,Central Region,Bukit Merah
ADRIA,"1,500,000",850.36,"1,764",15 Jan 2018,12 DERBYSHIRE ROAD #10-05,Resale,Strata,79,"18,987",-,Apartment,1,Freehold,2013,Private,309466,11,30,Central Region,Novena
D'NEST,"880,000",753.48,"1,168",15 Jan 2018,145 PASIR RIS GROVE #11-64,Sub Sale,Strata,70,"12,571",-,Condominium,1,99 yrs from 20/10/2010,2017,Private,518137,18,51,East Region,Pasir Ris
NOVENA HILL,"918,000",710.42,"1,292",15 Jan 2018,47B JALAN NOVENA,Resale,Strata,66,"13,909",-,Apartment,1,Freehold,-,Private,308665,11,30,Central Region,Novena
BULLION PARK,"860,000",807.3,"1,065",15 Jan 2018,164 LENTOR LOOP #05-05,Resale,Strata,75,"11,467",-,Condominium,1,Freehold,1993,Private,789096,26,78,North East Region,Ang Mo Kio
QUEENS PEAK,"1,389,000",775.01,"1,792",15 Jan 2018,3 DUNDEE ROAD #25-14,New Sale,Strata,72,"19,292",-,Condominium,1,99 yrs from 28/09/2015,Uncompleted,N.A,149457,03,14,Central Region,Queenstown
ASTORIA PARK,"1,055,000","1,173.28",899,15 Jan 2018,32 LORONG MYDIN #06-10,Resale,Strata,109,"9,679",-,Condominium,1,99 yrs from 01/05/1993,1995,Private,416826,14,41,East Region,Bedok
THE LUXURIE,"1,280,000","1,689.95",757,15 Jan 2018,27 COMPASSVALE ROAD #01-32,Resale,Strata,157,"8,153",-,Condominium,1,99 yrs from 15/06/2011,2015,Private,544757,19,54,North East Region,Sengkang
QUEENS PEAK,"1,393,000",807.3,"1,726",15 Jan 2018,3 DUNDEE ROAD #25-26,New Sale,Strata,75,"18,573",-,Condominium,1,99 yrs from 28/09/2015,Uncompleted,N.A,149457,03,14,Central Region,Queenstown
HIGHLINE RESIDENCES,"1,880,000","1,130.22","1,663",15 Jan 2018,5 KIM TIAN ROAD #03-06,New Sale,Strata,105,"17,905",-,Condominium,1,99 yrs from 22/07/2013,2018,HDB,168591,03,16,Central Region,Bukit Merah
STURDEE RESIDENCES,"1,479,800",947.23,"1,562",15 Jan 2018,10 BEATTY ROAD #22-12,New Sale,Strata,88,"16,816",-,Condominium,1,99 yrs from 29/06/2015,Uncompleted,N.A,209955,08,20,Central Region,Kallang
HIGHLINE RESIDENCES,"2,383,500","1,151.75","2,069",15 Jan 2018,7 KIM TIAN ROAD #31-08,New Sale,Strata,107,"22,276",-,Condominium,1,99 yrs from 22/07/2013,2018,Private,168592,03,16,Central Region,Bukit Merah
HIGHLINE RESIDENCES,"2,046,250","1,205.57","1,697",15 Jan 2018,1 KIM TIAN ROAD #01-01,New Sale,Strata,112,"18,270",-,Condominium,1,99 yrs from 22/07/2013,Uncompleted,Private,169280,03,16,Central Region,Bukit Merah
KINGSFORD WATERBAY,"967,495",678.13,"1,427",15 Jan 2018,74 UPPER SERANGOON VIEW #04-50,New Sale,Strata,63,"15,357",-,Apartment,1,99 yrs from 03/03/2014,Uncompleted,HDB,533881,19,53,North East Region,Hougang
KOVAN RESIDENCES,"2,780,000","3,562.88",780,15 Jan 2018,1 KOVAN ROAD #17-02,Resale,Strata,331,"8,399",-,Condominium,1,99 yrs from 31/12/2007,2011,Private,544915,19,54,North East Region,Hougang
THE CASCADIA,"1,460,000",882.65,"1,654",15 Jan 2018,921 BUKIT TIMAH ROAD #06-01,Resale,Strata,82,"17,805",-,Condominium,1,Freehold,2010,HDB,589624,21,58,Central Region,Bukit Timah
KINGSFORD WATERBAY,"983,866",688.9,"1,428",15 Jan 2018,74 UPPER SERANGOON VIEW #09-49,New Sale,Strata,64,"15,373",-,Apartment,1,99 yrs from 03/03/2014,Uncompleted,N.A,533881,19,53,North East Region,Hougang
THE GERANIUM,"1,370,000","1,582.31",866,15 Jan 2018,31 MANGIS ROAD #05-08,Resale,Strata,147,"9,320",-,Condominium,1,Freehold,2006,HDB,424980,15,42,Central Region,Geylang
SEA ESTA,"968,000",979.52,988,15 Jan 2018,28 PASIR RIS LINK #09-26,Resale,Strata,91,"10,637",-,Condominium,1,99 yrs from 09/01/2012,2015,HDB,518146,18,51,East Region,Pasir Ris
EMILY RESIDENCE,"1,325,000",796.54,"1,663",15 Jan 2018,3 MOUNT EMILY ROAD #01-05,Resale,Strata,74,"17,905",-,Apartment,1,Freehold,2006,Private,228485,09,22,Central Region,Rochor
GRANDEUR PARK RESIDENCES,"1,664,000","1,130.22","1,472",15 Jan 2018,9 BEDOK SOUTH AVENUE 3 #12-37,New Sale,Strata,105,"15,848",-,Condominium,1,99 yrs from 25/05/2016,Uncompleted,HDB,465465,16,46,East Region,Bedok
GUILLEMARD SUITES,"990,000",699.66,"1,415",15 Jan 2018,213 GUILLEMARD ROAD #05-03,Sub Sale,Strata,65,"15,231",-,Apartment,1,Freehold,2017,HDB,399733,14,39,Central Region,Geylang
RIVEREDGE,"2,195,000","1,593.07","1,378",15 Jan 2018,21 SAMPAN PLACE #11-05,Resale,Strata,148,"14,831",-,Condominium,1,99 yrs from 26/02/2004,2008,Private,436593,15,43,Central Region,Kallang
SUNRISE GARDENS,"995,000","1,431.61",695,16 Jan 2018,55 SUNRISE AVENUE #01-03,Resale,Strata,133,"7,481",-,Condominium,1,99 yrs from 24/06/1995,1998,Private,806747,28,80,North East Region,Ang Mo Kio
111 EMERALD HILL,"4,290,000","2,120.51","2,023",16 Jan 2018,111 EMERALD HILL ROAD #03-04,Resale,Strata,197,"21,777",-,Apartment,1,Freehold,2011,Private,229391,09,22,Central Region,Newton
KINGSFORD WATERBAY,"1,010,431",688.9,"1,467",16 Jan 2018,80 UPPER SERANGOON VIEW #13-74,New Sale,Strata,64,"15,788",-,Apartment,1,99 yrs from 03/03/2014,Uncompleted,HDB,533878,19,53,North East Region,Hougang
SANDY EIGHT,"1,675,000","1,033.34","1,621",16 Jan 2018,8 SANDY LANE #04-02,New Sale,Strata,96,"17,448",-,Apartment,1,Freehold,Uncompleted,N.A,437324,15,43,Central Region,Geylang
MANDARIN GARDENS,"960,000",828.83,"1,158",16 Jan 2018,5 SIGLAP ROAD #22-48,Resale,Strata,77,"12,468",-,Condominium,1,99 yrs from 08/03/1982,1986,HDB,448908,15,44,East Region,Bedok
CARIBBEAN AT KEPPEL BAY,"2,050,000","1,334.74","1,536",16 Jan 2018,44 KEPPEL BAY DRIVE #02-114,Resale,Strata,124,"16,532",-,Condominium,1,99 yrs from 16/08/1999,2004,Private,098657,04,09,Central Region,Bukit Merah
THE TRILINQ,"1,738,000","1,345.5","1,292",16 Jan 2018,28A JALAN LEMPENG #30-16,New Sale,Strata,125,"13,904",-,Condominium,1,99 yrs from 16/04/2012,2017,HDB,128808,05,12,West Region,Clementi
RV RESIDENCES,"1,785,000",850.36,"2,099",16 Jan 2018,471 RIVER VALLEY ROAD #02-40,Resale,Strata,79,"22,595",-,Condominium,1,999 yrs from 21/06/1877,2015,Private,248356,10,24,Central Region,Tanglin
THE DIAMOND,"548,888",538.2,"1,020",16 Jan 2018,17 LORONG 9 GEYLANG #02-01,Resale,Strata,50,"10,978",-,Apartment,1,Freehold,1997,HDB,388761,14,38,Central Region,Geylang
THE MINTON,"950,000",979.52,970,16 Jan 2018,8A HOUGANG STREET 11 #07-27,Resale,Strata,91,"10,440",-,Condominium,1,99 yrs from 27/07/2007,2013,HDB,534081,19,53,North East Region,Hougang
COMPASS HEIGHTS,"1,088,000","1,323.97",822,16 Jan 2018,11 SENGKANG SQUARE #12-31,Resale,Strata,123,"8,846",-,Apartment,1,99 yrs from 30/04/2000,2002,Private,545076,19,54,North East Region,Sengkang
MACKENZIE 88,"955,000",710.42,"1,344",16 Jan 2018,88 MACKENZIE ROAD #04-09,Resale,Strata,66,"14,470",-,Apartment,1,Freehold,2009,HDB,228697,09,22,Central Region,Rochor
PARC OASIS,"1,250,000","1,377.79",907,16 Jan 2018,41 JURONG EAST AVENUE 1 #13-05,Resale,Strata,128,"9,766",-,Condominium,1,99 yrs from 01/12/1991,1994,Private,609777,22,60,West Region,Jurong East
SEASIDE RESIDENCES,"1,050,000",592.02,"1,774",16 Jan 2018,12 SIGLAP LINK #11-10,New Sale,Strata,55,"19,091",-,Apartment,1,99 yrs from 18/04/2016,Uncompleted,Private,448870,15,44,East Region,Bedok
KINGSFORD WATERBAY,"1,011,170",688.9,"1,468",16 Jan 2018,80 UPPER SERANGOON VIEW #14-74,New Sale,Strata,64,"15,800",-,Apartment,1,99 yrs from 03/03/2014,Uncompleted,N.A,533878,19,53,North East Region,Hougang
THE TRILINQ,"1,768,000","1,517.72","1,165",16 Jan 2018,28 JALAN LEMPENG #08-06,New Sale,Strata,141,"12,539",-,Condominium,1,99 yrs from 16/04/2012,2017,Private,128807,05,12,West Region,Clementi
THE INTERLACE,"1,368,888","1,065.64","1,285",16 Jan 2018,194 DEPOT ROAD #06-28,Resale,Strata,99,"13,827",-,Condominium,1,99 yrs from 11/02/2009,2013,HDB,109691,04,10,Central Region,Bukit Merah
HIGHLINE RESIDENCES,"2,263,500","1,151.75","1,965",16 Jan 2018,9 KIM TIAN ROAD #21-16,New Sale,Strata,107,"21,154",-,Condominium,1,99 yrs from 22/07/2013,Uncompleted,HDB,168593,03,16,Central Region,Bukit Merah
THE TRILINQ,"1,674,000","1,345.5","1,244",16 Jan 2018,28 JALAN LEMPENG #24-05,New Sale,Strata,125,"13,392",-,Condominium,1,99 yrs from 16/04/2012,2017,Private,128807,05,12,West Region,Clementi
MODA,"1,520,000",968.76,"1,569",16 Jan 2018,42 EAST COAST ROAD #14-02,Resale,Strata,90,"16,889",-,Apartment,1,Freehold,2014,Private,428762,15,42,Central Region,Marine Parade
SYMPHONY HEIGHTS,"1,168,000","1,151.75","1,014",16 Jan 2018,41 HUME AVENUE #02-03,Resale,Strata,107,"10,916",-,Condominium,1,Freehold,1998,Private,598738,21,59,West Region,Bukit Batok
NEEM TREE,"704,680",419.8,"1,679",16 Jan 2018,30 JALAN KEMAMAN #12-05,New Sale,Strata,39,"18,069",-,Apartment,1,Freehold,Uncompleted,HDB,329341,12,32,Central Region,Novena
STURDEE RESIDENCES,"1,419,800",936.47,"1,516",16 Jan 2018,10 BEATTY ROAD #16-01,New Sale,Strata,87,"16,320",-,Condominium,1,99 yrs from 29/06/2015,Uncompleted,HDB,209955,08,20,Central Region,Kallang
AMBER RESIDENCES,"2,800,000","1,517.72","1,845",16 Jan 2018,50 AMBER ROAD #19-03,Resale,Strata,141,"19,858",-,Condominium,1,Freehold,2011,Private,439888,15,43,Central Region,Marine Parade
HUNDRED TREES,"1,630,000","1,302.44","1,251",16 Jan 2018,83 WEST COAST DRIVE #05-06,Resale,Strata,121,"13,471",-,Condominium,1,956 yrs from 27/05/1928,2013,HDB,127999,05,12,West Region,Clementi
BALLOTA PARK CONDOMINIUM,"788,000","1,044.11",755,16 Jan 2018,156 MARIAM WAY #08-14,Resale,Strata,97,"8,124",-,Condominium,1,Freehold,2000,Private,507082,17,50,East Region,Pasir Ris
THE ARISTO @ AMBER,"1,250,000",645.84,"1,935",16 Jan 2018,23 AMBER ROAD #16-03,Resale,Strata,60,"20,833",-,Apartment,1,Freehold,2013,Private,439871,15,43,Central Region,Marine Parade
CASPIAN,"1,345,000","1,237.86","1,087",16 Jan 2018,54 LAKESIDE DRIVE #15-22,Resale,Strata,115,"11,696",-,Condominium,1,99 yrs from 17/03/2008,2012,Private,648317,22,64,West Region,Jurong West
ESPA,"1,032,000",850.36,"1,214",16 Jan 2018,10 CASHEW ROAD #03-04,Resale,Strata,79,"13,063",-,Condominium,1,999 yrs from 25/09/1882,2009,Private,679692,23,67,West Region,Bukit Panjang
KINGSFORD WATERBAY,"992,556",688.9,"1,441",16 Jan 2018,66 UPPER SERANGOON VIEW #06-13,New Sale,Strata,64,"15,509",-,Apartment,1,99 yrs from 03/03/2014,Uncompleted,Private,533885,19,53,North East Region,Hougang
THE TRILINQ,"1,750,000","1,345.5","1,301",16 Jan 2018,28A JALAN LEMPENG #34-16,New Sale,Strata,125,"14,000",-,Condominium,1,99 yrs from 16/04/2012,2017,HDB,128808,05,12,West Region,Clementi
EON SHENTON,"1,330,000",602.78,"2,206",16 Jan 2018,70 SHENTON WAY #30-05,Sub Sale,Strata,56,"23,750",-,Apartment,1,99 yrs from 06/10/2011,2017,HDB,079118,02,07,Central Region,Downtown Core
NEWTON EDGE,"910,000",505.91,"1,799",16 Jan 2018,3 MAKEWAY AVENUE #08-06,Resale,Strata,47,"19,362",-,Apartment,1,Freehold,2011,HDB,228600,09,22,Central Region,Novena
THE TRILINQ,"1,703,000","1,345.5","1,266",16 Jan 2018,28 JALAN LEMPENG #28-05,New Sale,Strata,125,"13,624",-,Condominium,1,99 yrs from 16/04/2012,2017,Private,128807,05,12,West Region,Clementi
EAST BAY GARDENS,"1,155,000","1,528.49",756,16 Jan 2018,89 LORONG G TELOK KURAU #01-02,Resale,Strata,142,"8,134",-,Apartment,1,99 yrs from 01/01/1995,1995,Private,426278,15,42,East Region,Bedok
KINGSFORD WATERBAY,"993,310",688.9,"1,442",16 Jan 2018,66 UPPER SERANGOON VIEW #07-13,New Sale,Strata,64,"15,520",-,Apartment,1,99 yrs from 03/03/2014,Uncompleted,Private,533885,19,53,North East Region,Hougang
ONE JERVOIS,"2,300,000","1,323.97","1,737",16 Jan 2018,1 JERVOIS CLOSE #07-01,Resale,Strata,123,"18,699",-,Condominium,1,Freehold,2009,Private,249115,10,24,Central Region,Tanglin
PARC BOTANNIA,"599,000",430.56,"1,391",16 Jan 2018,10 FERNVALE STREET #20-08,New Sale,Strata,40,"14,975",-,Condominium,1,99 yrs from 28/12/2016,Uncompleted,Private,797390,28,79,North East Region,Sengkang
KINGSFORD WATERBAY,"1,390,000","1,033.34","1,345",16 Jan 2018,66 UPPER SERANGOON VIEW #05-15,New Sale,Strata,96,"14,479",-,Apartment,1,99 yrs from 03/03/2014,Uncompleted,HDB,533885,19,53,North East Region,Hougang
ORCHID PARK CONDOMINIUM,"690,000",958,720,16 Jan 2018,85 YISHUN STREET 81 #01-07,Resale,Strata,89,"7,753",-,Condominium,1,99 yrs from 01/09/1991,1994,HDB,768447,27,76,North Region,Yishun
SUITES 123,"780,000",581.26,"1,342",16 Jan 2018,123 RANGOON ROAD #04-06,Resale,Strata,54,"14,444",-,Apartment,1,Freehold,2011,HDB,218401,08,21,Central Region,Kallang
D'NEST,"1,334,000","1,270.15","1,050",16 Jan 2018,145 PASIR RIS GROVE #07-65,Sub Sale,Strata,118,"11,305",-,Condominium,1,99 yrs from 20/10/2010,2017,Private,518137,18,51,East Region,Pasir Ris
KEW GREEN,"1,775,000","3,369.13",527,16 Jan 2018,49 KEW CRESCENT,Resale,Strata,313,"5,671",-,Condominium,1,99 yrs from 21/04/1994,1997,Private,466200,16,46,East Region,Bedok
TREVISTA,"2,190,000","1,733","1,264",16 Jan 2018,23 LORONG 3 TOA PAYOH #09-08,Resale,Strata,161,"13,602",-,Condominium,1,99 yrs from 15/07/2008,2011,Private,319582,12,31,Central Region,Toa Payoh
THE METROPOLITAN CONDOMINIUM,"2,110,000","1,786.82","1,181",16 Jan 2018,6 ALEXANDRA VIEW #07-03,Resale,Strata,166,"12,711",-,Condominium,1,99 yrs from 17/02/2006,2009,Private,158746,03,15,Central Region,Bukit Merah
PARC BOTANNIA,"1,607,000","1,280.92","1,255",16 Jan 2018,16 FERNVALE STREET #18-21,New Sale,Strata,119,"13,504",-,Condominium,1,99 yrs from 28/12/2016,Uncompleted,N.A,797393,28,79,North East Region,Sengkang
THE LAKEFRONT RESIDENCES,"1,239,999","1,054.87","1,175",16 Jan 2018,46 LAKESIDE DRIVE #10-20,Resale,Strata,98,"12,653",-,Condominium,1,99 yrs from 03/08/2010,2014,Private,648324,22,64,West Region,Jurong West
THE TRILINQ,"1,738,000","1,517.72","1,145",16 Jan 2018,28 JALAN LEMPENG #06-06,New Sale,Strata,141,"12,326",-,Condominium,1,99 yrs from 16/04/2012,2017,HDB,128807,05,12,West Region,Clementi
HILLBROOKS,"1,140,000","1,227.1",929,16 Jan 2018,92 HILLVIEW AVENUE #02-01,Resale,Strata,114,"10,000",-,Condominium,1,Freehold,1999,Private,669592,23,66,West Region,Bukit Batok
MIMOSA PARK,"1,938,000","2,152.8",900,16 Jan 2018,53 MIMOSA ROAD #09-55,Resale,Strata,200,"9,690",-,Condominium,1,Freehold,1979,Private,808012,28,80,North East Region,Serangoon
SANDY EIGHT,"1,680,000","1,033.34","1,626",16 Jan 2018,8 SANDY LANE #05-02,New Sale,Strata,96,"17,500",-,Apartment,1,Freehold,Uncompleted,Private,437324,15,43,Central Region,Geylang
FRAGRANCE COURT,"1,800,000","1,420.85","1,267",17 Jan 2018,12 YEW SIANG ROAD #03-06,Resale,Strata,132,"13,636",-,Apartment,1,Freehold,1997,HDB,117752,05,11,Central Region,Queenstown
THE NASSIM,"17,000,000","6,598.33","2,576",17 Jan 2018,18 NASSIM HILL #05-01,Resale,Strata,613,"27,732",-,Condominium,1,Freehold,2015,Private,258485,10,25,Central Region,Tanglin
SUNRISE GARDENS,"1,140,000","1,453.14",785,17 Jan 2018,53 SUNRISE AVENUE #01-05,Resale,Strata,135,"8,444",-,Condominium,1,99 yrs from 24/06/1995,1998,HDB,806746,28,80,North East Region,Ang Mo Kio
THE LEGEND,"2,200,000","1,453.14","1,514",17 Jan 2018,361 BUKIT TIMAH ROAD #11-07,Resale,Strata,135,"16,296",-,Condominium,1,Freehold,1996,Private,259725,10,25,Central Region,Tanglin
HILLION RESIDENCES,"1,080,000",710.42,"1,520",17 Jan 2018,8 JELEBU ROAD #14-05,Sub Sale,Strata,66,"16,364",-,Apartment,1,99 yrs from 04/01/2013,2017,Private,677671,23,67,West Region,Bukit Panjang
BALLOTA PARK CONDOMINIUM,"950,000","1,420.85",669,17 Jan 2018,150 MARIAM WAY #05-11,Resale,Strata,132,"7,197",-,Condominium,1,Freehold,2000,Private,507079,17,50,East Region,Pasir Ris
THE ORANGE GROVE,"6,500,000","2,960.1","2,196",17 Jan 2018,38 ORANGE GROVE ROAD #11-06,Resale,Strata,275,"23,636",-,Condominium,1,Freehold,2010,Private,258364,10,25,Central Region,Tanglin
THE NASSIM,"10,180,000","3,078.5","3,307",17 Jan 2018,18 NASSIM HILL #02-12,Resale,Strata,286,"35,594",-,Condominium,1,Freehold,2015,Private,258485,10,25,Central Region,Tanglin
THE CASCADIA,"930,000",581.26,"1,600",17 Jan 2018,939 BUKIT TIMAH ROAD #10-39,Resale,Strata,54,"17,222",-,Condominium,1,Freehold,2010,Private,589657,21,58,Central Region,Bukit Timah
DOUBLE BAY RESIDENCES,"1,620,000","1,819.12",891,17 Jan 2018,21 SIMEI STREET 4 #02-39,Resale,Strata,169,"9,586",-,Condominium,1,99 yrs from 07/04/2008,2012,Private,528717,18,52,East Region,Tampines
TANJONG RIA CONDOMINIUM,"850,000",807.3,"1,053",17 Jan 2018,121 TANJONG RHU ROAD #03-29,Resale,Strata,75,"11,333",-,Condominium,1,99 yrs from 31/05/1993,1997,HDB,436914,15,43,Central Region,Kallang
LIVIA,"1,150,000","1,345.5",855,17 Jan 2018,65 PASIR RIS GROVE #11-10,Resale,Strata,125,"9,200",-,Condominium,1,99 yrs from 07/01/2008,2011,Private,518217,18,51,East Region,Pasir Ris
THE MINTON,"1,785,000","1,754.53","1,017",17 Jan 2018,10B HOUGANG STREET 11 #03-40,Resale,Strata,163,"10,951",-,Condominium,1,99 yrs from 27/07/2007,2013,Private,534078,19,53,North East Region,Hougang
THE MKZ,"1,385,500",850.36,"1,629",17 Jan 2018,131 MACKENZIE ROAD #04-02,Resale,Strata,79,"17,538",-,Apartment,1,Freehold,2014,HDB,228714,09,22,Central Region,Newton
THE CREST,"2,065,000","1,022.58","2,019",17 Jan 2018,111 PRINCE CHARLES CRESCENT #05-28,Resale,Strata,95,"21,737",-,Condominium,1,99 yrs from 21/12/2012,2017,Private,159022,03,15,Central Region,Bukit Merah
GOLD COAST CONDOMINIUM,"1,950,000","1,808.35","1,078",17 Jan 2018,360 PASIR PANJANG ROAD #02-16,Resale,Strata,168,"11,607",-,Condominium,1,Freehold,1994,Private,118699,05,11,Central Region,Queenstown
BURLINGTON SQUARE,"1,020,000",828.83,"1,231",17 Jan 2018,175B BENCOOLEN STREET #15-05,Resale,Strata,77,"13,247",-,Apartment,1,99 yrs from 10/06/1996,1998,Private,189651,07,18,Central Region,Rochor
THE WATERSIDE,"3,400,000","2,142.04","1,587",17 Jan 2018,11 TANJONG RHU ROAD #18-02,Resale,Strata,199,"17,085",-,Condominium,1,Freehold,1992,Private,436896,15,43,Central Region,Kallang
REGENT RESIDENCES,"1,100,000",818.06,"1,345",17 Jan 2018,1091 SERANGOON ROAD #19-07,Resale,Strata,76,"14,474",-,Apartment,1,Freehold,2015,HDB,328190,12,32,Central Region,Kallang
TIVOLI GRANDE,"1,650,000","1,528.49","1,079",17 Jan 2018,126 KOON SENG ROAD #05-04,Resale,Strata,142,"11,620",-,Apartment,1,Freehold,2012,Private,427059,15,42,Central Region,Marine Parade
WATERFRONT WAVES,"1,750,000","1,550.02","1,129",17 Jan 2018,760 BEDOK RESERVOIR ROAD #08-02,Resale,Strata,144,"12,153",-,Condominium,1,99 yrs from 31/10/2007,2011,Private,479245,16,47,East Region,Bedok
GRANDEUR PARK RESIDENCES,"1,089,000",667.37,"1,632",17 Jan 2018,9 BEDOK SOUTH AVENUE 3 #05-38,New Sale,Strata,62,"17,565",-,Condominium,1,99 yrs from 25/05/2016,Uncompleted,Private,465465,16,46,East Region,Bedok
SIMS URBAN OASIS,"2,040,600","1,442.38","1,415",17 Jan 2018,6 SIMS DRIVE #06-25,New Sale,Strata,134,"15,228",-,Condominium,1,99 yrs from 29/07/2014,2017,Private,387388,14,38,Central Region,Geylang
8 BASSEIN,"810,000",430.56,"1,881",17 Jan 2018,8 BASSEIN ROAD #09-06,Resale,Strata,40,"20,250",-,Apartment,1,Freehold,2015,Private,309838,11,30,Central Region,Novena
BLUWATERS 2,"860,000",958,898,17 Jan 2018,205 JALAN LOYANG BESAR #04-12,Resale,Strata,89,"9,663",-,Condominium,1,946 yrs from 01/01/1938,2010,Private,509456,17,50,East Region,Pasir Ris
HIGHLINE RESIDENCES,"2,722,500","1,291.68","2,108",17 Jan 2018,9 KIM TIAN ROAD #31-17,New Sale,Strata,120,"22,688",-,Condominium,1,99 yrs from 22/07/2013,2018,Private,168593,03,16,Central Region,Bukit Merah
COMPASS HEIGHTS,"1,350,000","1,550.02",871,17 Jan 2018,11 SENGKANG SQUARE #06-39,Resale,Strata,144,"9,375",-,Apartment,1,99 yrs from 30/04/2000,2002,Private,545076,19,54,North East Region,Sengkang
SEASIDE RESIDENCES,"937,000",559.73,"1,674",17 Jan 2018,12 SIGLAP LINK #03-16,New Sale,Strata,52,"18,019",-,Apartment,1,99 yrs from 18/04/2016,Uncompleted,Private,448870,15,44,East Region,Bedok
THE MAYFAIR,"873,000",893.41,977,17 Jan 2018,7 JURONG EAST STREET 32 #08-03,Resale,Strata,83,"10,518",-,Condominium,1,99 yrs from 04/12/1996,2000,HDB,609480,22,60,West Region,Jurong East
HEDGES PARK CONDOMINIUM,"520,000",484.38,"1,074",17 Jan 2018,71 FLORA DRIVE #06-05,Resale,Strata,45,"11,556",-,Condominium,1,99 yrs from 28/07/2010,2015,HDB,506881,17,50,East Region,Pasir Ris
HIGHLINE RESIDENCES,"1,888,000","1,130.22","1,670",17 Jan 2018,5 KIM TIAN ROAD #02-06,New Sale,Strata,105,"17,981",-,Condominium,1,99 yrs from 22/07/2013,Uncompleted,N.A,168591,03,16,Central Region,Bukit Merah
ADRIA,"1,550,000",850.36,"1,823",17 Jan 2018,12 DERBYSHIRE ROAD #14-05,Resale,Strata,79,"19,620",-,Apartment,1,Freehold,2013,Private,309466,11,30,Central Region,Novena
WATERVIEW,"992,888","1,184.04",839,17 Jan 2018,79 TAMPINES AVENUE 1 #01-15,Resale,Strata,110,"9,026",-,Condominium,1,99 yrs from 16/06/2010,2014,HDB,528684,18,52,East Region,Tampines
PARC PALAIS,"1,600,000","1,550.02","1,032",17 Jan 2018,47 HUME AVENUE #07-11,Resale,Strata,144,"11,111",-,Condominium,1,Freehold,1999,HDB,598748,21,59,West Region,Bukit Batok
448@EAST COAST,"665,000",430.56,"1,545",17 Jan 2018,448 EAST COAST ROAD #03-04,Resale,Strata,40,"16,625",-,Apartment,1,Freehold,2013,Private,429021,15,42,East Region,Bedok
THE LUXURIE,"630,000",452.09,"1,394",17 Jan 2018,11 COMPASSVALE ROAD #06-04,Resale,Strata,42,"15,000",-,Condominium,1,99 yrs from 15/06/2011,2015,HDB,544749,19,54,North East Region,Sengkang
AALTO,"4,150,000","2,023.63","2,051",17 Jan 2018,193 MEYER ROAD #23-05,Resale,Strata,188,"22,074",-,Condominium,1,Freehold,2010,Private,437981,15,43,Central Region,Marine Parade
PARC ROSEWOOD,"530,000",430.56,"1,231",17 Jan 2018,71 ROSEWOOD DRIVE #03-05,Resale,Strata,40,"13,250",-,Condominium,1,99 yrs from 07/09/2011,2014,HDB,737783,25,73,North Region,Woodlands
THE LAKEFRONT RESIDENCES,"950,000",764.24,"1,243",17 Jan 2018,48 LAKESIDE DRIVE #14-37,Resale,Strata,71,"13,380",-,Condominium,1,99 yrs from 03/08/2010,2014,HDB,648305,22,64,West Region,Jurong West
R66 APARTMENTS,"776,000",581.26,"1,335",17 Jan 2018,66 RANGOON ROAD #04-05,Resale,Strata,54,"14,370",-,Apartment,1,Freehold,2007,Private,218356,08,21,Central Region,Kallang
KINGSFORD WATERBAY,"1,206,185",882.65,"1,367",17 Jan 2018,68 UPPER SERANGOON VIEW #04-23,New Sale,Strata,82,"14,710",-,Apartment,1,99 yrs from 03/03/2014,Uncompleted,HDB,533884,19,53,North East Region,Hougang
EDENZ SUITES,"600,000",495.14,"1,212",17 Jan 2018,21 LORONG 28 GEYLANG #08-04,Resale,Strata,46,"13,043",-,Apartment,1,Freehold,2015,Private,398425,14,39,Central Region,Geylang
NEW FUTURA,"6,888,000","2,249.68","3,062",18 Jan 2018,18 LEONIE HILL ROAD #18-05,New Sale,Strata,209,"32,957",-,Condominium,1,Freehold,2017,N.A,239199,09,23,Central Region,River Valley
RIVERVALE CREST,"745,000","1,259.39",592,18 Jan 2018,9 RIVERVALE CRESCENT #02-26,Resale,Strata,117,"6,368",-,Apartment,1,99 yrs from 06/12/1997,2002,Private,545086,19,54,North East Region,Sengkang
GEM RESIDENCES,"1,538,000",979.52,"1,570",18 Jan 2018,1 LORONG 5 TOA PAYOH #30-04,New Sale,Strata,91,"16,901",-,Condominium,1,99 yrs from 21/09/2015,Uncompleted,Private,319458,12,31,Central Region,Toa Payoh
NEW FUTURA,"7,800,000","2,691","2,899",18 Jan 2018,18 LEONIE HILL ROAD #15-05,New Sale,Strata,250,"31,200",-,Condominium,1,Freehold,2017,N.A,239199,09,23,Central Region,River Valley
FLORIDIAN,"1,688,000",958,"1,762",18 Jan 2018,973 BUKIT TIMAH ROAD #07-25,Resale,Strata,89,"18,966",-,Condominium,1,Freehold,2012,Private,589648,21,58,Central Region,Bukit Timah
PARC BOTANNIA,"623,000",505.91,"1,231",18 Jan 2018,12 FERNVALE STREET #07-10,New Sale,Strata,47,"13,255",-,Condominium,1,99 yrs from 28/12/2016,Uncompleted,HDB,797391,28,79,North East Region,Sengkang
BOTANNIA,"1,415,000","1,270.15","1,114",18 Jan 2018,29B WEST COAST PARK #02-22,Resale,Strata,118,"11,992",-,Condominium,1,956 yrs from 27/05/1928,2009,HDB,127724,05,12,West Region,Clementi
BEACON HEIGHTS,"1,220,000","1,108.69","1,100",18 Jan 2018,8 MAR THOMA ROAD #24-06,Resale,Strata,103,"11,845",-,Condominium,1,999 yrs from 02/06/1882,2012,HDB,328689,12,32,Central Region,Kallang
NEW FUTURA,"7,576,000","2,249.68","3,368",18 Jan 2018,18 LEONIE HILL ROAD #32-05,New Sale,Strata,209,"36,249",-,Condominium,1,Freehold,2017,N.A,239199,09,23,Central Region,River Valley
MODENA,"1,280,000","1,356.26",944,18 Jan 2018,35 SIMEI STREET 4 #03-01,Resale,Strata,126,"10,159",-,Condominium,1,99 yrs from 06/12/1997,2001,Private,529869,18,52,East Region,Tampines
NEW FUTURA,"8,784,000","2,691","3,264",18 Jan 2018,18 LEONIE HILL ROAD #31-05,New Sale,Strata,250,"35,136",-,Condominium,1,Freehold,2017,N.A,239199,09,23,Central Region,River Valley
SIMS URBAN OASIS,"1,794,000","1,323.97","1,355",18 Jan 2018,18 SIMS DRIVE #18-60,New Sale,Strata,123,"14,585",-,Condominium,1,99 yrs from 29/07/2014,2017,HDB,387394,14,38,Central Region,Geylang
TURQUOISE,"3,580,000","2,400.37","1,491",18 Jan 2018,55 COVE DRIVE #05-14,Resale,Strata,223,"16,054",-,Condominium,1,99 yrs from 12/03/2007,2010,Private,098395,04,09,Central Region,Southern Islands
NEW FUTURA,"4,256,000","1,367.03","3,113",18 Jan 2018,18 LEONIE HILL ROAD #09-04,New Sale,Strata,127,"33,512",-,Condominium,1,Freehold,2017,N.A,239199,09,23,Central Region,River Valley
THE ROCHESTER RESIDENCES,"1,715,000","1,205.57","1,423",18 Jan 2018,33 ROCHESTER DRIVE #26-01,Resale,Strata,112,"15,313",-,Apartment,1,99 yrs from 02/02/2005,2011,Private,138638,05,13,Central Region,Queenstown
THE QUARTZ,"1,100,000","1,173.28",938,18 Jan 2018,51 COMPASSVALE BOW #19-04,Resale,Strata,109,"10,092",-,Condominium,1,99 yrs from 18/04/2005,2009,HDB,544984,19,54,North East Region,Sengkang
NORTHVALE,"920,000","1,291.68",712,18 Jan 2018,71 CHOA CHU KANG LOOP #06-10,Resale,Strata,120,"7,667",-,Apartment,1,99 yrs from 01/03/1995,1998,HDB,689673,23,68,West Region,Choa Chu Kang
PARC VISTA,"1,010,000","1,248.62",809,18 Jan 2018,460 CORPORATION ROAD #06-07,Resale,Strata,116,"8,707",-,Condominium,1,99 yrs from 01/03/1995,1997,HDB,649815,22,64,West Region,Jurong West
NEW FUTURA,"4,280,000","1,367.03","3,131",18 Jan 2018,18 LEONIE HILL ROAD #10-04,New Sale,Strata,127,"33,701",-,Condominium,1,Freehold,2017,N.A,239199,09,23,Central Region,River Valley
NEW FUTURA,"6,968,000","2,249.68","3,097",18 Jan 2018,18 LEONIE HILL ROAD #20-05,New Sale,Strata,209,"33,340",-,Condominium,1,Freehold,2017,Private,239199,09,23,Central Region,River Valley
CITYLIGHTS,"1,100,000",678.13,"1,622",18 Jan 2018,88 JELLICOE ROAD #32-22,Resale,Strata,63,"17,460",-,Condominium,1,99 yrs from 05/01/2004,2007,HDB,208747,08,20,Central Region,Kallang
NEW FUTURA,"3,864,000","1,097.93","3,519",18 Jan 2018,18 LEONIE HILL ROAD #08-05,New Sale,Strata,102,"37,882",-,Condominium,1,Freehold,2017,N.A,239199,09,23,Central Region,River Valley
VETRO,"560,000",473.62,"1,182",18 Jan 2018,22A MAR THOMA ROAD #14-01,Resale,Strata,44,"12,727",-,Apartment,1,999 yrs from 02/06/1882,2010,Private,328703,12,32,Central Region,Kallang
8@WOODLEIGH,"1,275,000",958,"1,331",18 Jan 2018,8 WOODLEIGH CLOSE #14-19,Resale,Strata,89,"14,326",-,Condominium,1,99 yrs from 22/09/2008,2012,HDB,357903,13,35,Central Region,Toa Payoh
SEASIDE RESIDENCES,"1,146,000",678.13,"1,690",18 Jan 2018,18 SIGLAP LINK #11-32,New Sale,Strata,63,"18,190",-,Apartment,1,99 yrs from 18/04/2016,Uncompleted,N.A,448873,15,44,East Region,Bedok
NEW FUTURA,"8,040,000","2,691","2,988",18 Jan 2018,18 LEONIE HILL ROAD #21-05,New Sale,Strata,250,"32,160",-,Condominium,1,Freehold,2017,Private,239199,09,23,Central Region,River Valley
THE COSMOPOLITAN,"2,450,000","1,140.98","2,147",18 Jan 2018,202 KIM SENG ROAD #27-05,Resale,Strata,106,"23,113",-,Condominium,1,Freehold,2008,Private,239496,09,23,Central Region,Singapore River
KOVAN MELODY,"990,000",871.88,"1,135",18 Jan 2018,37 KOVAN ROAD #10-48,Resale,Strata,81,"12,222",-,Condominium,1,99 yrs from 20/01/2004,2006,HDB,545018,19,54,North East Region,Hougang
SAVANNAH CONDOPARK,"960,000","1,237.86",776,18 Jan 2018,47 SIMEI RISE #04-33,Resale,Strata,115,"8,348",-,Condominium,1,99 yrs from 29/11/2000,2005,Private,528787,18,52,East Region,Tampines
SPOTTISWOODE SUITES,"1,030,000",441.32,"2,334",18 Jan 2018,16 SPOTTISWOODE PARK ROAD #16-05,Sub Sale,Strata,41,"25,122",-,Apartment,1,Freehold,2017,HDB,088661,02,08,Central Region,Bukit Merah
SYMPHONY SUITES,"1,077,000","1,022.58","1,053",18 Jan 2018,9 YISHUN CLOSE #11-18,New Sale,Strata,95,"11,337",-,Condominium,1,99 yrs from 10/06/2014,Uncompleted,HDB,768008,27,76,North Region,Yishun
L'VIV,"1,220,000",613.55,"1,988",18 Jan 2018,23 NEWTON ROAD #19-04,Resale,Strata,57,"21,404",-,Apartment,1,Freehold,2013,Private,307955,11,30,Central Region,Novena
THE CREST,"2,142,000","1,216.33","1,761",18 Jan 2018,101 PRINCE CHARLES CRESCENT #04-01,Resale,Strata,113,"18,956",-,Condominium,1,99 yrs from 21/12/2012,2017,Private,159017,03,15,Central Region,Bukit Merah
NEW FUTURA,"5,504,000","1,829.88","3,008",18 Jan 2018,18 LEONIE HILL ROAD #05-06,New Sale,Strata,170,"32,376",-,Condominium,1,Freehold,2017,Private,239199,09,23,Central Region,River Valley
RIPPLE BAY,"875,000",764.24,"1,145",18 Jan 2018,16 PASIR RIS LINK #09-63,Resale,Strata,71,"12,324",-,Condominium,1,99 yrs from 10/08/2011,2015,HDB,518166,18,51,East Region,Pasir Ris
PARC OLYMPIA,"675,000",645.84,"1,045",18 Jan 2018,50 FLORA DRIVE #05-07,Resale,Strata,60,"11,250",-,Condominium,1,99 yrs from 25/01/2012,2015,HDB,506868,17,50,East Region,Pasir Ris
TRE RESIDENCES,"1,129,000",764.24,"1,477",18 Jan 2018,7 GEYLANG EAST AVENUE 1 #09-05,New Sale,Strata,71,"15,901",-,Condominium,1,99 yrs from 23/04/2014,Uncompleted,Private,389782,14,38,Central Region,Geylang
NEW FUTURA,"8,488,000","2,691","3,154",18 Jan 2018,18 LEONIE HILL ROAD #28-05,New Sale,Strata,250,"33,952",-,Condominium,1,Freehold,2017,N.A,239199,09,23,Central Region,River Valley
THE MINTON,"1,618,888","1,496.2","1,082",18 Jan 2018,10 HOUGANG STREET 11 #06-30,Resale,Strata,139,"11,647",-,Condominium,1,99 yrs from 27/07/2007,2013,Private,534080,19,53,North East Region,Hougang
D'NEST,"1,050,000",936.47,"1,121",18 Jan 2018,141 PASIR RIS GROVE #02-49,Sub Sale,Strata,87,"12,069",-,Condominium,1,99 yrs from 20/10/2010,2017,HDB,518135,18,51,East Region,Pasir Ris
PARC ASTON,"1,405,000","1,194.8","1,176",18 Jan 2018,2 LEICESTER ROAD #04-02,Resale,Strata,111,"12,658",-,Apartment,1,Freehold,2011,HDB,358831,13,35,Central Region,Toa Payoh
EIGHT COURTYARDS,"1,060,000","1,151.75",920,18 Jan 2018,18B CANBERRA DRIVE #13-48,Resale,Strata,107,"9,907",-,Condominium,1,99 yrs from 20/09/2010,2014,Private,768100,27,76,North Region,Yishun
NEW FUTURA,"7,960,000","2,691","2,958",18 Jan 2018,18 LEONIE HILL ROAD #19-05,New Sale,Strata,250,"31,840",-,Condominium,1,Freehold,2017,N.A,239199,09,23,Central Region,River Valley
SIMSVILLE,"1,105,000","1,237.86",893,18 Jan 2018,10 GEYLANG EAST AVENUE 2 #03-09,Resale,Strata,115,"9,609",-,Condominium,1,99 yrs from 01/12/1994,1998,HDB,389758,14,38,Central Region,Geylang
ARTRA,"2,363,400","1,410.08","1,676",18 Jan 2018,10 ALEXANDRA VIEW #29-01,New Sale,Strata,131,"18,041",-,Apartment,1,99 yrs from 15/02/2016,Uncompleted,HDB,158745,03,15,Central Region,Bukit Merah
NEW FUTURA,"5,936,000","1,829.88","3,244",18 Jan 2018,18 LEONIE HILL ROAD #18-06,New Sale,Strata,170,"34,918",-,Condominium,1,Freehold,2017,N.A,239199,09,23,Central Region,River Valley
ADRIA,"1,550,000",850.36,"1,823",18 Jan 2018,12 DERBYSHIRE ROAD #12-05,Resale,Strata,79,"19,620",-,Apartment,1,Freehold,2013,Private,309466,11,30,Central Region,Novena
OASIS @ ELIAS,"918,000","1,248.62",735,18 Jan 2018,72 ELIAS ROAD #07-24,Resale,Strata,116,"7,914",-,Condominium,1,99 yrs from 17/03/2008,2011,Private,519944,18,51,East Region,Pasir Ris
CARIBBEAN AT KEPPEL BAY,"1,520,000",925.7,"1,642",18 Jan 2018,18 KEPPEL BAY DRIVE #08-24,Resale,Strata,86,"17,674",-,Condominium,1,99 yrs from 16/08/1999,2004,HDB,098644,04,09,Central Region,Bukit Merah
NEEM TREE,"990,000",624.31,"1,586",18 Jan 2018,30 JALAN KEMAMAN #12-04,New Sale,Strata,58,"17,069",-,Apartment,1,Freehold,Uncompleted,HDB,329341,12,32,Central Region,Novena
HIGHLINE RESIDENCES,"1,982,500","1,151.75","1,721",18 Jan 2018,5 KIM TIAN ROAD #01-06,New Sale,Strata,107,"18,528",-,Condominium,1,99 yrs from 22/07/2013,Uncompleted,N.A,168591,03,16,Central Region,Bukit Merah
GOODWOOD RESIDENCE,"3,000,000","1,119.46","2,680",18 Jan 2018,263 BUKIT TIMAH ROAD #11-16,Resale,Strata,104,"28,846",-,Condominium,1,Freehold,2013,HDB,259704,10,25,Central Region,Newton
THE CLEMENT CANOPY,"1,661,000","1,108.69","1,498",18 Jan 2018,18 CLEMENTI AVENUE 1 #37-11,New Sale,Strata,103,"16,126",-,Apartment,1,99 yrs from 09/03/2016,Uncompleted,Private,129961,05,12,West Region,Clementi
H2O RESIDENCES,"1,220,000","1,227.1",994,18 Jan 2018,38 FERNVALE LINK #02-23,Resale,Strata,114,"10,702",-,Condominium,1,99 yrs from 10/05/2010,2015,HDB,797534,28,79,North East Region,Sengkang
JOO CHIAT VERBENA,"1,046,700","1,162.51",900,18 Jan 2018,275 JOO CHIAT PLACE #03-01,Resale,Strata,108,"9,692",-,Apartment,1,Freehold,1996,HDB,427955,15,42,East Region,Bedok
N.A.,"1,250,000","1,668.42",749,18 Jan 2018,23 RAMBUTAN ROAD #04-01,Resale,Strata,155,"8,065",-,Apartment,1,Freehold,1997,Private,424301,15,42,Central Region,Geylang
NEW FUTURA,"4,328,000","1,367.03","3,166",18 Jan 2018,18 LEONIE HILL ROAD #12-04,New Sale,Strata,127,"34,079",-,Condominium,1,Freehold,2017,N.A,239199,09,23,Central Region,River Valley
CRESCENDO PARK,"1,855,000","1,711.48","1,084",18 Jan 2018,6 JALAN TUA KONG #04-11,Resale,Strata,159,"11,667",-,Condominium,1,Freehold,1996,HDB,457269,15,45,East Region,Bedok
KISMIS VIEW,"102,750,000","82,904.33","1,239",18 Jan 2018,"15,17(ENBLOC) LORONG KISMIS #01-05,11 ETC",Resale,Strata,"7,702","13,341",-,Condominium,43,99 yrs from 21/11/1983,1984,Private,598010,21,59,Central Region,Bukit Timah
NEW FUTURA,"8,408,000","2,691","3,124",18 Jan 2018,18 LEONIE HILL ROAD #26-05,New Sale,Strata,250,"33,632",-,Condominium,1,Freehold,2017,N.A,239199,09,23,Central Region,River Valley
WATERFRONT ISLE,"1,310,000","1,151.75","1,137",18 Jan 2018,736 BEDOK RESERVOIR ROAD #03-28,Resale,Strata,107,"12,243",-,Condominium,1,99 yrs from 26/11/2009,2015,HDB,479264,16,47,East Region,Bedok
VILLA MARINA,"1,660,000","2,012.87",825,18 Jan 2018,33 JALAN SEMPADAN #04-06,Resale,Strata,187,"8,877",-,Condominium,1,99 yrs from 13/02/1995,1999,Private,457404,15,45,East Region,Bedok
THE LINEAR,"1,050,000","1,237.86",848,18 Jan 2018,890 UPPER BUKIT TIMAH ROAD #04-20,Resale,Strata,115,"9,130",-,Apartment,1,999 yrs from 02/10/1876,2006,Private,678186,23,67,West Region,Bukit Panjang
ARTRA,"1,786,600","1,044.11","1,711",18 Jan 2018,10 ALEXANDRA VIEW #20-10,New Sale,Strata,97,"18,419",-,Apartment,1,99 yrs from 15/02/2016,Uncompleted,Private,158745,03,15,Central Region,Bukit Merah
NEW FUTURA,"7,656,000","2,249.68","3,403",18 Jan 2018,18 LEONIE HILL ROAD #34-05,New Sale,Strata,209,"36,632",-,Condominium,1,Freehold,2017,Private,239199,09,23,Central Region,River Valley
SPRINGDALE CONDOMINIUM,"1,523,000","1,345.5","1,132",18 Jan 2018,45 HINDHEDE WALK #07-01,Resale,Strata,125,"12,184",-,Condominium,1,999 yrs from 21/06/1877,1998,HDB,587978,21,58,West Region,Bukit Panjang
GEM RESIDENCES,"1,755,000","1,011.82","1,735",18 Jan 2018,3 LORONG 5 TOA PAYOH #31-12,New Sale,Strata,94,"18,670",-,Condominium,1,99 yrs from 21/09/2015,Uncompleted,N.A,319459,12,31,Central Region,Toa Payoh
THE SOVEREIGN,"6,608,000","3,304.55","2,000",18 Jan 2018,99 MEYER ROAD #06-02,Resale,Strata,307,"21,524",-,Condominium,1,Freehold,1993,Private,437920,15,43,Central Region,Marine Parade
NEW FUTURA,"6,488,000","1,829.88","3,546",18 Jan 2018,18 LEONIE HILL ROAD #33-06,New Sale,Strata,170,"38,165",-,Condominium,1,Freehold,2017,N.A,239199,09,23,Central Region,River Valley
THE GARDENS AT BISHAN,"1,250,000","1,227.1","1,019",18 Jan 2018,1 SIN MING WALK #17-36,Resale,Strata,114,"10,965",-,Condominium,1,99 yrs from 22/03/1997,2004,Private,575574,20,57,Central Region,Bishan
TRE RESIDENCES,"1,303,000",947.23,"1,376",18 Jan 2018,7 GEYLANG EAST AVENUE 1 #09-07,New Sale,Strata,88,"14,807",-,Condominium,1,99 yrs from 23/04/2014,Uncompleted,HDB,389782,14,38,Central Region,Geylang
NEW FUTURA,"6,520,000","1,829.88","3,563",18 Jan 2018,18 LEONIE HILL ROAD #34-06,New Sale,Strata,170,"38,353",-,Condominium,1,Freehold,2017,Private,239199,09,23,Central Region,River Valley
TREVISTA,"1,220,000",914.94,"1,333",18 Jan 2018,25 LORONG 3 TOA PAYOH #13-14,Resale,Strata,85,"14,353",-,Condominium,1,99 yrs from 15/07/2008,2011,HDB,319583,12,31,Central Region,Toa Payoh
6 DERBYSHIRE,"1,774,128",828.83,"2,141",18 Jan 2018,6 DERBYSHIRE ROAD #11-07,Resale,Strata,77,"23,041",-,Condominium,1,Freehold,2017,Private,309462,11,30,Central Region,Novena
PARC BOTANNIA,"981,000",785.77,"1,248",18 Jan 2018,18 FERNVALE STREET #10-28,New Sale,Strata,73,"13,438",-,Condominium,1,99 yrs from 28/12/2016,Uncompleted,HDB,797394,28,79,North East Region,Sengkang
16 @ AMBER,"725,000",419.8,"1,727",18 Jan 2018,16 AMBER ROAD #04-03,Resale,Strata,39,"18,590",-,Apartment,1,Freehold,2014,Private,439866,15,43,Central Region,Marine Parade
ESPADA,"1,350,000",645.84,"2,090",18 Jan 2018,48 ST. THOMAS WALK #04-01,Resale,Strata,60,"22,500",-,Apartment,1,Freehold,2013,HDB,238126,09,23,Central Region,River Valley
EVERGREEN PARK,"845,000","1,248.62",677,18 Jan 2018,35 HOUGANG AVENUE 7 #08-06,Resale,Strata,116,"7,284",-,Apartment,1,99 yrs from 01/10/1995,1999,HDB,538802,19,53,North East Region,Hougang
EIGHT COURTYARDS,"850,000",861.12,987,18 Jan 2018,6 CANBERRA DRIVE #10-08,Resale,Strata,80,"10,625",-,Condominium,1,99 yrs from 20/09/2010,2014,Private,768140,27,76,North Region,Yishun
TRELLIS TOWERS,"1,370,000",839.59,"1,632",18 Jan 2018,700 LORONG 1 TOA PAYOH #28-05,Resale,Strata,78,"17,564",-,Condominium,1,Freehold,2000,Private,319773,12,31,Central Region,Toa Payoh
MELVILLE PARK,"920,000","1,474.67",624,18 Jan 2018,26 SIMEI STREET 1 #09-16,Resale,Strata,137,"6,715",-,Condominium,1,99 yrs from 01/09/1992,1996,Private,529947,18,52,East Region,Tampines
SKT MANSIONS,"895,000","1,011.82",885,18 Jan 2018,38 LORONG 25 GEYLANG #02-01,Resale,Strata,94,"9,521",-,Apartment,1,Freehold,1993,Private,388307,14,38,Central Region,Geylang
MARINA ONE RESIDENCES,"4,591,410","1,528.49","3,004",18 Jan 2018,21 MARINA WAY #29-15,New Sale,Strata,142,"32,334",-,Apartment,1,99 yrs from 01/07/2011,2017,Private,018978,01,01,Central Region,Downtown Core
CHANGI RISE CONDOMINIUM,"1,140,000","1,496.2",762,18 Jan 2018,22 SIMEI RISE #05-55,Resale,Strata,139,"8,201",-,Condominium,1,99 yrs from 29/11/2000,2004,HDB,528810,18,52,East Region,Tampines
PRESTIGE RESIDENCE,"760,000",645.84,"1,177",19 Jan 2018,52 LORONG G TELOK KURAU #03-03,Resale,Strata,60,"12,667",-,Apartment,1,Freehold,2008,HDB,426235,15,42,East Region,Bedok
THE MAYLEA,"1,368,888",990.29,"1,382",19 Jan 2018,242F PASIR PANJANG ROAD #01-05,Resale,Strata,92,"14,879",-,Condominium,1,Freehold,2008,HDB,117493,05,11,Central Region,Queenstown
THE LAKEFRONT RESIDENCES,"1,515,000","1,216.33","1,246",19 Jan 2018,46 LAKESIDE DRIVE #12-13,Resale,Strata,113,"13,407",-,Condominium,1,99 yrs from 03/08/2010,2014,Private,648324,22,64,West Region,Jurong West
MAYSPRINGS,"770,000",914.94,842,19 Jan 2018,2 PETIR ROAD #08-15,Resale,Strata,85,"9,059",-,Apartment,1,99 yrs from 01/12/1994,1998,HDB,678265,23,67,West Region,Bukit Panjang
THOMSON GRAND,"2,000,000","1,765.3","1,133",19 Jan 2018,27 SIN MING WALK #02-17,Resale,Strata,164,"12,195",-,Condominium,1,99 yrs from 08/02/2010,2015,Private,573918,20,57,Central Region,Bishan
HILLVISTA,"1,121,000",914.94,"1,225",19 Jan 2018,1 ELIZABETH DRIVE #09-09,Resale,Strata,85,"13,188",-,Condominium,1,Freehold,2010,Private,669743,23,66,West Region,Bukit Batok
THE MERLOT,"1,050,000",882.65,"1,190",19 Jan 2018,101 KENG LEE ROAD #11-01,Resale,Strata,82,"12,805",-,Apartment,1,Freehold,2009,Private,219261,08,21,Central Region,Kallang
THE CREST,"1,798,000",947.23,"1,898",19 Jan 2018,113 PRINCE CHARLES CRESCENT #03-33,Resale,Strata,88,"20,432",-,Condominium,1,99 yrs from 21/12/2012,2017,Private,159023,03,15,Central Region,Bukit Merah
QUEENS PEAK,"1,566,000",850.36,"1,842",19 Jan 2018,3 DUNDEE ROAD #34-17,New Sale,Strata,79,"19,823",-,Condominium,1,99 yrs from 28/09/2015,Uncompleted,N.A,149457,03,14,Central Region,Queenstown
CARDIFF RESIDENCE,"540,000",419.8,"1,286",19 Jan 2018,103 CARDIFF GROVE #04-37,Resale,Strata,39,"13,846",-,Condominium,1,99 yrs from 04/11/2011,2014,Private,558962,19,55,North East Region,Serangoon
KENT RESIDENCES,"590,000",409.03,"1,442",19 Jan 2018,23 KENT ROAD #04-02,Resale,Strata,38,"15,526",-,Apartment,1,Freehold,2009,Private,219219,08,21,Central Region,Kallang
WATER PLACE,"1,470,000","1,216.33","1,209",19 Jan 2018,173 TANJONG RHU ROAD #08-05,Resale,Strata,113,"13,009",-,Condominium,1,99 yrs from 02/03/1998,2004,Private,436932,15,43,Central Region,Kallang
TREVISTA,"1,430,000","1,119.46","1,277",19 Jan 2018,25 LORONG 3 TOA PAYOH #02-16,Resale,Strata,104,"13,750",-,Condominium,1,99 yrs from 15/07/2008,2011,Private,319583,12,31,Central Region,Toa Payoh
HIGHLINE RESIDENCES,"2,263,500","1,151.75","1,965",19 Jan 2018,9 KIM TIAN ROAD #20-16,New Sale,Strata,107,"21,154",-,Condominium,1,99 yrs from 22/07/2013,Uncompleted,Private,168593,03,16,Central Region,Bukit Merah
THE INTERLACE,"1,360,000","1,044.11","1,303",19 Jan 2018,206 DEPOT ROAD #10-51,Resale,Strata,97,"14,021",-,Condominium,1,99 yrs from 11/02/2009,2013,Private,109697,04,10,Central Region,Bukit Merah
TREVISTA,"2,050,000","1,733","1,183",19 Jan 2018,25 LORONG 3 TOA PAYOH #05-15,Resale,Strata,161,"12,733",-,Condominium,1,99 yrs from 15/07/2008,2011,Private,319583,12,31,Central Region,Toa Payoh
GRAMERCY PARK,"6,040,440","1,969.81","3,067",19 Jan 2018,57 GRANGE ROAD #08-06,Resale,Strata,183,"33,008",-,Condominium,1,Freehold,2016,Private,249569,10,24,Central Region,Tanglin
THE VINES,"1,090,000","1,087.16","1,003",19 Jan 2018,12 LORONG SARINA #03-03,Resale,Strata,101,"10,792",-,Apartment,1,Freehold,2003,Private,416736,14,41,East Region,Bedok
THE PROMENADE@PELIKAT,"608,000",452.09,"1,345",19 Jan 2018,183 JALAN PELIKAT #02-61,Resale,Strata,42,"14,476",-,Apartment,1,Freehold,2015,HDB,537643,19,53,North East Region,Hougang
PARC BOTANNIA,"1,528,000","1,280.92","1,193",19 Jan 2018,16 FERNVALE STREET #07-21,New Sale,Strata,119,"12,840",-,Condominium,1,99 yrs from 28/12/2016,Uncompleted,Private,797393,28,79,North East Region,Sengkang
THE WATERINA,"1,518,000","1,227.1","1,237",19 Jan 2018,53 LORONG 40 GEYLANG #06-06,Resale,Strata,114,"13,316",-,Apartment,1,Freehold,2005,Private,398077,14,39,Central Region,Geylang
THE PETALS,"1,170,000","1,259.39",929,19 Jan 2018,95 HILLVIEW AVENUE #07-27,Resale,Strata,117,"10,000",-,Condominium,1,Freehold,2002,Private,669627,23,66,West Region,Bukit Batok
PARBURY HILL CONDOMINIUM,"2,530,000","2,195.86","1,152",19 Jan 2018,28 PARBURY AVENUE #10-02,Resale,Strata,204,"12,402",-,Condominium,1,Freehold,1997,Private,467298,16,46,East Region,Bedok
PARC BOTANNIA,"967,000",785.77,"1,231",19 Jan 2018,18 FERNVALE STREET #07-28,New Sale,Strata,73,"13,247",-,Condominium,1,99 yrs from 28/12/2016,Uncompleted,Private,797394,28,79,North East Region,Sengkang
SKY@ELEVEN,"3,765,000","2,271.2","1,658",19 Jan 2018,11 THOMSON LANE #36-08,Resale,Strata,211,"17,844",-,Condominium,1,Freehold,2010,Private,297727,11,29,Central Region,Toa Payoh
76 SHENTON,"1,250,000",624.31,"2,002",19 Jan 2018,76 SHENTON WAY #16-03,Resale,Strata,58,"21,552",-,Apartment,1,99 yrs from 12/04/2007,2014,Private,079119,02,07,Central Region,Downtown Core
6 DERBYSHIRE,"1,852,103",828.83,"2,235",19 Jan 2018,6 DERBYSHIRE ROAD #14-07,Resale,Strata,77,"24,053",-,Condominium,1,Freehold,2017,Private,309462,11,30,Central Region,Novena
QUEENS PEAK,"1,305,000",775.01,"1,684",19 Jan 2018,3 DUNDEE ROAD #18-14,New Sale,Strata,72,"18,125",-,Condominium,1,99 yrs from 28/09/2015,Uncompleted,Private,149457,03,14,Central Region,Queenstown
CLEMENTIWOODS CONDOMINIUM,"2,428,000","2,701.76",899,19 Jan 2018,86 WEST COAST ROAD #05-33,Resale,Strata,251,"9,673",-,Condominium,1,99 yrs from 07/02/2006,2010,Private,126818,05,12,West Region,Clementi
BALLOTA PARK CONDOMINIUM,"788,000","1,065.64",739,19 Jan 2018,150 MARIAM WAY #06-01,Resale,Strata,99,"7,960",-,Condominium,1,Freehold,2000,HDB,507079,17,50,East Region,Pasir Ris
FLO RESIDENCE,"880,000",925.7,951,19 Jan 2018,11 PUNGGOL FIELD WALK #11-24,Resale,Strata,86,"10,233",-,Condominium,1,99 yrs from 05/12/2011,2016,Private,828744,19,82,North East Region,Punggol
CASTLE GREEN,"1,269,000","1,410.08",900,19 Jan 2018,483 YIO CHU KANG ROAD #08-14,Resale,Strata,131,"9,687",-,Condominium,1,99 yrs from 01/12/1993,1997,Private,787057,26,78,North East Region,Ang Mo Kio
BAYSHORE PARK,"1,170,000","1,291.68",906,19 Jan 2018,60 BAYSHORE ROAD #08-05,Resale,Strata,120,"9,750",-,Condominium,1,99 yrs from 17/03/1982,1986,Private,469982,16,46,East Region,Bedok
CASTLE GREEN,"995,000","1,173.28",848,19 Jan 2018,485 YIO CHU KANG ROAD #11-08,Resale,Strata,109,"9,128",-,Condominium,1,99 yrs from 01/12/1993,1997,Private,787058,26,78,North East Region,Ang Mo Kio
THE ARCADIA,"3,700,000","3,713.58",996,19 Jan 2018,235 ARCADIA ROAD #09-06,Resale,Strata,345,"10,725",-,Condominium,1,99 yrs from 17/08/1979,1983,Private,289843,11,28,Central Region,Bukit Timah
SEAHILL,"1,510,000","1,130.22","1,336",19 Jan 2018,119 WEST COAST CRESCENT #23-02,Resale,Strata,105,"14,381",-,Condominium,1,99 yrs from 26/09/2011,2016,Private,126777,05,12,West Region,Clementi
SUITES @ PAYA LEBAR,"508,000",376.74,"1,348",19 Jan 2018,418 UPPER PAYA LEBAR ROAD #01-09,Resale,Strata,35,"14,514",-,Apartment,1,Freehold,2013,HDB,534996,19,53,North East Region,Hougang
FERRARIA PARK CONDOMINIUM,"800,000",914.94,874,19 Jan 2018,14 FLORA DRIVE #05-18,Resale,Strata,85,"9,412",-,Condominium,1,Freehold,2009,HDB,506944,17,50,East Region,Pasir Ris
OASIS @ ELIAS,"1,010,000","1,205.57",838,19 Jan 2018,60 ELIAS ROAD #16-03,Resale,Strata,112,"9,018",-,Condominium,1,99 yrs from 17/03/2008,2011,HDB,519938,18,51,East Region,Pasir Ris
D'NEST,"1,410,000","1,410.08","1,000",19 Jan 2018,137 PASIR RIS GROVE #07-34,Sub Sale,Strata,131,"10,763",-,Condominium,1,99 yrs from 20/10/2010,2017,Private,518133,18,51,East Region,Pasir Ris
QUEENS PEAK,"1,588,000",850.36,"1,867",19 Jan 2018,3 DUNDEE ROAD #37-17,New Sale,Strata,79,"20,101",-,Condominium,1,99 yrs from 28/09/2015,Uncompleted,HDB,149457,03,14,Central Region,Queenstown
N.A.,"950,000","1,313.21",723,19 Jan 2018,58 BOUNDARY ROAD,Resale,Strata,122,"7,787",-,Apartment,1,Freehold,1953,HDB,549978,19,54,North East Region,Serangoon
ROBIN RESIDENCES,"2,809,000","1,065.64","2,636",19 Jan 2018,3 ROBIN DRIVE #02-08,Resale,Strata,99,"28,374",-,Condominium,1,Freehold,2015,Private,258263,10,25,Central Region,Tanglin
BELMOND GREEN,"2,410,000","1,270.15","1,897",19 Jan 2018,15D BALMORAL ROAD #08-17,Resale,Strata,118,"20,424",-,Condominium,1,Freehold,2004,Private,259819,10,25,Central Region,Tanglin
AVALON,"3,900,000","2,238.91","1,742",19 Jan 2018,25 ANDERSON ROAD #03-05,Resale,Strata,208,"18,750",-,Condominium,1,Freehold,1999,Private,259986,10,25,Central Region,Tanglin
GEM RESIDENCES,"1,494,900","1,011.82","1,477",19 Jan 2018,3 LORONG 5 TOA PAYOH #20-12,New Sale,Strata,94,"15,903",-,Condominium,1,99 yrs from 21/09/2015,Uncompleted,Private,319459,12,31,Central Region,Toa Payoh
VALLEY PARK,"1,215,000",753.48,"1,613",19 Jan 2018,483 RIVER VALLEY ROAD #05-03,Resale,Strata,70,"17,357",-,Condominium,1,999 yrs from 21/06/1877,1997,Private,248368,10,24,Central Region,Tanglin
NADIA MANSIONS,"2,140,088","2,281.97",938,19 Jan 2018,30 AH HOOD ROAD #09-01,Resale,Strata,212,"10,095",-,Apartment,1,Freehold,1985,HDB,329976,12,32,Central Region,Novena
HILLION RESIDENCES,"788,000",462.85,"1,702",19 Jan 2018,10 JELEBU ROAD #17-22,New Sale,Strata,43,"18,326",-,Apartment,1,99 yrs from 04/01/2013,2017,HDB,677672,23,67,West Region,Bukit Panjang
ENVIO,"1,130,000","1,011.82","1,117",19 Jan 2018,281 JOO CHIAT PLACE #04-05,Resale,Strata,94,"12,021",-,Apartment,1,Freehold,2010,HDB,427962,15,42,East Region,Bedok
GLENTREES,"2,550,000","1,711.48","1,490",19 Jan 2018,11H MOUNT SINAI LANE #04-42,Resale,Strata,159,"16,038",-,Condominium,1,999 yrs from 17/09/1885,2005,Private,277057,10,27,Central Region,Bukit Timah
NEW FUTURA,"5,632,000","1,829.88","3,078",19 Jan 2018,18 LEONIE HILL ROAD #09-06,New Sale,Strata,170,"33,129",-,Condominium,1,Freehold,2017,HDB,239199,09,23,Central Region,River Valley
WALLICH RESIDENCE,"4,924,000","1,786.82","2,756",19 Jan 2018,3 WALLICH STREET #40-07,New Sale,Strata,166,"29,663",-,Apartment,1,99 yrs from 21/02/2011,2017,N.A,078882,02,07,Central Region,Downtown Core
TRE RESIDENCES,"1,316,000",947.23,"1,389",19 Jan 2018,7 GEYLANG EAST AVENUE 1 #08-06,New Sale,Strata,88,"14,955",-,Condominium,1,99 yrs from 23/04/2014,Uncompleted,HDB,389782,14,38,Central Region,Geylang
SELETAR SPRINGS CONDOMINIUM,"875,000","1,302.44",672,19 Jan 2018,110 GERALD DRIVE #03-53,Resale,Strata,121,"7,231",-,Condominium,1,99 yrs from 12/08/1997,2000,Private,799036,28,79,North East Region,Hougang
THE SEA VIEW,"2,480,000","1,517.72","1,634",19 Jan 2018,29 AMBER ROAD #14-03,Resale,Strata,141,"17,589",-,Condominium,1,Freehold,2008,Private,439942,15,43,Central Region,Marine Parade
SELETAR PARK RESIDENCE,"706,000",592.02,"1,193",19 Jan 2018,17 SELETAR ROAD #04-18,Resale,Strata,55,"12,836",-,Condominium,1,99 yrs from 15/03/2011,2015,HDB,807019,28,80,North East Region,Serangoon
GEM RESIDENCES,"1,684,000","1,011.82","1,664",19 Jan 2018,3 LORONG 5 TOA PAYOH #29-12,New Sale,Strata,94,"17,915",-,Condominium,1,99 yrs from 21/09/2015,Uncompleted,N.A,319459,12,31,Central Region,Toa Payoh
QUEENS,"2,250,000","2,389.61",942,19 Jan 2018,16 STIRLING ROAD #38-15,Resale,Strata,222,"10,135",-,Condominium,1,99 yrs from 16/02/1998,2002,Private,148957,03,14,Central Region,Queenstown
QUEENS PEAK,"2,518,000","1,506.96","1,671",19 Jan 2018,3 DUNDEE ROAD #41-25,New Sale,Strata,140,"17,986",-,Condominium,1,99 yrs from 28/09/2015,Uncompleted,Private,149457,03,14,Central Region,Queenstown
PARC BOTANNIA,"1,550,000","1,280.92","1,210",19 Jan 2018,16 FERNVALE STREET #10-21,New Sale,Strata,119,"13,025",-,Condominium,1,99 yrs from 28/12/2016,Uncompleted,HDB,797393,28,79,North East Region,Sengkang
ASTORIA PARK,"1,150,000","1,173.28",980,19 Jan 2018,34 LORONG MYDIN #05-10,Resale,Strata,109,"10,550",-,Condominium,1,99 yrs from 01/05/1993,1995,Private,416827,14,41,East Region,Bedok
HUNDRED TREES,"1,030,000",785.77,"1,311",19 Jan 2018,95 WEST COAST DRIVE #11-32,Resale,Strata,73,"14,110",-,Condominium,1,956 yrs from 27/05/1928,2013,HDB,128002,05,12,West Region,Clementi
HIGHLINE RESIDENCES,"1,987,500","1,108.69","1,793",19 Jan 2018,7 KIM TIAN ROAD #02-07,New Sale,Strata,103,"19,296",-,Condominium,1,99 yrs from 22/07/2013,2018,HDB,168592,03,16,Central Region,Bukit Merah
THE MARBELLA,"2,588,888","1,582.31","1,636",19 Jan 2018,33 MOUNT SINAI RISE #14-11,Resale,Strata,147,"17,611",-,Condominium,1,Freehold,2005,Private,276954,10,27,Central Region,Bukit Timah
LEEDON RESIDENCE,"6,700,000","3,745.87","1,789",19 Jan 2018,24 LEEDON HEIGHTS #12-33,Resale,Strata,348,"19,253",-,Condominium,1,Freehold,2015,Private,266220,10,26,Central Region,Bukit Timah
EDELWEISS PARK CONDOMINIUM,"1,560,000","2,680.24",582,19 Jan 2018,92 FLORA ROAD #07-37,Resale,Strata,249,"6,265",-,Condominium,1,Freehold,2006,Private,507005,17,50,East Region,Pasir Ris
MANDARIN GARDENS,"968,000",828.83,"1,168",19 Jan 2018,5 SIGLAP ROAD #23-51,Resale,Strata,77,"12,571",-,Condominium,1,99 yrs from 08/03/1982,1986,Private,448908,15,44,East Region,Bedok
KERRISDALE,"1,180,000","1,270.15",929,19 Jan 2018,32 STURDEE ROAD #13-08,Resale,Strata,118,"10,000",-,Condominium,1,99 yrs from 02/04/1998,2005,Private,207853,08,20,Central Region,Kallang
THE SUNNYDALE,"1,030,000","1,173.28",878,19 Jan 2018,21 SERANGOON AVENUE 3 #01-03,Resale,Strata,109,"9,450",-,Condominium,1,99 yrs from 06/12/1997,2001,Private,556124,19,55,North East Region,Serangoon
MAYSPRINGS,"986,000","1,313.21",751,19 Jan 2018,2 PETIR ROAD #11-07,Resale,Strata,122,"8,082",-,Apartment,1,99 yrs from 01/12/1994,1998,HDB,678265,23,67,West Region,Bukit Panjang
PARC RIVIERA,"1,210,000",904.18,"1,338",20 Jan 2018,103 WEST COAST VALE #29-16,New Sale,Strata,84,"14,405",-,Condominium,1,99 yrs from 11/11/2015,Uncompleted,HDB,126754,05,12,West Region,Clementi
THE ASANA,"1,726,758",635.08,"2,719",20 Jan 2018,19 QUEEN'S ROAD #01-08,New Sale,Strata,59,"29,267",-,Apartment,1,Freehold,2017,Private,266745,10,26,Central Region,Bukit Timah
NEW FUTURA,"5,536,000","1,829.88","3,025",20 Jan 2018,18 LEONIE HILL ROAD #06-06,New Sale,Strata,170,"32,565",-,Condominium,1,Freehold,2017,Private,239199,09,23,Central Region,River Valley
GEM RESIDENCES,"1,495,000",979.52,"1,526",20 Jan 2018,1 LORONG 5 TOA PAYOH #24-04,New Sale,Strata,91,"16,429",-,Condominium,1,99 yrs from 21/09/2015,Uncompleted,N.A,319458,12,31,Central Region,Toa Payoh
QUEENS PEAK,"1,914,000","1,054.87","1,814",20 Jan 2018,1 DUNDEE ROAD #41-13,New Sale,Strata,98,"19,531",-,Condominium,1,99 yrs from 28/09/2015,Uncompleted,HDB,149456,03,14,Central Region,Queenstown
PARC BOTANNIA,"1,599,000","1,280.92","1,248",20 Jan 2018,16 FERNVALE STREET #17-21,New Sale,Strata,119,"13,437",-,Condominium,1,99 yrs from 28/12/2016,Uncompleted,Private,797393,28,79,North East Region,Sengkang
THE ALPS RESIDENCES,"1,075,000",936.47,"1,148",20 Jan 2018,115 TAMPINES STREET 86 #12-44,New Sale,Strata,87,"12,356",-,Condominium,1,99 yrs from 03/08/2015,Uncompleted,HDB,528537,18,52,East Region,Tampines
ASTOR,"900,000","1,130.22",796,20 Jan 2018,51C LENGKONG EMPAT #09-02,Resale,Strata,105,"8,571",-,Apartment,1,99 yrs from 12/08/2002,2006,HDB,417660,14,41,East Region,Bedok
SIMS URBAN OASIS,"1,789,500","1,323.97","1,352",20 Jan 2018,16 SIMS DRIVE #18-58,New Sale,Strata,123,"14,549",-,Condominium,1,99 yrs from 29/07/2014,2017,Private,387393,14,38,Central Region,Geylang
NEW FUTURA,"4,232,000","1,367.03","3,096",20 Jan 2018,18 LEONIE HILL ROAD #08-04,New Sale,Strata,127,"33,323",-,Condominium,1,Freehold,2017,Private,239199,09,23,Central Region,River Valley
SEASIDE RESIDENCES,"1,069,000",592.02,"1,806",20 Jan 2018,12 SIGLAP LINK #14-10,New Sale,Strata,55,"19,436",-,Apartment,1,99 yrs from 18/04/2016,Uncompleted,Private,448870,15,44,East Region,Bedok
ARTRA,"1,899,999","1,227.1","1,548",20 Jan 2018,10 ALEXANDRA VIEW #11-08,New Sale,Strata,114,"16,667",-,Apartment,1,99 yrs from 15/02/2016,Uncompleted,HDB,158745,03,15,Central Region,Bukit Merah
THE NAVIAN,"1,056,000",667.37,"1,582",20 Jan 2018,178 JALAN EUNOS #04-08,New Sale,Strata,62,"17,032",-,Apartment,1,Freehold,Uncompleted,HDB,419530,14,41,East Region,Bedok
PARC BOTANNIA,"1,407,000","1,302.44","1,080",20 Jan 2018,16 FERNVALE STREET #02-20,New Sale,Strata,121,"11,628",-,Condominium,1,99 yrs from 28/12/2016,Uncompleted,HDB,797393,28,79,North East Region,Sengkang
GEM RESIDENCES,"1,424,000",979.52,"1,454",20 Jan 2018,1 LORONG 5 TOA PAYOH #09-04,New Sale,Strata,91,"15,648",-,Condominium,1,99 yrs from 21/09/2015,Uncompleted,Private,319458,12,31,Central Region,Toa Payoh
ARTRA,"1,814,999","1,227.1","1,479",20 Jan 2018,10 ALEXANDRA VIEW #07-02,New Sale,Strata,114,"15,921",-,Apartment,1,99 yrs from 15/02/2016,Uncompleted,HDB,158745,03,15,Central Region,Bukit Merah
HIGHLINE RESIDENCES,"2,277,750","1,151.75","1,978",20 Jan 2018,9 KIM TIAN ROAD #23-16,New Sale,Strata,107,"21,287",-,Condominium,1,99 yrs from 22/07/2013,Uncompleted,Private,168593,03,16,Central Region,Bukit Merah
PARC BOTANNIA,"1,051,000",861.12,"1,221",20 Jan 2018,12 FERNVALE STREET #05-12,New Sale,Strata,80,"13,138",-,Condominium,1,99 yrs from 28/12/2016,Uncompleted,HDB,797391,28,79,North East Region,Sengkang
THE CLEMENT CANOPY,"1,125,000",656.6,"1,713",20 Jan 2018,18 CLEMENTI AVENUE 1 #36-09,New Sale,Strata,61,"18,443",-,Apartment,1,99 yrs from 09/03/2016,Uncompleted,HDB,129961,05,12,West Region,Clementi
TRE RESIDENCES,"1,294,000",861.12,"1,503",20 Jan 2018,7 GEYLANG EAST AVENUE 1 #16-03,New Sale,Strata,80,"16,175",-,Condominium,1,99 yrs from 23/04/2014,Uncompleted,HDB,389782,14,38,Central Region,Geylang
GRANDEUR PARK RESIDENCES,"2,048,000","1,453.14","1,409",20 Jan 2018,5 BEDOK SOUTH AVENUE 3 #13-26,New Sale,Strata,135,"15,170",-,Condominium,1,99 yrs from 25/05/2016,Uncompleted,HDB,465463,16,46,East Region,Bedok
SYMPHONY SUITES,"1,045,000",914.94,"1,142",20 Jan 2018,9 YISHUN CLOSE #14-20,New Sale,Strata,85,"12,294",-,Condominium,1,99 yrs from 10/06/2014,Uncompleted,Private,768008,27,76,North Region,Yishun
SOPHIA HILLS,"1,315,000",570.49,"2,305",20 Jan 2018,25 MOUNT SOPHIA #03-90,New Sale,Strata,53,"24,811",-,Condominium,1,99 yrs from 10/12/2013,Uncompleted,N.A,228477,09,22,Central Region,Rochor
PARC BOTANNIA,"826,000",667.37,"1,238",21 Jan 2018,12 FERNVALE STREET #03-14,New Sale,Strata,62,"13,323",-,Condominium,1,99 yrs from 28/12/2016,Uncompleted,HDB,797391,28,79,North East Region,Sengkang
PARC BOTANNIA,"792,000",581.26,"1,363",21 Jan 2018,16 FERNVALE STREET #20-26,New Sale,Strata,54,"14,667",-,Condominium,1,99 yrs from 28/12/2016,Uncompleted,N.A,797393,28,79,North East Region,Sengkang
THE CLEMENT CANOPY,"1,643,000","1,108.69","1,482",21 Jan 2018,18 CLEMENTI AVENUE 1 #32-11,New Sale,Strata,103,"15,951",-,Apartment,1,99 yrs from 09/03/2016,Uncompleted,Private,129961,05,12,West Region,Clementi
SEASIDE RESIDENCES,"1,028,000",592.02,"1,736",21 Jan 2018,16 SIGLAP LINK #10-23,New Sale,Strata,55,"18,691",-,Apartment,1,99 yrs from 18/04/2016,Uncompleted,Private,448872,15,44,East Region,Bedok
SIMS URBAN OASIS,"1,619,100","1,033.34","1,567",21 Jan 2018,18 SIMS DRIVE #14-61,New Sale,Strata,96,"16,866",-,Condominium,1,99 yrs from 29/07/2014,2017,HDB,387394,14,38,Central Region,Geylang
NEW FUTURA,"9,134,800","2,691","3,395",21 Jan 2018,18 LEONIE HILL ROAD #24-05,New Sale,Strata,250,"36,539",-,Condominium,1,Freehold,2017,Private,239199,09,23,Central Region,River Valley
GEM RESIDENCES,"1,469,615",979.52,"1,500",21 Jan 2018,1 LORONG 5 TOA PAYOH #13-04,New Sale,Strata,91,"16,150",-,Condominium,1,99 yrs from 21/09/2015,Uncompleted,HDB,319458,12,31,Central Region,Toa Payoh
THE ALPS RESIDENCES,"1,080,000",936.47,"1,153",21 Jan 2018,115 TAMPINES STREET 86 #13-44,New Sale,Strata,87,"12,414",-,Condominium,1,99 yrs from 03/08/2015,Uncompleted,Private,528537,18,52,East Region,Tampines
GEM RESIDENCES,"1,594,000",979.52,"1,627",21 Jan 2018,1 LORONG 5 TOA PAYOH #34-04,New Sale,Strata,91,"17,516",-,Condominium,1,99 yrs from 21/09/2015,Uncompleted,N.A,319458,12,31,Central Region,Toa Payoh
SEASIDE RESIDENCES,"1,801,000","1,087.16","1,657",21 Jan 2018,18 SIGLAP LINK #10-31,New Sale,Strata,101,"17,832",-,Apartment,1,99 yrs from 18/04/2016,Uncompleted,Private,448873,15,44,East Region,Bedok
SEASIDE RESIDENCES,"937,000",505.91,"1,852",21 Jan 2018,12 SIGLAP LINK #21-13,New Sale,Strata,47,"19,936",-,Apartment,1,99 yrs from 18/04/2016,Uncompleted,HDB,448870,15,44,East Region,Bedok
HIGHLINE RESIDENCES,"2,745,000","1,291.68","2,125",21 Jan 2018,9 KIM TIAN ROAD #34-17,New Sale,Strata,120,"22,875",-,Condominium,1,99 yrs from 22/07/2013,Uncompleted,Private,168593,03,16,Central Region,Bukit Merah
GEM RESIDENCES,"1,420,000",979.52,"1,450",21 Jan 2018,1 LORONG 5 TOA PAYOH #08-04,New Sale,Strata,91,"15,604",-,Condominium,1,99 yrs from 21/09/2015,Uncompleted,Private,319458,12,31,Central Region,Toa Payoh
PARC BOTANNIA,"858,000",667.37,"1,286",21 Jan 2018,12 FERNVALE STREET #11-14,New Sale,Strata,62,"13,839",-,Condominium,1,99 yrs from 28/12/2016,Uncompleted,N.A,797391,28,79,North East Region,Sengkang
QUEENS PEAK,"1,380,000",775.01,"1,781",21 Jan 2018,3 DUNDEE ROAD #24-14,New Sale,Strata,72,"19,167",-,Condominium,1,99 yrs from 28/09/2015,Uncompleted,HDB,149457,03,14,Central Region,Queenstown
THE NAVIAN,"1,079,000",656.6,"1,643",21 Jan 2018,178 JALAN EUNOS #05-11,New Sale,Strata,61,"17,689",-,Apartment,1,Freehold,Uncompleted,Private,419530,14,41,East Region,Bedok
PARC BOTANNIA,"843,000",667.37,"1,263",21 Jan 2018,12 FERNVALE STREET #09-13,New Sale,Strata,62,"13,597",-,Condominium,1,99 yrs from 28/12/2016,Uncompleted,Private,797391,28,79,North East Region,Sengkang
PARC BOTANNIA,"789,000",592.02,"1,333",21 Jan 2018,16 FERNVALE STREET #12-23,New Sale,Strata,55,"14,345",-,Condominium,1,99 yrs from 28/12/2016,Uncompleted,N.A,797393,28,79,North East Region,Sengkang
NEW FUTURA,"4,088,000","1,291.68","3,165",21 Jan 2018,18 LEONIE HILL ROAD #07-05,New Sale,Strata,120,"34,067",-,Condominium,1,Freehold,2017,N.A,239199,09,23,Central Region,River Valley
PARC BOTANNIA,"637,000",505.91,"1,259",21 Jan 2018,12 FERNVALE STREET #08-18,New Sale,Strata,47,"13,553",-,Condominium,1,99 yrs from 28/12/2016,Uncompleted,HDB,797391,28,79,North East Region,Sengkang
THE ORIENT,"1,394,200",721.19,"1,933",21 Jan 2018,251 PASIR PANJANG ROAD #04-04,New Sale,Strata,67,"20,809",-,Apartment,1,Freehold,2017,N.A,118610,05,11,Central Region,Queenstown
PARC BOTANNIA,"796,000",592.02,"1,345",21 Jan 2018,16 FERNVALE STREET #14-23,New Sale,Strata,55,"14,473",-,Condominium,1,99 yrs from 28/12/2016,Uncompleted,N.A,797393,28,79,North East Region,Sengkang
CASA FORTUNA,"690,000",505.91,"1,364",22 Jan 2018,36 AH HOOD ROAD #04-04,Resale,Strata,47,"14,681",-,Apartment,1,Freehold,2011,Private,329980,12,32,Central Region,Novena
PARC BOTANNIA,"842,000",667.37,"1,262",22 Jan 2018,12 FERNVALE STREET #07-14,New Sale,Strata,62,"13,581",-,Condominium,1,99 yrs from 28/12/2016,Uncompleted,HDB,797391,28,79,North East Region,Sengkang
NASSIM PARK RESIDENCES,"12,000,000","3,466.01","3,462",22 Jan 2018,17 NASSIM ROAD #04-08,Resale,Strata,322,"37,267",-,Condominium,1,Freehold,2011,Private,258391,10,25,Central Region,Tanglin
SUNGLADE,"948,000",861.12,"1,101",22 Jan 2018,11 SERANGOON AVENUE 2 #05-36,Resale,Strata,80,"11,850",-,Condominium,1,99 yrs from 09/10/2000,2003,Private,556135,19,55,North East Region,Serangoon
QUEENS PEAK,"1,593,000",839.59,"1,897",22 Jan 2018,1 DUNDEE ROAD #40-05,New Sale,Strata,78,"20,423",-,Condominium,1,99 yrs from 28/09/2015,Uncompleted,Private,149456,03,14,Central Region,Queenstown
THE LINEAR,"1,080,000","1,313.21",822,22 Jan 2018,882 UPPER BUKIT TIMAH ROAD #03-05,Resale,Strata,122,"8,852",-,Apartment,1,999 yrs from 02/10/1876,2006,Private,678182,23,67,West Region,Bukit Panjang
THE LUXURIE,"1,146,000","1,001.05","1,145",22 Jan 2018,19 COMPASSVALE ROAD #04-16,Resale,Strata,93,"12,323",-,Condominium,1,99 yrs from 15/06/2011,2015,HDB,544753,19,54,North East Region,Sengkang
MOONSTONE RESIDENCES,"1,318,000","1,237.86","1,065",22 Jan 2018,25 MOONSTONE LANE #14-03,Resale,Strata,115,"11,461",-,Apartment,1,Freehold,2004,Private,328465,12,32,Central Region,Kallang
CHARISMA VIEW,"830,000",731.95,"1,134",22 Jan 2018,167 JALAN JURONG KECHIL #01-02,Resale,Strata,68,"12,206",-,Apartment,1,Freehold,2002,Private,598671,21,59,Central Region,Bukit Timah
SEASTRAND,"1,088,888","1,194.8",911,22 Jan 2018,17 PASIR RIS LINK #09-46,Resale,Strata,111,"9,810",-,Condominium,1,99 yrs from 03/01/2011,2014,HDB,518183,18,51,East Region,Pasir Ris
HIGH OAK CONDOMINIUM,"950,000","1,044.11",910,22 Jan 2018,11 TOH TUCK ROAD #01-46,Resale,Strata,97,"9,794",-,Condominium,1,99 yrs from 24/04/1996,1999,Private,596290,21,59,Central Region,Bukit Timah
GEM RESIDENCES,"1,640,000","1,054.87","1,555",22 Jan 2018,1 LORONG 5 TOA PAYOH #38-03,New Sale,Strata,98,"16,735",-,Condominium,1,99 yrs from 21/09/2015,Uncompleted,N.A,319458,12,31,Central Region,Toa Payoh
DUCHESS ROYALE,"1,930,000","1,194.8","1,615",22 Jan 2018,32 DUCHESS AVENUE #03-01,Resale,Strata,111,"17,387",-,Apartment,1,999 yrs from 27/12/1875,2013,Private,269105,10,26,Central Region,Bukit Timah
NORTHVALE,"990,000","1,270.15",779,22 Jan 2018,73 CHOA CHU KANG LOOP #10-02,Resale,Strata,118,"8,390",-,Apartment,1,99 yrs from 01/03/1995,1998,HDB,689674,23,68,West Region,Choa Chu Kang
THE PALETTE,"788,000",731.95,"1,077",22 Jan 2018,119 PASIR RIS GROVE #07-58,Resale,Strata,68,"11,588",-,Condominium,1,99 yrs from 20/10/2010,2015,Private,518174,18,51,East Region,Pasir Ris
CASA MERAH,"1,100,000",958,"1,148",22 Jan 2018,64 TANAH MERAH KECHIL AVENUE #06-26,Resale,Strata,89,"12,360",-,Apartment,1,99 yrs from 11/07/2006,2009,Private,465531,16,46,East Region,Bedok
THE TREVOSE,"2,100,000","1,905.23","1,102",22 Jan 2018,60 TREVOSE CRESCENT #01-29,Resale,Strata,177,"11,864",-,Condominium,1,99 yrs from 14/12/1996,2001,Private,298090,11,29,Central Region,Novena
JEWEL @ BUANGKOK,"648,000",570.49,"1,136",22 Jan 2018,85 COMPASSVALE BOW #01-21,Resale,Strata,53,"12,226",-,Condominium,1,99 yrs from 12/09/2012,2016,HDB,544685,19,54,North East Region,Sengkang
DUO RESIDENCES,"1,368,000",538.2,"2,542",22 Jan 2018,1 FRASER STREET #29-04,Sub Sale,Strata,50,"27,360",-,Apartment,1,99 yrs from 01/07/2011,2017,Private,189350,07,18,Central Region,Downtown Core
VILLA MARTIA,"1,650,000","1,280.92","1,288",22 Jan 2018,11 MARTIA ROAD #03-13,Resale,Strata,119,"13,866",-,Condominium,1,Freehold,2000,Private,424808,15,42,East Region,Bedok
CASTLE GREEN,"990,000","1,216.33",814,22 Jan 2018,487 YIO CHU KANG ROAD #03-15,Resale,Strata,113,"8,761",-,Condominium,1,99 yrs from 01/12/1993,1997,Private,787059,26,78,North East Region,Ang Mo Kio
DORMER PARK,"2,600,000","1,668.42","1,558",22 Jan 2018,51 JERVOIS ROAD #02-06,Resale,Strata,155,"16,774",-,Condominium,1,Freehold,1993,Private,249045,10,24,Central Region,Tanglin
BALESTIER PLAZA,"1,580,000","1,625.36",972,22 Jan 2018,400 BALESTIER ROAD #13-06,Resale,Strata,151,"10,464",-,Apartment,1,Freehold,1983,Private,329802,12,32,Central Region,Novena
PARC BOTANNIA,"620,000",505.91,"1,226",22 Jan 2018,12 FERNVALE STREET #06-10,New Sale,Strata,47,"13,191",-,Condominium,1,99 yrs from 28/12/2016,Uncompleted,HDB,797391,28,79,North East Region,Sengkang
KINGSFORD . HILLVIEW PEAK,"1,000,000",775.01,"1,290",22 Jan 2018,105 HILLVIEW RISE #05-32,Sub Sale,Strata,72,"13,889",-,Condominium,1,99 yrs from 04/06/2012,2017,Private,667968,23,66,West Region,Bukit Batok
HARBOUR VIEW TOWERS,"1,510,000","1,614.6",935,22 Jan 2018,21 TELOK BLANGAH DRIVE #02-06,Resale,Strata,150,"10,067",-,Condominium,1,99 yrs from 01/06/1990,1994,Private,109258,04,10,Central Region,Bukit Merah
CITY SQUARE RESIDENCES,"1,810,000","1,205.57","1,501",22 Jan 2018,10 KITCHENER LINK #13-18,Resale,Strata,112,"16,161",-,Condominium,1,Freehold,2008,HDB,207225,08,20,Central Region,Kallang
BOATHOUSE RESIDENCES,"775,000",731.95,"1,059",22 Jan 2018,23 UPPER SERANGOON VIEW #09-03,Resale,Strata,68,"11,397",-,Condominium,1,99 yrs from 09/02/2011,2015,HDB,534047,19,53,North East Region,Hougang
D'NEST,"810,000",775.01,"1,045",22 Jan 2018,139 PASIR RIS GROVE #07-41,Sub Sale,Strata,72,"11,250",-,Condominium,1,99 yrs from 20/10/2010,2017,HDB,518134,18,51,East Region,Pasir Ris
MARINA BAY SUITES,"3,280,000","1,593.07","2,059",22 Jan 2018,3 CENTRAL BOULEVARD #12-03,Resale,Strata,148,"22,162",-,Condominium,1,99 yrs from 08/03/2007,2013,Private,018965,01,01,Central Region,Downtown Core
THE RITZ-CARLTON RESIDENCES SINGAPORE CAIRNHILL,"9,000,000","2,830.93","3,179",22 Jan 2018,65 CAIRNHILL ROAD #19-02,Resale,Strata,263,"34,221",-,Apartment,1,Freehold,2011,Private,229721,09,22,Central Region,Newton
URBAN RESORT CONDOMINIUM,"4,900,000","2,120.51","2,311",22 Jan 2018,32 CAIRNHILL ROAD #05-01,Resale,Strata,197,"24,873",-,Condominium,1,Freehold,2013,Private,229657,09,22,Central Region,Newton
ARTRA,"1,794,800","1,044.11","1,719",22 Jan 2018,10 ALEXANDRA VIEW #21-10,New Sale,Strata,97,"18,503",-,Apartment,1,99 yrs from 15/02/2016,Uncompleted,HDB,158745,03,15,Central Region,Bukit Merah
NORTHVALE,"1,186,800","1,614.6",735,22 Jan 2018,67 CHOA CHU KANG LOOP #12-01,Resale,Strata,150,"7,912",-,Apartment,1,99 yrs from 01/03/1995,1998,HDB,689671,23,68,West Region,Choa Chu Kang
NOVENA COURT,"1,020,000",861.12,"1,185",22 Jan 2018,18H JALAN NOVENA BARAT,Resale,Strata,80,"12,750",-,Apartment,1,Freehold,-,HDB,308611,11,30,Central Region,Novena
LIVIA,"1,036,800","1,323.97",783,22 Jan 2018,71 PASIR RIS GROVE #09-20,Resale,Strata,123,"8,429",-,Condominium,1,99 yrs from 07/01/2008,2011,Private,518205,18,51,East Region,Pasir Ris
SKY GREEN,"2,600,000","2,292.73","1,134",22 Jan 2018,568 MACPHERSON ROAD #15-02,Resale,Strata,213,"12,207",-,Condominium,1,Freehold,2015,Private,368236,13,36,Central Region,Geylang
THE ASANA,"1,690,920",635.08,"2,663",22 Jan 2018,17 QUEEN'S ROAD #02-05,New Sale,Strata,59,"28,660",-,Apartment,1,Freehold,2017,Private,266744,10,26,Central Region,Bukit Timah
THE MINTON,"1,520,000","1,496.2","1,016",22 Jan 2018,10 HOUGANG STREET 11 #03-29,Resale,Strata,139,"10,935",-,Condominium,1,99 yrs from 27/07/2007,2013,HDB,534080,19,53,North East Region,Hougang
THE GLYNDEBOURNE,"4,380,000","2,174.33","2,014",22 Jan 2018,38 TREVOSE CRESCENT #01-06,Resale,Strata,202,"21,683",-,Condominium,1,Freehold,2013,Private,297722,11,29,Central Region,Novena
D'LEEDON,"2,410,000","1,614.6","1,493",22 Jan 2018,5 LEEDON HEIGHTS #11-10,Resale,Strata,150,"16,067",-,Condominium,1,99 yrs from 08/04/2010,2014,Private,267952,10,26,Central Region,Bukit Timah
SKY VUE,"1,700,000","1,140.98","1,490",22 Jan 2018,1 BISHAN STREET 15 #14-10,Resale,Strata,106,"16,038",-,Condominium,1,99 yrs from 04/03/2013,2016,Private,573910,20,57,Central Region,Bishan
HERITAGE VIEW,"1,400,000","1,194.8","1,172",22 Jan 2018,10 DOVER RISE #06-07,Resale,Strata,111,"12,613",-,Condominium,1,99 yrs from 12/08/1996,2000,Private,138680,05,13,Central Region,Queenstown
N.A.,"2,000,000","2,271.2",881,22 Jan 2018,1A JALAN JAMAL,Resale,Strata,211,"9,479",-,Apartment,1,Freehold,1982,Private,457592,15,45,East Region,Bedok
REGENTVILLE,"780,000","1,151.75",677,22 Jan 2018,10 HOUGANG STREET 92 #09-08,Resale,Strata,107,"7,290",-,Apartment,1,99 yrs from 24/04/1996,1999,Private,538687,19,53,North East Region,Hougang
THE MARBELLA,"1,750,000","1,076.4","1,626",22 Jan 2018,29 MOUNT SINAI RISE #08-04,Resale,Strata,100,"17,500",-,Condominium,1,Freehold,2005,Private,276952,10,27,Central Region,Bukit Timah
ROSEWOOD,"720,000","1,033.34",697,22 Jan 2018,1 ROSEWOOD DRIVE #07-04,Resale,Strata,96,"7,500",-,Condominium,1,99 yrs from 20/06/2000,2003,HDB,737934,25,73,North Region,Woodlands
ST MICHAEL REGENCY,"1,180,000",925.7,"1,275",22 Jan 2018,38 ST. MICHAEL'S ROAD #08-04,Resale,Strata,86,"13,721",-,Apartment,1,Freehold,2010,HDB,328008,12,32,Central Region,Kallang
HIGH STREET CENTRE,"1,200,000",796.54,"1,507",22 Jan 2018,1 NORTH BRIDGE ROAD #26-01,Resale,Strata,74,"16,216",-,Apartment,1,99 yrs from 02/06/1969,2005,Private,179094,06,17,Central Region,Downtown Core
CARISSA PARK CONDOMINIUM,"1,050,000","1,323.97",793,22 Jan 2018,2 FLORA DRIVE #02-29,Resale,Strata,123,"8,537",-,Condominium,1,Freehold,2001,HDB,507025,17,50,East Region,Pasir Ris
REGENTVILLE,"791,000","1,151.75",687,22 Jan 2018,8 HOUGANG STREET 92 #02-01,Resale,Strata,107,"7,393",-,Apartment,1,99 yrs from 24/04/1996,1999,HDB,538686,19,53,North East Region,Hougang
METRO LOFT,"665,000",495.14,"1,343",22 Jan 2018,5 LORONG 27 GEYLANG #06-08,Sub Sale,Strata,46,"14,457",-,Apartment,1,Freehold,2016,Private,388158,14,38,Central Region,Geylang
SKY HABITAT,"2,934,700","2,228.15","1,317",22 Jan 2018,7 BISHAN STREET 15 #01-08,Resale,Strata,207,"14,177",-,Condominium,1,99 yrs from 30/05/2011,2015,HDB,573908,20,57,Central Region,Bishan
EAST MEADOWS,"1,160,000","1,237.86",937,22 Jan 2018,32 TANAH MERAH KECHIL ROAD #10-15,Resale,Strata,115,"10,087",-,Condominium,1,99 yrs from 02/03/1998,2002,Private,465559,16,46,East Region,Bedok
LOFT @ NATHAN,"880,000",484.38,"1,817",22 Jan 2018,31 NATHAN ROAD #06-19,Resale,Strata,45,"19,556",-,Apartment,1,Freehold,2014,HDB,248749,10,24,Central Region,Tanglin
REGENTVILLE,"800,000","1,151.75",695,22 Jan 2018,6 HOUGANG STREET 92 #10-05,Resale,Strata,107,"7,477",-,Apartment,1,99 yrs from 24/04/1996,1999,Private,538685,19,53,North East Region,Hougang
THE CREST,"1,961,000",947.23,"2,070",22 Jan 2018,111 PRINCE CHARLES CRESCENT #03-28,Resale,Strata,88,"22,284",-,Condominium,1,99 yrs from 21/12/2012,2017,Private,159022,03,15,Central Region,Bukit Merah
NORTHWOOD,"1,180,000","1,334.74",884,22 Jan 2018,60 JALAN MATA AYER #02-10,Resale,Strata,124,"9,516",-,Condominium,1,Freehold,2009,Private,759158,27,75,North Region,Mandai
THE SUMMIT,"1,420,000","1,248.62","1,137",23 Jan 2018,461 UPPER EAST COAST ROAD #04-07,Resale,Strata,116,"12,241",-,Condominium,1,Freehold,1991,HDB,466506,16,46,East Region,Bedok
BUKIT REGENCY,"1,500,000","1,528.49",981,23 Jan 2018,1 UPPER BUKIT TIMAH VIEW #05-06,Resale,Strata,142,"10,563",-,Condominium,1,Freehold,1995,HDB,588132,21,58,Central Region,Bukit Timah
LINCOLN SUITES,"2,400,000","1,097.93","2,186",23 Jan 2018,3 KHIANG GUAN AVENUE #28-06,Resale,Strata,102,"23,529",-,Condominium,1,Freehold,2014,Private,308381,11,30,Central Region,Novena
PALM GARDENS,"880,000","1,216.33",723,23 Jan 2018,2D HONG SAN WALK #16-09,Resale,Strata,113,"7,788",-,Condominium,1,99 yrs from 12/08/1996,2000,HDB,689050,23,68,West Region,Choa Chu Kang
MEADOWS @ PEIRCE,"2,195,000","2,077.45","1,057",23 Jan 2018,628 UPPER THOMSON ROAD #02-60,Resale,Strata,193,"11,373",-,Condominium,1,Freehold,2012,Private,787131,26,78,North East Region,Ang Mo Kio
THE MILTONIA RESIDENCES,"805,000",839.59,959,23 Jan 2018,520 MILTONIA CLOSE #03-04,Resale,Strata,78,"10,321",-,Condominium,1,99 yrs from 30/11/2010,2014,HDB,768104,27,76,North Region,Yishun
DAHLIA PARK CONDOMINIUM,"1,080,000","1,280.92",843,23 Jan 2018,5 FLORA DRIVE #07-22,Resale,Strata,119,"9,076",-,Condominium,1,Freehold,2003,HDB,507011,17,50,East Region,Pasir Ris
NEW COURT,"1,180,000","1,151.75","1,025",23 Jan 2018,35 JALAN DUSUN #03-02,Resale,Strata,107,"11,028",-,Apartment,1,Freehold,2000,Private,329387,12,32,Central Region,Novena
HUNDRED TREES,"940,000",785.77,"1,196",23 Jan 2018,95 WEST COAST DRIVE #02-34,Resale,Strata,73,"12,877",-,Condominium,1,956 yrs from 27/05/1928,2013,HDB,128002,05,12,West Region,Clementi
ONE SHENTON,"1,680,000","1,076.4","1,561",23 Jan 2018,1 SHENTON WAY #13-05,Resale,Strata,100,"16,800",-,Apartment,1,99 yrs from 14/10/2005,2011,HDB,068803,01,06,Central Region,Downtown Core
N.A.,"705,000","1,039.8",678,23 Jan 2018,230C SERANGOON ROAD,Resale,Strata,96.6,"7,298",-,Apartment,1,9999 yrs from 01/01/1957,-,Private,218081,08,21,Central Region,Rochor
SEA ESTA,"900,000",904.18,995,23 Jan 2018,20 PASIR RIS LINK #04-08,Resale,Strata,84,"10,714",-,Condominium,1,99 yrs from 09/01/2012,2015,Private,518157,18,51,East Region,Pasir Ris
THE SOLITAIRE,"2,900,000","1,969.81","1,472",23 Jan 2018,5A BALMORAL PARK #02-03,Resale,Strata,183,"15,847",-,Condominium,1,Freehold,2009,Private,259829,10,25,Central Region,Tanglin
CARIBBEAN AT KEPPEL BAY,"2,580,000","1,636.13","1,577",23 Jan 2018,34 KEPPEL BAY DRIVE #02-74,Resale,Strata,152,"16,974",-,Condominium,1,99 yrs from 16/08/1999,2004,Private,098652,04,09,Central Region,Bukit Merah
MELVILLE PARK,"850,000","1,399.32",607,23 Jan 2018,22 SIMEI STREET 1 #06-13,Resale,Strata,130,"6,538",-,Condominium,1,99 yrs from 01/09/1992,1996,Private,529945,18,52,East Region,Tampines
GRAMERCY PARK,"6,257,250","1,980.58","3,159",23 Jan 2018,57 GRANGE ROAD #10-06,Resale,Strata,184,"34,007",-,Condominium,1,Freehold,2016,Private,249569,10,24,Central Region,Tanglin
PARC RIVIERA,"1,430,000","1,184.04","1,208",23 Jan 2018,101 WEST COAST VALE #29-11,New Sale,Strata,110,"13,000",-,Condominium,1,99 yrs from 11/11/2015,Uncompleted,Private,126753,05,12,West Region,Clementi
SEASONS VIEW,"1,230,000","1,140.98","1,078",23 Jan 2018,5 PEMIMPIN DRIVE #15-01,Resale,Strata,106,"11,604",-,Condominium,1,99 yrs from 06/09/1996,2000,HDB,576149,20,57,Central Region,Bishan
MIRO,"2,100,000","1,420.85","1,478",23 Jan 2018,1 LINCOLN ROAD #27-03,Resale,Strata,132,"15,909",-,Apartment,1,Freehold,2012,Private,308365,11,30,Central Region,Novena
ST THOMAS SUITES,"3,980,000","2,012.87","1,977",23 Jan 2018,33 ST. THOMAS WALK #03-04,Resale,Strata,187,"21,283",-,Condominium,1,Freehold,2010,Private,238113,09,23,Central Region,River Valley
LEIGHWOODS,"2,900,000","2,217.38","1,308",23 Jan 2018,37 MOUNT SINAI RISE #04-01,Resale,Strata,206,"14,078",-,Condominium,1,Freehold,1985,Private,276956,10,27,Central Region,Bukit Timah
SOUTHBANK,"1,390,000",958,"1,451",23 Jan 2018,881 NORTH BRIDGE ROAD #12-10,Resale,Strata,89,"15,618",-,Apartment,1,99 yrs from 27/01/2006,2010,HDB,198784,07,19,Central Region,Kallang
SOLEIL @ SINARAN,"2,860,000","1,722.24","1,661",23 Jan 2018,6 SINARAN DRIVE #07-10,Resale,Strata,160,"17,875",-,Condominium,1,99 yrs from 23/10/2006,2011,Private,307468,11,30,Central Region,Novena
EUPHONY GARDENS,"780,000","1,140.98",684,23 Jan 2018,1 JALAN MATA AYER #01-05,Resale,Strata,106,"7,358",-,Condominium,1,99 yrs from 25/02/1998,2001,HDB,759075,27,75,North Region,Mandai
WATERBANK AT DAKOTA,"1,830,000","1,184.04","1,546",23 Jan 2018,72 DAKOTA CRESCENT #15-07,Resale,Strata,110,"16,636",-,Condominium,1,99 yrs from 07/12/2009,2013,Private,399942,14,39,Central Region,Geylang
FORTE SUITES,"1,263,716",678.13,"1,864",23 Jan 2018,88 MERGUI ROAD #16-05,New Sale,Strata,63,"20,059",-,Apartment,1,Freehold,2016,Private,219062,08,21,Central Region,Kallang
GILLENIA,"880,000",871.88,"1,009",23 Jan 2018,35 ROSYTH ROAD #04-01,Resale,Strata,81,"10,864",-,Apartment,1,999 yrs from 01/01/1886,2009,HDB,546195,19,54,North East Region,Hougang
SKY HABITAT,"1,960,300","1,259.39","1,557",23 Jan 2018,7 BISHAN STREET 15 #13-07,Resale,Strata,117,"16,755",-,Condominium,1,99 yrs from 30/05/2011,2015,Private,573908,20,57,Central Region,Bishan
PARC SOPHIA,"878,000",473.62,"1,854",23 Jan 2018,10 ADIS ROAD #04-14,Resale,Strata,44,"19,955",-,Apartment,1,Freehold,2011,HDB,229979,09,22,Central Region,Rochor
GLENTREES,"2,145,000","1,442.38","1,487",23 Jan 2018,11G MOUNT SINAI LANE #03-36,Resale,Strata,134,"16,007",-,Condominium,1,999 yrs from 17/09/1885,2005,Private,277056,10,27,Central Region,Bukit Timah
MANDARIN GARDENS,"948,000",828.83,"1,144",23 Jan 2018,5 SIGLAP ROAD #11-38,Resale,Strata,77,"12,312",-,Condominium,1,99 yrs from 08/03/1982,1986,Private,448908,15,44,East Region,Bedok
GEM RESIDENCES,"1,471,000","1,054.87","1,394",23 Jan 2018,1 LORONG 5 TOA PAYOH #11-03,New Sale,Strata,98,"15,010",-,Condominium,1,99 yrs from 21/09/2015,Uncompleted,N.A,319458,12,31,Central Region,Toa Payoh
DAKOTA RESIDENCES,"1,760,000","1,313.21","1,340",23 Jan 2018,34 DAKOTA CRESCENT #03-02,Resale,Strata,122,"14,426",-,Condominium,1,99 yrs from 11/09/2007,2010,Private,399936,14,39,Central Region,Geylang
THE CLEMENT CANOPY,"1,664,000","1,108.69","1,501",23 Jan 2018,18 CLEMENTI AVENUE 1 #38-11,New Sale,Strata,103,"16,155",-,Apartment,1,99 yrs from 09/03/2016,Uncompleted,Private,129961,05,12,West Region,Clementi
BARTLEY RIDGE,"1,300,000",968.76,"1,342",23 Jan 2018,30 MOUNT VERNON ROAD #13-05,Resale,Strata,90,"14,444",-,Condominium,1,99 yrs from 16/04/2012,2016,Private,368055,13,36,Central Region,Toa Payoh
SEASTRAND,"840,000",882.65,952,23 Jan 2018,7 PASIR RIS LINK #05-17,Resale,Strata,82,"10,244",-,Condominium,1,99 yrs from 03/01/2011,2014,HDB,518188,18,51,East Region,Pasir Ris
CARLYX RESIDENCE,"1,485,000","1,388.56","1,069",23 Jan 2018,39 CARLISLE ROAD #05-02,Resale,Strata,129,"11,512",-,Apartment,1,Freehold,2006,HDB,219604,08,21,Central Region,Kallang
THE MAYFAIR,"1,038,000","1,227.1",846,23 Jan 2018,1 JURONG EAST STREET 32 #05-01,Resale,Strata,114,"9,105",-,Condominium,1,99 yrs from 04/12/1996,2000,Private,609477,22,60,West Region,Jurong East
HIGHLINE RESIDENCES,"2,176,000","1,130.22","1,925",23 Jan 2018,3 KIM TIAN ROAD #02-04,New Sale,Strata,105,"20,724",-,Condominium,1,99 yrs from 22/07/2013,Uncompleted,N.A,169281,03,16,Central Region,Bukit Merah
QUEENS,"1,390,000","1,194.8","1,163",23 Jan 2018,10 STIRLING ROAD #03-07,Resale,Strata,111,"12,523",-,Condominium,1,99 yrs from 16/02/1998,2002,HDB,148954,03,14,Central Region,Queenstown
RIVER ISLES,"1,420,000","1,474.67",963,23 Jan 2018,66 EDGEDALE PLAINS #03-31,Resale,Strata,137,"10,365",-,Condominium,1,99 yrs from 06/02/2012,2015,Private,828732,19,82,North East Region,Punggol
THE TRILINQ,"1,774,000","1,517.72","1,169",23 Jan 2018,28 JALAN LEMPENG #04-06,New Sale,Strata,141,"12,582",-,Condominium,1,99 yrs from 16/04/2012,2017,N.A,128807,05,12,West Region,Clementi
ONE SHENTON,"1,700,000","1,108.69","1,533",23 Jan 2018,1 SHENTON WAY #13-03,Resale,Strata,103,"16,505",-,Apartment,1,99 yrs from 14/10/2005,2011,HDB,068803,01,06,Central Region,Downtown Core
SPOTTISWOODE 18,"850,000",387.5,"2,194",23 Jan 2018,18 SPOTTISWOODE PARK ROAD #29-03,Resale,Strata,36,"23,611",-,Apartment,1,Freehold,2014,Private,088642,02,08,Central Region,Bukit Merah
STADIA,"670,000",570.49,"1,174",23 Jan 2018,27 YIO CHU KANG ROAD #03-01,Resale,Strata,53,"12,642",-,Apartment,1,Freehold,2010,Private,545542,19,54,North East Region,Serangoon
MEYER RESIDENCE,"1,838,000","1,065.64","1,725",23 Jan 2018,3 MEYER PLACE #08-02,Resale,Strata,99,"18,566",-,Apartment,1,Freehold,2009,HDB,437991,15,43,Central Region,Marine Parade
THE HILLSIDE,"1,480,000","1,356.26","1,091",23 Jan 2018,343 UPPER BUKIT TIMAH ROAD #03-08,Resale,Strata,126,"11,746",-,Condominium,1,Freehold,2001,HDB,588196,21,58,West Region,Bukit Batok
BEDOK RESIDENCES,"1,070,000",656.6,"1,630",23 Jan 2018,24 BEDOK NORTH DRIVE #12-26,Resale,Strata,61,"17,541",-,Apartment,1,99 yrs from 21/11/2011,2015,Private,465498,16,46,East Region,Bedok
THE ALPS RESIDENCES,"1,191,000","1,087.16","1,096",24 Jan 2018,113 TAMPINES STREET 86 #04-41,New Sale,Strata,101,"11,792",-,Condominium,1,99 yrs from 03/08/2015,Uncompleted,N.A,528536,18,52,East Region,Tampines
FONTAINE PARRY,"1,390,000","1,216.33","1,143",24 Jan 2018,69 POH HUAT ROAD #04-03,Resale,Strata,113,"12,301",-,Condominium,1,999 yrs from 22/08/1883,2010,Private,546777,19,54,North East Region,Hougang
EUHABITAT,"675,000",527.44,"1,280",24 Jan 2018,222 JALAN EUNOS #04-106,Resale,Strata,49,"13,776",-,Condominium,1,99 yrs from 06/12/2010,2015,HDB,415871,14,41,East Region,Bedok
BAYSHORE PARK,"830,000",936.47,886,24 Jan 2018,50 BAYSHORE ROAD #17-03,Resale,Strata,87,"9,540",-,Condominium,1,99 yrs from 17/03/1982,1986,Private,469977,16,46,East Region,Bedok
COSTA DEL SOL,"1,660,000","1,345.5","1,234",24 Jan 2018,68 BAYSHORE ROAD #15-03,Resale,Strata,125,"13,280",-,Condominium,1,99 yrs from 05/05/1997,2003,HDB,469986,16,46,East Region,Bedok
BAYSHORE PARK,"1,300,000","1,291.68","1,006",24 Jan 2018,66 BAYSHORE ROAD #07-05,Resale,Strata,120,"10,833",-,Condominium,1,99 yrs from 17/03/1982,1986,Private,469985,16,46,East Region,Bedok
RIVERSAILS,"913,000",914.94,998,24 Jan 2018,18 UPPER SERANGOON CRESCENT #11-45,Resale,Strata,85,"10,741",-,Condominium,1,99 yrs from 07/12/2011,2016,Private,534027,19,53,North East Region,Hougang
FOREST HILLS CONDOMINIUM,"930,000","1,194.8",778,24 Jan 2018,29 TRANSIT ROAD #04-18,Resale,Strata,111,"8,378",-,Condominium,1,99 yrs from 10/02/2000,2003,Private,778905,26,77,North Region,Yishun
GRANDEUR 8,"1,200,000","1,227.1",978,24 Jan 2018,10 ANG MO KIO CENTRAL 3 #04-13,Resale,Strata,114,"10,526",-,Condominium,1,99 yrs from 16/07/2002,2005,HDB,567745,20,56,North East Region,Ang Mo Kio
DUCHESS CREST,"1,980,000","1,582.31","1,251",24 Jan 2018,56 DUCHESS AVENUE #01-02,Resale,Strata,147,"13,469",-,Condominium,1,99 yrs from 24/06/1995,1998,Private,269199,10,26,Central Region,Bukit Timah
STILLZ RESIDENCE,"960,000",828.83,"1,158",24 Jan 2018,21 LORONG 108 CHANGI #04-04,Resale,Strata,77,"12,468",-,Apartment,1,Freehold,2011,HDB,426411,15,42,Central Region,Geylang
KALLANG RIVERSIDE,"1,283,090",516.67,"2,483",24 Jan 2018,51 KAMPONG BUGIS #16-04,New Sale,Strata,48,"26,731",-,Apartment,1,Freehold,Uncompleted,N.A,338986,12,33,Central Region,Kallang
GEM RESIDENCES,"1,839,000","1,248.62","1,473",24 Jan 2018,3 LORONG 5 TOA PAYOH #10-15,New Sale,Strata,116,"15,853",-,Condominium,1,99 yrs from 21/09/2015,Uncompleted,Private,319459,12,31,Central Region,Toa Payoh
D'LEEDON,"1,888,000","1,194.8","1,580",24 Jan 2018,9 LEEDON HEIGHTS #05-27,Resale,Strata,111,"17,009",-,Condominium,1,99 yrs from 08/04/2010,2014,Private,267954,10,26,Central Region,Bukit Timah
SELETAR SPRINGS CONDOMINIUM,"1,450,000","2,066.69",702,24 Jan 2018,110 GERALD DRIVE #04-48,Resale,Strata,192,"7,552",-,Condominium,1,99 yrs from 12/08/1997,2000,Private,799036,28,79,North East Region,Hougang
CLEMENTIWOODS CONDOMINIUM,"1,750,000","1,625.36","1,077",24 Jan 2018,90 WEST COAST ROAD #02-46,Resale,Strata,151,"11,589",-,Condominium,1,99 yrs from 07/02/2006,2010,Private,126810,05,12,West Region,Clementi
STRATA,"1,740,000","1,291.68","1,347",24 Jan 2018,1 ESSEX ROAD #17-01,Resale,Strata,120,"14,500",-,Apartment,1,Freehold,2006,Private,309329,11,30,Central Region,Novena
RIVERGATE,"2,500,000","1,054.87","2,370",24 Jan 2018,99 ROBERTSON QUAY #31-13,Resale,Strata,98,"25,510",-,Apartment,1,Freehold,2009,HDB,238258,09,23,Central Region,Singapore River
AQUARIUS BY THE PARK,"1,120,000","1,323.97",846,24 Jan 2018,5 BEDOK RESERVOIR VIEW #09-04,Resale,Strata,123,"9,106",-,Condominium,1,99 yrs from 12/06/1996,2000,HDB,478928,16,47,East Region,Bedok
THE ORIENT,"1,380,000",721.19,"1,914",24 Jan 2018,251 PASIR PANJANG ROAD #02-01,New Sale,Strata,67,"20,597",-,Apartment,1,Freehold,2017,HDB,118610,05,11,Central Region,Queenstown
LOFT @ NATHAN,"850,000",462.85,"1,836",24 Jan 2018,31 NATHAN ROAD #05-04,Resale,Strata,43,"19,767",-,Apartment,1,Freehold,2014,Private,248749,10,24,Central Region,Tanglin
GEM RESIDENCES,"1,561,000","1,054.87","1,480",24 Jan 2018,1 LORONG 5 TOA PAYOH #15-03,New Sale,Strata,98,"15,929",-,Condominium,1,99 yrs from 21/09/2015,Uncompleted,N.A,319458,12,31,Central Region,Toa Payoh
CASSIA VIEW,"1,255,000","1,151.75","1,090",24 Jan 2018,320 GUILLEMARD ROAD #14-02,Resale,Strata,107,"11,729",-,Apartment,1,Freehold,1998,HDB,399746,14,39,Central Region,Geylang
PARC BOTANNIA,"1,399,000","1,151.75","1,215",24 Jan 2018,16 FERNVALE STREET #13-20,New Sale,Strata,107,"13,075",-,Condominium,1,99 yrs from 28/12/2016,Uncompleted,HDB,797393,28,79,North East Region,Sengkang
GRANGE HEIGHTS,"2,400,000","1,905.23","1,260",24 Jan 2018,15 ST. THOMAS WALK #02-17,Resale,Strata,177,"13,559",-,Apartment,1,Freehold,1975,Private,238143,09,23,Central Region,River Valley
SKYSUITES17,"612,000",355.21,"1,723",24 Jan 2018,17 JALAN RAJAH #19-02,Resale,Strata,33,"18,545",-,Apartment,1,Freehold,2014,HDB,329137,12,32,Central Region,Novena
TYRWHITT 139,"681,200",484.38,"1,406",24 Jan 2018,139 TYRWHITT ROAD #04-03,Resale,Strata,45,"15,138",-,Apartment,1,Freehold,2009,HDB,207557,08,20,Central Region,Kallang
NEPTUNE COURT,"1,050,000","1,270.15",827,24 Jan 2018,8 MARINE VISTA #03-27,Resale,Strata,118,"8,898",-,Apartment,1,99 yrs from 01/09/1976,1975,Private,449032,15,44,East Region,Bedok
LOFT @ STEVENS,"888,888",570.49,"1,558",24 Jan 2018,68 STEVENS ROAD #01-09,Resale,Strata,53,"16,771",-,Apartment,1,Freehold,2013,Private,257856,10,25,Central Region,Tanglin
CASABLANCA,"900,000","1,119.46",804,24 Jan 2018,25 ROSEWOOD DRIVE #17-18,Resale,Strata,104,"8,654",-,Condominium,1,99 yrs from 02/10/2001,2005,Private,737919,25,73,North Region,Woodlands
ICON,"1,040,000",559.73,"1,858",24 Jan 2018,10 GOPENG STREET #28-11,Resale,Strata,52,"20,000",-,Apartment,1,99 yrs from 29/01/2002,2007,Private,078878,02,07,Central Region,Downtown Core
THE ALPS RESIDENCES,"1,186,000","1,087.16","1,091",24 Jan 2018,113 TAMPINES STREET 86 #03-41,New Sale,Strata,101,"11,743",-,Condominium,1,99 yrs from 03/08/2015,Uncompleted,HDB,528536,18,52,East Region,Tampines
THE INTERWEAVE,"913,000",688.9,"1,325",24 Jan 2018,21 KIM KEAT ROAD #06-02,Resale,Strata,64,"14,266",-,Apartment,1,Freehold,2014,Private,328805,12,32,Central Region,Novena
PARK 1 SUITES,"950,000",602.78,"1,576",24 Jan 2018,8 LORONG 40 GEYLANG #02-04,New Sale,Strata,56,"16,964",-,Apartment,1,Freehold,2017,HDB,398054,14,39,Central Region,Geylang
KALLANG RIVERSIDE,"1,291,000",516.67,"2,499",24 Jan 2018,51 KAMPONG BUGIS #17-04,New Sale,Strata,48,"26,896",-,Apartment,1,Freehold,Uncompleted,HDB,338986,12,33,Central Region,Kallang
SUNSHINE PLAZA,"1,250,000","1,044.11","1,197",24 Jan 2018,10 PRINSEP LINK #12-18,Resale,Strata,97,"12,887",-,Apartment,1,99 yrs from 19/03/1997,2001,Private,187948,07,18,Central Region,Rochor
HIGHLINE RESIDENCES,"2,220,000","1,151.75","1,928",24 Jan 2018,9 KIM TIAN ROAD #14-16,New Sale,Strata,107,"20,748",-,Condominium,1,99 yrs from 22/07/2013,Uncompleted,HDB,168593,03,16,Central Region,Bukit Merah
HIGH OAK CONDOMINIUM,"1,068,000","1,173.28",910,24 Jan 2018,11 TOH TUCK ROAD #02-07,Resale,Strata,109,"9,798",-,Condominium,1,99 yrs from 24/04/1996,1999,HDB,596290,21,59,Central Region,Bukit Timah
RIVERSAILS,"1,909,880","2,475.72",771,24 Jan 2018,20 UPPER SERANGOON CRESCENT #18-48,Resale,Strata,230,"8,304",-,Condominium,1,99 yrs from 07/12/2011,2016,HDB,534026,19,53,North East Region,Hougang
PRESTO@UPPER SERANGOON,"650,000",452.09,"1,438",24 Jan 2018,528 UPPER SERANGOON ROAD #03-02,Resale,Strata,42,"15,476",-,Apartment,1,Freehold,2016,HDB,534543,19,53,North East Region,Serangoon
GILLENIA,"1,050,800","1,151.75",912,24 Jan 2018,35 ROSYTH ROAD #02-03,Resale,Strata,107,"9,821",-,Apartment,1,999 yrs from 01/01/1886,2009,Private,546195,19,54,North East Region,Hougang
SIGNATURE CREST,"970,000",882.65,"1,099",24 Jan 2018,9 GRAY LANE #04-01,Resale,Strata,82,"11,829",-,Apartment,1,Freehold,2006,Private,438951,15,43,Central Region,Geylang
CITY SUITES,"860,000",462.85,"1,858",24 Jan 2018,235 BALESTIER ROAD #13-04,New Sale,Strata,43,"20,000",-,Apartment,1,Freehold,2017,Private,329699,12,32,Central Region,Novena
THE MAYFAIR,"1,065,000","1,173.28",908,24 Jan 2018,1 JURONG EAST STREET 32 #12-03,Resale,Strata,109,"9,771",-,Condominium,1,99 yrs from 04/12/1996,2000,HDB,609477,22,60,West Region,Jurong East
THE WATER EDGE,"828,000",850.36,974,24 Jan 2018,8 LORONG 38 GEYLANG #08-11,Resale,Strata,79,"10,481",-,Apartment,1,Freehold,2013,Private,398106,14,39,Central Region,Geylang
LOFT @ NATHAN,"1,513,888",990.29,"1,529",24 Jan 2018,31 NATHAN ROAD #07-19,Resale,Strata,92,"16,455",-,Apartment,1,Freehold,2014,HDB,248749,10,24,Central Region,Tanglin
CANBERRA RESIDENCES,"660,000",613.55,"1,076",25 Jan 2018,517 CANBERRA DRIVE #04-42,Resale,Strata,57,"11,579",-,Condominium,1,99 yrs from 08/09/2010,2013,HDB,768132,27,76,North Region,Sembawang
SUMMERHILL,"1,770,000","1,603.84","1,104",25 Jan 2018,52 HUME AVENUE #03-10,Resale,Strata,149,"11,879",-,Condominium,1,Freehold,2002,Private,596230,21,59,West Region,Bukit Batok
THE NAVIAN,"1,067,000",645.84,"1,652",25 Jan 2018,178 JALAN EUNOS #04-03,New Sale,Strata,60,"17,783",-,Apartment,1,Freehold,Uncompleted,HDB,419530,14,41,East Region,Bedok
RIVERSAILS,"1,200,000","1,065.64","1,126",25 Jan 2018,18 UPPER SERANGOON CRESCENT #08-47,Resale,Strata,99,"12,121",-,Condominium,1,99 yrs from 07/12/2011,2016,Private,534027,19,53,North East Region,Hougang
WEST BAY CONDOMINIUM,"730,000",904.18,807,25 Jan 2018,52 WEST COAST CRESCENT #01-05,Resale,Strata,84,"8,690",-,Condominium,1,99 yrs from 01/03/1991,1994,Private,128036,05,12,West Region,Clementi
THE NAVIAN,"1,045,000",667.37,"1,566",25 Jan 2018,178 JALAN EUNOS #02-08,New Sale,Strata,62,"16,855",-,Apartment,1,Freehold,Uncompleted,N.A,419530,14,41,East Region,Bedok
REFLECTIONS AT KEPPEL BAY,"2,664,200","1,603.84","1,661",25 Jan 2018,1 KEPPEL BAY VIEW #04-03,Resale,Strata,149,"17,881",-,Condominium,1,99 yrs from 15/03/2006,2011,Private,098402,04,09,Central Region,Bukit Merah
QUEENS PEAK,"1,617,000",861.12,"1,878",25 Jan 2018,1 DUNDEE ROAD #40-03,New Sale,Strata,80,"20,213",-,Condominium,1,99 yrs from 28/09/2015,Uncompleted,HDB,149456,03,14,Central Region,Queenstown
CENTRA STUDIOS,"600,000",419.8,"1,429",25 Jan 2018,25 LORONG 25 GEYLANG #03-06,Resale,Strata,39,"15,385",-,Apartment,1,Freehold,2012,Private,388302,14,38,Central Region,Geylang
FOREST WOODS,"1,392,000",914.94,"1,521",25 Jan 2018,9B LORONG LEW LIAN #02-18,New Sale,Strata,85,"16,376",-,Condominium,1,99 yrs from 05/02/2016,Uncompleted,Private,536496,19,53,North East Region,Serangoon
ASTORIA PARK,"1,090,000","1,194.8",912,25 Jan 2018,32 LORONG MYDIN #04-08,Resale,Strata,111,"9,820",-,Condominium,1,99 yrs from 01/05/1993,1995,Private,416826,14,41,East Region,Bedok
MARTIN MODERN,"3,840,000","1,420.85","2,703",25 Jan 2018,10 MARTIN PLACE #18-12,New Sale,Strata,132,"29,091",-,Condominium,1,99 yrs from 28/09/2016,Uncompleted,Private,237963,09,23,Central Region,River Valley
PEBBLE BAY,"1,730,000","1,302.44","1,328",25 Jan 2018,130 TANJONG RHU ROAD #06-08,Resale,Strata,121,"14,298",-,Condominium,1,99 yrs from 09/03/1994,1997,Private,436918,15,43,Central Region,Kallang
DAHLIA PARK CONDOMINIUM,"1,100,000","1,506.96",730,25 Jan 2018,7 FLORA DRIVE #06-26,Resale,Strata,140,"7,857",-,Condominium,1,Freehold,2003,HDB,507012,17,50,East Region,Pasir Ris
THE CREST,"3,635,000","1,722.24","2,111",25 Jan 2018,111 PRINCE CHARLES CRESCENT #03-27,Resale,Strata,160,"22,719",-,Condominium,1,99 yrs from 21/12/2012,2017,Private,159022,03,15,Central Region,Bukit Merah
EIGHT RIVERSUITES,"700,000",441.32,"1,586",25 Jan 2018,6 WHAMPOA EAST #08-13,Resale,Strata,41,"17,073",-,Condominium,1,99 yrs from 11/07/2011,2016,Private,338519,12,33,Central Region,Kallang
PHOENIX HEIGHTS,"750,000","1,334.74",562,25 Jan 2018,85B PHOENIX AVENUE,Resale,Strata,124,"6,048",-,Apartment,1,99 yrs from 01/01/1969,1980,Private,668385,23,66,West Region,Bukit Batok
CARISSA PARK CONDOMINIUM,"1,048,000","1,302.44",805,25 Jan 2018,2 FLORA DRIVE #07-48,Resale,Strata,121,"8,661",-,Condominium,1,Freehold,2001,HDB,507025,17,50,East Region,Pasir Ris
DOUBLE BAY RESIDENCES,"1,600,000","1,969.81",812,25 Jan 2018,19D SIMEI STREET 4 #01-34,Resale,Strata,183,"8,743",-,Condominium,1,99 yrs from 07/04/2008,2012,Private,528716,18,52,East Region,Tampines
THOMSON 800,"2,300,000","1,625.36","1,415",25 Jan 2018,806 THOMSON ROAD #16-14,Resale,Strata,151,"15,232",-,Condominium,1,Freehold,1999,Private,298189,11,29,Central Region,Toa Payoh
D'NEST,"1,210,000","1,130.22","1,071",25 Jan 2018,143 PASIR RIS GROVE #09-56,Sub Sale,Strata,105,"11,524",-,Condominium,1,99 yrs from 20/10/2010,2017,HDB,518136,18,51,East Region,Pasir Ris
INOVA 100,"1,025,000",947.23,"1,082",25 Jan 2018,100 LORONG N TELOK KURAU #02-01,Resale,Strata,88,"11,648",-,Apartment,1,Freehold,2008,Private,425252,15,42,East Region,Bedok
LE QUEST,"1,023,000",818.06,"1,251",25 Jan 2018,8 BUKIT BATOK STREET 41 #09-24,New Sale,Strata,76,"13,461",-,Apartment,1,99 yrs from 29/08/2016,Uncompleted,HDB,657993,23,65,West Region,Bukit Batok
KOVAN MELODY,"1,430,000","1,291.68","1,107",25 Jan 2018,17 KOVAN ROAD #12-07,Resale,Strata,120,"11,917",-,Condominium,1,99 yrs from 20/01/2004,2006,HDB,548190,19,54,North East Region,Hougang
EUHABITAT,"688,000",527.44,"1,304",25 Jan 2018,222 JALAN EUNOS #02-104,Resale,Strata,49,"14,041",-,Condominium,1,99 yrs from 06/12/2010,2015,HDB,415871,14,41,East Region,Bedok
THE PARC CONDOMINIUM,"1,290,000",979.52,"1,317",25 Jan 2018,11 WEST COAST WALK #21-21,Resale,Strata,91,"14,176",-,Condominium,1,Freehold,2010,Private,127161,05,12,West Region,Clementi
THE NASSIM,"14,000,000","3,896.57","3,593",25 Jan 2018,18 NASSIM HILL #04-05,Resale,Strata,362,"38,674",-,Condominium,1,Freehold,2015,Private,258485,10,25,Central Region,Tanglin
SANDY EIGHT,"898,700",505.91,"1,776",25 Jan 2018,8 SANDY LANE #02-03,New Sale,Strata,47,"19,121",-,Apartment,1,Freehold,Uncompleted,HDB,437324,15,43,Central Region,Geylang
VERSILIA ON HAIG,"1,390,000","1,022.58","1,359",25 Jan 2018,33 IPOH LANE #04-07,Resale,Strata,95,"14,632",-,Condominium,1,Freehold,2010,Private,438641,15,43,Central Region,Geylang
THE SAIL @ MARINA BAY,"1,630,000",688.9,"2,366",25 Jan 2018,2 MARINA BOULEVARD #52-02,Resale,Strata,64,"25,469",-,Apartment,1,99 yrs from 12/08/2002,2008,Private,018987,01,01,Central Region,Downtown Core
BIJOU,"1,060,940",570.49,"1,849",25 Jan 2018,2 JALAN MAT JAMBOL #02-09,New Sale,Strata,53,"19,905","1,054,988",Apartment,1,Freehold,Uncompleted,Private,119554,05,11,Central Region,Queenstown
THE HILLSIDE,"1,800,000","1,776.06","1,013",25 Jan 2018,343 UPPER BUKIT TIMAH ROAD #04-09,Resale,Strata,165,"10,909",-,Condominium,1,Freehold,2001,HDB,588196,21,58,West Region,Bukit Batok
LEEDON RESIDENCE,"9,200,000","4,703.87","1,956",25 Jan 2018,18 LEEDON HEIGHTS #05-24,Resale,Strata,437,"21,053",-,Condominium,1,Freehold,2015,Private,267938,10,26,Central Region,Bukit Timah
26 NEWTON,"2,088,888",775.01,"2,695",25 Jan 2018,26 NEWTON ROAD #23-03,Resale,Strata,72,"29,012",-,Apartment,1,Freehold,2016,Private,307957,11,30,Central Region,Novena
PALMWOODS,"808,000","1,001.05",807,25 Jan 2018,450 UPPER CHANGI ROAD #01-06,Resale,Strata,93,"8,688",-,Condominium,1,99 yrs from 12/06/1996,1999,Private,487040,16,48,East Region,Bedok
LIGHTHOUSE,"1,158,000","1,840.64",629,25 Jan 2018,161A JALAN LOYANG BESAR #03-06,Resale,Strata,171,"6,772",-,Condominium,1,99 yrs from 08/04/1993,2004,Private,509409,17,50,East Region,Pasir Ris
CENTRAL GROVE,"1,260,000","1,173.28","1,074",25 Jan 2018,1 GEYLANG EAST AVENUE 1 #18-05,Resale,Strata,109,"11,560",-,Condominium,1,99 yrs from 18/07/1997,2001,HDB,389778,14,38,Central Region,Geylang
KOVAN RESIDENCES,"1,600,000","1,442.38","1,109",25 Jan 2018,5 KOVAN ROAD #02-18,Resale,Strata,134,"11,940",-,Condominium,1,99 yrs from 31/12/2007,2011,Private,544894,19,54,North East Region,Hougang
THE SAIL @ MARINA BAY,"1,210,000",592.02,"2,044",25 Jan 2018,2 MARINA BOULEVARD #52-10,Resale,Strata,55,"22,000",-,Apartment,1,99 yrs from 12/08/2002,2008,HDB,018987,01,01,Central Region,Downtown Core
ARTRA,"1,607,900",828.83,"1,940",25 Jan 2018,10 ALEXANDRA VIEW #31-06,New Sale,Strata,77,"20,882",-,Apartment,1,99 yrs from 15/02/2016,Uncompleted,Private,158745,03,15,Central Region,Bukit Merah
ARTRA,"1,902,700","1,044.11","1,822",25 Jan 2018,10 ALEXANDRA VIEW #30-10,New Sale,Strata,97,"19,615",-,Apartment,1,99 yrs from 15/02/2016,Uncompleted,Private,158745,03,15,Central Region,Bukit Merah
PARRY COURT,"958,000","1,097.93",873,25 Jan 2018,35 PARRY AVENUE #04-03,Resale,Strata,102,"9,392",-,Apartment,1,999 yrs from 01/01/1886,2004,Private,547261,19,54,North East Region,Hougang
ST PATRICK'S RESIDENCES,"3,108,000","2,260.44","1,375",25 Jan 2018,56 ST. PATRICK'S ROAD #B1-09,Resale,Strata,210,"14,800",-,Apartment,1,Freehold,2013,Private,424171,15,42,East Region,Bedok
THE SENSORIA,"1,050,000","1,270.15",827,25 Jan 2018,1 JALAN ULU SEMBAWANG #02-01,Resale,Strata,118,"8,898",-,Condominium,1,Freehold,2007,HDB,758930,27,75,North Region,Sembawang
SEASIDE RESIDENCES,"993,000",592.02,"1,677",25 Jan 2018,16 SIGLAP LINK #07-23,New Sale,Strata,55,"18,055",-,Apartment,1,99 yrs from 18/04/2016,Uncompleted,Private,448872,15,44,East Region,Bedok
GEM RESIDENCES,"1,035,000",678.13,"1,526",25 Jan 2018,1 LORONG 5 TOA PAYOH #10-02,New Sale,Strata,63,"16,429",-,Condominium,1,99 yrs from 21/09/2015,Uncompleted,Private,319458,12,31,Central Region,Toa Payoh
THE NAVIAN,"1,016,000",656.6,"1,547",25 Jan 2018,178 JALAN EUNOS #03-04,New Sale,Strata,61,"16,656",-,Apartment,1,Freehold,Uncompleted,HDB,419530,14,41,East Region,Bedok
FORTE SUITES,"1,325,600",678.13,"1,955",25 Jan 2018,88 MERGUI ROAD #18-05,New Sale,Strata,63,"21,041",-,Apartment,1,Freehold,2016,HDB,219062,08,21,Central Region,Kallang
REGENT HEIGHTS,"918,000","1,496.2",614,25 Jan 2018,56 BUKIT BATOK EAST AVENUE 5 #01-06,Resale,Strata,139,"6,604",-,Condominium,1,99 yrs from 07/11/1995,1999,Private,659804,23,65,West Region,Bukit Batok
ARTRA,"1,891,100","1,119.46","1,689",25 Jan 2018,10 ALEXANDRA VIEW #18-11,New Sale,Strata,104,"18,184",-,Apartment,1,99 yrs from 15/02/2016,Uncompleted,N.A,158745,03,15,Central Region,Bukit Merah
THE CREST,"2,125,000","1,216.33","1,747",25 Jan 2018,105 PRINCE CHARLES CRESCENT #06-13,Resale,Strata,113,"18,805",-,Condominium,1,99 yrs from 21/12/2012,2017,Private,159019,03,15,Central Region,Bukit Merah
REGENT RESIDENCES,"670,000",409.03,"1,638",25 Jan 2018,1091 SERANGOON ROAD #17-06,Resale,Strata,38,"17,632",-,Apartment,1,Freehold,2015,HDB,328190,12,32,Central Region,Kallang
NEEM TREE,"976,913",624.31,"1,565",25 Jan 2018,30 JALAN KEMAMAN #05-04,New Sale,Strata,58,"16,843",-,Apartment,1,Freehold,Uncompleted,N.A,329341,12,32,Central Region,Novena
ESTA RUBY,"1,100,000",958,"1,148",25 Jan 2018,500 GUILLEMARD ROAD #03-01,Resale,Strata,89,"12,360",-,Apartment,1,Freehold,2012,HDB,399839,14,39,Central Region,Geylang
TRELLIS TOWERS,"1,450,000","1,140.98","1,271",26 Jan 2018,700 LORONG 1 TOA PAYOH #04-14,Resale,Strata,106,"13,679",-,Condominium,1,Freehold,2000,HDB,319773,12,31,Central Region,Toa Payoh
PRIMO RESIDENCES,"630,000",538.2,"1,171",26 Jan 2018,201 JALAN PELIKAT #04-02,Resale,Strata,50,"12,600",-,Apartment,1,Freehold,2012,Private,537652,19,53,North East Region,Hougang
N.A.,"1,080,000",979.52,"1,103",26 Jan 2018,344A JOO CHIAT ROAD,Resale,Strata,91,"11,868",-,Apartment,1,Freehold,-,Private,427595,15,42,Central Region,Marine Parade
THE PRINCETON,"1,300,000",861.12,"1,510",26 Jan 2018,2 EWE BOON ROAD #13-01,Resale,Strata,80,"16,250",-,Apartment,1,Freehold,1999,Private,259313,10,25,Central Region,Tanglin
ASTORIA PARK,"1,020,000","1,173.28",869,26 Jan 2018,32 LORONG MYDIN #03-10,Resale,Strata,109,"9,358",-,Condominium,1,99 yrs from 01/05/1993,1995,HDB,416826,14,41,East Region,Bedok
FORTE SUITES,"1,367,400",678.13,"2,016",26 Jan 2018,88 MERGUI ROAD #21-05,New Sale,Strata,63,"21,705",-,Apartment,1,Freehold,2016,Private,219062,08,21,Central Region,Kallang
VERSILIA ON HAIG,"1,610,000","1,130.22","1,425",26 Jan 2018,31 IPOH LANE #06-05,Resale,Strata,105,"15,333",-,Condominium,1,Freehold,2010,Private,438639,15,43,Central Region,Geylang
THE AMBROSIA,"2,220,000","2,163.56","1,026",26 Jan 2018,108 LORONG N TELOK KURAU #05-09,Resale,Strata,201,"11,045",-,Apartment,1,Freehold,2010,Private,425262,15,42,East Region,Bedok
GEM RESIDENCES,"1,220,000",936.47,"1,303",26 Jan 2018,1 LORONG 5 TOA PAYOH #01-07,New Sale,Strata,87,"14,023",-,Condominium,1,99 yrs from 21/09/2015,Uncompleted,HDB,319458,12,31,Central Region,Toa Payoh
SEASIDE RESIDENCES,"1,144,000",592.02,"1,932",26 Jan 2018,12 SIGLAP LINK #24-10,New Sale,Strata,55,"20,800",-,Apartment,1,99 yrs from 18/04/2016,Uncompleted,HDB,448870,15,44,East Region,Bedok
PARK NATURA,"1,905,000","1,743.77","1,092",26 Jan 2018,35 BUKIT BATOK EAST AVENUE 6 #03-16,Resale,Strata,162,"11,759",-,Condominium,1,Freehold,2011,HDB,659765,23,65,Central Region,Bukit Timah
VILLA MARINA,"1,090,000","1,130.22",964,26 Jan 2018,25 JALAN SEMPADAN #02-18,Resale,Strata,105,"10,381",-,Condominium,1,99 yrs from 13/02/1995,1999,Private,457400,15,45,East Region,Bedok
THE INTERLACE,"1,725,000","1,463.9","1,178",26 Jan 2018,208 DEPOT ROAD #11-56,Resale,Strata,136,"12,684",-,Condominium,1,99 yrs from 11/02/2009,2013,Private,109698,04,10,Central Region,Bukit Merah
KELLETT COURT,"1,438,000","1,033.34","1,392",26 Jan 2018,21 SHELFORD ROAD #04-04,Resale,Strata,96,"14,979",-,Condominium,1,Freehold,1997,Private,288411,11,28,Central Region,Bukit Timah
KEW GREEN,"2,780,000","3,885.8",715,26 Jan 2018,37 KEW CRESCENT,Resale,Strata,361,"7,701",-,Condominium,1,99 yrs from 21/04/1994,1997,Private,466206,16,46,East Region,Bedok
A TREASURE TROVE,"835,000",775.01,"1,077",26 Jan 2018,54 PUNGGOL WALK #08-10,Resale,Strata,72,"11,597",-,Condominium,1,99 yrs from 09/03/2011,2015,Private,828832,19,82,North East Region,Punggol
CASA MERAH,"1,320,000","1,248.62","1,057",26 Jan 2018,50 TANAH MERAH KECHIL AVENUE #03-03,Resale,Strata,116,"11,379",-,Apartment,1,99 yrs from 11/07/2006,2009,HDB,465524,16,46,East Region,Bedok
THE SAIL @ MARINA BAY,"2,450,000","1,033.34","2,371",26 Jan 2018,2 MARINA BOULEVARD #39-03,Resale,Strata,96,"25,521",-,Apartment,1,99 yrs from 12/08/2002,2008,Private,018987,01,01,Central Region,Downtown Core
ONE DEVONSHIRE,"3,000,000","1,216.33","2,466",26 Jan 2018,1 DEVONSHIRE ROAD #30-01,Resale,Strata,113,"26,549",-,Condominium,1,Freehold,2011,Private,239896,09,23,Central Region,River Valley
STRATFORD COURT,"1,050,000","1,345.5",780,26 Jan 2018,41A BEDOK RIA CRESCENT #02-40,Resale,Strata,125,"8,400",-,Condominium,1,99 yrs from 23/06/1995,1998,Private,489929,16,48,East Region,Bedok
LA MEYER,"1,970,000","1,420.85","1,386",26 Jan 2018,66 MEYER ROAD #02-02,Resale,Strata,132,"14,924",-,Condominium,1,Freehold,1994,Private,437894,15,43,Central Region,Marine Parade
SCOTTS 28,"4,210,000","2,034.4","2,069",26 Jan 2018,28 SCOTTS ROAD #09-05,Resale,Strata,189,"22,275",-,Condominium,1,Freehold,1998,Private,228223,09,22,Central Region,Newton
THE NASSIM,"10,780,000","3,390.66","3,179",26 Jan 2018,18 NASSIM HILL #02-08,Resale,Strata,315,"34,222",-,Condominium,1,Freehold,2015,Private,258485,10,25,Central Region,Tanglin
THE NAUTICAL,"785,000",764.24,"1,027",26 Jan 2018,93 JALAN SENDUDOK #03-13,Resale,Strata,71,"11,056",-,Condominium,1,99 yrs from 29/08/2011,2015,HDB,769472,27,76,North Region,Sembawang
POSHGROVE EAST,"2,680,000","2,174.33","1,233",26 Jan 2018,335 EAST COAST ROAD #05-16,Resale,Strata,202,"13,267",-,Condominium,1,Freehold,2008,Private,428960,15,42,East Region,Bedok
ST PATRICK'S RESIDENCES,"2,030,000","1,991.34","1,019",26 Jan 2018,50 ST. PATRICK'S ROAD #01-01,Resale,Strata,185,"10,973",-,Apartment,1,Freehold,2013,Private,424216,15,42,East Region,Bedok
PARC ELEGANCE,"595,000",452.09,"1,316",26 Jan 2018,13 TELOK KURAU ROAD #03-07,Resale,Strata,42,"14,167",-,Apartment,1,Freehold,2013,Private,423912,15,42,East Region,Bedok
HARVEST MANSIONS,"1,120,000",947.23,"1,182",26 Jan 2018,550 HAVELOCK ROAD #07-06,Resale,Strata,88,"12,727",-,Apartment,1,99 yrs from 17/11/1993,1996,HDB,169638,03,16,Central Region,Bukit Merah
MARTIN MODERN,"2,386,660",882.65,"2,704",26 Jan 2018,10 MARTIN PLACE #21-11,New Sale,Strata,82,"29,106",-,Condominium,1,99 yrs from 28/09/2016,Uncompleted,N.A,237963,09,23,Central Region,River Valley
SIMSVILLE,"1,170,000","1,237.86",945,26 Jan 2018,10 GEYLANG EAST AVENUE 2 #07-09,Resale,Strata,115,"10,174",-,Condominium,1,99 yrs from 01/12/1994,1998,Private,389758,14,38,Central Region,Geylang
SOPHIA HILLS,"1,308,000",570.49,"2,293",26 Jan 2018,25 MOUNT SOPHIA #02-90,New Sale,Strata,53,"24,679",-,Condominium,1,99 yrs from 10/12/2013,Uncompleted,HDB,228477,09,22,Central Region,Rochor
SYMPHONY SUITES,"1,103,000","1,022.58","1,079",26 Jan 2018,5 YISHUN CLOSE #14-11,New Sale,Strata,95,"11,611",-,Condominium,1,99 yrs from 10/06/2014,Uncompleted,HDB,768006,27,76,North Region,Yishun
HILLTOP GROVE,"820,000","1,011.82",810,26 Jan 2018,134 HILLVIEW AVENUE #03-08,Resale,Strata,94,"8,723",-,Condominium,1,99 yrs from 12/06/1996,2001,Private,669619,23,66,West Region,Bukit Batok
CASA MERAH,"1,500,000","1,431.61","1,048",26 Jan 2018,64 TANAH MERAH KECHIL AVENUE #01-28,Resale,Strata,133,"11,278",-,Apartment,1,99 yrs from 11/07/2006,2009,HDB,465531,16,46,East Region,Bedok
AQUARIUS BY THE PARK,"1,030,000","1,227.1",839,26 Jan 2018,3 BEDOK RESERVOIR VIEW #08-03,Resale,Strata,114,"9,035",-,Condominium,1,99 yrs from 12/06/1996,2000,HDB,478927,16,47,East Region,Bedok
MERAPRIME,"1,730,000","1,173.28","1,475",26 Jan 2018,301 JALAN BUKIT HO SWEE #31-02,Resale,Strata,109,"15,872",-,Condominium,1,99 yrs from 20/06/2003,2006,Private,169568,03,16,Central Region,Bukit Merah
THE BAYSHORE,"1,080,000","1,184.04",912,26 Jan 2018,34 BAYSHORE ROAD #04-01,Resale,Strata,110,"9,818",-,Condominium,1,99 yrs from 31/05/1993,1997,Private,469976,16,46,East Region,Bedok
THE BROOKS I & II,"1,264,643","1,151.75","1,098",26 Jan 2018,25 SPRINGSIDE GREEN #04-08,New Sale,Strata,107,"11,819",-,Apartment,1,Freehold,2016,Private,786015,26,78,North Region,Yishun
QUEENS PEAK,"1,506,000",850.36,"1,771",26 Jan 2018,1 DUNDEE ROAD #33-09,New Sale,Strata,79,"19,063",-,Condominium,1,99 yrs from 28/09/2015,Uncompleted,N.A,149456,03,14,Central Region,Queenstown
HILLSTA,"740,000",635.08,"1,165",26 Jan 2018,68 PHOENIX ROAD #16-12,Resale,Strata,59,"12,542",-,Condominium,1,99 yrs from 03/10/2011,2016,Private,668202,23,66,West Region,Bukit Batok
THE LAKEFRONT RESIDENCES,"1,660,000","1,399.32","1,186",26 Jan 2018,46 LAKESIDE DRIVE #06-17,Resale,Strata,130,"12,769",-,Condominium,1,99 yrs from 03/08/2010,2014,Private,648324,22,64,West Region,Jurong West
WEST-N,"1,528,000","1,216.33","1,256",26 Jan 2018,250P PASIR PANJANG ROAD #01-02,Resale,Strata,113,"13,522",-,Apartment,1,Freehold,2008,HDB,117452,05,11,Central Region,Queenstown
URBANA,"2,680,000","1,313.21","2,041",26 Jan 2018,1 RIVER VALLEY CLOSE #25-02,Resale,Strata,122,"21,967",-,Condominium,1,Freehold,2007,Private,238427,09,23,Central Region,River Valley
KEW GREEN,"1,950,000","3,024.68",645,26 Jan 2018,191 KEW CRESCENT,Resale,Strata,281,"6,940",-,Condominium,1,99 yrs from 21/04/1994,1997,Private,466129,16,46,East Region,Bedok
THE NASSIM,"6,780,000","1,926.76","3,519",26 Jan 2018,18 NASSIM HILL #03-02,Resale,Strata,179,"37,877",-,Condominium,1,Freehold,2015,Private,258485,10,25,Central Region,Tanglin
LANDMARK TOWER,"1,430,000","1,291.68","1,107",26 Jan 2018,173 CHIN SWEE ROAD #04-01,Resale,Strata,120,"11,917",-,Apartment,1,99 yrs from 16/06/1980,1985,Private,169878,03,16,Central Region,Outram
CASPIAN,"1,040,000","1,001.05","1,039",26 Jan 2018,54 LAKESIDE DRIVE #12-24,Resale,Strata,93,"11,183",-,Condominium,1,99 yrs from 17/03/2008,2012,HDB,648317,22,64,West Region,Jurong West
HIGHLINE RESIDENCES,"2,145,240","1,205.57","1,779",26 Jan 2018,3 KIM TIAN ROAD #01-03,New Sale,Strata,112,"19,154",-,Condominium,1,99 yrs from 22/07/2013,2018,HDB,169281,03,16,Central Region,Bukit Merah
CORALS AT KEPPEL BAY,"2,292,000","1,237.86","1,852",26 Jan 2018,13 KEPPEL BAY DRIVE #09-23,Resale,Strata,115,"19,930",-,Condominium,1,99 yrs from 26/02/2007,2016,HDB,098018,04,09,Central Region,Bukit Merah
BISHAN PARK CONDOMINIUM,"1,438,000","1,560.78",921,26 Jan 2018,22 SIN MING WALK #08-03,Resale,Strata,145,"9,917",-,Condominium,1,99 yrs from 01/03/1991,1994,Private,575571,20,57,Central Region,Bishan
MAPLE WOODS,"3,938,000","2,701.76","1,458",26 Jan 2018,987 BUKIT TIMAH ROAD #09-13,Resale,Strata,251,"15,689",-,Condominium,1,Freehold,1997,Private,589628,21,58,Central Region,Bukit Timah
QUEENS PEAK,"1,506,000",861.12,"1,749",26 Jan 2018,3 DUNDEE ROAD #32-22,New Sale,Strata,80,"18,825",-,Condominium,1,99 yrs from 28/09/2015,Uncompleted,Private,149457,03,14,Central Region,Queenstown
GEM RESIDENCES,"1,924,000","1,248.62","1,541",26 Jan 2018,3 LORONG 5 TOA PAYOH #32-15,New Sale,Strata,116,"16,586",-,Condominium,1,99 yrs from 21/09/2015,Uncompleted,HDB,319459,12,31,Central Region,Toa Payoh
THE BAYSHORE,"890,000",979.52,909,26 Jan 2018,26 BAYSHORE ROAD #18-03,Resale,Strata,91,"9,780",-,Condominium,1,99 yrs from 31/05/1993,1996,Private,469972,16,46,East Region,Bedok
CRANE COURT,"1,100,000",968.76,"1,135",26 Jan 2018,38 CRANE ROAD #04-01,Resale,Strata,90,"12,222",-,Apartment,1,Freehold,2004,HDB,429381,15,42,Central Region,Geylang
LLOYD SIXTYFIVE,"2,500,000","1,054.87","2,370",26 Jan 2018,65 LLOYD ROAD #03-03,Resale,Strata,98,"25,510",-,Apartment,1,Freehold,2016,Private,239114,09,23,Central Region,River Valley
CHANTILLY RISE,"1,450,000","1,442.38","1,005",26 Jan 2018,82 HILLVIEW AVENUE #10-03,Resale,Strata,134,"10,821",-,Condominium,1,Freehold,1998,Private,669581,23,66,West Region,Bukit Batok
COTE D'AZUR,"1,100,000",839.59,"1,310",26 Jan 2018,62 MARINE PARADE ROAD #19-08,Resale,Strata,78,"14,103",-,Condominium,1,99 yrs from 25/07/2001,2004,Private,449298,15,44,Central Region,Marine Parade
ARTRA,"1,905,900","1,227.1","1,553",26 Jan 2018,10 ALEXANDRA VIEW #16-02,New Sale,Strata,114,"16,718",-,Apartment,1,99 yrs from 15/02/2016,Uncompleted,HDB,158745,03,15,Central Region,Bukit Merah
THE WILSHIRE,"98,800,000","63,690.59","1,551",26 Jan 2018,22 ENBLOC FARRER ROAD #08-01 ETC,Resale,Strata,"5,917","16,698",-,Apartment,20,Freehold,-,Private,268828,10,26,Central Region,Tanglin
MARINA ONE RESIDENCES,"3,782,310","1,506.96","2,510",26 Jan 2018,21 MARINA WAY #14-18,New Sale,Strata,140,"27,017",-,Apartment,1,99 yrs from 01/07/2011,2017,Private,018978,01,01,Central Region,Downtown Core
GOLDENHILL PARK CONDOMINIUM,"1,970,000","1,334.74","1,476",26 Jan 2018,68 MEI HWAN DRIVE #13-16,Resale,Strata,124,"15,887",-,Condominium,1,Freehold,2004,HDB,568430,20,56,North East Region,Serangoon
D'NEST,"1,790,000","1,765.3","1,014",26 Jan 2018,149 PASIR RIS GROVE #05-77,Sub Sale,Strata,164,"10,915",-,Condominium,1,99 yrs from 20/10/2010,2017,Private,518139,18,51,East Region,Pasir Ris
QUEENS PEAK,"1,321,000",807.3,"1,636",26 Jan 2018,3 DUNDEE ROAD #14-26,New Sale,Strata,75,"17,613",-,Condominium,1,99 yrs from 28/09/2015,Uncompleted,Private,149457,03,14,Central Region,Queenstown
BISHAN PARK CONDOMINIUM,"1,325,000","1,474.67",899,26 Jan 2018,24 SIN MING WALK #03-02,Resale,Strata,137,"9,672",-,Condominium,1,99 yrs from 01/03/1991,1994,Private,575572,20,57,Central Region,Bishan
SYMPHONY SUITES,"1,082,000","1,022.58","1,058",26 Jan 2018,17 YISHUN CLOSE #09-35,New Sale,Strata,95,"11,389",-,Condominium,1,99 yrs from 10/06/2014,Uncompleted,HDB,768012,27,76,North Region,Yishun
RIVERVALE CREST,"808,888","1,205.57",671,26 Jan 2018,5 RIVERVALE CRESCENT #04-07,Resale,Strata,112,"7,222",-,Apartment,1,99 yrs from 06/12/1997,2002,Private,545084,19,54,North East Region,Sengkang
PRISTINE HEIGHTS,"958,000",731.95,"1,309",26 Jan 2018,77 MERGUI ROAD #11-02,Resale,Strata,68,"14,088",-,Apartment,1,Freehold,2009,HDB,219053,08,21,Central Region,Kallang
BAYSHORE PARK,"2,050,000","2,325.02",882,26 Jan 2018,66 BAYSHORE ROAD #20-02,Resale,Strata,216,"9,491",-,Condominium,1,99 yrs from 17/03/1982,1986,Private,469985,16,46,East Region,Bedok
MERAWOODS,"1,305,000","1,345.5",970,26 Jan 2018,136 HILLVIEW AVENUE #05-08,Resale,Strata,125,"10,440",-,Condominium,1,999 yrs from 12/10/1885,1999,Private,669598,23,66,West Region,Bukit Batok
CASAFINA,"1,212,000","1,323.97",915,26 Jan 2018,213 BEDOK SOUTH AVENUE 1 #02-13,Resale,Strata,123,"9,854",-,Condominium,1,99 yrs from 12/06/1996,1999,HDB,469337,16,46,East Region,Bedok
ASCENTIA SKY,"1,580,000",958,"1,649",26 Jan 2018,3 ALEXANDRA VIEW #18-09,Resale,Strata,89,"17,753",-,Condominium,1,99 yrs from 26/03/2008,2013,Private,158749,03,15,Central Region,Bukit Merah
VILLA MARINA,"1,385,000","1,539.25",900,26 Jan 2018,27 JALAN SEMPADAN #01-10,Resale,Strata,143,"9,685",-,Condominium,1,99 yrs from 13/02/1995,1999,Private,457401,15,45,East Region,Bedok
STURDEE RESIDENCES,"1,984,000","1,302.44","1,523",26 Jan 2018,10 BEATTY ROAD #20-08,New Sale,Strata,121,"16,397",-,Condominium,1,99 yrs from 29/06/2015,Uncompleted,HDB,209955,08,20,Central Region,Kallang
AMBER SKYE,"2,320,560","1,119.46","2,073",26 Jan 2018,8 AMBER ROAD #10-07,Resale,Strata,104,"22,313",-,Apartment,1,Freehold,2017,HDB,439853,15,43,Central Region,Marine Parade
EUPHONY GARDENS,"1,180,000","1,894.46",623,26 Jan 2018,3 JALAN MATA AYER #04-10,Resale,Strata,176,"6,705",-,Condominium,1,99 yrs from 25/02/1998,2001,HDB,759150,27,75,North Region,Mandai
H2O RESIDENCES,"1,170,000","1,130.22","1,035",26 Jan 2018,30 FERNVALE LINK #18-02,Resale,Strata,105,"11,143",-,Condominium,1,99 yrs from 10/05/2010,2015,HDB,797530,28,79,North East Region,Sengkang
ONE SHENTON,"1,162,000",581.26,"1,999",27 Jan 2018,1 SHENTON WAY #36-06,Resale,Strata,54,"21,519",-,Apartment,1,99 yrs from 14/10/2005,2011,HDB,068803,01,06,Central Region,Downtown Core
GEM RESIDENCES,"1,726,000","1,248.62","1,382",27 Jan 2018,3 LORONG 5 TOA PAYOH #01-15,New Sale,Strata,116,"14,879",-,Condominium,1,99 yrs from 21/09/2015,Uncompleted,N.A,319459,12,31,Central Region,Toa Payoh
TRE RESIDENCES,"1,280,000",947.23,"1,351",27 Jan 2018,7 GEYLANG EAST AVENUE 1 #05-07,New Sale,Strata,88,"14,545",-,Condominium,1,99 yrs from 23/04/2014,Uncompleted,HDB,389782,14,38,Central Region,Geylang
HIGHLINE RESIDENCES,"2,362,500","1,291.68","1,829",27 Jan 2018,9 KIM TIAN ROAD #02-17,New Sale,Strata,120,"19,688",-,Condominium,1,99 yrs from 22/07/2013,2018,Private,168593,03,16,Central Region,Bukit Merah
MARTIN MODERN,"1,971,000",764.24,"2,579",27 Jan 2018,8 MARTIN PLACE #04-05,New Sale,Strata,71,"27,761",-,Condominium,1,99 yrs from 28/09/2016,Uncompleted,N.A,237992,09,23,Central Region,River Valley
SYMPHONY SUITES,"1,057,000",914.94,"1,155",27 Jan 2018,11 YISHUN CLOSE #15-21,New Sale,Strata,85,"12,435",-,Condominium,1,99 yrs from 10/06/2014,Uncompleted,HDB,768009,27,76,North Region,Yishun
SEASIDE RESIDENCES,"968,000",505.91,"1,913",27 Jan 2018,12 SIGLAP LINK #26-13,New Sale,Strata,47,"20,596",-,Apartment,1,99 yrs from 18/04/2016,Uncompleted,Private,448870,15,44,East Region,Bedok
SEASIDE RESIDENCES,"1,652,000","1,022.58","1,616",27 Jan 2018,18 SIGLAP LINK #13-34,New Sale,Strata,95,"17,389",-,Apartment,1,99 yrs from 18/04/2016,Uncompleted,Private,448873,15,44,East Region,Bedok
GRANDEUR PARK RESIDENCES,"1,102,000",667.37,"1,651",27 Jan 2018,9 BEDOK SOUTH AVENUE 3 #04-39,New Sale,Strata,62,"17,774",-,Condominium,1,99 yrs from 25/05/2016,Uncompleted,HDB,465465,16,46,East Region,Bedok
REZI 35,"1,287,000",796.54,"1,616",28 Jan 2018,20 LORONG 35 GEYLANG #06-02,New Sale,Strata,74,"17,392",-,Apartment,1,Freehold,Uncompleted,HDB,387949,14,38,Central Region,Geylang
THE NAVIAN,"1,424,000",904.18,"1,575",28 Jan 2018,178 JALAN EUNOS #01-05,New Sale,Strata,84,"16,952",-,Apartment,1,Freehold,Uncompleted,HDB,419530,14,41,East Region,Bedok
QUEENS PEAK,"1,479,000",807.3,"1,832",28 Jan 2018,1 DUNDEE ROAD #35-12,New Sale,Strata,75,"19,720",-,Condominium,1,99 yrs from 28/09/2015,Uncompleted,HDB,149456,03,14,Central Region,Queenstown
TRE RESIDENCES,"1,291,330",947.23,"1,363",28 Jan 2018,7 GEYLANG EAST AVENUE 1 #11-07,New Sale,Strata,88,"14,674",-,Condominium,1,99 yrs from 23/04/2014,Uncompleted,HDB,389782,14,38,Central Region,Geylang
PARC BOTANNIA,"882,000",667.37,"1,322",28 Jan 2018,18 FERNVALE STREET #11-30,New Sale,Strata,62,"14,226",-,Condominium,1,99 yrs from 28/12/2016,Uncompleted,HDB,797394,28,79,North East Region,Sengkang
HIGHLINE RESIDENCES,"2,289,750","1,151.75","1,988",28 Jan 2018,9 KIM TIAN ROAD #24-16,New Sale,Strata,107,"21,400",-,Condominium,1,99 yrs from 22/07/2013,2018,HDB,168593,03,16,Central Region,Bukit Merah
SEASIDE RESIDENCES,"979,000",592.02,"1,654",28 Jan 2018,16 SIGLAP LINK #06-23,New Sale,Strata,55,"17,800",-,Apartment,1,99 yrs from 18/04/2016,Uncompleted,HDB,448872,15,44,East Region,Bedok
GEM RESIDENCES,"1,638,000","1,054.87","1,553",28 Jan 2018,1 LORONG 5 TOA PAYOH #26-03,New Sale,Strata,98,"16,714",-,Condominium,1,99 yrs from 21/09/2015,Uncompleted,Private,319458,12,31,Central Region,Toa Payoh
TRE RESIDENCES,"1,288,000",947.23,"1,360",28 Jan 2018,7 GEYLANG EAST AVENUE 1 #05-06,New Sale,Strata,88,"14,636",-,Condominium,1,99 yrs from 23/04/2014,Uncompleted,Private,389782,14,38,Central Region,Geylang
HIGHLINE RESIDENCES,"2,421,000","1,151.75","2,102",28 Jan 2018,7 KIM TIAN ROAD #34-08,New Sale,Strata,107,"22,626",-,Condominium,1,99 yrs from 22/07/2013,Uncompleted,HDB,168592,03,16,Central Region,Bukit Merah
FORTE SUITES,"1,322,200",678.13,"1,950",28 Jan 2018,88 MERGUI ROAD #22-02,New Sale,Strata,63,"20,987",-,Apartment,1,Freehold,2016,N.A,219062,08,21,Central Region,Kallang
SEASIDE RESIDENCES,"1,869,000","1,087.16","1,719",28 Jan 2018,18 SIGLAP LINK #15-31,New Sale,Strata,101,"18,505",-,Apartment,1,99 yrs from 18/04/2016,Uncompleted,N.A,448873,15,44,East Region,Bedok
PARC RIVIERA,"1,381,800","1,151.75","1,200",28 Jan 2018,103 WEST COAST VALE #26-12,New Sale,Strata,107,"12,914",-,Condominium,1,99 yrs from 11/11/2015,Uncompleted,HDB,126754,05,12,West Region,Clementi
THE CREST,"3,433,000","1,883.7","1,822",29 Jan 2018,113 PRINCE CHARLES CRESCENT #05-34,Resale,Strata,175,"19,617",-,Condominium,1,99 yrs from 21/12/2012,2017,Private,159023,03,15,Central Region,Bukit Merah
QUEENS PEAK,"1,690,140","1,001.05","1,688",29 Jan 2018,3 DUNDEE ROAD #30-15,New Sale,Strata,93,"18,174",-,Condominium,1,99 yrs from 28/09/2015,Uncompleted,N.A,149457,03,14,Central Region,Queenstown
THE WATERSIDE,"4,070,000","2,411.14","1,688",29 Jan 2018,11 TANJONG RHU ROAD #12-01,Resale,Strata,224,"18,170",-,Condominium,1,Freehold,1992,Private,436896,15,43,Central Region,Kallang
CHANGI RISE CONDOMINIUM,"1,360,000","1,829.88",743,29 Jan 2018,18 SIMEI RISE #01-48,Resale,Strata,170,"8,000",-,Condominium,1,99 yrs from 29/11/2000,2004,Private,528808,18,52,East Region,Tampines
KINGSFORD WATERBAY,"980,646",688.9,"1,424",29 Jan 2018,78 UPPER SERANGOON VIEW #05-66,New Sale,Strata,64,"15,323",-,Apartment,1,99 yrs from 03/03/2014,Uncompleted,HDB,533879,19,53,North East Region,Hougang
ARTRA,"2,026,000","1,227.1","1,651",29 Jan 2018,10 ALEXANDRA VIEW #23-08,New Sale,Strata,114,"17,772",-,Apartment,1,99 yrs from 15/02/2016,Uncompleted,N.A,158745,03,15,Central Region,Bukit Merah
GUILIN VIEW,"1,070,000","1,259.39",850,29 Jan 2018,22 BUKIT BATOK STREET 52 #22-06,Resale,Strata,117,"9,145",-,Condominium,1,99 yrs from 24/04/1996,1999,Private,659245,23,65,West Region,Bukit Batok
KINGSFORD WATERBAY,"985,000",688.9,"1,430",29 Jan 2018,80 UPPER SERANGOON VIEW #11-74,New Sale,Strata,64,"15,391",-,Apartment,1,99 yrs from 03/03/2014,Uncompleted,N.A,533878,19,53,North East Region,Hougang
LEEDON RESIDENCE,"4,600,000","2,131.27","2,158",29 Jan 2018,6 LEEDON HEIGHTS #02-04,Resale,Strata,198,"23,232",-,Condominium,1,Freehold,2015,Private,266215,10,26,Central Region,Bukit Timah
AMBER SKYE,"2,326,570","1,119.46","2,078",29 Jan 2018,8 AMBER ROAD #15-04,Resale,Strata,104,"22,371",-,Apartment,1,Freehold,2017,HDB,439853,15,43,Central Region,Marine Parade
N.A.,"1,030,000","1,097.93",938,29 Jan 2018,282B JOO CHIAT ROAD,Resale,Strata,102,"10,098",-,Apartment,1,Freehold,1979,HDB,427536,15,42,Central Region,Geylang
KINGSFORD WATERBAY,"992,160",688.9,"1,440",29 Jan 2018,68 UPPER SERANGOON VIEW #13-22,New Sale,Strata,64,"15,503",-,Apartment,1,99 yrs from 03/03/2014,Uncompleted,Private,533884,19,53,North East Region,Hougang
NEEM TREE,"810,974",505.91,"1,603",29 Jan 2018,30 JALAN KEMAMAN #10-06,New Sale,Strata,47,"17,255",-,Apartment,1,Freehold,Uncompleted,HDB,329341,12,32,Central Region,Novena
SEAHILL,"1,475,000","1,130.22","1,305",29 Jan 2018,119 WEST COAST CRESCENT #06-02,Resale,Strata,105,"14,048",-,Condominium,1,99 yrs from 26/09/2011,2016,Private,126777,05,12,West Region,Clementi
DUO RESIDENCES,"4,103,580","1,722.24","2,383",29 Jan 2018,1 FRASER STREET #44-15,New Sale,Strata,160,"25,647",-,Apartment,1,99 yrs from 01/07/2011,2017,Private,189350,07,18,Central Region,Downtown Core
KOVAN MELODY,"1,488,000","1,302.44","1,142",29 Jan 2018,17 KOVAN ROAD #13-07,Resale,Strata,121,"12,298",-,Condominium,1,99 yrs from 20/01/2004,2006,HDB,548190,19,54,North East Region,Hougang
HIGHLINE RESIDENCES,"2,411,250","1,151.75","2,094",29 Jan 2018,9 KIM TIAN ROAD #33-16,New Sale,Strata,107,"22,535",-,Condominium,1,99 yrs from 22/07/2013,Uncompleted,Private,168593,03,16,Central Region,Bukit Merah
HIGHLINE RESIDENCES,"2,162,500","1,130.22","1,913",29 Jan 2018,5 KIM TIAN ROAD #03-05,New Sale,Strata,105,"20,595",-,Condominium,1,99 yrs from 22/07/2013,2018,Private,168591,03,16,Central Region,Bukit Merah
CITY SUITES,"854,300",462.85,"1,846",29 Jan 2018,235 BALESTIER ROAD #11-04,New Sale,Strata,43,"19,867",-,Apartment,1,Freehold,2017,Private,329699,12,32,Central Region,Novena
VILLA MARINA,"1,088,000","1,087.16","1,001",29 Jan 2018,33 JALAN SEMPADAN #02-04,Resale,Strata,101,"10,772",-,Condominium,1,99 yrs from 13/02/1995,1999,Private,457404,15,45,East Region,Bedok
TRE RESIDENCES,"1,193,000",764.24,"1,561",29 Jan 2018,7 GEYLANG EAST AVENUE 1 #16-05,New Sale,Strata,71,"16,803",-,Condominium,1,99 yrs from 23/04/2014,Uncompleted,HDB,389782,14,38,Central Region,Geylang
THE INFLORA,"720,000",818.06,880,29 Jan 2018,67 FLORA DRIVE #05-51,Resale,Strata,76,"9,474",-,Condominium,1,99 yrs from 25/05/2012,2016,HDB,506850,17,50,East Region,Pasir Ris
THE LAKESHORE,"1,106,000","1,108.69",998,29 Jan 2018,33 JURONG WEST STREET 41 #05-42,Resale,Strata,103,"10,738",-,Condominium,1,99 yrs from 22/11/2002,2007,HDB,649413,22,64,West Region,Jurong West
CASPIAN,"1,460,000","1,399.32","1,043",29 Jan 2018,54 LAKESIDE DRIVE #14-21,Resale,Strata,130,"11,231",-,Condominium,1,99 yrs from 17/03/2008,2012,HDB,648317,22,64,West Region,Jurong West
TREE HOUSE,"1,300,000","1,248.62","1,041",29 Jan 2018,68 CHESTNUT AVENUE #22-16,Resale,Strata,116,"11,207",-,Condominium,1,99 yrs from 23/11/2009,2013,Private,679521,23,67,West Region,Bukit Panjang
THE COSMOPOLITAN,"2,550,000","1,140.98","2,235",29 Jan 2018,202 KIM SENG ROAD #29-05,Resale,Strata,106,"24,057",-,Condominium,1,Freehold,2008,Private,239496,09,23,Central Region,Singapore River
CITYLIGHTS,"1,387,000",893.41,"1,552",29 Jan 2018,90 JELLICOE ROAD #25-30,Resale,Strata,83,"16,711",-,Condominium,1,99 yrs from 05/01/2004,2007,Private,208749,08,20,Central Region,Kallang
THE LAKEFRONT RESIDENCES,"1,445,000","1,065.64","1,356",29 Jan 2018,46 LAKESIDE DRIVE #08-19,Resale,Strata,99,"14,596",-,Condominium,1,99 yrs from 03/08/2010,2014,Private,648324,22,64,West Region,Jurong West
THE CREST,"2,185,000","1,216.33","1,796",29 Jan 2018,105 PRINCE CHARLES CRESCENT #08-13,Resale,Strata,113,"19,336",-,Condominium,1,99 yrs from 21/12/2012,2017,HDB,159019,03,15,Central Region,Bukit Merah
KINGSFORD WATERBAY,"951,101",688.9,"1,381",29 Jan 2018,72 UPPER SERANGOON VIEW #03-40,New Sale,Strata,64,"14,861",-,Apartment,1,99 yrs from 03/03/2014,Uncompleted,N.A,533882,19,53,North East Region,Hougang
SHERWOOD CONDOMINIUM,"900,000",882.65,"1,020",29 Jan 2018,169 JALAN JURONG KECHIL #07-08,Resale,Strata,82,"10,976",-,Condominium,1,Freehold,1998,HDB,598669,21,59,Central Region,Bukit Timah
RIVER ISLES,"1,390,000","1,474.67",943,29 Jan 2018,52 EDGEDALE PLAINS #03-03,Resale,Strata,137,"10,146",-,Condominium,1,99 yrs from 06/02/2012,2015,HDB,828820,19,82,North East Region,Punggol
ZEDGE,"950,000",592.02,"1,605",29 Jan 2018,2 AKYAB ROAD #19-05,Resale,Strata,55,"17,273",-,Apartment,1,Freehold,2010,Private,309973,11,30,Central Region,Novena
KINGSFORD WATERBAY,"1,205,087",882.65,"1,365",29 Jan 2018,70 UPPER SERANGOON VIEW #02-30,New Sale,Strata,82,"14,696",-,Apartment,1,99 yrs from 03/03/2014,Uncompleted,Private,533883,19,53,North East Region,Hougang
VIDA,"1,650,000",861.12,"1,916",29 Jan 2018,5 PECK HAY ROAD #05-08,Resale,Strata,80,"20,625",-,Apartment,1,Freehold,2009,Private,228307,09,22,Central Region,Newton
QUEENS PEAK,"1,499,000",850.36,"1,763",29 Jan 2018,1 DUNDEE ROAD #32-09,New Sale,Strata,79,"18,975",-,Condominium,1,99 yrs from 28/09/2015,Uncompleted,HDB,149456,03,14,Central Region,Queenstown
CHANGI RISE CONDOMINIUM,"1,320,000","1,496.2",882,29 Jan 2018,6 SIMEI RISE #08-18,Resale,Strata,139,"9,496",-,Condominium,1,99 yrs from 29/11/2000,2004,HDB,528802,18,52,East Region,Tampines
DOMUS,"1,900,000","1,367.03","1,390",29 Jan 2018,8 IRRAWADDY ROAD #20-01,Resale,Strata,127,"14,961",-,Apartment,1,Freehold,2012,Private,329564,12,32,Central Region,Novena
NEEM TREE,"781,748",419.8,"1,862",29 Jan 2018,30 JALAN KEMAMAN #13-05,New Sale,Strata,39,"20,045",-,Apartment,1,Freehold,Uncompleted,Private,329341,12,32,Central Region,Novena
THE VISION,"1,128,000",904.18,"1,248",29 Jan 2018,79 WEST COAST CRESCENT #03-02,Resale,Strata,84,"13,429",-,Condominium,1,99 yrs from 25/06/2008,2014,HDB,126793,05,12,West Region,Clementi
SKYSUITES17,"630,000",355.21,"1,774",29 Jan 2018,17 JALAN RAJAH #12-02,Resale,Strata,33,"19,091",-,Apartment,1,Freehold,2014,HDB,329137,12,32,Central Region,Novena
FREESIA WOODS,"1,800,000","2,109.74",853,29 Jan 2018,61 SUNSET WAY #05-03,Resale,Strata,196,"9,184",-,Condominium,1,Freehold,2003,Private,597086,21,59,West Region,Clementi
EASTERN LAGOON,"930,000",796.54,"1,168",29 Jan 2018,214 UPPER EAST COAST ROAD #03-05,Resale,Strata,74,"12,568",-,Condominium,1,Freehold,1985,Private,466402,16,46,East Region,Bedok
SKY HABITAT,"1,300,000",893.41,"1,455",29 Jan 2018,9 BISHAN STREET 15 #03-16,Resale,Strata,83,"15,663",-,Condominium,1,99 yrs from 30/05/2011,2015,HDB,573909,20,57,Central Region,Bishan
THE INFINITI,"1,380,000","1,302.44","1,060",29 Jan 2018,39C WEST COAST PARK #09-09,Resale,Strata,121,"11,405",-,Condominium,1,Freehold,2008,Private,127714,05,12,West Region,Clementi
THE INSPIRA,"2,300,000","1,205.57","1,908",29 Jan 2018,11 ARNASALAM CHETTY ROAD #09-09,Resale,Strata,112,"20,536",-,Condominium,1,Freehold,2009,Private,239949,09,23,Central Region,River Valley
WATERBANK AT DAKOTA,"770,000",484.38,"1,590",29 Jan 2018,70 DAKOTA CRESCENT #03-04,Resale,Strata,45,"17,111",-,Condominium,1,99 yrs from 07/12/2009,2013,Private,399941,14,39,Central Region,Geylang
H2O RESIDENCES,"1,150,000","1,194.8",963,29 Jan 2018,38 FERNVALE LINK #04-22,Resale,Strata,111,"10,360",-,Condominium,1,99 yrs from 10/05/2010,2015,HDB,797534,28,79,North East Region,Sengkang
PARKVIEW APARTMENTS,"845,000","1,130.22",748,29 Jan 2018,5 BUKIT BATOK STREET 25 #09-11,Resale,Strata,105,"8,048",-,Apartment,1,99 yrs from 01/05/1994,1998,HDB,658880,23,65,West Region,Bukit Batok
WATER PLACE,"1,530,000","1,216.33","1,258",29 Jan 2018,179 TANJONG RHU ROAD #02-27,Resale,Strata,113,"13,540",-,Condominium,1,99 yrs from 02/03/1998,2004,Private,436608,15,43,Central Region,Kallang
ASTRID MEADOWS,"4,500,000","2,583.36","1,742",29 Jan 2018,42 CORONATION ROAD WEST #02-02,Resale,Strata,240,"18,750",-,Condominium,1,Freehold,1990,Private,269259,10,26,Central Region,Bukit Timah
THE MINTON,"1,090,000","1,108.69",983,29 Jan 2018,12A HOUGANG STREET 11 #08-59,Resale,Strata,103,"10,583",-,Condominium,1,99 yrs from 27/07/2007,2013,HDB,534074,19,53,North East Region,Hougang
DOUBLE BAY RESIDENCES,"1,720,000","2,142.04",803,29 Jan 2018,21 SIMEI STREET 4 #01-37,Resale,Strata,199,"8,643",-,Condominium,1,99 yrs from 07/04/2008,2012,HDB,528717,18,52,East Region,Tampines
ORCHID PARK CONDOMINIUM,"710,000",958,741,29 Jan 2018,81 YISHUN STREET 81 #05-03,Resale,Strata,89,"7,978",-,Condominium,1,99 yrs from 01/09/1991,1994,Private,768445,27,76,North Region,Yishun
HIGHLINE RESIDENCES,"2,162,500","1,130.22","1,913",29 Jan 2018,5 KIM TIAN ROAD #02-05,New Sale,Strata,105,"20,595",-,Condominium,1,99 yrs from 22/07/2013,Uncompleted,N.A,168591,03,16,Central Region,Bukit Merah
THE OCEANFRONT @ SENTOSA COVE,"2,750,000","1,711.48","1,607",29 Jan 2018,293 OCEAN DRIVE #08-17,Resale,Strata,159,"17,296",-,Condominium,1,99 yrs from 10/08/2005,2010,Private,098533,04,09,Central Region,Southern Islands
QUEENS PEAK,"1,513,000",850.36,"1,779",29 Jan 2018,1 DUNDEE ROAD #34-09,New Sale,Strata,79,"19,152",-,Condominium,1,99 yrs from 28/09/2015,Uncompleted,Private,149456,03,14,Central Region,Queenstown
THE WATERSIDE,"4,300,000","2,400.37","1,791",29 Jan 2018,1 TANJONG RHU ROAD #18-01,Resale,Strata,223,"19,283",-,Condominium,1,Freehold,1993,Private,436879,15,43,Central Region,Kallang
KINGSFORD WATERBAY,"1,009,691",688.9,"1,466",29 Jan 2018,80 UPPER SERANGOON VIEW #12-74,New Sale,Strata,64,"15,776",-,Apartment,1,99 yrs from 03/03/2014,Uncompleted,N.A,533878,19,53,North East Region,Hougang
KINGSFORD WATERBAY,"980,908",688.9,"1,424",29 Jan 2018,74 UPPER SERANGOON VIEW #05-49,New Sale,Strata,64,"15,327",-,Apartment,1,99 yrs from 03/03/2014,Uncompleted,Private,533881,19,53,North East Region,Hougang
THE METZ,"2,550,000","1,065.64","2,393",29 Jan 2018,83 DEVONSHIRE ROAD #15-01,Resale,Strata,99,"25,758",-,Condominium,1,Freehold,2007,Private,239864,09,23,Central Region,River Valley
DUO RESIDENCES,"4,060,000","1,926.76","2,107",29 Jan 2018,1 FRASER STREET #37-11,New Sale,Strata,179,"22,682",-,Apartment,1,99 yrs from 01/07/2011,2017,Private,189350,07,18,Central Region,Downtown Core
SKY VUE,"833,000",484.38,"1,720",29 Jan 2018,1 BISHAN STREET 15 #20-04,Resale,Strata,45,"18,511",-,Condominium,1,99 yrs from 04/03/2013,2016,Private,573910,20,57,Central Region,Bishan
CASERO @ DUNMAN,"890,000",850.36,"1,047",29 Jan 2018,489 DUNMAN ROAD #03-03,Resale,Strata,79,"11,266",-,Apartment,1,Freehold,2008,HDB,439192,15,43,Central Region,Geylang
NEEM TREE,"798,973",505.91,"1,579",29 Jan 2018,30 JALAN KEMAMAN #08-06,New Sale,Strata,47,"16,999",-,Apartment,1,Freehold,Uncompleted,HDB,329341,12,32,Central Region,Novena
KINGSFORD WATERBAY,"981,386",688.9,"1,425",29 Jan 2018,78 UPPER SERANGOON VIEW #06-66,New Sale,Strata,64,"15,334",-,Apartment,1,99 yrs from 03/03/2014,Uncompleted,Private,533879,19,53,North East Region,Hougang
RIPPLE BAY,"988,000","1,087.16",909,29 Jan 2018,12 PASIR RIS LINK #09-53,Resale,Strata,101,"9,782",-,Condominium,1,99 yrs from 10/08/2011,2015,HDB,518164,18,51,East Region,Pasir Ris
TURQUOISE,"3,590,000","2,432.66","1,476",29 Jan 2018,55 COVE DRIVE #04-11,Resale,Strata,226,"15,885",-,Condominium,1,99 yrs from 12/03/2007,2010,Private,098395,04,09,Central Region,Southern Islands
PARC OLYMPIA,"775,000",775.01,"1,000",29 Jan 2018,56 FLORA DRIVE #06-26,Resale,Strata,72,"10,764",-,Condominium,1,99 yrs from 25/01/2012,2015,HDB,506856,17,50,East Region,Pasir Ris
SILVERSEA,"2,700,000","1,496.2","1,805",29 Jan 2018,52 MARINE PARADE ROAD #09-22,Resale,Strata,139,"19,424",-,Condominium,1,99 yrs from 20/07/2007,2014,Private,449308,15,44,Central Region,Marine Parade
QUEENS,"1,375,000","1,184.04","1,161",29 Jan 2018,12 STIRLING ROAD #15-10,Resale,Strata,110,"12,500",-,Condominium,1,99 yrs from 16/02/1998,2002,HDB,148955,03,14,Central Region,Queenstown
TANAMERA CREST,"1,340,000","1,646.89",814,29 Jan 2018,10 PARI DEDAP WALK #01-15,Resale,Strata,153,"8,758",-,Condominium,1,99 yrs from 20/06/2000,2004,Private,486062,16,48,East Region,Bedok
THE TRILINQ,"1,722,000","1,345.5","1,280",29 Jan 2018,28A JALAN LEMPENG #20-16,New Sale,Strata,125,"13,776",-,Condominium,1,99 yrs from 16/04/2012,2017,Private,128808,05,12,West Region,Clementi
KINGSFORD WATERBAY,"981,648",688.9,"1,425",29 Jan 2018,74 UPPER SERANGOON VIEW #06-49,New Sale,Strata,64,"15,338",-,Apartment,1,99 yrs from 03/03/2014,Uncompleted,HDB,533881,19,53,North East Region,Hougang
FONTAINE PARRY,"1,150,000","1,140.98","1,008",29 Jan 2018,75 POH HUAT ROAD #01-13,Resale,Strata,106,"10,849",-,Condominium,1,999 yrs from 16/08/1877,2010,Private,546782,19,54,North East Region,Hougang
A TREASURE TROVE,"1,400,000","1,334.74","1,049",29 Jan 2018,52 PUNGGOL WALK #08-07,Resale,Strata,124,"11,290",-,Condominium,1,99 yrs from 09/03/2011,2015,HDB,828831,19,82,North East Region,Punggol
ONE AMBER,"2,680,000","1,657.66","1,617",29 Jan 2018,7 AMBER GARDENS #10-19,Resale,Strata,154,"17,403",-,Condominium,1,Freehold,2010,Private,439974,15,43,Central Region,Marine Parade
RIVER ISLES,"796,000",753.48,"1,056",29 Jan 2018,60 EDGEDALE PLAINS #06-19,Resale,Strata,70,"11,371",-,Condominium,1,99 yrs from 06/02/2012,2015,HDB,828729,19,82,North East Region,Punggol
SIGNATURE PARK,"1,120,000","1,022.58","1,095",29 Jan 2018,54 TOH TUCK ROAD #02-05,Resale,Strata,95,"11,789",-,Condominium,1,Freehold,1998,HDB,596745,21,59,Central Region,Bukit Timah
WATERVIEW,"1,150,000","1,194.8",963,29 Jan 2018,81 TAMPINES AVENUE 1 #14-20,Resale,Strata,111,"10,360",-,Condominium,1,99 yrs from 16/06/2010,2014,Private,528685,18,52,East Region,Tampines
BIJOU,"1,139,762",570.49,"1,987",29 Jan 2018,2 JALAN MAT JAMBOL #04-08,New Sale,Strata,53,"21,393","1,133,810",Apartment,1,Freehold,Uncompleted,N.A,119554,05,11,Central Region,Queenstown
THE WATER EDGE,"465,500",365.98,"1,272",30 Jan 2018,8 LORONG 38 GEYLANG #05-01,Resale,Strata,34,"13,691",-,Apartment,1,Freehold,2013,HDB,398106,14,39,Central Region,Geylang
ONE EIGHTIES RESIDENCES,"1,432,200","1,022.58","1,401",30 Jan 2018,186 JOO CHIAT TERRACE #05-02,Resale,Strata,95,"15,076",-,Apartment,1,Freehold,2015,Private,427332,15,42,Central Region,Geylang
THE SEA VIEW,"3,200,000","1,646.89","1,943",30 Jan 2018,33 AMBER ROAD #19-10,Resale,Strata,153,"20,915",-,Condominium,1,Freehold,2008,Private,439944,15,43,Central Region,Marine Parade
MONVILLE MANSIONS,"1,412,000","1,614.6",875,30 Jan 2018,530 BALESTIER ROAD #12-02,Resale,Strata,150,"9,413",-,Apartment,1,Freehold,1994,HDB,329857,12,32,Central Region,Novena
SUNRISE GARDENS,"1,380,000","1,991.34",693,30 Jan 2018,55 SUNRISE AVENUE #04-02,Resale,Strata,185,"7,459",-,Condominium,1,99 yrs from 24/06/1995,1998,Private,806747,28,80,North East Region,Ang Mo Kio
HIGHLINE RESIDENCES,"2,400,750","1,151.75","2,084",30 Jan 2018,7 KIM TIAN ROAD #32-08,New Sale,Strata,107,"22,437",-,Condominium,1,99 yrs from 22/07/2013,2018,Private,168592,03,16,Central Region,Bukit Merah
THE CLEMENT CANOPY,"1,625,000","1,140.98","1,424",30 Jan 2018,16 CLEMENTI AVENUE 1 #04-06,New Sale,Strata,106,"15,330",-,Apartment,1,99 yrs from 09/03/2016,Uncompleted,Private,129960,05,12,West Region,Clementi
THE LAKESHORE,"960,000",861.12,"1,115",30 Jan 2018,31 JURONG WEST STREET 41 #08-38,Resale,Strata,80,"12,000",-,Condominium,1,99 yrs from 22/11/2002,2007,HDB,649412,22,64,West Region,Jurong West
URBAN VISTA,"878,000",548.96,"1,599",30 Jan 2018,18 TANAH MERAH KECHIL LINK #13-37,Resale,Strata,51,"17,216",-,Condominium,1,99 yrs from 05/11/2012,2016,HDB,465425,16,46,East Region,Bedok
CASA MERAH,"1,315,000","1,216.33","1,081",30 Jan 2018,66 TANAH MERAH KECHIL AVENUE #04-31,Resale,Strata,113,"11,637",-,Apartment,1,99 yrs from 11/07/2006,2009,Private,465532,16,46,East Region,Bedok
THE LAKESHORE,"970,000",925.7,"1,048",30 Jan 2018,33 JURONG WEST STREET 41 #07-57,Resale,Strata,86,"11,279",-,Condominium,1,99 yrs from 22/11/2002,2007,Private,649413,22,64,West Region,Jurong West
PARC BOTANNIA,"867,000",667.37,"1,299",30 Jan 2018,10 FERNVALE STREET #04-05,New Sale,Strata,62,"13,984",-,Condominium,1,99 yrs from 28/12/2016,Uncompleted,Private,797390,28,79,North East Region,Sengkang
PALMWOODS,"780,000",871.88,895,30 Jan 2018,450 UPPER CHANGI ROAD #04-14,Resale,Strata,81,"9,630",-,Condominium,1,99 yrs from 12/06/1996,1999,HDB,487040,16,48,East Region,Bedok
HIGHLINE RESIDENCES,"2,331,750","1,151.75","2,025",30 Jan 2018,9 KIM TIAN ROAD #27-16,New Sale,Strata,107,"21,792",-,Condominium,1,99 yrs from 22/07/2013,2018,HDB,168593,03,16,Central Region,Bukit Merah
HIGHLINE RESIDENCES,"2,411,250","1,151.75","2,094",30 Jan 2018,7 KIM TIAN ROAD #33-08,New Sale,Strata,107,"22,535",-,Condominium,1,99 yrs from 22/07/2013,2018,Private,168592,03,16,Central Region,Bukit Merah
GEM RESIDENCES,"1,619,000",936.47,"1,729",30 Jan 2018,1 LORONG 5 TOA PAYOH #30-07,New Sale,Strata,87,"18,609",-,Condominium,1,99 yrs from 21/09/2015,Uncompleted,Private,319458,12,31,Central Region,Toa Payoh
SYMPHONY SUITES,"1,112,000","1,022.58","1,087",30 Jan 2018,11 YISHUN CLOSE #14-23,New Sale,Strata,95,"11,705",-,Condominium,1,99 yrs from 10/06/2014,Uncompleted,HDB,768009,27,76,North Region,Yishun
RIVER PLACE,"1,100,000",828.83,"1,327",30 Jan 2018,62 HAVELOCK ROAD #05-20,Resale,Strata,77,"14,286",-,Condominium,1,99 yrs from 07/11/1995,1999,Private,169659,03,16,Central Region,Singapore River
DUCHESS CREST,"1,838,000","1,377.79","1,334",30 Jan 2018,66 DUCHESS AVENUE #03-01,Resale,Strata,128,"14,359",-,Condominium,1,99 yrs from 24/06/1995,1998,Private,269204,10,26,Central Region,Bukit Timah
MELVILLE PARK,"690,000",936.47,737,30 Jan 2018,20 SIMEI STREET 1 #03-03,Resale,Strata,87,"7,931",-,Condominium,1,99 yrs from 01/09/1992,1996,Private,529944,18,52,East Region,Tampines
GEM RESIDENCES,"1,493,000",979.52,"1,524",30 Jan 2018,1 LORONG 5 TOA PAYOH #19-04,New Sale,Strata,91,"16,407",-,Condominium,1,99 yrs from 21/09/2015,Uncompleted,HDB,319458,12,31,Central Region,Toa Payoh
MINBU COURT,"1,500,000","1,270.15","1,181",30 Jan 2018,54 MINBU ROAD #03-01,Resale,Strata,118,"12,712",-,Apartment,1,Freehold,1986,HDB,308184,11,30,Central Region,Novena
STURDEE RESIDENCES,"1,577,000",947.23,"1,665",30 Jan 2018,10 BEATTY ROAD #26-01,New Sale,Strata,88,"17,920",-,Condominium,1,99 yrs from 29/06/2015,Uncompleted,N.A,209955,08,20,Central Region,Kallang
HIGHLINE RESIDENCES,"4,260,000","2,174.33","1,959",30 Jan 2018,11 KIM TIAN ROAD #21-22,New Sale,Strata,202,"21,089",-,Condominium,1,99 yrs from 22/07/2013,Uncompleted,Private,168594,03,16,Central Region,Bukit Merah
MARINA COLLECTION,"6,300,000","3,412.19","1,846",30 Jan 2018,17 COVE DRIVE #04-26,Resale,Strata,317,"19,874",-,Condominium,1,99 yrs from 03/01/2007,2011,Private,098329,04,09,Central Region,Southern Islands
COSTA DEL SOL,"1,720,000","1,313.21","1,310",30 Jan 2018,68 BAYSHORE ROAD #25-02,Resale,Strata,122,"14,098",-,Condominium,1,99 yrs from 05/05/1997,2003,Private,469986,16,46,East Region,Bedok
THE INTERLACE,"2,050,000","1,593.07","1,287",30 Jan 2018,212 DEPOT ROAD #10-62,Resale,Strata,148,"13,851",-,Condominium,1,99 yrs from 11/02/2009,2013,Private,109700,04,10,Central Region,Bukit Merah
SUNNYVALE RESIDENCES,"1,806,000","1,130.22","1,598",30 Jan 2018,132 LORONG K TELOK KURAU #03-02,Resale,Strata,105,"17,200",-,Apartment,1,Freehold,2017,Private,425790,15,42,East Region,Bedok
KINGSFORD WATERBAY,"1,196,000",893.41,"1,339",30 Jan 2018,70 UPPER SERANGOON VIEW #08-34,New Sale,Strata,83,"14,410",-,Apartment,1,99 yrs from 03/03/2014,Uncompleted,HDB,533883,19,53,North East Region,Hougang
THE PIER AT ROBERTSON,"2,350,000","1,205.57","1,949",30 Jan 2018,80 MOHAMED SULTAN ROAD #03-24,Resale,Strata,112,"20,982",-,Apartment,1,Freehold,2006,Private,239013,09,23,Central Region,Singapore River
FORTE SUITES,"1,348,000",699.66,"1,927",30 Jan 2018,88 MERGUI ROAD #05-05,New Sale,Strata,65,"20,738",-,Apartment,1,Freehold,2016,Private,219062,08,21,Central Region,Kallang
GILSTEAD TWO,"1,810,000",904.18,"2,002",30 Jan 2018,2 GILSTEAD ROAD #14-01,Resale,Strata,84,"21,548",-,Apartment,1,Freehold,2014,Private,309061,11,30,Central Region,Novena
NEEM TREE,"817,000",505.91,"1,615",30 Jan 2018,30 JALAN KEMAMAN #11-06,New Sale,Strata,47,"17,383",-,Apartment,1,Freehold,Uncompleted,HDB,329341,12,32,Central Region,Novena
THE REGENCY AT TIONG BAHRU,"2,305,000","1,636.13","1,409",30 Jan 2018,38 CHAY YAN STREET #09-06,Resale,Strata,152,"15,164",-,Condominium,1,Freehold,2010,Private,169907,03,16,Central Region,Bukit Merah
REGENT HEIGHTS,"700,000","1,022.58",685,30 Jan 2018,52 BUKIT BATOK EAST AVENUE 5 #20-04,Resale,Strata,95,"7,368",-,Condominium,1,99 yrs from 07/11/1995,1999,HDB,659802,23,65,West Region,Bukit Batok
DONG XING COURT,"1,600,000","1,506.96","1,062",30 Jan 2018,11B TAY LIAN TECK ROAD,Resale,Strata,140,"11,429",-,Apartment,1,Freehold,1984,Private,455628,15,45,East Region,Bedok
KINGSFORD WATERBAY,"1,189,970",893.41,"1,332",30 Jan 2018,74 UPPER SERANGOON VIEW #13-52,New Sale,Strata,83,"14,337",-,Apartment,1,99 yrs from 03/03/2014,Uncompleted,HDB,533881,19,53,North East Region,Hougang
PARKSHORE,"1,838,000","1,334.74","1,377",30 Jan 2018,201 TANJONG RHU ROAD #13-11,Resale,Strata,124,"14,823",-,Condominium,1,Freehold,1995,Private,436917,15,43,Central Region,Kallang
KINGSFORD WATERBAY,"1,158,000",882.65,"1,312",30 Jan 2018,72 UPPER SERANGOON VIEW #01-41,New Sale,Strata,82,"14,122",-,Apartment,1,99 yrs from 03/03/2014,Uncompleted,Private,533882,19,53,North East Region,Hougang
THE NEXUS,"2,250,000","1,345.5","1,672",30 Jan 2018,963 BUKIT TIMAH ROAD #04-25,Resale,Strata,125,"18,000",-,Condominium,1,Freehold,2006,HDB,589656,21,58,Central Region,Bukit Timah
VACANZA @ EAST,"1,150,000","1,022.58","1,125",30 Jan 2018,50 LENGKONG TUJOH #09-35,Resale,Strata,95,"12,105",-,Condominium,1,Freehold,2014,Private,417398,14,41,East Region,Bedok
THE ALPS RESIDENCES,"1,191,000","1,065.64","1,118",30 Jan 2018,101 TAMPINES STREET 86 #02-04,New Sale,Strata,99,"12,030",-,Condominium,1,99 yrs from 03/08/2015,Uncompleted,HDB,528575,18,52,East Region,Tampines
EAST MEADOWS,"852,500",861.12,990,30 Jan 2018,30 TANAH MERAH KECHIL ROAD #09-12,Resale,Strata,80,"10,656",-,Condominium,1,99 yrs from 02/03/1998,2001,Private,465558,16,46,East Region,Bedok
AMBER SKYE,"1,320,000",527.44,"2,503",30 Jan 2018,8 AMBER ROAD #14-06,Resale,Strata,49,"26,939",-,Apartment,1,Freehold,2017,Private,439853,15,43,Central Region,Marine Parade
HERITAGE RESIDENCES,"1,330,000","1,345.5",988,30 Jan 2018,101 LORONG L TELOK KURAU #01-02,Resale,Strata,125,"10,640",-,Apartment,1,Freehold,2008,Private,425537,15,42,East Region,Bedok
EUPHONY GARDENS,"870,000","1,184.04",735,30 Jan 2018,11 JALAN MATA AYER #02-67,Resale,Strata,110,"7,909",-,Condominium,1,99 yrs from 25/02/1998,2001,Private,759154,27,75,North Region,Mandai
SYMPHONY SUITES,"982,080",914.94,"1,073",30 Jan 2018,9 YISHUN CLOSE #12-20,New Sale,Strata,85,"11,554",-,Condominium,1,99 yrs from 10/06/2014,Uncompleted,Private,768008,27,76,North Region,Yishun
GRAMERCY PARK,"6,187,440","1,980.58","3,124",30 Jan 2018,57 GRANGE ROAD #11-06,Resale,Strata,184,"33,627",-,Condominium,1,Freehold,2016,Private,249569,10,24,Central Region,Tanglin
MARTIN MODERN,"3,090,000","1,087.16","2,842",30 Jan 2018,8 MARTIN PLACE #19-02,New Sale,Strata,101,"30,594",-,Condominium,1,99 yrs from 28/09/2016,Uncompleted,Private,237992,09,23,Central Region,River Valley
ECHELON,"2,550,000","1,571.54","1,623",30 Jan 2018,9 ALEXANDRA VIEW #24-08,Resale,Strata,146,"17,466",-,Condominium,1,99 yrs from 06/03/2012,2016,HDB,158742,03,15,Central Region,Bukit Merah
CENTENNIA SUITES,"10,680,000","4,025.74","2,653",30 Jan 2018,100 KIM SENG ROAD #35-03,Resale,Strata,374,"28,556",-,Condominium,1,Freehold,2013,HDB,239427,09,23,Central Region,Singapore River
MAYSPRINGS,"760,000",914.94,831,30 Jan 2018,2 PETIR ROAD #06-15,Resale,Strata,85,"8,941",-,Apartment,1,99 yrs from 01/12/1994,1998,HDB,678265,23,67,West Region,Bukit Panjang
RIVIERA 38,"880,000",742.72,"1,185",30 Jan 2018,38 MAR THOMA ROAD #11-03,Resale,Strata,69,"12,754",-,Apartment,1,999 yrs from 02/06/1882,2014,HDB,328712,12,32,Central Region,Kallang
BOTANNIA,"1,050,000",882.65,"1,190",30 Jan 2018,29B WEST COAST PARK #04-21,Resale,Strata,82,"12,805",-,Condominium,1,956 yrs from 27/05/1928,2009,HDB,127724,05,12,West Region,Clementi
OASIS GARDEN,"1,125,000","1,033.34","1,089",30 Jan 2018,55 JALAN BUNGA RAMPAI #03-09,Resale,Strata,96,"11,719",-,Condominium,1,Freehold,2009,HDB,538422,19,53,Central Region,Toa Payoh
REGENT PARK,"1,190,000","1,140.98","1,043",30 Jan 2018,26 JALAN LEMPENG #08-02,Resale,Strata,106,"11,226",-,Condominium,1,99 yrs from 01/12/1993,1997,Private,128805,05,12,West Region,Clementi
GRANDEUR PARK RESIDENCES,"1,070,000",624.31,"1,714",30 Jan 2018,1 BEDOK SOUTH AVENUE 3 #10-14,New Sale,Strata,58,"18,448",-,Condominium,1,99 yrs from 25/05/2016,Uncompleted,Private,465461,16,46,East Region,Bedok
HIGHLINE RESIDENCES,"2,351,250","1,151.75","2,041",30 Jan 2018,9 KIM TIAN ROAD #28-16,New Sale,Strata,107,"21,974",-,Condominium,1,99 yrs from 22/07/2013,2018,HDB,168593,03,16,Central Region,Bukit Merah
CHANGI COURT,"1,185,000","1,162.51","1,019",30 Jan 2018,708 UPPER CHANGI ROAD EAST #02-03,Resale,Strata,108,"10,972",-,Condominium,1,Freehold,1997,Private,486838,16,48,East Region,Tampines
MILL POINT,"1,500,000",914.94,"1,639",30 Jan 2018,1 ZION CLOSE #08-02,Resale,Strata,85,"17,647",-,Apartment,1,999 yrs from 21/06/1877,2004,Private,247811,10,24,Central Region,Tanglin
NEEM TREE,"793,000",505.91,"1,567",30 Jan 2018,30 JALAN KEMAMAN #07-06,New Sale,Strata,47,"16,872",-,Apartment,1,Freehold,Uncompleted,HDB,329341,12,32,Central Region,Novena
SYMPHONY SUITES,"1,012,000",914.94,"1,106",30 Jan 2018,13 YISHUN CLOSE #14-28,New Sale,Strata,85,"11,906",-,Condominium,1,99 yrs from 10/06/2014,Uncompleted,HDB,768010,27,76,North Region,Yishun
FAIRMOUNT CONDOMINIUM,"1,050,000","1,227.1",856,30 Jan 2018,30 EASTWOOD ROAD #02-05,Resale,Strata,114,"9,211",-,Condominium,1,99 yrs from 06/09/1996,2000,Private,486365,16,48,East Region,Bedok
PARC RIVIERA,"1,354,000","1,151.75","1,176",31 Jan 2018,103 WEST COAST VALE #17-12,New Sale,Strata,107,"12,654",-,Condominium,1,99 yrs from 11/11/2015,Uncompleted,HDB,126754,05,12,West Region,Clementi
WESTCOVE CONDOMINIUM,"1,080,000","1,227.1",880,31 Jan 2018,12 WEST COAST CRESCENT #02-09,Resale,Strata,114,"9,474",-,Condominium,1,99 yrs from 01/03/1995,1998,Private,128042,05,12,West Region,Clementi
SIMS RESIDENCES,"1,180,000","1,646.89",717,31 Jan 2018,8 LORONG 39 GEYLANG #01-13,Resale,Strata,153,"7,712",-,Apartment,1,99 yrs from 11/08/1997,2002,Private,387882,14,38,Central Region,Geylang
PALM OASIS,"1,500,000","1,614.6",929,31 Jan 2018,51B LORONG H TELOK KURAU #05-14,Resale,Strata,150,"10,000",-,Apartment,1,Freehold,2008,Private,426155,15,42,East Region,Bedok
VILLA MARTIA,"1,290,000","1,108.69","1,164",31 Jan 2018,11 MARTIA ROAD #01-11,Resale,Strata,103,"12,524",-,Condominium,1,Freehold,2000,HDB,424808,15,42,East Region,Bedok
FLO RESIDENCE,"990,000","1,044.11",948,31 Jan 2018,7 PUNGGOL FIELD WALK #08-16,Resale,Strata,97,"10,206",-,Condominium,1,99 yrs from 05/12/2011,2016,HDB,828742,19,82,North East Region,Punggol
PARC RIVIERA,"1,450,000","1,184.04","1,225",31 Jan 2018,103 WEST COAST VALE #25-22,New Sale,Strata,110,"13,182",-,Condominium,1,99 yrs from 11/11/2015,Uncompleted,HDB,126754,05,12,West Region,Clementi
KENTISH LODGE,"1,170,000","1,216.33",962,31 Jan 2018,3 OXFORD ROAD #03-13,Resale,Strata,113,"10,354",-,Apartment,1,99 yrs from 01/03/1995,1998,Private,218814,08,21,Central Region,Kallang
SYMPHONY SUITES,"941,000",914.94,"1,028",31 Jan 2018,11 YISHUN CLOSE #02-24,New Sale,Strata,85,"11,071",-,Condominium,1,99 yrs from 10/06/2014,Uncompleted,HDB,768009,27,76,North Region,Yishun
SYMPHONY SUITES,"995,000",914.94,"1,088",31 Jan 2018,9 YISHUN CLOSE #11-17,New Sale,Strata,85,"11,706",-,Condominium,1,99 yrs from 10/06/2014,Uncompleted,HDB,768008,27,76,North Region,Yishun
PARC RIVIERA,"1,441,000","1,151.75","1,251",31 Jan 2018,101 WEST COAST VALE #31-01,New Sale,Strata,107,"13,467",-,Condominium,1,99 yrs from 11/11/2015,Uncompleted,Private,126753,05,12,West Region,Clementi
PARKVIEW APARTMENTS,"780,000","1,162.51",671,31 Jan 2018,1 BUKIT BATOK STREET 25 #10-16,Resale,Strata,108,"7,222",-,Apartment,1,99 yrs from 01/05/1994,1998,Private,658882,23,65,West Region,Bukit Batok
PARC BOTANNIA,"1,223,000",958,"1,277",31 Jan 2018,16 FERNVALE STREET #05-24,New Sale,Strata,89,"13,742",-,Condominium,1,99 yrs from 28/12/2016,Uncompleted,HDB,797393,28,79,North East Region,Sengkang
SYMPHONY SUITES,"1,022,000",914.94,"1,117",31 Jan 2018,11 YISHUN CLOSE #14-24,New Sale,Strata,85,"12,024",-,Condominium,1,99 yrs from 10/06/2014,Uncompleted,HDB,768009,27,76,North Region,Yishun
EASTPOINT GREEN,"910,000","1,184.04",769,31 Jan 2018,5 SIMEI STREET 3 #06-02,Resale,Strata,110,"8,273",-,Condominium,1,99 yrs from 24/04/1996,1999,HDB,529892,18,52,East Region,Tampines
TRE RESIDENCES,"1,331,000",947.23,"1,405",31 Jan 2018,7 GEYLANG EAST AVENUE 1 #10-06,New Sale,Strata,88,"15,125",-,Condominium,1,99 yrs from 23/04/2014,Uncompleted,HDB,389782,14,38,Central Region,Geylang
REGENT PARK,"900,000",958,939,31 Jan 2018,22 JALAN LEMPENG #03-06,Resale,Strata,89,"10,112",-,Condominium,1,99 yrs from 01/12/1993,1997,Private,128803,05,12,West Region,Clementi
PARC OLYMPIA,"638,000",645.84,988,31 Jan 2018,56 FLORA DRIVE #02-27,Resale,Strata,60,"10,633",-,Condominium,1,99 yrs from 25/01/2012,2015,Private,506856,17,50,East Region,Pasir Ris
SYMPHONY SUITES,"1,102,000","1,022.58","1,078",31 Jan 2018,13 YISHUN CLOSE #12-26,New Sale,Strata,95,"11,600",-,Condominium,1,99 yrs from 10/06/2014,Uncompleted,HDB,768010,27,76,North Region,Yishun
SYMPHONY SUITES,"1,014,000",914.94,"1,108",31 Jan 2018,9 YISHUN CLOSE #15-20,New Sale,Strata,85,"11,929",-,Condominium,1,99 yrs from 10/06/2014,Uncompleted,HDB,768008,27,76,North Region,Yishun
THE ALPS RESIDENCES,"1,073,000",936.47,"1,146",31 Jan 2018,111 TAMPINES STREET 86 #10-35,New Sale,Strata,87,"12,333",-,Condominium,1,99 yrs from 03/08/2015,Uncompleted,HDB,528535,18,52,East Region,Tampines
GEM RESIDENCES,"1,421,640",947.23,"1,501",31 Jan 2018,3 LORONG 5 TOA PAYOH #24-16,New Sale,Strata,88,"16,155",-,Condominium,1,99 yrs from 21/09/2015,Uncompleted,HDB,319459,12,31,Central Region,Toa Payoh
LE QUEST,"1,080,000",818.06,"1,320",31 Jan 2018,6 BUKIT BATOK STREET 41 #14-16,New Sale,Strata,76,"14,211",-,Apartment,1,99 yrs from 29/08/2016,Uncompleted,N.A,657992,23,65,West Region,Bukit Batok
NEEM TREE,"785,700",452.09,"1,738",31 Jan 2018,30 JALAN KEMAMAN #06-03,New Sale,Strata,42,"18,707",-,Apartment,1,Freehold,Uncompleted,Private,329341,12,32,Central Region,Novena
PARC RIVIERA,"1,456,000","1,184.04","1,230",31 Jan 2018,103 WEST COAST VALE #26-22,New Sale,Strata,110,"13,236",-,Condominium,1,99 yrs from 11/11/2015,Uncompleted,Private,126754,05,12,West Region,Clementi
THE VERMONT ON CAIRNHILL,"1,900,000",893.41,"2,127",31 Jan 2018,12B CAIRNHILL RISE #09-08,Resale,Strata,83,"22,892",-,Apartment,1,Freehold,2013,Private,229747,09,22,Central Region,Newton
EASTWOOD REGENCY,"520,000",419.8,"1,239",31 Jan 2018,40 EASTWOOD ROAD #03-08,Resale,Strata,39,"13,333",-,Apartment,1,Freehold,2010,Private,486397,16,48,East Region,Bedok
THE TRILINQ,"1,878,000","1,765.3","1,064",31 Jan 2018,28 JALAN LEMPENG #02-03,New Sale,Strata,164,"11,451",-,Condominium,1,99 yrs from 16/04/2012,2017,N.A,128807,05,12,West Region,Clementi
SYMPHONY SUITES,"1,025,000",893.41,"1,147",31 Jan 2018,19 YISHUN CLOSE #14-39,New Sale,Strata,83,"12,349",-,Condominium,1,99 yrs from 10/06/2014,Uncompleted,N.A,768013,27,76,North Region,Yishun
THE ALPS RESIDENCES,"1,066,000",936.47,"1,138",31 Jan 2018,111 TAMPINES STREET 86 #09-35,New Sale,Strata,87,"12,253",-,Condominium,1,99 yrs from 03/08/2015,Uncompleted,HDB,528535,18,52,East Region,Tampines
WESTCOVE CONDOMINIUM,"965,000","1,130.22",854,31 Jan 2018,16 WEST COAST CRESCENT #02-05,Resale,Strata,105,"9,190",-,Condominium,1,99 yrs from 01/03/1995,1998,Private,128044,05,12,West Region,Clementi
SYMPHONY SUITES,"999,000",914.94,"1,092",31 Jan 2018,9 YISHUN CLOSE #13-20,New Sale,Strata,85,"11,753",-,Condominium,1,99 yrs from 10/06/2014,Uncompleted,HDB,768008,27,76,North Region,Yishun
SYMPHONY SUITES,"1,113,000","1,022.58","1,088",31 Jan 2018,3 YISHUN CLOSE #14-06,New Sale,Strata,95,"11,716",-,Condominium,1,99 yrs from 10/06/2014,Uncompleted,N.A,768005,27,76,North Region,Yishun
SYMPHONY SUITES,"975,820",893.41,"1,092",31 Jan 2018,17 YISHUN CLOSE #11-34,New Sale,Strata,83,"11,757",-,Condominium,1,99 yrs from 10/06/2014,Uncompleted,HDB,768012,27,76,North Region,Yishun
SYMPHONY SUITES,"927,000",893.41,"1,038",31 Jan 2018,3 YISHUN CLOSE #02-07,New Sale,Strata,83,"11,169",-,Condominium,1,99 yrs from 10/06/2014,Uncompleted,N.A,768005,27,76,North Region,Yishun
SYMPHONY SUITES,"998,000",914.94,"1,091",31 Jan 2018,13 YISHUN CLOSE #13-28,New Sale,Strata,85,"11,741",-,Condominium,1,99 yrs from 10/06/2014,Uncompleted,HDB,768010,27,76,North Region,Yishun
SYMPHONY SUITES,"1,110,000","1,022.58","1,085",31 Jan 2018,5 YISHUN CLOSE #15-11,New Sale,Strata,95,"11,684",-,Condominium,1,99 yrs from 10/06/2014,Uncompleted,HDB,768006,27,76,North Region,Yishun
TRE RESIDENCES,"1,290,000",947.23,"1,362",31 Jan 2018,7 GEYLANG EAST AVENUE 1 #08-07,New Sale,Strata,88,"14,659",-,Condominium,1,99 yrs from 23/04/2014,Uncompleted,HDB,389782,14,38,Central Region,Geylang
SYMPHONY SUITES,"943,630",914.94,"1,031",31 Jan 2018,13 YISHUN CLOSE #08-25,New Sale,Strata,85,"11,102",-,Condominium,1,99 yrs from 10/06/2014,Uncompleted,N.A,768010,27,76,North Region,Yishun
DUO RESIDENCES,"4,300,461","1,926.76","2,232",31 Jan 2018,1 FRASER STREET #43-11,New Sale,Strata,179,"24,025",-,Apartment,1,99 yrs from 01/07/2011,2017,Private,189350,07,18,Central Region,Downtown Core
SYMPHONY SUITES,"1,013,000",893.41,"1,134",31 Jan 2018,17 YISHUN CLOSE #12-34,New Sale,Strata,83,"12,205",-,Condominium,1,99 yrs from 10/06/2014,Uncompleted,HDB,768012,27,76,North Region,Yishun
PALMWOODS,"960,000","1,140.98",841,31 Jan 2018,450 UPPER CHANGI ROAD #01-09,Resale,Strata,106,"9,057",-,Condominium,1,99 yrs from 12/06/1996,1999,HDB,487040,16,48,East Region,Bedok
GEM RESIDENCES,"1,417,000",947.23,"1,496",31 Jan 2018,3 LORONG 5 TOA PAYOH #09-16,New Sale,Strata,88,"16,102",-,Condominium,1,99 yrs from 21/09/2015,Uncompleted,HDB,319459,12,31,Central Region,Toa Payoh
SYMPHONY SUITES,"1,027,000","1,022.58","1,004",31 Jan 2018,19 YISHUN CLOSE #04-38,New Sale,Strata,95,"10,811",-,Condominium,1,99 yrs from 10/06/2014,Uncompleted,Private,768013,27,76,North Region,Yishun
AMARYLLIS VILLE,"1,470,000",979.52,"1,501",31 Jan 2018,22 NEWTON ROAD #08-12,Resale,Strata,91,"16,154",-,Condominium,1,99 yrs from 24/10/1997,2004,Private,307990,11,30,Central Region,Novena
GEM RESIDENCES,"1,882,000","1,248.62","1,507",31 Jan 2018,3 LORONG 5 TOA PAYOH #31-15,New Sale,Strata,116,"16,224",-,Condominium,1,99 yrs from 21/09/2015,Uncompleted,Private,319459,12,31,Central Region,Toa Payoh
GEM RESIDENCES,"1,465,000",979.52,"1,496",31 Jan 2018,1 LORONG 5 TOA PAYOH #15-04,New Sale,Strata,91,"16,099",-,Condominium,1,99 yrs from 21/09/2015,Uncompleted,HDB,319458,12,31,Central Region,Toa Payoh
THE OXLEY,"1,538,000",775.01,"1,984",31 Jan 2018,9 OXLEY RISE #08-03,Resale,Strata,72,"21,361",-,Apartment,1,Freehold,1996,Private,238697,09,23,Central Region,Museum
TRE RESIDENCES,"1,164,000",764.24,"1,523",31 Jan 2018,9 GEYLANG EAST AVENUE 1 #12-12,New Sale,Strata,71,"16,394",-,Condominium,1,99 yrs from 23/04/2014,Uncompleted,HDB,389783,14,38,Central Region,Geylang
THE HILLFORD,"545,000",505.91,"1,077",31 Jan 2018,178 JALAN JURONG KECHIL #02-34,Resale,Strata,47,"11,596",-,Apartment,1,60 yrs from 19/02/2013,2016,Private,596150,21,59,Central Region,Bukit Timah
GEM RESIDENCES,"1,519,000","1,011.82","1,501",31 Jan 2018,3 LORONG 5 TOA PAYOH #18-12,New Sale,Strata,94,"16,160",-,Condominium,1,99 yrs from 21/09/2015,Uncompleted,N.A,319459,12,31,Central Region,Toa Payoh
LE CRESCENDO,"1,540,000","1,453.14","1,060",31 Jan 2018,233 PAYA LEBAR ROAD #12-02,Resale,Strata,135,"11,407",-,Condominium,1,Freehold,2006,HDB,409044,14,40,Central Region,Geylang
SYMPHONY SUITES,"1,119,000","1,022.58","1,094",31 Jan 2018,9 YISHUN CLOSE #14-18,New Sale,Strata,95,"11,779",-,Condominium,1,99 yrs from 10/06/2014,Uncompleted,HDB,768008,27,76,North Region,Yishun
ROSEWOOD,"880,000","1,173.28",750,31 Jan 2018,9 ROSEWOOD DRIVE #13-18,Resale,Strata,109,"8,073",-,Condominium,1,99 yrs from 20/06/2000,2003,HDB,737938,25,73,North Region,Woodlands
SYMPHONY SUITES,"990,000",914.94,"1,082",31 Jan 2018,13 YISHUN CLOSE #11-28,New Sale,Strata,85,"11,647",-,Condominium,1,99 yrs from 10/06/2014,Uncompleted,HDB,768010,27,76,North Region,Yishun
GEM RESIDENCES,"1,438,000",936.47,"1,536",31 Jan 2018,1 LORONG 5 TOA PAYOH #21-07,New Sale,Strata,87,"16,529",-,Condominium,1,99 yrs from 21/09/2015,Uncompleted,Private,319458,12,31,Central Region,Toa Payoh
SYMPHONY SUITES,"1,035,000",893.41,"1,158",31 Jan 2018,17 YISHUN CLOSE #15-34,New Sale,Strata,83,"12,470",-,Condominium,1,99 yrs from 10/06/2014,Uncompleted,HDB,768012,27,76,North Region,Yishun
SYMPHONY SUITES,"1,011,360","1,022.58",989,31 Jan 2018,19 YISHUN CLOSE #02-38,New Sale,Strata,95,"10,646",-,Condominium,1,99 yrs from 10/06/2014,Uncompleted,HDB,768013,27,76,North Region,Yishun
SYMPHONY SUITES,"977,060",914.94,"1,068",31 Jan 2018,13 YISHUN CLOSE #12-28,New Sale,Strata,85,"11,495",-,Condominium,1,99 yrs from 10/06/2014,Uncompleted,N.A,768010,27,76,North Region,Yishun
SYMPHONY SUITES,"1,020,000",893.41,"1,142",31 Jan 2018,3 YISHUN CLOSE #13-07,New Sale,Strata,83,"12,289",-,Condominium,1,99 yrs from 10/06/2014,Uncompleted,HDB,768005,27,76,North Region,Yishun
D'SUNRISE,"870,000",850.36,"1,023",31 Jan 2018,8 JOO CHIAT LANE #03-03,Resale,Strata,79,"11,013",-,Apartment,1,Freehold,2007,Private,428094,15,42,Central Region,Geylang
SYMPHONY SUITES,"998,000",893.41,"1,117",31 Jan 2018,17 YISHUN CLOSE #10-34,New Sale,Strata,83,"12,024",-,Condominium,1,99 yrs from 10/06/2014,Uncompleted,HDB,768012,27,76,North Region,Yishun
SYMPHONY SUITES,"1,019,000",914.94,"1,114",31 Jan 2018,13 YISHUN CLOSE #15-28,New Sale,Strata,85,"11,988",-,Condominium,1,99 yrs from 10/06/2014,Uncompleted,HDB,768010,27,76,North Region,Yishun
NEW FUTURA,"7,453,800","2,249.68","3,313",31 Jan 2018,18 LEONIE HILL ROAD #16-05,Resale,Strata,209,"35,664",-,Condominium,1,Freehold,2017,Private,239199,09,23,Central Region,River Valley
TRE RESIDENCES,"1,255,000",861.12,"1,457",31 Jan 2018,9 GEYLANG EAST AVENUE 1 #14-15,New Sale,Strata,80,"15,688",-,Condominium,1,99 yrs from 23/04/2014,Uncompleted,Private,389783,14,38,Central Region,Geylang
GEM RESIDENCES,"1,543,410","1,011.82","1,525",31 Jan 2018,3 LORONG 5 TOA PAYOH #21-12,New Sale,Strata,94,"16,419",-,Condominium,1,99 yrs from 21/09/2015,Uncompleted,HDB,319459,12,31,Central Region,Toa Payoh
THE LUXURIE,"900,000",775.01,"1,161",31 Jan 2018,27 COMPASSVALE ROAD #13-34,Resale,Strata,72,"12,500",-,Condominium,1,99 yrs from 15/06/2011,2015,HDB,544757,19,54,North East Region,Sengkang
SYMPHONY SUITES,"1,100,000","1,022.58","1,076",31 Jan 2018,13 YISHUN CLOSE #15-26,New Sale,Strata,95,"11,579",-,Condominium,1,99 yrs from 10/06/2014,Uncompleted,HDB,768010,27,76,North Region,Yishun
SYMPHONY SUITES,"1,017,000",914.94,"1,112",31 Jan 2018,9 YISHUN CLOSE #14-17,New Sale,Strata,85,"11,965",-,Condominium,1,99 yrs from 10/06/2014,Uncompleted,HDB,768008,27,76,North Region,Yishun
SYMPHONY SUITES,"1,040,000",893.41,"1,164",31 Jan 2018,19 YISHUN CLOSE #15-39,New Sale,Strata,83,"12,530",-,Condominium,1,99 yrs from 10/06/2014,Uncompleted,Private,768013,27,76,North Region,Yishun
SYMPHONY SUITES,"960,000",893.41,"1,075",31 Jan 2018,19 YISHUN CLOSE #06-39,New Sale,Strata,83,"11,566",-,Condominium,1,99 yrs from 10/06/2014,Uncompleted,Private,768013,27,76,North Region,Yishun
SYMPHONY SUITES,"1,089,000","1,022.58","1,065",31 Jan 2018,19 YISHUN CLOSE #11-38,New Sale,Strata,95,"11,463",-,Condominium,1,99 yrs from 10/06/2014,Uncompleted,HDB,768013,27,76,North Region,Yishun
HOUGANG GREEN,"757,000","1,140.98",663,31 Jan 2018,5 BUANGKOK GREEN #14-04,Resale,Strata,106,"7,142",-,Apartment,1,99 yrs from 01/12/1994,1998,HDB,539748,19,53,North East Region,Hougang
GEM RESIDENCES,"1,428,570",947.23,"1,508",31 Jan 2018,3 LORONG 5 TOA PAYOH #17-16,New Sale,Strata,88,"16,234",-,Condominium,1,99 yrs from 21/09/2015,Uncompleted,N.A,319459,12,31,Central Region,Toa Payoh
SYMPHONY SUITES,"1,105,000","1,022.58","1,081",31 Jan 2018,3 YISHUN CLOSE #13-06,New Sale,Strata,95,"11,632",-,Condominium,1,99 yrs from 10/06/2014,Uncompleted,HDB,768005,27,76,North Region,Yishun
SHELFORD SUITES,"1,980,000","1,270.15","1,559",31 Jan 2018,16 SHELFORD ROAD #05-04,Resale,Strata,118,"16,780",-,Condominium,1,Freehold,2011,Private,288383,11,28,Central Region,Bukit Timah
SYMPHONY SUITES,"1,003,520",914.94,"1,097",31 Jan 2018,9 YISHUN CLOSE #15-17,New Sale,Strata,85,"11,806",-,Condominium,1,99 yrs from 10/06/2014,Uncompleted,HDB,768008,27,76,North Region,Yishun
NEEM TREE,"792,300",452.09,"1,753",31 Jan 2018,30 JALAN KEMAMAN #07-03,New Sale,Strata,42,"18,864",-,Apartment,1,Freehold,Uncompleted,HDB,329341,12,32,Central Region,Novena
GEM RESIDENCES,"1,487,000",979.52,"1,518",31 Jan 2018,1 LORONG 5 TOA PAYOH #28-04,New Sale,Strata,91,"16,341",-,Condominium,1,99 yrs from 21/09/2015,Uncompleted,HDB,319458,12,31,Central Region,Toa Payoh
SYMPHONY SUITES,"1,010,000",893.41,"1,130",31 Jan 2018,17 YISHUN CLOSE #13-34,New Sale,Strata,83,"12,169",-,Condominium,1,99 yrs from 10/06/2014,Uncompleted,HDB,768012,27,76,North Region,Yishun
SYMPHONY SUITES,"1,120,000","1,022.58","1,095",31 Jan 2018,9 YISHUN CLOSE #12-18,New Sale,Strata,95,"11,789",-,Condominium,1,99 yrs from 10/06/2014,Uncompleted,HDB,768008,27,76,North Region,Yishun
SYMPHONY SUITES,"1,027,000",893.41,"1,150",31 Jan 2018,17 YISHUN CLOSE #14-34,New Sale,Strata,83,"12,373",-,Condominium,1,99 yrs from 10/06/2014,Uncompleted,HDB,768012,27,76,North Region,Yishun
SYMPHONY SUITES,"1,027,000",893.41,"1,150",31 Jan 2018,3 YISHUN CLOSE #14-07,New Sale,Strata,83,"12,373",-,Condominium,1,99 yrs from 10/06/2014,Uncompleted,Private,768005,27,76,North Region,Yishun
PARC ELEGANCE,"1,080,000",958,"1,127",31 Jan 2018,13 TELOK KURAU ROAD #02-10,Resale,Strata,89,"12,135",-,Apartment,1,Freehold,2013,HDB,423912,15,42,East Region,Bedok
TRE RESIDENCES,"1,177,000",764.24,"1,540",31 Jan 2018,7 GEYLANG EAST AVENUE 1 #15-05,New Sale,Strata,71,"16,577",-,Condominium,1,99 yrs from 23/04/2014,Uncompleted,HDB,389782,14,38,Central Region,Geylang
3@SANDILANDS,"830,000",764.24,"1,086",31 Jan 2018,3 SANDILANDS ROAD #03-01,Resale,Strata,71,"11,690",-,Apartment,1,999 yrs from 01/01/1886,2010,Private,546066,19,54,North East Region,Hougang
RIVER ISLES,"1,100,000","1,227.1",896,31 Jan 2018,68 EDGEDALE PLAINS #13-36,Resale,Strata,114,"9,649",-,Condominium,1,99 yrs from 06/02/2012,2015,HDB,828733,19,82,North East Region,Punggol
RIDGEWOOD,"2,613,000","2,002.1","1,305",31 Jan 2018,1 RIDGEWOOD CLOSE #19-05,Resale,Strata,186,"14,048",-,Condominium,1,999 yrs from 06/07/1885,1981,Private,276692,10,27,Central Region,Bukit Timah
SYMPHONY SUITES,"1,110,000","1,022.58","1,085",31 Jan 2018,13 YISHUN CLOSE #13-26,New Sale,Strata,95,"11,684",-,Condominium,1,99 yrs from 10/06/2014,Uncompleted,HDB,768010,27,76,North Region,Yishun
ATRIUM RESIDENCES,"950,000","1,011.82",939,31 Jan 2018,9 LORONG 28 GEYLANG #03-14,Resale,Strata,94,"10,106",-,Apartment,1,Freehold,2008,HDB,398414,14,39,Central Region,Geylang
STURDEE RESIDENCES,"1,449,800",947.23,"1,531",31 Jan 2018,10 BEATTY ROAD #19-12,New Sale,Strata,88,"16,475",-,Condominium,1,99 yrs from 29/06/2015,Uncompleted,N.A,209955,08,20,Central Region,Kallang
KALLANG RIVERSIDE,"2,647,834","1,140.98","2,321",31 Jan 2018,51 KAMPONG BUGIS #25-03,New Sale,Strata,106,"24,980",-,Apartment,1,Freehold,Uncompleted,Private,338986,12,33,Central Region,Kallang
RESIDENCES AT 338A,"1,990,000","1,205.57","1,651",31 Jan 2018,338A RIVER VALLEY ROAD #03-01,Resale,Strata,112,"17,768",-,Apartment,1,Freehold,2004,Private,238381,09,23,Central Region,River Valley
NEPTUNE COURT,"928,000","1,270.15",731,31 Jan 2018,6 MARINE VISTA #04-19,Resale,Strata,118,"7,864",-,Apartment,1,99 yrs from 01/09/1976,1975,Private,449030,15,44,East Region,Bedok
STURDEE RESIDENCES,"1,492,800",947.23,"1,576",31 Jan 2018,10 BEATTY ROAD #23-12,New Sale,Strata,88,"16,964",-,Condominium,1,99 yrs from 29/06/2015,Uncompleted,HDB,209955,08,20,Central Region,Kallang
PARC OLYMPIA,"1,030,000","1,291.68",797,31 Jan 2018,50 FLORA DRIVE #08-04,Resale,Strata,120,"8,583",-,Condominium,1,99 yrs from 25/01/2012,2015,HDB,506868,17,50,East Region,Pasir Ris
GEM RESIDENCES,"1,598,965",979.52,"1,632",31 Jan 2018,1 LORONG 5 TOA PAYOH #35-04,New Sale,Strata,91,"17,571",-,Condominium,1,99 yrs from 21/09/2015,Uncompleted,N.A,319458,12,31,Central Region,Toa Payoh
SPOTTISWOODE RESIDENCES,"1,180,000",602.78,"1,958",31 Jan 2018,48 SPOTTISWOODE PARK ROAD #21-08,Resale,Strata,56,"21,071",-,Condominium,1,Freehold,2013,Private,088660,02,08,Central Region,Bukit Merah
SEASIDE RESIDENCES,"1,054,000",592.02,"1,780",31 Jan 2018,18 SIGLAP LINK #12-30,New Sale,Strata,55,"19,164",-,Apartment,1,99 yrs from 18/04/2016,Uncompleted,HDB,448873,15,44,East Region,Bedok
SYMPHONY SUITES,"1,035,000",893.41,"1,158",31 Jan 2018,3 YISHUN CLOSE #15-07,New Sale,Strata,83,"12,470",-,Condominium,1,99 yrs from 10/06/2014,Uncompleted,Private,768005,27,76,North Region,Yishun
CARIBBEAN AT KEPPEL BAY,"2,090,000","1,356.26","1,541",31 Jan 2018,32 KEPPEL BAY DRIVE #07-63,Resale,Strata,126,"16,587",-,Condominium,1,99 yrs from 16/08/1999,2004,Private,098651,04,09,Central Region,Bukit Merah
SYMPHONY SUITES,"1,005,000",914.94,"1,098",31 Jan 2018,11 YISHUN CLOSE #13-21,New Sale,Strata,85,"11,824",-,Condominium,1,99 yrs from 10/06/2014,Uncompleted,HDB,768009,27,76,North Region,Yishun
EVERGREEN PARK,"745,000","1,087.16",685,31 Jan 2018,31 HOUGANG AVENUE 7 #09-09,Resale,Strata,101,"7,376",-,Apartment,1,99 yrs from 01/10/1995,1999,HDB,538800,19,53,North East Region,Hougang
GRAMERCY PARK,"6,087,150","1,980.58","3,073",01 Feb 2018,57 GRANGE ROAD #14-06,Resale,Strata,184,"33,082",-,Condominium,1,Freehold,2016,Private,249569,10,24,Central Region,Tanglin
THE METZ,"1,400,000",581.26,"2,409",01 Feb 2018,83 DEVONSHIRE ROAD #04-03,Resale,Strata,54,"25,926",-,Condominium,1,Freehold,2007,Private,239864,09,23,Central Region,River Valley
PARC RIVIERA,"598,000",462.85,"1,292",01 Feb 2018,103 WEST COAST VALE #22-15,New Sale,Strata,43,"13,907",-,Condominium,1,99 yrs from 11/11/2015,Uncompleted,HDB,126754,05,12,West Region,Clementi
SCOTTS SQUARE,"3,750,000","1,248.62","3,003",01 Feb 2018,8 SCOTTS ROAD #20-01,Resale,Strata,116,"32,328",-,Apartment,1,Freehold,2011,Private,228238,09,22,Central Region,Orchard
11 AMBER ROAD,"2,058,000","1,506.96","1,366",01 Feb 2018,11 AMBER ROAD #10-01,Resale,Strata,140,"14,700",-,Apartment,1,Freehold,2004,Private,439857,15,43,Central Region,Marine Parade
ORCHID PARK CONDOMINIUM,"602,000",958,628,01 Feb 2018,81 YISHUN STREET 81 #01-03,Resale,Strata,89,"6,764",-,Condominium,1,99 yrs from 01/09/1991,1994,HDB,768445,27,76,North Region,Yishun
FERRARIA PARK CONDOMINIUM,"1,250,000","1,323.97",944,01 Feb 2018,22 FLORA DRIVE #02-39,Resale,Strata,123,"10,163",-,Condominium,1,Freehold,2009,Private,506948,17,50,East Region,Pasir Ris
NOTTINGHILL SUITES,"630,000",398.27,"1,582",01 Feb 2018,29A TOH TUCK ROAD #02-17,Resale,Strata,37,"17,027",-,Apartment,1,Freehold,2014,HDB,596195,21,59,Central Region,Bukit Timah
HILLINGTON GREEN,"1,550,000","1,528.49","1,014",01 Feb 2018,57 HILLVIEW AVENUE #02-06,Resale,Strata,142,"10,915",-,Condominium,1,999 yrs from 19/05/1883,2002,Private,669568,23,66,West Region,Bukit Batok
SKY@ELEVEN,"3,235,000","1,851.41","1,747",01 Feb 2018,11 THOMSON LANE #41-09,Resale,Strata,172,"18,808",-,Condominium,1,Freehold,2010,Private,297727,11,29,Central Region,Toa Payoh
SUITES@ KATONG,"535,000",333.68,"1,603",01 Feb 2018,263 TANJONG KATONG ROAD #03-03,Resale,Strata,31,"17,258",-,Apartment,1,Freehold,2012,HDB,437050,15,43,Central Region,Marine Parade
LLOYD SIXTYFIVE,"5,153,000","1,722.24","2,992",01 Feb 2018,65 LLOYD ROAD #02-06,Resale,Strata,160,"32,206",-,Apartment,1,Freehold,2016,Private,239114,09,23,Central Region,River Valley
GEM RESIDENCES,"1,200,000",678.13,"1,770",01 Feb 2018,1 LORONG 5 TOA PAYOH #27-02,New Sale,Strata,63,"19,048",-,Condominium,1,99 yrs from 21/09/2015,Uncompleted,N.A,319458,12,31,Central Region,Toa Payoh
ARTRA,"4,608,700","2,583.36","1,784",01 Feb 2018,10 ALEXANDRA VIEW #43-01,New Sale,Strata,240,"19,203",-,Apartment,1,99 yrs from 15/02/2016,Uncompleted,Private,158745,03,15,Central Region,Bukit Merah
NEEM TREE,"1,198,200",818.06,"1,465",01 Feb 2018,30 JALAN KEMAMAN #05-02,New Sale,Strata,76,"15,766",-,Apartment,1,Freehold,Uncompleted,HDB,329341,12,32,Central Region,Novena
THE GALE,"916,000","1,033.34",886,01 Feb 2018,78 FLORA ROAD #02-44,Resale,Strata,96,"9,542",-,Condominium,1,Freehold,2013,Private,506918,17,50,East Region,Pasir Ris
PARC RIVIERA,"750,000",602.78,"1,244",01 Feb 2018,103 WEST COAST VALE #08-20,New Sale,Strata,56,"13,393",-,Condominium,1,99 yrs from 11/11/2015,Uncompleted,Private,126754,05,12,West Region,Clementi
HIGHLINE RESIDENCES,"4,710,000","2,249.68","2,094",01 Feb 2018,7 KIM TIAN ROAD #35-07,New Sale,Strata,209,"22,536",-,Condominium,1,99 yrs from 22/07/2013,2018,Private,168592,03,16,Central Region,Bukit Merah
ONE LEICESTER,"1,750,000","1,377.79","1,270",01 Feb 2018,1 LEICESTER ROAD #02-01,Resale,Strata,128,"13,672",-,Condominium,1,Freehold,2008,Private,358828,13,35,Central Region,Toa Payoh
SEASONS PARK,"833,000","1,044.11",798,01 Feb 2018,493 YIO CHU KANG ROAD #06-03,Resale,Strata,97,"8,588",-,Condominium,1,99 yrs from 01/03/1995,1997,Private,787079,26,78,North East Region,Ang Mo Kio
HAZEL PARK CONDOMINIUM,"1,330,000","1,323.97","1,005",01 Feb 2018,25 HAZEL PARK TERRACE #03-10,Resale,Strata,123,"10,813",-,Condominium,1,999 yrs from 25/09/1882,2000,HDB,678948,23,67,West Region,Bukit Panjang
NATHAN RESIDENCES,"1,485,000",947.23,"1,568",01 Feb 2018,23 NATHAN ROAD #01-03,Resale,Strata,88,"16,875",-,Apartment,1,Freehold,2013,HDB,248744,10,24,Central Region,Tanglin
LE CRESCENDO,"1,160,000",947.23,"1,225",01 Feb 2018,233 PAYA LEBAR ROAD #17-07,Resale,Strata,88,"13,182",-,Condominium,1,Freehold,2006,Private,409044,14,40,Central Region,Geylang
R MAISON,"1,406,592","1,184.04","1,188",01 Feb 2018,1 SOMMERVILLE WALK #01-07,Resale,Strata,110,"12,787",-,Apartment,1,Freehold,2016,Private,357699,13,35,North East Region,Serangoon
MADISON RESIDENCES,"3,428,000","1,776.06","1,930",01 Feb 2018,355 BUKIT TIMAH ROAD #08-01,Resale,Strata,165,"20,776",-,Condominium,1,Freehold,2012,HDB,259724,10,25,Central Region,Tanglin
PARK EAST,"1,980,000","1,722.24","1,150",01 Feb 2018,73 JALAN TUA KONG #03-02,Resale,Strata,160,"12,375",-,Condominium,1,Freehold,1994,Private,457266,15,45,East Region,Bedok
JERSEY LODGE,"1,070,000",936.47,"1,143",01 Feb 2018,150 LORONG J TELOK KURAU #04-01,Resale,Strata,87,"12,299",-,Apartment,1,Freehold,2000,Private,423491,15,42,East Region,Bedok
QUEENS PEAK,"1,333,000",775.01,"1,720",01 Feb 2018,1 DUNDEE ROAD #23-08,New Sale,Strata,72,"18,514",-,Condominium,1,99 yrs from 28/09/2015,Uncompleted,N.A,149456,03,14,Central Region,Queenstown
BOON TECK APARTMENTS,"1,268,000","1,237.86","1,024",01 Feb 2018,42 BOON TECK ROAD #11-01,Resale,Strata,115,"11,026",-,Apartment,1,Freehold,1990,Private,329609,12,32,Central Region,Novena
THE QUARTZ,"1,030,000","1,065.64",967,01 Feb 2018,63 COMPASSVALE BOW #12-28,Resale,Strata,99,"10,404",-,Condominium,1,99 yrs from 18/04/2005,2009,Private,544990,19,54,North East Region,Sengkang
VALLEY PARK,"5,100,000","3,272.26","1,559",01 Feb 2018,483 RIVER VALLEY ROAD #15-01,Resale,Strata,304,"16,776",-,Condominium,1,999 yrs from 21/06/1877,1997,Private,248368,10,24,Central Region,Tanglin
MERA EAST,"1,418,000","1,216.33","1,166",01 Feb 2018,336 CHANGI ROAD #04-04,Resale,Strata,113,"12,549",-,Apartment,1,Freehold,2007,Private,419809,14,41,East Region,Bedok
NORTHVALE,"1,515,000","2,701.76",561,01 Feb 2018,65 CHOA CHU KANG LOOP #12-03,Resale,Strata,251,"6,036",-,Apartment,1,99 yrs from 01/03/1995,1998,HDB,689670,23,68,West Region,Choa Chu Kang
SUNNY PARC,"770,000",699.66,"1,101",01 Feb 2018,128 LORONG K TELOK KURAU #03-02,Resale,Strata,65,"11,846",-,Apartment,1,Freehold,2011,HDB,425767,15,42,East Region,Bedok
FLORA EAST,"1,340,000","1,453.14",922,01 Feb 2018,235 JOO CHIAT PLACE,Resale,Strata,135,"9,926",-,Apartment,1,Freehold,1993,HDB,427929,15,42,Central Region,Geylang
QUEENS PEAK,"3,144,000","2,002.1","1,570",01 Feb 2018,3 DUNDEE ROAD #31-18,New Sale,Strata,186,"16,903",-,Condominium,1,99 yrs from 28/09/2015,Uncompleted,Private,149457,03,14,Central Region,Queenstown
THE CLEMENT CANOPY,"1,459,000",990.29,"1,473",01 Feb 2018,18 CLEMENTI AVENUE 1 #29-07,New Sale,Strata,92,"15,859",-,Apartment,1,99 yrs from 09/03/2016,Uncompleted,Private,129961,05,12,West Region,Clementi
E MAISON,"1,334,976","1,227.1","1,088",01 Feb 2018,32 BRADDELL ROAD #05-19,Resale,Strata,114,"11,710",-,Apartment,1,Freehold,2016,Private,359967,13,35,North East Region,Serangoon
THE SHORE RESIDENCES,"1,800,000","1,140.98","1,578",01 Feb 2018,85 AMBER ROAD #15-14,Resale,Strata,106,"16,981",-,Condominium,1,103 yrs from 18/08/2009,2014,Private,439895,15,43,Central Region,Marine Parade
EAST MEADOWS,"1,028,000","1,194.8",860,01 Feb 2018,30 TANAH MERAH KECHIL ROAD #08-03,Resale,Strata,111,"9,261",-,Condominium,1,99 yrs from 02/03/1998,2001,HDB,465558,16,46,East Region,Bedok
BOATHOUSE RESIDENCES,"1,420,000","1,463.9",970,01 Feb 2018,29 UPPER SERANGOON VIEW #02-15,Resale,Strata,136,"10,441",-,Condominium,1,99 yrs from 09/02/2011,2015,Private,534044,19,53,North East Region,Hougang
PARC BOTANNIA,"1,435,000","1,151.75","1,246",01 Feb 2018,16 FERNVALE STREET #14-20,New Sale,Strata,107,"13,411",-,Condominium,1,99 yrs from 28/12/2016,Uncompleted,N.A,797393,28,79,North East Region,Sengkang
PARC RIVIERA,"1,311,000","1,151.75","1,138",01 Feb 2018,101 WEST COAST VALE #10-01,New Sale,Strata,107,"12,252",-,Condominium,1,99 yrs from 11/11/2015,Uncompleted,Private,126753,05,12,West Region,Clementi
CITY SUITES,"878,200",462.85,"1,897",01 Feb 2018,235 BALESTIER ROAD #15-04,New Sale,Strata,43,"20,423",-,Apartment,1,Freehold,2017,HDB,329699,12,32,Central Region,Novena
PARC BOTANNIA,"1,432,000","1,151.75","1,243",01 Feb 2018,16 FERNVALE STREET #18-20,New Sale,Strata,107,"13,383",-,Condominium,1,99 yrs from 28/12/2016,Uncompleted,N.A,797393,28,79,North East Region,Sengkang
BENG TONG MANSION,"1,800,000",882.65,"2,039",01 Feb 2018,247B TANJONG KATONG ROAD,Resale,Strata,82,"21,951",-,Apartment,1,Freehold,-,Private,437035,15,43,Central Region,Marine Parade
EASTCOVE RESIDENCES,"918,000",904.18,"1,015",01 Feb 2018,302 JOO CHIAT PLACE #02-04,Resale,Strata,84,"10,929",-,Apartment,1,Freehold,2002,Private,427982,15,42,East Region,Bedok
STURDEE RESIDENCES,"1,449,800",947.23,"1,531",01 Feb 2018,10 BEATTY ROAD #19-01,New Sale,Strata,88,"16,475",-,Condominium,1,99 yrs from 29/06/2015,Uncompleted,HDB,209955,08,20,Central Region,Kallang
CORALS AT KEPPEL BAY,"2,400,000","1,302.44","1,843",01 Feb 2018,11 KEPPEL BAY DRIVE #07-17,Resale,Strata,121,"19,835",-,Condominium,1,99 yrs from 26/02/2007,2016,Private,098017,04,09,Central Region,Bukit Merah
LE WOOD,"1,038,000","1,270.15",817,01 Feb 2018,23 HINDHEDE DRIVE #04-06,Resale,Strata,118,"8,797",-,Condominium,1,99 yrs from 11/03/1999,2000,Private,589320,21,58,West Region,Bukit Panjang
NEEM TREE,"1,140,000",624.31,"1,826",01 Feb 2018,30 JALAN KEMAMAN #07-04,New Sale,Strata,58,"19,655",-,Apartment,1,Freehold,Uncompleted,HDB,329341,12,32,Central Region,Novena
THE TRILINQ,"1,756,000","1,345.5","1,305",01 Feb 2018,28 JALAN LEMPENG #30-05,New Sale,Strata,125,"14,048",-,Condominium,1,99 yrs from 16/04/2012,2017,HDB,128807,05,12,West Region,Clementi
CASSIA VIEW,"1,315,000","1,205.57","1,091",01 Feb 2018,320 GUILLEMARD ROAD #04-03,Resale,Strata,112,"11,741",-,Apartment,1,Freehold,1998,Private,399746,14,39,Central Region,Geylang
HIGHLINE RESIDENCES,"2,369,250","1,151.75","2,057",01 Feb 2018,9 KIM TIAN ROAD #30-16,New Sale,Strata,107,"22,143",-,Condominium,1,99 yrs from 22/07/2013,2018,Private,168593,03,16,Central Region,Bukit Merah
PARC ROSEWOOD,"655,000",602.78,"1,087",01 Feb 2018,81 ROSEWOOD DRIVE #03-56,Resale,Strata,56,"11,696",-,Condominium,1,99 yrs from 07/09/2011,2014,HDB,737788,25,73,North Region,Woodlands
THE MILTONIA RESIDENCES,"1,200,000","1,550.02",774,01 Feb 2018,548 MILTONIA CLOSE #05-66,Resale,Strata,144,"8,333",-,Condominium,1,99 yrs from 30/11/2010,2014,Private,768118,27,76,North Region,Yishun
RICHMOND PARK,"4,500,000","1,550.02","2,903",01 Feb 2018,3 BIDEFORD ROAD #22-06,Resale,Strata,144,"31,250",-,Condominium,1,Freehold,1996,Private,229920,09,22,Central Region,Newton
HIGHLINE RESIDENCES,"2,354,250","1,151.75","2,044",01 Feb 2018,9 KIM TIAN ROAD #29-16,New Sale,Strata,107,"22,002",-,Condominium,1,99 yrs from 22/07/2013,2018,Private,168593,03,16,Central Region,Bukit Merah
HOLLAND RESIDENCES,"2,965,000","1,915.99","1,548",01 Feb 2018,3 TAMAN WARNA #01-05,Resale,Strata,178,"16,657",-,Condominium,1,Freehold,2012,Private,276340,10,27,Central Region,Bukit Timah
AQUARIUS BY THE PARK,"900,000","1,097.93",820,01 Feb 2018,5 BEDOK RESERVOIR VIEW #01-01,Resale,Strata,102,"8,824",-,Condominium,1,99 yrs from 12/06/1996,2000,Private,478928,16,47,East Region,Bedok
THE GLADES,"1,188,000",839.59,"1,415",01 Feb 2018,4 BEDOK RISE #10-12,Sub Sale,Strata,78,"15,231",-,Condominium,1,99 yrs from 21/01/2013,2016,HDB,469598,16,46,East Region,Bedok
D'NEST,"1,380,000","1,431.61",964,01 Feb 2018,145 PASIR RIS GROVE #12-63,Sub Sale,Strata,133,"10,376",-,Condominium,1,99 yrs from 20/10/2010,2017,Private,518137,18,51,East Region,Pasir Ris
WATERFRONT KEY,"1,020,000",893.41,"1,142",01 Feb 2018,778 BEDOK RESERVOIR ROAD #09-27,Resale,Strata,83,"12,289",-,Condominium,1,99 yrs from 31/10/2007,2012,HDB,479254,16,47,East Region,Bedok
SEASIDE RESIDENCES,"1,736,000","1,087.16","1,597",01 Feb 2018,18 SIGLAP LINK #08-31,New Sale,Strata,101,"17,188",-,Apartment,1,99 yrs from 18/04/2016,Uncompleted,HDB,448873,15,44,East Region,Bedok
THE PANORAMA,"970,000",699.66,"1,386",01 Feb 2018,10 ANG MO KIO AVENUE 2 #03-07,Sub Sale,Strata,65,"14,923",-,Condominium,1,99 yrs from 08/04/2013,2017,HDB,567696,20,56,North East Region,Ang Mo Kio
E MAISON,"1,419,924","1,022.58","1,389",01 Feb 2018,32 BRADDELL ROAD #01-22,Resale,Strata,95,"14,947",-,Apartment,1,Freehold,2016,Private,359967,13,35,North East Region,Serangoon
MEADOWS @ PEIRCE,"1,420,000","1,194.8","1,188",02 Feb 2018,626 UPPER THOMSON ROAD #03-02,Resale,Strata,111,"12,793",-,Condominium,1,Freehold,2012,HDB,787130,26,78,North East Region,Ang Mo Kio
HAZEL PARK CONDOMINIUM,"1,370,000","1,356.26","1,010",02 Feb 2018,25 HAZEL PARK TERRACE #05-06,Resale,Strata,126,"10,873",-,Condominium,1,999 yrs from 25/09/1882,2000,HDB,678948,23,67,West Region,Bukit Panjang
THE VERMONT ON CAIRNHILL,"1,900,000",893.41,"2,127",02 Feb 2018,12B CAIRNHILL RISE #14-08,Resale,Strata,83,"22,892",-,Apartment,1,Freehold,2013,Private,229747,09,22,Central Region,Newton
ESTELLA GARDENS,"978,000","1,291.68",757,02 Feb 2018,29 FLORA ROAD #02-04,Resale,Strata,120,"8,150",-,Condominium,1,Freehold,1999,Private,509742,17,50,East Region,Pasir Ris
THE CREST,"2,426,000","1,323.97","1,832",02 Feb 2018,105 PRINCE CHARLES CRESCENT #08-16,Resale,Strata,123,"19,724",-,Condominium,1,99 yrs from 21/12/2012,2017,Private,159019,03,15,Central Region,Bukit Merah
CARISSA PARK CONDOMINIUM,"780,000",925.7,843,02 Feb 2018,2 FLORA DRIVE #04-06,Resale,Strata,86,"9,070",-,Condominium,1,Freehold,2001,HDB,507025,17,50,East Region,Pasir Ris
SYMPHONY HEIGHTS,"1,350,000","1,216.33","1,110",02 Feb 2018,33 HUME AVENUE #08-05,Resale,Strata,113,"11,947",-,Condominium,1,Freehold,1998,HDB,598734,21,59,West Region,Bukit Batok
LOFT@HOLLAND,"800,000",322.92,"2,477",02 Feb 2018,151 HOLLAND ROAD #04-08,Resale,Strata,30,"26,667",-,Apartment,1,Freehold,2014,Private,278580,10,27,Central Region,Bukit Timah
TANGLIN REGENCY,"1,185,000",850.36,"1,394",02 Feb 2018,381 TANGLIN ROAD #07-06,Resale,Strata,79,"15,000",-,Condominium,1,99 yrs from 01/05/1994,1998,Private,247965,10,24,Central Region,Bukit Merah
D'LEEDON,"1,700,000","1,076.4","1,579",02 Feb 2018,7 LEEDON HEIGHTS #16-13,Resale,Strata,100,"17,000",-,Condominium,1,99 yrs from 08/04/2010,2014,Private,267953,10,26,Central Region,Bukit Timah
KALLANG RIVERSIDE,"2,169,000","1,033.34","2,099",02 Feb 2018,51 KAMPONG BUGIS #09-05,New Sale,Strata,96,"22,594",-,Apartment,1,Freehold,Uncompleted,Private,338986,12,33,Central Region,Kallang
ASTRIDVILLE,"3,250,000","2,432.66","1,336",02 Feb 2018,36B JALAN AMPANG,Resale,Strata,226,"14,381",-,Condominium,1,Freehold,1985,Private,268622,10,26,Central Region,Bukit Timah
KENTISH COURT,"1,015,000","1,044.11",972,02 Feb 2018,33 OXFORD ROAD #05-13,Resale,Strata,97,"10,464",-,Apartment,1,99 yrs from 01/03/1995,1999,Private,218816,08,21,Central Region,Kallang
ALESSANDREA,"1,370,000","1,001.05","1,369",02 Feb 2018,31 ALEXANDRA ROAD #09-05,Resale,Strata,93,"14,731",-,Apartment,1,Freehold,2003,HDB,159967,03,15,Central Region,Bukit Merah
DUCHESS CREST,"2,120,000","1,700.71","1,247",02 Feb 2018,64 DUCHESS AVENUE #03-06,Resale,Strata,158,"13,418",-,Condominium,1,99 yrs from 24/06/1995,1998,Private,269203,10,26,Central Region,Bukit Timah
PARC BOTANNIA,"1,380,000","1,151.75","1,198",02 Feb 2018,16 FERNVALE STREET #10-20,New Sale,Strata,107,"12,897",-,Condominium,1,99 yrs from 28/12/2016,Uncompleted,HDB,797393,28,79,North East Region,Sengkang
FOREST HILLS CONDOMINIUM,"840,000","1,162.51",723,02 Feb 2018,27 TRANSIT ROAD #04-05,Resale,Strata,108,"7,778",-,Condominium,1,99 yrs from 10/02/2000,2003,Private,778904,26,77,North Region,Yishun
THE INFLORA,"540,000",462.85,"1,167",02 Feb 2018,63 FLORA DRIVE #04-39,Resale,Strata,43,"12,558",-,Condominium,1,99 yrs from 25/05/2012,2016,Private,506848,17,50,East Region,Pasir Ris
A TREASURE TROVE,"960,000",914.94,"1,049",02 Feb 2018,62 PUNGGOL WALK #06-27,Resale,Strata,85,"11,294",-,Condominium,1,99 yrs from 09/03/2011,2015,HDB,828781,19,82,North East Region,Punggol
MELVILLE PARK,"740,000",958,772,02 Feb 2018,24 SIMEI STREET 1 #09-06,Resale,Strata,89,"8,315",-,Condominium,1,99 yrs from 01/09/1992,1996,HDB,529946,18,52,East Region,Tampines
DUCHESS CREST,"2,185,000","1,711.48","1,277",02 Feb 2018,64 DUCHESS AVENUE #03-04,Resale,Strata,159,"13,742",-,Condominium,1,99 yrs from 24/06/1995,1998,Private,269203,10,26,Central Region,Bukit Timah
BIJOU,"1,116,050",570.49,"1,946",02 Feb 2018,2 JALAN MAT JAMBOL #03-09,New Sale,Strata,53,"20,945","1,110,098",Apartment,1,Freehold,Uncompleted,HDB,119554,05,11,Central Region,Queenstown
NV RESIDENCES,"1,230,000","1,453.14",846,02 Feb 2018,85 PASIR RIS GROVE #02-08,Resale,Strata,135,"9,111",-,Condominium,1,99 yrs from 07/01/2008,2013,HDB,518212,18,51,East Region,Pasir Ris
QUEENS PEAK,"1,595,000",850.36,"1,876",02 Feb 2018,3 DUNDEE ROAD #38-17,New Sale,Strata,79,"20,190",-,Condominium,1,99 yrs from 28/09/2015,Uncompleted,Private,149457,03,14,Central Region,Queenstown
THE SIERRA,"1,288,000",979.52,"1,315",02 Feb 2018,80 MOUNT SINAI DRIVE #13-02,Resale,Strata,91,"14,154",-,Apartment,1,947 yrs from 15/05/1937,1998,HDB,277125,10,27,Central Region,Bukit Timah
COMPASS HEIGHTS,"1,180,000","1,323.97",891,02 Feb 2018,11 SENGKANG SQUARE #11-36,Resale,Strata,123,"9,593",-,Apartment,1,99 yrs from 30/04/2000,2002,HDB,545076,19,54,North East Region,Sengkang
16 @ AMBER,"1,180,000",710.42,"1,661",02 Feb 2018,16 AMBER ROAD #10-01,Resale,Strata,66,"17,879",-,Apartment,1,Freehold,2014,HDB,439866,15,43,Central Region,Marine Parade
SENNETT RESIDENCE,"1,500,000","1,130.22","1,327",02 Feb 2018,33 PHENG GECK AVENUE #03-11,Resale,Strata,105,"14,286",-,Condominium,1,99 yrs from 28/11/2011,2016,HDB,348228,13,34,Central Region,Toa Payoh
SANCTUARY GREEN,"1,250,000",958,"1,305",02 Feb 2018,185 TANJONG RHU ROAD #07-04,Resale,Strata,89,"14,045",-,Condominium,1,99 yrs from 17/03/1997,2003,Private,436924,15,43,Central Region,Kallang
LUCIDA,"948,000",624.31,"1,518",02 Feb 2018,2 SUFFOLK ROAD #14-02,Resale,Strata,58,"16,345",-,Apartment,1,Freehold,2011,Private,307780,11,30,Central Region,Novena
PARC VISTA,"900,000","1,054.87",853,02 Feb 2018,454 CORPORATION ROAD #12-04,Resale,Strata,98,"9,184",-,Condominium,1,99 yrs from 01/03/1995,1998,HDB,649812,22,64,West Region,Jurong West
MAYSPRINGS,"1,210,000","1,550.02",781,02 Feb 2018,6 PETIR ROAD #18-06,Resale,Strata,144,"8,403",-,Apartment,1,99 yrs from 01/12/1994,1998,Private,678267,23,67,West Region,Bukit Panjang
WATERBANK AT DAKOTA,"1,070,000",624.31,"1,714",02 Feb 2018,78 DAKOTA CRESCENT #20-16,Resale,Strata,58,"18,448",-,Condominium,1,99 yrs from 07/12/2009,2013,Private,399945,14,39,Central Region,Geylang
RIVERSOUND RESIDENCE,"1,038,000","1,065.64",974,02 Feb 2018,1 SENGKANG EAST AVENUE #16-04,Resale,Strata,99,"10,485",-,Condominium,1,99 yrs from 26/08/2011,2015,HDB,544811,19,54,North East Region,Sengkang
HIGHLINE RESIDENCES,"2,383,500","1,151.75","2,069",02 Feb 2018,9 KIM TIAN ROAD #31-16,New Sale,Strata,107,"22,276",-,Condominium,1,99 yrs from 22/07/2013,2018,Private,168593,03,16,Central Region,Bukit Merah
NEWTON EDGE,"1,482,000",914.94,"1,620",02 Feb 2018,1 MAKEWAY AVENUE #14-02,Resale,Strata,85,"17,435",-,Apartment,1,Freehold,2011,Private,228598,09,22,Central Region,Novena
CITYLIGHTS,"1,050,000",678.13,"1,548",02 Feb 2018,88 JELLICOE ROAD #10-26,Resale,Strata,63,"16,667",-,Condominium,1,99 yrs from 05/01/2004,2007,Private,208747,08,20,Central Region,Kallang
THE LAKESHORE,"1,288,000","1,184.04","1,088",02 Feb 2018,31 JURONG WEST STREET 41 #09-19,Resale,Strata,110,"11,709",-,Condominium,1,99 yrs from 22/11/2002,2008,HDB,649412,22,64,West Region,Jurong West
PEOPLE'S PARK COMPLEX,"510,000",409.03,"1,247",02 Feb 2018,1 PARK ROAD #15-795,Resale,Strata,38,"13,421",-,Apartment,1,99 yrs from 25/03/1968,1972,Private,059108,01,05,Central Region,Outram
RIVEREDGE,"1,780,000","1,334.74","1,334",02 Feb 2018,21 SAMPAN PLACE #18-01,Resale,Strata,124,"14,355",-,Condominium,1,99 yrs from 26/02/2004,2008,HDB,436593,15,43,Central Region,Kallang
TREASURE PLACE,"1,550,000","1,323.97","1,171",02 Feb 2018,61 LORONG SARHAD #04-05,Resale,Strata,123,"12,602",-,Condominium,1,Freehold,2006,Private,119174,05,11,Central Region,Queenstown
SANCTUARY GREEN,"1,900,000","1,711.48","1,110",02 Feb 2018,187 TANJONG RHU ROAD #08-08,Resale,Strata,159,"11,950",-,Condominium,1,99 yrs from 17/03/1997,2003,Private,436925,15,43,Central Region,Kallang
ICON,"1,038,000",570.49,"1,819",02 Feb 2018,10 GOPENG STREET #26-07,Resale,Strata,53,"19,585",-,Apartment,1,99 yrs from 29/01/2002,2007,Private,078878,02,07,Central Region,Downtown Core
QUEENS PEAK,"1,499,000",861.12,"1,741",02 Feb 2018,3 DUNDEE ROAD #31-22,New Sale,Strata,80,"18,738",-,Condominium,1,99 yrs from 28/09/2015,Uncompleted,Private,149457,03,14,Central Region,Queenstown
VERSILIA ON HAIG,"1,460,000","1,022.58","1,428",02 Feb 2018,33 IPOH LANE #10-07,Resale,Strata,95,"15,368",-,Condominium,1,Freehold,2010,HDB,438641,15,43,Central Region,Geylang
THE HILLIER,"820,000",624.31,"1,313",02 Feb 2018,2 HILLVIEW RISE #18-03,Resale,Strata,58,"14,138",-,Apartment,1,99 yrs from 01/08/2011,2016,Private,667978,23,66,West Region,Bukit Batok
AMARANDA GARDENS,"2,000,000","1,463.9","1,366",02 Feb 2018,120 SERANGOON AVENUE 3 #11-06,Resale,Strata,136,"14,706",-,Condominium,1,Freehold,2004,Private,554774,19,55,North East Region,Serangoon
THE PEARL @ MOUNT FABER,"1,350,000","1,162.51","1,161",02 Feb 2018,11 MOUNT FABER ROAD #02-19,Resale,Strata,108,"12,500",-,Condominium,1,99 yrs from 03/12/2002,2005,Private,099209,04,09,Central Region,Bukit Merah
PARC BOTANNIA,"654,000",505.91,"1,293",02 Feb 2018,18 FERNVALE STREET #13-35,New Sale,Strata,47,"13,915",-,Condominium,1,99 yrs from 28/12/2016,Uncompleted,Private,797394,28,79,North East Region,Sengkang
MONTEREY PARK CONDOMINIUM,"1,900,000","1,625.36","1,169",02 Feb 2018,31 WEST COAST RISE #09-17,Resale,Strata,151,"12,583",-,Condominium,1,999 yrs from 21/02/1885,2005,HDB,127474,05,12,West Region,Clementi
PALM GROVE CONDOMINIUM,"1,488,000","1,345.5","1,106",02 Feb 2018,23 PALM GROVE AVENUE #03-26,Resale,Strata,125,"11,904",-,Condominium,1,999 yrs from 02/12/1878,2002,Private,547325,19,54,North East Region,Hougang
CARIBBEAN AT KEPPEL BAY,"1,920,000","1,248.62","1,538",02 Feb 2018,40 KEPPEL BAY DRIVE #06-94,Resale,Strata,116,"16,552",-,Condominium,1,99 yrs from 16/08/1999,2004,Private,098655,04,09,Central Region,Bukit Merah
THE ARISTO @ AMBER,"1,150,000",645.84,"1,781",02 Feb 2018,23 AMBER ROAD #10-03,Resale,Strata,60,"19,167",-,Apartment,1,Freehold,2013,Private,439871,15,43,Central Region,Marine Parade
OPTIMA @ TANAH MERAH,"1,500,000","1,969.81",761,02 Feb 2018,88 TANAH MERAH KECHIL AVENUE #14-21,Resale,Strata,183,"8,197",-,Condominium,1,99 yrs from 09/12/2008,2012,Private,465518,16,46,East Region,Bedok
WATERTOWN,"750,000",527.44,"1,422",02 Feb 2018,73 PUNGGOL CENTRAL #11-64,Sub Sale,Strata,49,"15,306",-,Apartment,1,99 yrs from 18/05/2011,2017,HDB,828756,19,82,North East Region,Punggol
TOMLINSON HEIGHTS,"12,000,000","4,047.26","2,965",02 Feb 2018,31 TOMLINSON ROAD #24-01,Resale,Strata,376,"31,915",-,Condominium,1,Freehold,2014,Private,247855,10,24,Central Region,River Valley
QUEENS PEAK,"1,800,000","1,001.05","1,798",02 Feb 2018,3 DUNDEE ROAD #38-15,New Sale,Strata,93,"19,355",-,Condominium,1,99 yrs from 28/09/2015,Uncompleted,Private,149457,03,14,Central Region,Queenstown
THE ESTIVA,"1,250,000","1,001.05","1,249",02 Feb 2018,313 PASIR PANJANG ROAD #02-03,Resale,Strata,93,"13,441",-,Apartment,1,Freehold,2008,Private,117482,05,11,Central Region,Queenstown
THE MAYFAIR,"960,000","1,194.8",803,02 Feb 2018,7 JURONG EAST STREET 32 #10-07,Resale,Strata,111,"8,649",-,Condominium,1,99 yrs from 04/12/1996,2000,HDB,609480,22,60,West Region,Jurong East
GLENTREES,"2,650,000","1,991.34","1,331",02 Feb 2018,11H MOUNT SINAI LANE #05-41,Resale,Strata,185,"14,324",-,Condominium,1,999 yrs from 17/09/1885,2005,Private,277057,10,27,Central Region,Bukit Timah
REFLECTIONS AT KEPPEL BAY,"1,660,000","1,119.46","1,483",02 Feb 2018,5 KEPPEL BAY VIEW #03-15,Resale,Strata,104,"15,962",-,Condominium,1,99 yrs from 15/03/2006,2011,HDB,098404,04,09,Central Region,Bukit Merah
LA SUISSE,"1,750,000","1,679.18","1,042",02 Feb 2018,1 SWISS VIEW #03-01,Resale,Strata,156,"11,218",-,Condominium,1,999 yrs from 10/08/1878,1993,Private,288007,11,28,Central Region,Bukit Timah
LOYANG GARDENS,"1,038,000","1,442.38",720,02 Feb 2018,47 JALAN LOYANG BESAR,Resale,Strata,134,"7,746",-,Condominium,1,999 yrs from 29/05/1885,1994,Private,509372,17,50,East Region,Pasir Ris
NEEM TREE,"792,070",505.91,"1,566",02 Feb 2018,30 JALAN KEMAMAN #05-06,New Sale,Strata,47,"16,853",-,Apartment,1,Freehold,Uncompleted,HDB,329341,12,32,Central Region,Novena
MOUNT SOPHIA SUITES,"900,000",548.96,"1,639",02 Feb 2018,95 SOPHIA ROAD #03-10,Resale,Strata,51,"17,647",-,Apartment,1,Freehold,2010,HDB,228163,09,22,Central Region,Rochor
QUEENS PEAK,"3,217,000","2,002.1","1,607",02 Feb 2018,3 DUNDEE ROAD #38-18,New Sale,Strata,186,"17,296",-,Condominium,1,99 yrs from 28/09/2015,Uncompleted,Private,149457,03,14,Central Region,Queenstown
THE CLIFT,"1,053,000",527.44,"1,996",02 Feb 2018,21 MCCALLUM STREET #12-09,Resale,Strata,49,"21,490",-,Apartment,1,99 yrs from 28/04/2004,2011,HDB,069047,01,06,Central Region,Downtown Core
THE NAVIAN,"1,054,035",645.84,"1,632",02 Feb 2018,178 JALAN EUNOS #03-03,New Sale,Strata,60,"17,567",-,Apartment,1,Freehold,2019,N.A,419530,14,41,East Region,Bedok
KANDIS RESIDENCE,"1,237,800",936.47,"1,322",02 Feb 2018,6 KANDIS LINK #07-08,New Sale,Strata,87,"14,228",-,Condominium,1,99 yrs from 11/07/2016,Uncompleted,N.A,756969,27,75,North Region,Sembawang
QUEENS PEAK,"1,336,000",807.3,"1,655",03 Feb 2018,3 DUNDEE ROAD #16-26,New Sale,Strata,75,"17,813",-,Condominium,1,99 yrs from 28/09/2015,Uncompleted,HDB,149457,03,14,Central Region,Queenstown
MARTIN MODERN,"2,029,500",764.24,"2,656",03 Feb 2018,8 MARTIN PLACE #19-05,New Sale,Strata,71,"28,585",-,Condominium,1,99 yrs from 28/09/2016,Uncompleted,Private,237992,09,23,Central Region,River Valley
GRANDEUR PARK RESIDENCES,"1,177,112",882.65,"1,334",03 Feb 2018,11 BEDOK SOUTH AVENUE 3 #11-52,New Sale,Strata,82,"14,355",-,Condominium,1,99 yrs from 25/05/2016,Uncompleted,N.A,465466,16,46,East Region,Bedok
SIMS URBAN OASIS,"1,651,600","1,184.04","1,395",03 Feb 2018,8 SIMS DRIVE #18-29,New Sale,Strata,110,"15,015",-,Condominium,1,99 yrs from 29/07/2014,2017,Private,387389,14,38,Central Region,Geylang
SIMS URBAN OASIS,"1,590,900","1,033.34","1,540",03 Feb 2018,18 SIMS DRIVE #05-61,New Sale,Strata,96,"16,572",-,Condominium,1,99 yrs from 29/07/2014,2017,Private,387394,14,38,Central Region,Geylang
HIGHLINE RESIDENCES,"2,421,000","1,151.75","2,102",03 Feb 2018,9 KIM TIAN ROAD #34-16,New Sale,Strata,107,"22,626",-,Condominium,1,99 yrs from 22/07/2013,2018,Private,168593,03,16,Central Region,Bukit Merah
THE ASANA,"1,539,949",570.49,"2,699",03 Feb 2018,17 QUEEN'S ROAD #04-02,New Sale,Strata,53,"29,056",-,Apartment,1,Freehold,2017,N.A,266744,10,26,Central Region,Bukit Timah
SIMS URBAN OASIS,"1,596,600","1,033.34","1,545",03 Feb 2018,18 SIMS DRIVE #06-61,New Sale,Strata,96,"16,631",-,Condominium,1,99 yrs from 29/07/2014,2017,HDB,387394,14,38,Central Region,Geylang
THE NAVIAN,"1,064,112",645.84,"1,648",03 Feb 2018,178 JALAN EUNOS #02-03,New Sale,Strata,60,"17,735",-,Apartment,1,Freehold,Uncompleted,HDB,419530,14,41,East Region,Bedok
PARC RIVIERA,"1,555,125","1,151.75","1,350",03 Feb 2018,103 WEST COAST VALE #32-12,New Sale,Strata,107,"14,534",-,Condominium,1,99 yrs from 11/11/2015,Uncompleted,HDB,126754,05,12,West Region,Clementi
ARTRA,"1,802,900","1,044.11","1,727",03 Feb 2018,10 ALEXANDRA VIEW #22-10,New Sale,Strata,97,"18,587",-,Apartment,1,99 yrs from 15/02/2016,Uncompleted,HDB,158745,03,15,Central Region,Bukit Merah
SIMS URBAN OASIS,"1,602,300","1,033.34","1,551",03 Feb 2018,18 SIMS DRIVE #07-61,New Sale,Strata,96,"16,691",-,Condominium,1,99 yrs from 29/07/2014,2017,HDB,387394,14,38,Central Region,Geylang
SIMS URBAN OASIS,"1,585,100","1,033.34","1,534",03 Feb 2018,18 SIMS DRIVE #04-61,New Sale,Strata,96,"16,511",-,Condominium,1,99 yrs from 29/07/2014,2017,HDB,387394,14,38,Central Region,Geylang
SEASIDE RESIDENCES,"1,005,000",592.02,"1,698",03 Feb 2018,18 SIGLAP LINK #08-30,New Sale,Strata,55,"18,273",-,Apartment,1,99 yrs from 18/04/2016,Uncompleted,Private,448873,15,44,East Region,Bedok
FOREST WOODS,"1,475,000","1,097.93","1,343",03 Feb 2018,17 LORONG LEW LIAN #12-38,New Sale,Strata,102,"14,461",-,Condominium,1,99 yrs from 05/02/2016,Uncompleted,N.A,533852,19,53,North East Region,Serangoon
SIMS URBAN OASIS,"1,613,800","1,033.34","1,562",03 Feb 2018,18 SIMS DRIVE #08-61,New Sale,Strata,96,"16,810",-,Condominium,1,99 yrs from 29/07/2014,2017,N.A,387394,14,38,Central Region,Geylang
QUEENS PEAK,"1,486,000",807.3,"1,841",03 Feb 2018,1 DUNDEE ROAD #36-12,New Sale,Strata,75,"19,813",-,Condominium,1,99 yrs from 28/09/2015,Uncompleted,Private,149456,03,14,Central Region,Queenstown
SIMS URBAN OASIS,"1,595,100","1,033.34","1,544",03 Feb 2018,18 SIMS DRIVE #03-61,New Sale,Strata,96,"16,616",-,Condominium,1,99 yrs from 29/07/2014,2017,N.A,387394,14,38,Central Region,Geylang
FIVENINE,"1,558,000","1,054.87","1,477",03 Feb 2018,59A LORONG K TELOK KURAU #03-03,New Sale,Strata,98,"15,898",-,Apartment,1,Freehold,Uncompleted,Private,423369,15,42,East Region,Bedok
FIVENINE,"1,587,000","1,054.87","1,504",03 Feb 2018,59 LORONG K TELOK KURAU #02-01,New Sale,Strata,98,"16,194",-,Apartment,1,Freehold,Uncompleted,Private,425669,15,42,East Region,Bedok
SOPHIA HILLS,"1,332,000",570.49,"2,335",03 Feb 2018,25 MOUNT SOPHIA #04-90,New Sale,Strata,53,"25,132",-,Condominium,1,99 yrs from 10/12/2013,Uncompleted,Private,228477,09,22,Central Region,Rochor
FIVENINE,"1,617,000","1,054.87","1,533",03 Feb 2018,59 LORONG K TELOK KURAU #04-01,New Sale,Strata,98,"16,500",-,Apartment,1,Freehold,Uncompleted,N.A,425669,15,42,East Region,Bedok
PARC BOTANNIA,"636,500",505.91,"1,258",04 Feb 2018,12 FERNVALE STREET #09-10,New Sale,Strata,47,"13,543",-,Condominium,1,99 yrs from 28/12/2016,Uncompleted,HDB,797391,28,79,North East Region,Sengkang
THE ALPS RESIDENCES,"1,124,000","1,087.16","1,034",04 Feb 2018,105 TAMPINES STREET 86 #03-12,New Sale,Strata,101,"11,129",-,Condominium,1,99 yrs from 03/08/2015,Uncompleted,HDB,528577,18,52,East Region,Tampines
V ON SHENTON,"1,326,528",484.38,"2,739",04 Feb 2018,5A SHENTON WAY #22-17,New Sale,Strata,45,"29,478",-,Apartment,1,99 yrs from 29/11/2011,2017,Private,068814,01,06,Central Region,Downtown Core
GRANDEUR PARK RESIDENCES,"1,508,112",968.76,"1,557",04 Feb 2018,7 BEDOK SOUTH AVENUE 3 #02-33,New Sale,Strata,90,"16,757",-,Condominium,1,99 yrs from 25/05/2016,Uncompleted,HDB,465464,16,46,East Region,Bedok
GRANDEUR PARK RESIDENCES,"1,144,112",667.37,"1,714",04 Feb 2018,9 BEDOK SOUTH AVENUE 3 #12-39,New Sale,Strata,62,"18,453",-,Condominium,1,99 yrs from 25/05/2016,Uncompleted,Private,465465,16,46,East Region,Bedok
THE ALPS RESIDENCES,"1,062,000",936.47,"1,134",04 Feb 2018,105 TAMPINES STREET 86 #04-09,New Sale,Strata,87,"12,207",-,Condominium,1,99 yrs from 03/08/2015,Uncompleted,HDB,528577,18,52,East Region,Tampines
THE ALPS RESIDENCES,"1,055,000",936.47,"1,127",04 Feb 2018,105 TAMPINES STREET 86 #03-09,New Sale,Strata,87,"12,126",-,Condominium,1,99 yrs from 03/08/2015,Uncompleted,N.A,528577,18,52,East Region,Tampines
GRANDEUR PARK RESIDENCES,"1,149,112",667.37,"1,722",04 Feb 2018,9 BEDOK SOUTH AVENUE 3 #13-39,New Sale,Strata,62,"18,534",-,Condominium,1,99 yrs from 25/05/2016,Uncompleted,Private,465465,16,46,East Region,Bedok
THE ALPS RESIDENCES,"1,243,000","1,065.64","1,166",04 Feb 2018,111 TAMPINES STREET 86 #01-37,New Sale,Strata,99,"12,556",-,Condominium,1,99 yrs from 03/08/2015,Uncompleted,HDB,528535,18,52,East Region,Tampines
QUEENS PEAK,"1,490,580",861.12,"1,731",04 Feb 2018,3 DUNDEE ROAD #34-22,New Sale,Strata,80,"18,632",-,Condominium,1,99 yrs from 28/09/2015,Uncompleted,N.A,149457,03,14,Central Region,Queenstown
ARTRA,"1,948,888","1,227.1","1,588",04 Feb 2018,10 ALEXANDRA VIEW #14-08,New Sale,Strata,114,"17,096",-,Apartment,1,99 yrs from 15/02/2016,Uncompleted,Private,158745,03,15,Central Region,Bukit Merah
HIGHLINE RESIDENCES,"2,046,250","1,130.22","1,810",04 Feb 2018,3 KIM TIAN ROAD #02-03,New Sale,Strata,105,"19,488",-,Condominium,1,99 yrs from 22/07/2013,2018,Private,169281,03,16,Central Region,Bukit Merah
STURDEE RESIDENCES,"2,435,000","1,399.32","1,740",04 Feb 2018,10 BEATTY ROAD #29-12,New Sale,Strata,130,"18,731",-,Condominium,1,99 yrs from 29/06/2015,Uncompleted,Private,209955,08,20,Central Region,Kallang
GRANDEUR PARK RESIDENCES,"1,045,112",624.31,"1,674",04 Feb 2018,1 BEDOK SOUTH AVENUE 3 #03-14,New Sale,Strata,58,"18,019",-,Condominium,1,99 yrs from 25/05/2016,Uncompleted,Private,465461,16,46,East Region,Bedok
SEASIDE RESIDENCES,"1,031,000",592.02,"1,741",05 Feb 2018,18 SIGLAP LINK #09-30,New Sale,Strata,55,"18,745",-,Apartment,1,99 yrs from 18/04/2016,Uncompleted,HDB,448873,15,44,East Region,Bedok
CENTURY MANSIONS,"920,000","1,011.82",909,05 Feb 2018,2M JALAN REMAJA #06-01,Resale,Strata,94,"9,787",-,Apartment,1,Freehold,1998,Private,668671,23,66,West Region,Bukit Batok
NEEM TREE,"985,300",624.31,"1,578",05 Feb 2018,30 JALAN KEMAMAN #03-04,New Sale,Strata,58,"16,988",-,Apartment,1,Freehold,Uncompleted,N.A,329341,12,32,Central Region,Novena
DUO RESIDENCES,"4,000,000","1,926.76","2,076",05 Feb 2018,1 FRASER STREET #36-11,New Sale,Strata,179,"22,346",-,Apartment,1,99 yrs from 01/07/2011,2017,Private,189350,07,18,Central Region,Downtown Core
WATERBANK AT DAKOTA,"810,000",484.38,"1,672",05 Feb 2018,84 DAKOTA CRESCENT #15-27,Resale,Strata,45,"18,000",-,Condominium,1,99 yrs from 07/12/2009,2013,Private,399948,14,39,Central Region,Geylang
REGENTVILLE,"898,000","1,151.75",780,05 Feb 2018,10 HOUGANG STREET 92 #11-05,Resale,Strata,107,"8,393",-,Apartment,1,99 yrs from 24/04/1996,1999,HDB,538687,19,53,North East Region,Hougang
KANDIS RESIDENCE,"640,200",495.14,"1,293",05 Feb 2018,10 KANDIS LINK #02-21,New Sale,Strata,46,"13,917",-,Condominium,1,99 yrs from 11/07/2016,Uncompleted,N.A,756971,27,75,North Region,Sembawang
D'NEST,"965,000",936.47,"1,030",05 Feb 2018,137 PASIR RIS GROVE #10-36,Resale,Strata,87,"11,092",-,Condominium,1,99 yrs from 20/10/2010,2017,Private,518133,18,51,East Region,Pasir Ris
LE QUEST,"1,441,000","1,130.22","1,275",05 Feb 2018,12 BUKIT BATOK STREET 41 #05-41,New Sale,Strata,105,"13,724",-,Apartment,1,99 yrs from 29/08/2016,Uncompleted,HDB,657978,23,65,West Region,Bukit Batok
NOVA 88,"1,720,000","1,291.68","1,332",05 Feb 2018,8 BHAMO ROAD #12-02,Resale,Strata,120,"14,333",-,Apartment,1,Freehold,2012,Private,329640,12,32,Central Region,Novena
SKY HABITAT,"1,919,600","1,291.68","1,486",05 Feb 2018,7 BISHAN STREET 15 #10-07,Resale,Strata,120,"15,997",-,Condominium,1,99 yrs from 30/05/2011,2015,Private,573908,20,57,Central Region,Bishan
THE ORCHARD RESIDENCES,"8,112,000","2,174.33","3,731",05 Feb 2018,238 ORCHARD BOULEVARD #43-08,Resale,Strata,202,"40,158",-,Apartment,1,99 yrs from 13/03/2006,2010,Private,237973,09,23,Central Region,Orchard
HILLVISTA,"1,170,000",958,"1,221",05 Feb 2018,1 ELIZABETH DRIVE #09-08,Resale,Strata,89,"13,146",-,Condominium,1,Freehold,2010,Private,669743,23,66,West Region,Bukit Batok
CORALS AT KEPPEL BAY,"2,309,000","1,259.39","1,833",05 Feb 2018,13 KEPPEL BAY DRIVE #08-21,Resale,Strata,117,"19,735",-,Condominium,1,99 yrs from 26/02/2007,2016,Private,098018,04,09,Central Region,Bukit Merah
NEEM TREE,"1,266,200",818.06,"1,548",05 Feb 2018,30 JALAN KEMAMAN #10-02,New Sale,Strata,76,"16,661",-,Apartment,1,Freehold,Uncompleted,HDB,329341,12,32,Central Region,Novena
NEEM TREE,"1,082,300",624.31,"1,734",05 Feb 2018,30 JALAN KEMAMAN #13-04,New Sale,Strata,58,"18,660",-,Apartment,1,Freehold,Uncompleted,Private,329341,12,32,Central Region,Novena
NEEM TREE,"993,699",624.31,"1,592",05 Feb 2018,30 JALAN KEMAMAN #04-04,New Sale,Strata,58,"17,133",-,Apartment,1,Freehold,Uncompleted,Private,329341,12,32,Central Region,Novena
LANGSTON VILLE,"1,370,000",947.23,"1,446",05 Feb 2018,15 KIM YAM ROAD #04-04,Resale,Strata,88,"15,568",-,Apartment,1,999 yrs from 01/07/1841,2000,Private,239328,09,23,Central Region,River Valley
LE QUEST,"1,711,000","1,313.21","1,303",05 Feb 2018,8 BUKIT BATOK STREET 41 #13-23,New Sale,Strata,122,"14,025",-,Apartment,1,99 yrs from 29/08/2016,Uncompleted,Private,657993,23,65,West Region,Bukit Batok
NEW FUTURA,"6,288,000","1,829.88","3,436",05 Feb 2018,18 LEONIE HILL ROAD #28-06,Resale,Strata,170,"36,988",-,Condominium,1,Freehold,2017,Private,239199,09,23,Central Region,River Valley
THE METZ,"3,500,000","1,496.2","2,339",05 Feb 2018,83 DEVONSHIRE ROAD #05-06,Resale,Strata,139,"25,180",-,Condominium,1,Freehold,2007,Private,239864,09,23,Central Region,River Valley
SKY HABITAT,"1,860,100","1,291.68","1,440",05 Feb 2018,7 BISHAN STREET 15 #06-07,Resale,Strata,120,"15,501",-,Condominium,1,99 yrs from 30/05/2011,2015,HDB,573908,20,57,Central Region,Bishan
QUEENS PEAK,"1,538,000",807.3,"1,905",05 Feb 2018,1 DUNDEE ROAD #43-12,New Sale,Strata,75,"20,507",-,Condominium,1,99 yrs from 28/09/2015,Uncompleted,Private,149456,03,14,Central Region,Queenstown
D'NEST,"1,545,000","1,410.08","1,096",05 Feb 2018,133 PASIR RIS GROVE #09-20,Resale,Strata,131,"11,794",-,Condominium,1,99 yrs from 20/10/2010,2017,Private,518131,18,51,East Region,Pasir Ris
SEASIDE RESIDENCES,"937,000",559.73,"1,674",05 Feb 2018,12 SIGLAP LINK #03-08,New Sale,Strata,52,"18,019",-,Apartment,1,99 yrs from 18/04/2016,Uncompleted,N.A,448870,15,44,East Region,Bedok
EIGHT COURTYARDS,"730,000",871.88,837,05 Feb 2018,12 CANBERRA DRIVE #02-23,Resale,Strata,81,"9,012",-,Condominium,1,99 yrs from 20/09/2010,2014,HDB,768094,27,76,North Region,Yishun
REFLECTIONS AT KEPPEL BAY,"3,069,220","1,689.95","1,816",05 Feb 2018,1 KEPPEL BAY VIEW #04-02,Resale,Strata,157,"19,549",-,Condominium,1,99 yrs from 15/03/2006,2011,Private,098402,04,09,Central Region,Bukit Merah
SILVERSEA,"2,700,000","1,571.54","1,718",05 Feb 2018,50 MARINE PARADE ROAD #07-16,Resale,Strata,146,"18,493",-,Condominium,1,99 yrs from 20/07/2007,2014,Private,449307,15,44,Central Region,Marine Parade
LAKEVILLE,"1,700,000","1,302.44","1,305",05 Feb 2018,5 JURONG LAKE LINK #09-18,Resale,Strata,121,"14,050",-,Condominium,1,99 yrs from 30/04/2013,2017,Private,648162,22,64,West Region,Jurong West
SOUTHAVEN I,"1,360,000","1,733",785,05 Feb 2018,41 HINDHEDE WALK #10-04,Resale,Strata,161,"8,447",-,Condominium,1,99 yrs from 01/08/1994,1997,Private,587972,21,58,West Region,Bukit Panjang
THOMSON GRAND,"1,780,000","1,367.03","1,302",05 Feb 2018,17 SIN MING WALK #14-08,Resale,Strata,127,"14,016",-,Condominium,1,99 yrs from 08/02/2010,2015,Private,573913,20,57,Central Region,Bishan
FAIRLODGE,"2,390,000","1,797.59","1,330",05 Feb 2018,110 HOLLAND ROAD #04-01,Resale,Strata,167,"14,311",-,Apartment,1,Freehold,1999,HDB,278553,10,27,Central Region,Bukit Timah
TERRASSE,"938,000",807.3,"1,162",05 Feb 2018,31 TERRASSE LANE #03-57,Resale,Strata,75,"12,507",-,Condominium,1,99 yrs from 23/08/2010,2014,HDB,544779,19,54,North East Region,Hougang
KASTURINA LODGE,"1,200,000",753.48,"1,593",05 Feb 2018,20 KAY POH ROAD #07-02,Resale,Strata,70,"17,143",-,Apartment,1,Freehold,1999,HDB,248969,10,24,Central Region,Tanglin
TANAMERA CREST,"800,000",861.12,929,05 Feb 2018,10 PARI DEDAP WALK #13-18,Resale,Strata,80,"10,000",-,Condominium,1,99 yrs from 20/06/2000,2004,HDB,486062,16,48,East Region,Bedok
H2O RESIDENCES,"1,550,000","1,377.79","1,125",05 Feb 2018,32 FERNVALE LINK #11-08,Resale,Strata,128,"12,109",-,Condominium,1,99 yrs from 10/05/2010,2015,HDB,797531,28,79,North East Region,Sengkang
GEM RESIDENCES,"1,934,232","1,248.62","1,549",05 Feb 2018,3 LORONG 5 TOA PAYOH #36-15,New Sale,Strata,116,"16,674",-,Condominium,1,99 yrs from 21/09/2015,Uncompleted,HDB,319459,12,31,Central Region,Toa Payoh
MEADOWS @ PEIRCE,"1,980,000","1,840.64","1,076",05 Feb 2018,628 UPPER THOMSON ROAD #04-63,Resale,Strata,171,"11,579",-,Condominium,1,Freehold,2012,Private,787131,26,78,North East Region,Ang Mo Kio
ONE SHENTON,"1,800,000","1,108.69","1,624",05 Feb 2018,1 SHENTON WAY #18-05,Resale,Strata,103,"17,476",-,Apartment,1,99 yrs from 14/10/2005,2011,Private,068803,01,06,Central Region,Downtown Core
ASTORIA PARK,"955,000",850.36,"1,123",05 Feb 2018,36 LORONG MYDIN #06-01,Resale,Strata,79,"12,089",-,Condominium,1,99 yrs from 01/05/1993,1995,HDB,416828,14,41,East Region,Bedok
RIVER PLACE,"1,100,000",807.3,"1,363",05 Feb 2018,60 HAVELOCK ROAD #04-27,Resale,Strata,75,"14,667",-,Condominium,1,99 yrs from 07/11/1995,2000,HDB,169658,03,16,Central Region,Singapore River
NEEM TREE,"833,300",505.91,"1,647",05 Feb 2018,30 JALAN KEMAMAN #04-06,New Sale,Strata,47,"17,730",-,Apartment,1,Freehold,Uncompleted,Private,329341,12,32,Central Region,Novena
NEEM TREE,"708,300",505.91,"1,400",05 Feb 2018,30 JALAN KEMAMAN #03-06,New Sale,Strata,47,"15,070",-,Apartment,1,Freehold,Uncompleted,HDB,329341,12,32,Central Region,Novena
LE LOYANG,"960,000","1,442.38",666,05 Feb 2018,43 JALAN LOYANG BESAR #03-02,Resale,Strata,134,"7,164",-,Apartment,1,999 yrs from 29/05/1885,1994,Private,509371,17,50,East Region,Pasir Ris
TANAMERA CREST,"970,000","1,173.28",827,05 Feb 2018,10 PARI DEDAP WALK #05-21,Resale,Strata,109,"8,899",-,Condominium,1,99 yrs from 20/06/2000,2004,HDB,486062,16,48,East Region,Bedok
FABER CREST,"1,600,000","1,743.77",918,05 Feb 2018,50L FABER HEIGHTS #04-81,Resale,Strata,162,"9,877",-,Condominium,1,99 yrs from 12/06/1996,2001,Private,129205,05,12,West Region,Clementi
CORALS AT KEPPEL BAY,"2,650,000","1,377.79","1,923",05 Feb 2018,15 KEPPEL BAY DRIVE #02-28,Resale,Strata,128,"20,703",-,Condominium,1,99 yrs from 26/02/2007,2016,Private,098019,04,09,Central Region,Bukit Merah
SYMPHONY SUITES,"1,077,020","1,022.58","1,053",05 Feb 2018,9 YISHUN CLOSE #15-19,New Sale,Strata,95,"11,337",-,Condominium,1,99 yrs from 10/06/2014,Uncompleted,HDB,768008,27,76,North Region,Yishun
TYRWHITT 139,"900,000",893.41,"1,007",05 Feb 2018,139 TYRWHITT ROAD #06-10,Resale,Strata,83,"10,843",-,Apartment,1,Freehold,2009,HDB,207557,08,20,Central Region,Kallang
THE STERLING,"2,200,000","1,431.61","1,537",05 Feb 2018,1001 BUKIT TIMAH ROAD #06-15,Resale,Strata,133,"16,541",-,Condominium,1,Freehold,2000,Private,596288,21,59,Central Region,Bukit Timah
NEEM TREE,"1,102,900",624.31,"1,767",05 Feb 2018,30 JALAN KEMAMAN #15-04,New Sale,Strata,58,"19,016",-,Apartment,1,Freehold,Uncompleted,Private,329341,12,32,Central Region,Novena
CITY SQUARE RESIDENCES,"2,150,000","1,496.2","1,437",05 Feb 2018,6 KITCHENER LINK #24-11,Resale,Strata,139,"15,468",-,Condominium,1,Freehold,2009,Private,207227,08,20,Central Region,Kallang
NORTHVALE,"1,070,000","1,506.96",710,05 Feb 2018,69 CHOA CHU KANG LOOP #07-05,Resale,Strata,140,"7,643",-,Apartment,1,99 yrs from 01/03/1995,1998,Private,689672,23,68,West Region,Choa Chu Kang
DUO RESIDENCES,"4,145,000","1,926.76","2,151",05 Feb 2018,1 FRASER STREET #39-11,New Sale,Strata,179,"23,156",-,Apartment,1,99 yrs from 01/07/2011,2017,Private,189350,07,18,Central Region,Downtown Core
VOGX,"1,380,000","1,162.51","1,187",05 Feb 2018,109 DORSET ROAD #02-02,Resale,Strata,108,"12,778",-,Apartment,1,Freehold,2009,Private,219498,08,21,Central Region,Kallang
THE CREST,"3,148,000","1,614.6","1,950",05 Feb 2018,105 PRINCE CHARLES CRESCENT #21-18,Resale,Strata,150,"20,987",-,Condominium,1,99 yrs from 21/12/2012,2017,Private,159019,03,15,Central Region,Bukit Merah
MELROSE PARK,"2,500,000","1,345.5","1,858",05 Feb 2018,93 KELLOCK ROAD #13-03,Resale,Strata,125,"20,000",-,Condominium,1,999 yrs from 21/06/1877,2000,HDB,248904,10,24,Central Region,Tanglin
70@TRURO,"924,908",495.14,"1,868",05 Feb 2018,70 TRURO ROAD #05-04,New Sale,Strata,46,"20,107",-,Apartment,1,Freehold,Uncompleted,HDB,217618,08,21,Central Region,Kallang
VACANZA @ EAST,"1,180,000","1,033.34","1,142",05 Feb 2018,40 LENGKONG TUJOH #05-14,Resale,Strata,96,"12,292",-,Condominium,1,Freehold,2014,HDB,417393,14,41,East Region,Bedok
WING FONG MANSIONS,"780,000",990.29,788,05 Feb 2018,12 LORONG 14 GEYLANG #03-11,Resale,Strata,92,"8,478",-,Apartment,1,Freehold,1997,Private,398924,14,39,Central Region,Geylang
BOATHOUSE RESIDENCES,"840,000",731.95,"1,148",05 Feb 2018,23 UPPER SERANGOON VIEW #04-03,Resale,Strata,68,"12,353",-,Condominium,1,99 yrs from 09/02/2011,2015,Private,534047,19,53,North East Region,Hougang
COCO PALMS,"1,602,400","1,259.39","1,272",05 Feb 2018,29 PASIR RIS GROVE #06-56,New Sale,Strata,117,"13,696",-,Condominium,1,99 yrs from 07/01/2008,Uncompleted,HDB,518074,18,51,East Region,Pasir Ris
CASTLE GREEN,"1,000,000","1,173.28",852,05 Feb 2018,485 YIO CHU KANG ROAD #10-13,Resale,Strata,109,"9,174",-,Condominium,1,99 yrs from 01/12/1993,1997,HDB,787058,26,78,North East Region,Ang Mo Kio
ORCHID APARTMENTS,"1,700,000","1,356.26","1,253",05 Feb 2018,60B ENG NEO AVENUE,Resale,Strata,126,"13,492",-,Apartment,1,Freehold,1977,Private,289542,11,28,Central Region,Bukit Timah
BALLOTA PARK CONDOMINIUM,"1,030,000","1,356.26",759,05 Feb 2018,158 MARIAM WAY #02-03,Resale,Strata,126,"8,175",-,Condominium,1,Freehold,2000,Private,507083,17,50,East Region,Pasir Ris
SKY HABITAT,"3,082,100","2,055.92","1,499",05 Feb 2018,7 BISHAN STREET 15 #31-03,Resale,Strata,191,"16,137",-,Condominium,1,99 yrs from 30/05/2011,2015,Private,573908,20,57,Central Region,Bishan
BARTLEY RESIDENCES,"1,780,000","1,377.79","1,292",05 Feb 2018,1 LORONG HOW SUN #10-03,Resale,Strata,128,"13,906",-,Apartment,1,99 yrs from 29/06/2011,2015,Private,536558,19,53,North East Region,Serangoon
BUCKLEY CLASSIQUE,"2,868,000","1,474.67","1,945",05 Feb 2018,11 BUCKLEY ROAD #01-11,Resale,Strata,137,"20,934",-,Condominium,1,Freehold,2014,Private,309767,11,30,Central Region,Novena
WATERFRONT ISLE,"1,450,000","1,216.33","1,192",05 Feb 2018,732 BEDOK RESERVOIR ROAD #02-11,Resale,Strata,113,"12,832",-,Condominium,1,99 yrs from 26/11/2009,2015,Private,479262,16,47,East Region,Bedok
STURDEE RESIDENCES,"2,409,676","1,399.32","1,722",05 Feb 2018,10 BEATTY ROAD #30-12,New Sale,Strata,130,"18,536",-,Condominium,1,99 yrs from 29/06/2015,Uncompleted,Private,209955,08,20,Central Region,Kallang
NEW FUTURA,"6,456,000","1,829.88","3,528",05 Feb 2018,18 LEONIE HILL ROAD #32-06,Resale,Strata,170,"37,976",-,Condominium,1,Freehold,2017,Private,239199,09,23,Central Region,River Valley
MERAWOODS,"1,500,000","1,614.6",929,05 Feb 2018,136A HILLVIEW AVENUE #01-04,Resale,Strata,150,"10,000",-,Condominium,1,999 yrs from 12/10/1885,1999,HDB,669606,23,66,West Region,Bukit Batok
MONTEREY PARK CONDOMINIUM,"1,603,000","1,388.56","1,154",05 Feb 2018,27 WEST COAST RISE #12-09,Resale,Strata,129,"12,426",-,Condominium,1,999 yrs from 21/02/1885,2005,Private,127470,05,12,West Region,Clementi
THE PALETTE,"1,200,000","1,291.68",929,05 Feb 2018,113 PASIR RIS GROVE #01-34,Resale,Strata,120,"10,000",-,Condominium,1,99 yrs from 20/10/2010,2015,Private,518171,18,51,East Region,Pasir Ris
THE SEA VIEW,"2,650,000","1,646.89","1,609",05 Feb 2018,29 AMBER ROAD #02-04,Resale,Strata,153,"17,320",-,Condominium,1,Freehold,2008,Private,439942,15,43,Central Region,Marine Parade
QUEENS,"1,680,000","1,410.08","1,191",05 Feb 2018,12 STIRLING ROAD #09-08,Resale,Strata,131,"12,824",-,Condominium,1,99 yrs from 16/02/1998,2002,HDB,148955,03,14,Central Region,Queenstown
EIGHT RIVERSUITES,"1,240,000",839.59,"1,477",05 Feb 2018,10 WHAMPOA EAST #05-27,Resale,Strata,78,"15,897",-,Condominium,1,99 yrs from 11/07/2011,2016,Private,338521,12,33,Central Region,Kallang
BAYSHORE PARK,"640,000",624.31,"1,025",05 Feb 2018,62 BAYSHORE ROAD #03-08,Resale,Strata,58,"11,034",-,Condominium,1,99 yrs from 17/03/1982,1986,Private,469983,16,46,East Region,Bedok
REGENT GROVE,"780,000","1,194.8",653,05 Feb 2018,50 CHOA CHU KANG NORTH 7 #09-06,Resale,Strata,111,"7,027",-,Condominium,1,99 yrs from 17/05/1997,2000,HDB,689527,23,68,West Region,Choa Chu Kang
SUNGLADE,"1,360,000","1,377.79",987,05 Feb 2018,7 SERANGOON AVENUE 2 #01-17,Resale,Strata,128,"10,625",-,Condominium,1,99 yrs from 09/10/2000,2003,Private,556133,19,55,North East Region,Serangoon
NEEM TREE,"846,100",505.91,"1,672",05 Feb 2018,30 JALAN KEMAMAN #06-06,New Sale,Strata,47,"18,002",-,Apartment,1,Freehold,Uncompleted,Private,329341,12,32,Central Region,Novena
PARC RIVIERA,"797,000",645.84,"1,234",05 Feb 2018,103 WEST COAST VALE #09-13,New Sale,Strata,60,"13,283",-,Condominium,1,99 yrs from 11/11/2015,Uncompleted,Private,126754,05,12,West Region,Clementi
DAHLIA PARK CONDOMINIUM,"840,000","1,065.64",788,05 Feb 2018,5 FLORA DRIVE #06-21,Resale,Strata,99,"8,485",-,Condominium,1,Freehold,2003,Private,507011,17,50,East Region,Pasir Ris
CANBERRA RESIDENCES,"998,000","1,140.98",875,05 Feb 2018,501 CANBERRA DRIVE #04-01,Resale,Strata,106,"9,415",-,Condominium,1,99 yrs from 08/09/2010,2013,HDB,768124,27,76,North Region,Sembawang
NEW FUTURA,"5,600,000","1,829.88","3,060",05 Feb 2018,18 LEONIE HILL ROAD #08-06,Resale,Strata,170,"32,941",-,Condominium,1,Freehold,2017,Private,239199,09,23,Central Region,River Valley
QUESTA @ DUNMAN,"1,130,000",785.77,"1,438",05 Feb 2018,543 DUNMAN ROAD #06-08,Resale,Strata,73,"15,479",-,Apartment,1,Freehold,2013,HDB,439219,15,43,Central Region,Geylang
RIPPLE BAY,"800,000",775.01,"1,032",05 Feb 2018,8 PASIR RIS LINK #06-38,Resale,Strata,72,"11,111",-,Condominium,1,99 yrs from 10/08/2011,2015,HDB,518162,18,51,East Region,Pasir Ris
CHUAN PARK,"1,350,000","1,528.49",883,05 Feb 2018,250 LORONG CHUAN #11-01,Resale,Strata,142,"9,507",-,Condominium,1,99 yrs from 06/06/1980,1985,HDB,556748,19,55,North East Region,Serangoon
MAYSPRINGS,"760,000",904.18,841,05 Feb 2018,2 PETIR ROAD #10-03,Resale,Strata,84,"9,048",-,Apartment,1,99 yrs from 01/12/1994,1998,HDB,678265,23,67,West Region,Bukit Panjang
STUDIO 3,"980,000",559.73,"1,751",05 Feb 2018,28 SHANGHAI ROAD #06-03,Resale,Strata,52,"18,846",-,Apartment,1,Freehold,2005,HDB,248196,10,24,Central Region,Tanglin
R MAISON,"1,334,976","1,227.1","1,088",05 Feb 2018,1 SOMMERVILLE WALK #05-10,Resale,Strata,114,"11,710",-,Apartment,1,Freehold,2016,HDB,357699,13,35,North East Region,Serangoon
ORANGE GROVE RESIDENCES,"4,200,000","2,206.62","1,903",05 Feb 2018,27 ORANGE GROVE ROAD #04-01,Resale,Strata,205,"20,488",-,Condominium,1,Freehold,2009,Private,258356,10,25,Central Region,Tanglin
SYMPHONY SUITES,"1,116,000","1,022.58","1,091",05 Feb 2018,17 YISHUN CLOSE #13-35,New Sale,Strata,95,"11,747",-,Condominium,1,99 yrs from 10/06/2014,Uncompleted,HDB,768012,27,76,North Region,Yishun
BOATHOUSE RESIDENCES,"970,000",893.41,"1,086",06 Feb 2018,31 UPPER SERANGOON VIEW #17-21,Resale,Strata,83,"11,687",-,Condominium,1,99 yrs from 09/02/2011,2015,Private,534043,19,53,North East Region,Hougang
NV RESIDENCES,"845,000",904.18,935,06 Feb 2018,95 PASIR RIS GROVE #12-41,Resale,Strata,84,"10,060",-,Condominium,1,99 yrs from 07/01/2008,2013,HDB,518192,18,51,East Region,Pasir Ris
SCOTTS 28,"3,418,800","1,657.66","2,062",06 Feb 2018,28 SCOTTS ROAD #08-04,Resale,Strata,154,"22,200",-,Condominium,1,Freehold,1998,Private,228223,09,22,Central Region,Newton
REGENT PARK,"1,120,000","1,130.22",991,06 Feb 2018,26 JALAN LEMPENG #04-03,Resale,Strata,105,"10,667",-,Condominium,1,99 yrs from 01/12/1993,1997,Private,128805,05,12,West Region,Clementi
PARC ELEGANCE,"1,150,000","1,173.28",980,06 Feb 2018,17 TELOK KURAU ROAD #05-35,Resale,Strata,109,"10,550",-,Apartment,1,Freehold,2013,HDB,423763,15,42,East Region,Bedok
PARC PALAIS,"1,300,000","1,237.86","1,050",06 Feb 2018,57 HUME AVENUE #04-03,Resale,Strata,115,"11,304",-,Condominium,1,Freehold,1999,HDB,598753,21,59,West Region,Bukit Batok
V ON SHENTON,"2,130,000","1,033.34","2,061",06 Feb 2018,5A SHENTON WAY #27-12,Sub Sale,Strata,96,"22,188",-,Apartment,1,99 yrs from 29/11/2011,2017,Private,068814,01,06,Central Region,Downtown Core
KINGSFORD WATERBAY,"1,411,130","1,054.87","1,338",06 Feb 2018,76 UPPER SERANGOON VIEW #02-56,New Sale,Strata,98,"14,399",-,Apartment,1,99 yrs from 03/03/2014,Uncompleted,N.A,533880,19,53,North East Region,Hougang
KINGSFORD WATERBAY,"969,332",678.13,"1,429",06 Feb 2018,80 UPPER SERANGOON VIEW #04-75,New Sale,Strata,63,"15,386",-,Apartment,1,99 yrs from 03/03/2014,Uncompleted,HDB,533878,19,53,North East Region,Hougang
SAVANNAH CONDOPARK,"1,280,000","1,453.14",881,06 Feb 2018,61 SIMEI RISE #05-63,Resale,Strata,135,"9,481",-,Condominium,1,99 yrs from 29/11/2000,2005,HDB,528794,18,52,East Region,Tampines
ALTEZ,"1,210,000",527.44,"2,294",06 Feb 2018,16 ENGGOR STREET #16-09,Resale,Strata,49,"24,694",-,Apartment,1,99 yrs from 06/02/2008,2014,Private,079717,02,07,Central Region,Downtown Core
SIMS URBAN OASIS,"1,332,700",958,"1,391",06 Feb 2018,10 SIMS DRIVE #14-39,New Sale,Strata,89,"14,974",-,Condominium,1,99 yrs from 29/07/2014,2017,N.A,387390,14,38,Central Region,Geylang
KINGSFORD WATERBAY,"1,145,397",850.36,"1,347",06 Feb 2018,70 UPPER SERANGOON VIEW #14-29,New Sale,Strata,79,"14,499",-,Apartment,1,99 yrs from 03/03/2014,Uncompleted,HDB,533883,19,53,North East Region,Hougang
BLUE HORIZON,"1,300,000","1,216.33","1,069",06 Feb 2018,23 WEST COAST CRESCENT #20-07,Resale,Strata,113,"11,504",-,Condominium,1,99 yrs from 14/08/2000,2005,Private,128046,05,12,West Region,Clementi
THE MARBELLA,"2,838,000","1,743.77","1,628",06 Feb 2018,31 MOUNT SINAI RISE #03-07,Resale,Strata,162,"17,519",-,Condominium,1,Freehold,2005,Private,276953,10,27,Central Region,Bukit Timah
QUEENS PEAK,"1,341,000",775.01,"1,730",06 Feb 2018,1 DUNDEE ROAD #24-08,New Sale,Strata,72,"18,625",-,Condominium,1,99 yrs from 28/09/2015,Uncompleted,N.A,149456,03,14,Central Region,Queenstown
PARC OASIS,"1,060,000","1,227.1",864,06 Feb 2018,43 JURONG EAST AVENUE 1 #12-04,Resale,Strata,114,"9,298",-,Condominium,1,99 yrs from 01/12/1991,1994,Private,609778,22,60,West Region,Jurong East
PARC SEABREEZE,"2,685,000","1,593.07","1,685",06 Feb 2018,532 JOO CHIAT ROAD #07-04,Resale,Strata,148,"18,142",-,Apartment,1,Freehold,2012,HDB,427711,15,42,Central Region,Marine Parade
SUITES DE LAUREL,"890,000",613.55,"1,451",06 Feb 2018,2 JALAN ANAK BUKIT #03-04,Resale,Strata,57,"15,614",-,Apartment,1,999 yrs from 10/06/1885,2012,Private,588997,21,58,Central Region,Bukit Timah
CASTLE GREEN,"820,000",947.23,866,06 Feb 2018,481 YIO CHU KANG ROAD #05-09,Resale,Strata,88,"9,318",-,Condominium,1,99 yrs from 01/12/1993,1997,Private,787056,26,78,North East Region,Ang Mo Kio
WATERCREST,"980,000","1,323.97",740,06 Feb 2018,139A LOYANG BESAR CLOSE,Resale,Strata,123,"7,967",-,Condominium,1,999 yrs from 07/09/1885,1993,HDB,509035,17,50,East Region,Pasir Ris
SILVERSCAPE,"560,000",409.03,"1,369",06 Feb 2018,39 LORONG 32 GEYLANG #03-06,Resale,Strata,38,"14,737",-,Apartment,1,Freehold,2015,HDB,398299,14,39,Central Region,Geylang
8 RODYK,"2,850,000","1,431.61","1,991",06 Feb 2018,8 RODYK STREET #04-05,Resale,Strata,133,"21,429",-,Apartment,1,Freehold,2011,Private,238216,09,23,Central Region,Singapore River
SPRINGDALE CONDOMINIUM,"1,250,000","1,108.69","1,127",06 Feb 2018,45 HINDHEDE WALK #04-11,Resale,Strata,103,"12,136",-,Condominium,1,999 yrs from 21/06/1877,1998,HDB,587978,21,58,West Region,Bukit Panjang
ONE SHENTON,"1,130,000",538.2,"2,100",06 Feb 2018,1 SHENTON WAY #21-10,Resale,Strata,50,"22,600",-,Apartment,1,99 yrs from 14/10/2005,2011,HDB,068803,01,06,Central Region,Downtown Core
KINGSFORD WATERBAY,"979,168",688.9,"1,421",06 Feb 2018,78 UPPER SERANGOON VIEW #03-66,New Sale,Strata,64,"15,300",-,Apartment,1,99 yrs from 03/03/2014,Uncompleted,HDB,533879,19,53,North East Region,Hougang
THE INTERLACE,"1,400,000","1,054.87","1,327",06 Feb 2018,204 DEPOT ROAD #11-48,Resale,Strata,98,"14,286",-,Condominium,1,99 yrs from 11/02/2009,2013,Private,109696,04,10,Central Region,Bukit Merah
38 I SUITES,"950,000",667.37,"1,424",06 Feb 2018,38 IPOH LANE #08-09,Resale,Strata,62,"15,323",-,Apartment,1,Freehold,2014,Private,438646,15,43,Central Region,Geylang
SEASIDE RESIDENCES,"2,009,000","1,270.15","1,582",06 Feb 2018,18 SIGLAP LINK #01-35,New Sale,Strata,118,"17,025",-,Apartment,1,99 yrs from 18/04/2016,Uncompleted,Private,448873,15,44,East Region,Bedok
KINGSFORD WATERBAY,"1,369,434","1,022.58","1,339",06 Feb 2018,68 UPPER SERANGOON VIEW #05-19,New Sale,Strata,95,"14,415",-,Apartment,1,99 yrs from 03/03/2014,Uncompleted,HDB,533884,19,53,North East Region,Hougang
THE PALETTE,"838,000",742.72,"1,128",06 Feb 2018,113 PASIR RIS GROVE #12-36,Resale,Strata,69,"12,145",-,Condominium,1,99 yrs from 20/10/2010,2015,Private,518171,18,51,East Region,Pasir Ris
MEADOWS @ PEIRCE,"835,000",635.08,"1,315",06 Feb 2018,632 UPPER THOMSON ROAD #07-80,Resale,Strata,59,"14,153",-,Condominium,1,Freehold,2012,Private,787133,26,78,North East Region,Ang Mo Kio
SUNHAVEN,"1,300,000","1,453.14",895,06 Feb 2018,781 UPPER CHANGI ROAD EAST #02-35,Resale,Strata,135,"9,630",-,Condominium,1,Freehold,2002,Private,486069,16,48,East Region,Tampines
GRANDEUR PARK RESIDENCES,"1,141,112",882.65,"1,293",06 Feb 2018,11 BEDOK SOUTH AVENUE 3 #05-52,New Sale,Strata,82,"13,916",-,Condominium,1,99 yrs from 25/05/2016,Uncompleted,Private,465466,16,46,East Region,Bedok
CITYLIGHTS,"1,040,000",570.49,"1,823",06 Feb 2018,88 JELLICOE ROAD #33-24,Resale,Strata,53,"19,623",-,Condominium,1,99 yrs from 05/01/2004,2007,Private,208747,08,20,Central Region,Kallang
SEASIDE RESIDENCES,"943,000",505.91,"1,864",06 Feb 2018,12 SIGLAP LINK #22-13,New Sale,Strata,47,"20,064",-,Apartment,1,99 yrs from 18/04/2016,Uncompleted,Private,448870,15,44,East Region,Bedok
THE PALETTE,"1,200,000","1,162.51","1,032",06 Feb 2018,105 PASIR RIS GROVE #03-11,Resale,Strata,108,"11,111",-,Condominium,1,99 yrs from 20/10/2010,2015,Private,518197,18,51,East Region,Pasir Ris
ONE FORT,"1,825,000","1,205.57","1,514",06 Feb 2018,1 FORT ROAD #17-03,Resale,Strata,112,"16,295",-,Condominium,1,Freehold,2005,Private,439069,15,43,Central Region,Kallang
NV RESIDENCES,"1,150,000","1,453.14",791,06 Feb 2018,91 PASIR RIS GROVE #04-31,Resale,Strata,135,"8,519",-,Condominium,1,99 yrs from 07/01/2008,2013,Private,518190,18,51,East Region,Pasir Ris
TREASURES@G6,"888,000","1,323.97",671,06 Feb 2018,35 LORONG 6 GEYLANG #08-03,Resale,Strata,123,"7,220",-,Apartment,1,Freehold,2017,HDB,399187,14,39,Central Region,Geylang
ECO,"770,000",592.02,"1,301",06 Feb 2018,283 BEDOK SOUTH AVENUE 3 #10-45,Resale,Strata,55,"14,000",-,Condominium,1,99 yrs from 14/05/2012,2017,HDB,465460,16,46,East Region,Bedok
SEASIDE RESIDENCES,"942,000",559.73,"1,683",06 Feb 2018,12 SIGLAP LINK #04-16,New Sale,Strata,52,"18,115",-,Apartment,1,99 yrs from 18/04/2016,Uncompleted,HDB,448870,15,44,East Region,Bedok
CHILTERN PARK,"1,482,800","1,550.02",957,06 Feb 2018,131 SERANGOON AVENUE 3 #01-15,Resale,Strata,144,"10,297",-,Condominium,1,99 yrs from 01/03/1991,1995,Private,556112,19,55,North East Region,Serangoon
QUEENS PEAK,"1,695,000",936.47,"1,810",06 Feb 2018,1 DUNDEE ROAD #40-01,New Sale,Strata,87,"19,483",-,Condominium,1,99 yrs from 28/09/2015,Uncompleted,N.A,149456,03,14,Central Region,Queenstown
THE NASSIM,"10,400,000","3,121.56","3,332",06 Feb 2018,18 NASSIM HILL #03-12,Resale,Strata,290,"35,862",-,Condominium,1,Freehold,2015,Private,258485,10,25,Central Region,Tanglin
THREE BALMORAL,"3,650,000","1,797.59","2,030",06 Feb 2018,3 BALMORAL ROAD #02-01,Resale,Strata,167,"21,856",-,Apartment,1,Freehold,2016,Private,259785,10,25,Central Region,Tanglin
LEGENDA AT JOO CHIAT,"1,260,000","1,463.9",861,06 Feb 2018,11 JOO CHIAT LANE #01-04,Resale,Strata,136,"9,265",-,Condominium,1,99 yrs from 04/06/2001,2004,HDB,428127,15,42,Central Region,Geylang
WATERBANK AT DAKOTA,"1,638,000","1,140.98","1,436",06 Feb 2018,82 DAKOTA CRESCENT #02-26,Resale,Strata,106,"15,453",-,Condominium,1,99 yrs from 07/12/2009,2013,Private,399947,14,39,Central Region,Geylang
KINGSFORD WATERBAY,"1,003,777",688.9,"1,457",06 Feb 2018,80 UPPER SERANGOON VIEW #03-74,New Sale,Strata,64,"15,684",-,Apartment,1,99 yrs from 03/03/2014,Uncompleted,Private,533878,19,53,North East Region,Hougang
VALLEY PARK,"1,240,000",796.54,"1,557",06 Feb 2018,483 RIVER VALLEY ROAD #02-13,Resale,Strata,74,"16,757",-,Condominium,1,999 yrs from 21/06/1877,1997,Private,248368,10,24,Central Region,Tanglin
THREE THREE ROBIN,"3,450,000","1,711.48","2,016",06 Feb 2018,33 ROBIN ROAD #03-02,Resale,Strata,159,"21,698",-,Apartment,1,Freehold,2005,Private,258208,10,25,Central Region,Tanglin
GEM RESIDENCES,"1,214,000",678.13,"1,790",06 Feb 2018,3 LORONG 5 TOA PAYOH #29-10,New Sale,Strata,63,"19,270",-,Condominium,1,99 yrs from 21/09/2015,Uncompleted,N.A,319459,12,31,Central Region,Toa Payoh
GRANDEUR PARK RESIDENCES,"1,273,112",893.41,"1,425",06 Feb 2018,3 BEDOK SOUTH AVENUE 3 #06-16,New Sale,Strata,83,"15,339",-,Condominium,1,99 yrs from 25/05/2016,Uncompleted,N.A,465462,16,46,East Region,Bedok
QUEENS PEAK,"1,659,000",936.47,"1,772",06 Feb 2018,3 DUNDEE ROAD #35-20,New Sale,Strata,87,"19,069",-,Condominium,1,99 yrs from 28/09/2015,Uncompleted,N.A,149457,03,14,Central Region,Queenstown
QUEENS PEAK,"1,467,000",947.23,"1,549",06 Feb 2018,1 DUNDEE ROAD #14-13,New Sale,Strata,88,"16,670",-,Condominium,1,99 yrs from 28/09/2015,Uncompleted,HDB,149456,03,14,Central Region,Queenstown
QUEENS PEAK,"1,327,000",775.01,"1,712",06 Feb 2018,3 DUNDEE ROAD #22-20,New Sale,Strata,72,"18,431",-,Condominium,1,99 yrs from 28/09/2015,Uncompleted,HDB,149457,03,14,Central Region,Queenstown
2 RVG,"1,730,000",893.41,"1,936",06 Feb 2018,2 RIVER VALLEY GROVE #16-02,Resale,Strata,83,"20,843",-,Apartment,1,Freehold,2006,Private,238405,09,23,Central Region,River Valley
SIMS DORADO,"1,125,000",958,"1,174",06 Feb 2018,11 LORONG 39 GEYLANG #06-02,Resale,Strata,89,"12,640",-,Apartment,1,Freehold,2008,HDB,387869,14,38,Central Region,Geylang
GRANDEUR 8,"1,460,000","1,453.14","1,005",06 Feb 2018,12 ANG MO KIO CENTRAL 3 #04-18,Resale,Strata,135,"10,815",-,Condominium,1,99 yrs from 16/07/2002,2005,HDB,567746,20,56,North East Region,Ang Mo Kio
THE SANCTUARY @ GEYLANG,"700,000",559.73,"1,251",06 Feb 2018,1 LORONG 30 GEYLANG #06-02,Resale,Strata,52,"13,462",-,Apartment,1,Freehold,2014,HDB,398342,14,39,Central Region,Geylang
D'NEST,"610,000",484.38,"1,259",06 Feb 2018,127 PASIR RIS GROVE #03-04,Resale,Strata,45,"13,556",-,Condominium,1,99 yrs from 20/10/2010,2017,Private,518178,18,51,East Region,Pasir Ris
PARVIS,"3,200,000","1,700.71","1,882",06 Feb 2018,18 HOLLAND HILL #10-20,Resale,Strata,158,"20,253",-,Condominium,1,Freehold,2012,Private,278746,10,27,Central Region,Bukit Timah
WATERFRONT KEY,"1,426,000","1,205.57","1,183",06 Feb 2018,770 BEDOK RESERVOIR ROAD #12-07,Resale,Strata,112,"12,732",-,Condominium,1,99 yrs from 31/10/2007,2012,Private,479250,16,47,East Region,Bedok
11 AMBER ROAD,"2,100,000","1,506.96","1,394",06 Feb 2018,11 AMBER ROAD #05-01,Resale,Strata,140,"15,000",-,Apartment,1,Freehold,2004,Private,439857,15,43,Central Region,Marine Parade
GARDENVISTA,"1,755,800","1,345.5","1,305",06 Feb 2018,956 DUNEARN ROAD #10-16,Resale,Strata,125,"14,046",-,Condominium,1,99 yrs from 09/09/1999,2006,Private,589484,21,58,Central Region,Bukit Timah
BAYSHORE PARK,"2,300,000","2,195.86","1,047",06 Feb 2018,50 BAYSHORE ROAD #23-03,Resale,Strata,204,"11,275",-,Condominium,1,99 yrs from 17/03/1982,1986,Private,469977,16,46,East Region,Bedok
HILLBROOKS,"1,088,000","1,130.22",963,06 Feb 2018,88 HILLVIEW AVENUE #02-03,Resale,Strata,105,"10,362",-,Condominium,1,Freehold,1999,HDB,669590,23,66,West Region,Bukit Batok
ARCHIPELAGO,"1,128,888",828.83,"1,362",06 Feb 2018,515 BEDOK RESERVOIR ROAD #05-60,Resale,Strata,77,"14,661",-,Condominium,1,99 yrs from 01/06/2011,2015,HDB,479274,16,47,East Region,Bedok
STILLZ RESIDENCE,"925,000",828.83,"1,116",06 Feb 2018,21 LORONG 108 CHANGI #02-04,Resale,Strata,77,"12,013",-,Apartment,1,Freehold,2011,Private,426411,15,42,Central Region,Geylang
SPRINGDALE CONDOMINIUM,"1,180,000","1,130.22","1,044",06 Feb 2018,45 HINDHEDE WALK #10-02,Resale,Strata,105,"11,238",-,Condominium,1,999 yrs from 21/06/1877,1998,HDB,587978,21,58,West Region,Bukit Panjang
THE INTERLACE,"4,500,000","5,726.45",786,06 Feb 2018,188 DEPOT ROAD #24-16,Resale,Strata,532,"8,459",-,Condominium,1,99 yrs from 11/02/2009,2013,Private,109688,04,10,Central Region,Bukit Merah
SAVANNAH CONDOPARK,"998,888","1,237.86",807,06 Feb 2018,63 SIMEI RISE #07-67,Resale,Strata,115,"8,686",-,Condominium,1,99 yrs from 29/11/2000,2005,HDB,528795,18,52,East Region,Tampines
SOLEIL @ SINARAN,"2,600,000","1,463.9","1,776",07 Feb 2018,2 SINARAN DRIVE #10-03,Resale,Strata,136,"19,118",-,Condominium,1,99 yrs from 23/10/2006,2011,Private,307467,11,30,Central Region,Novena
NORTHVALE,"1,030,000","1,259.39",818,07 Feb 2018,71 CHOA CHU KANG LOOP #03-04,Resale,Strata,117,"8,803",-,Apartment,1,99 yrs from 01/03/1995,1998,Private,689673,23,68,West Region,Choa Chu Kang
VERSILIA ON HAIG,"1,730,000","1,227.1","1,410",07 Feb 2018,33 IPOH LANE #03-06,Resale,Strata,114,"15,175",-,Condominium,1,Freehold,2010,Private,438641,15,43,Central Region,Geylang
H2O RESIDENCES,"1,285,000","1,227.1","1,047",07 Feb 2018,38 FERNVALE LINK #12-23,Resale,Strata,114,"11,272",-,Condominium,1,99 yrs from 10/05/2010,2015,HDB,797534,28,79,North East Region,Sengkang
HIGHLINE RESIDENCES,"2,314,500","1,151.75","2,010",07 Feb 2018,9 KIM TIAN ROAD #26-16,New Sale,Strata,107,"21,631",-,Condominium,1,99 yrs from 22/07/2013,Uncompleted,N.A,168593,03,16,Central Region,Bukit Merah
PARC RIVIERA,"1,506,000","1,184.04","1,272",07 Feb 2018,103 WEST COAST VALE #34-22,New Sale,Strata,110,"13,691",-,Condominium,1,99 yrs from 11/11/2015,Uncompleted,HDB,126754,05,12,West Region,Clementi
CHANGI COURT,"855,000",839.59,"1,018",07 Feb 2018,700 UPPER CHANGI ROAD EAST #04-04,Resale,Strata,78,"10,962",-,Condominium,1,Freehold,1997,Private,486830,16,48,East Region,Tampines
NEPTUNE COURT,"905,000","1,270.15",713,07 Feb 2018,6 MARINE VISTA #14-19,Resale,Strata,118,"7,669",-,Apartment,1,99 yrs from 01/09/1976,1975,Private,449030,15,44,East Region,Bedok
KINGSFORD WATERBAY,"1,271,537",958,"1,327",07 Feb 2018,80 UPPER SERANGOON VIEW #15-72,New Sale,Strata,89,"14,287",-,Apartment,1,99 yrs from 03/03/2014,Uncompleted,N.A,533878,19,53,North East Region,Hougang
BOATHOUSE RESIDENCES,"1,008,000","1,001.05","1,007",07 Feb 2018,29 UPPER SERANGOON VIEW #11-17,Resale,Strata,93,"10,839",-,Condominium,1,99 yrs from 09/02/2011,2015,HDB,534044,19,53,North East Region,Hougang
CASTLE GREEN,"965,000","1,151.75",838,07 Feb 2018,487 YIO CHU KANG ROAD #05-02,Resale,Strata,107,"9,019",-,Condominium,1,99 yrs from 01/12/1993,1997,HDB,787059,26,78,North East Region,Ang Mo Kio
THE CENTRIS,"988,000",914.94,"1,080",07 Feb 2018,65 JURONG WEST CENTRAL 3 #08-04,Resale,Strata,85,"11,624",-,Apartment,1,99 yrs from 21/06/2006,2009,Private,648332,22,64,West Region,Jurong West
MARINA ONE RESIDENCES,"2,420,000","1,011.82","2,392",07 Feb 2018,21 MARINA WAY #24-14,Sub Sale,Strata,94,"25,745",-,Apartment,1,99 yrs from 01/07/2011,2017,Private,018978,01,01,Central Region,Downtown Core
THE ROCHESTER RESIDENCES,"2,400,000","1,700.71","1,411",07 Feb 2018,33 ROCHESTER DRIVE #29-09,Resale,Strata,158,"15,190",-,Apartment,1,99 yrs from 02/02/2005,2011,HDB,138638,05,13,Central Region,Queenstown
GEM RESIDENCES,"1,382,000",775.01,"1,783",07 Feb 2018,3 LORONG 5 TOA PAYOH #30-11,New Sale,Strata,72,"19,194",-,Condominium,1,99 yrs from 21/09/2015,Uncompleted,HDB,319459,12,31,Central Region,Toa Payoh
THE TESSARINA,"2,200,000","1,313.21","1,675",07 Feb 2018,26 WILBY ROAD #06-32,Resale,Strata,122,"18,033",-,Condominium,1,Freehold,2003,Private,276308,10,27,Central Region,Bukit Timah
STARVILLE,"1,020,000","1,216.33",839,07 Feb 2018,66 LENGKONG TIGA #06-16,Resale,Strata,113,"9,027",-,Condominium,1,Freehold,2006,HDB,417471,14,41,East Region,Bedok
GRANDEUR 8,"1,150,000","1,130.22","1,018",07 Feb 2018,2 ANG MO KIO CENTRAL 3 #17-02,Resale,Strata,105,"10,952",-,Condominium,1,99 yrs from 16/07/2002,2005,HDB,567741,20,56,North East Region,Ang Mo Kio
RIO VISTA,"958,000","1,237.86",774,07 Feb 2018,32 UPPER SERANGOON VIEW #13-42,Resale,Strata,115,"8,330",-,Condominium,1,99 yrs from 02/01/2001,2004,HDB,534209,19,53,North East Region,Hougang
CITY TOWERS,"401,933,798","162,719.39","2,470",07 Feb 2018,"317,325J ETC ENBLOC BUKIT TIMAH ROAD",Resale,Strata,"15,117","26,588",-,Apartment,79,Freehold,-,Private,259714,10,25,Central Region,Tanglin
THE QUARTZ,"1,130,000","1,194.8",946,07 Feb 2018,57 COMPASSVALE BOW #18-14,Resale,Strata,111,"10,180",-,Condominium,1,99 yrs from 18/04/2005,2009,Private,544987,19,54,North East Region,Sengkang
TANGERINE GROVE,"1,295,000","1,194.8","1,084",07 Feb 2018,3 PAYA LEBAR CRESCENT #02-15,Resale,Strata,111,"11,667",-,Condominium,1,Freehold,2007,HDB,534239,19,53,North East Region,Hougang
D'CHATEAU @ SHELFORD,"1,830,000","1,948.28",939,07 Feb 2018,25A SHELFORD ROAD #01-05,Resale,Strata,181,"10,110",-,Apartment,1,Freehold,2010,Private,288416,11,28,Central Region,Bukit Timah
TROPICAL SPRING,"1,180,000","1,334.74",884,07 Feb 2018,31 SIMEI STREET 4 #05-19,Resale,Strata,124,"9,516",-,Condominium,1,99 yrs from 06/12/1997,2002,HDB,529877,18,52,East Region,Tampines
THE QUARTZ,"1,200,000","1,194.8","1,004",07 Feb 2018,53 COMPASSVALE BOW #13-07,Resale,Strata,111,"10,811",-,Condominium,1,99 yrs from 18/04/2005,2009,Private,544985,19,54,North East Region,Sengkang
RIVIERA 38,"620,000",452.09,"1,371",07 Feb 2018,38 MAR THOMA ROAD #20-04,Resale,Strata,42,"14,762",-,Apartment,1,999 yrs from 02/06/1882,2014,HDB,328712,12,32,Central Region,Kallang
MARTIN PLACE RESIDENCES,"2,990,000","1,420.85","2,104",07 Feb 2018,6 MARTIN PLACE #18-11,Resale,Strata,132,"22,652",-,Condominium,1,Freehold,2011,HDB,237990,09,23,Central Region,River Valley
THE LOFT,"2,820,000","2,012.87","1,401",07 Feb 2018,22 NASSIM HILL #01-06,Resale,Strata,187,"15,080",-,Condominium,1,99 yrs from 24/04/1999,2002,Private,258468,10,25,Central Region,Tanglin
PARC EMILY,"1,700,000",990.29,"1,717",07 Feb 2018,7 MOUNT EMILY ROAD #02-13,Resale,Strata,92,"18,478",-,Condominium,1,Freehold,2008,Private,228491,09,22,Central Region,Rochor
THE PEARL @ MOUNT FABER,"1,590,000","1,388.56","1,145",07 Feb 2018,9 MOUNT FABER ROAD #06-15,Resale,Strata,129,"12,326",-,Condominium,1,99 yrs from 03/12/2002,2005,Private,099208,04,09,Central Region,Bukit Merah
EUHABITAT,"650,000",538.2,"1,208",07 Feb 2018,196 JALAN EUNOS #03-21,Resale,Strata,50,"13,000",-,Condominium,1,99 yrs from 06/12/2010,2015,HDB,419542,14,41,East Region,Bedok
QUEENS PEAK,"1,399,000",807.3,"1,733",07 Feb 2018,3 DUNDEE ROAD #26-26,New Sale,Strata,75,"18,653",-,Condominium,1,99 yrs from 28/09/2015,Uncompleted,Private,149457,03,14,Central Region,Queenstown
KINGSFORD WATERBAY,"1,188,993",893.41,"1,331",07 Feb 2018,74 UPPER SERANGOON VIEW #12-52,New Sale,Strata,83,"14,325",-,Apartment,1,99 yrs from 03/03/2014,Uncompleted,Private,533881,19,53,North East Region,Hougang
QUEENS PEAK,"1,493,000",807.3,"1,849",07 Feb 2018,1 DUNDEE ROAD #37-12,New Sale,Strata,75,"19,907",-,Condominium,1,99 yrs from 28/09/2015,Uncompleted,Private,149456,03,14,Central Region,Queenstown
FOREST WOODS,"1,362,000",914.94,"1,489",07 Feb 2018,19 LORONG LEW LIAN #04-42,New Sale,Strata,85,"16,024",-,Condominium,1,99 yrs from 05/02/2016,Uncompleted,HDB,533851,19,53,North East Region,Serangoon
ESTELLA GARDENS,"650,000",656.6,990,07 Feb 2018,27 FLORA ROAD #04-05,Resale,Strata,61,"10,656",-,Condominium,1,Freehold,1999,Private,509741,17,50,East Region,Pasir Ris
COSTA DEL SOL,"1,503,000","1,636.13",919,07 Feb 2018,80 BAYSHORE ROAD #01-25,Resale,Strata,152,"9,888",-,Condominium,1,99 yrs from 05/05/1997,2003,Private,469992,16,46,East Region,Bedok
H2O RESIDENCES,"1,080,000","1,076.4","1,003",07 Feb 2018,36 FERNVALE LINK #03-17,Resale,Strata,100,"10,800",-,Condominium,1,99 yrs from 10/05/2010,2015,HDB,797533,28,79,North East Region,Sengkang
DOUBLE BAY RESIDENCES,"980,000",925.7,"1,059",07 Feb 2018,17C SIMEI STREET 4 #07-15,Resale,Strata,86,"11,395",-,Condominium,1,99 yrs from 07/04/2008,2012,HDB,529884,18,52,East Region,Tampines
BOATHOUSE RESIDENCES,"980,000","1,022.58",958,07 Feb 2018,33 UPPER SERANGOON VIEW #01-29,Resale,Strata,95,"10,316",-,Condominium,1,99 yrs from 09/02/2011,2015,HDB,534042,19,53,North East Region,Hougang
NEEM TREE,"1,252,200",818.06,"1,531",07 Feb 2018,30 JALAN KEMAMAN #14-02,New Sale,Strata,76,"16,476",-,Apartment,1,Freehold,Uncompleted,HDB,329341,12,32,Central Region,Novena
ISUITES @ PALM,"775,000",635.08,"1,220",07 Feb 2018,24 GLASGOW ROAD #04-03,Resale,Strata,59,"13,136",-,Apartment,1,999 yrs from 02/12/1878,2013,HDB,549340,19,54,North East Region,Hougang
SUITES AT ORCHARD,"1,265,000",548.96,"2,304",07 Feb 2018,38 HANDY ROAD #02-02,Resale,Strata,51,"24,804",-,Apartment,1,99 yrs from 27/06/2007,2014,Private,229239,09,22,Central Region,Museum
PRISTINE HEIGHTS,"1,000,000",731.95,"1,366",07 Feb 2018,77 MERGUI ROAD #14-02,Resale,Strata,68,"14,706",-,Apartment,1,Freehold,2009,HDB,219053,08,21,Central Region,Kallang
THE PIER AT ROBERTSON,"1,430,000",731.95,"1,954",07 Feb 2018,80 MOHAMED SULTAN ROAD #10-21,Resale,Strata,68,"21,029",-,Apartment,1,Freehold,2006,Private,239013,09,23,Central Region,Singapore River
GRAMERCY PARK,"6,258,870","1,969.81","3,177",07 Feb 2018,57 GRANGE ROAD #18-06,Resale,Strata,183,"34,201",-,Condominium,1,Freehold,2016,Private,249569,10,24,Central Region,Tanglin
BARTLEY RESIDENCES,"1,045,000",796.54,"1,312",07 Feb 2018,5 LORONG HOW SUN #06-27,Resale,Strata,74,"14,122",-,Apartment,1,99 yrs from 29/06/2011,2015,HDB,536562,19,53,North East Region,Serangoon
8@WOODLEIGH,"660,000",398.27,"1,657",07 Feb 2018,6 WOODLEIGH CLOSE #14-10,Resale,Strata,37,"17,838",-,Condominium,1,99 yrs from 22/09/2008,2012,HDB,357902,13,35,Central Region,Toa Payoh
THE INFLORA,"535,000",462.85,"1,156",07 Feb 2018,53 FLORA DRIVE #05-12,Resale,Strata,43,"12,442",-,Condominium,1,99 yrs from 25/05/2012,2016,HDB,506863,17,50,East Region,Pasir Ris
KINGSFORD WATERBAY,"969,772",688.9,"1,408",07 Feb 2018,72 UPPER SERANGOON VIEW #02-40,New Sale,Strata,64,"15,153",-,Apartment,1,99 yrs from 03/03/2014,Uncompleted,N.A,533882,19,53,North East Region,Hougang
THE LAKESHORE,"960,000",925.7,"1,037",07 Feb 2018,33 JURONG WEST STREET 41 #10-47,Resale,Strata,86,"11,163",-,Condominium,1,99 yrs from 22/11/2002,2007,Private,649413,22,64,West Region,Jurong West
EVERITT EDGE,"838,000",731.95,"1,145",07 Feb 2018,83 JOO CHIAT PLACE #05-08,Resale,Strata,68,"12,324",-,Apartment,1,Freehold,2015,Private,427800,15,42,Central Region,Geylang
RIVER ISLES,"1,248,000","1,227.1","1,017",07 Feb 2018,54 EDGEDALE PLAINS #05-07,Resale,Strata,114,"10,947",-,Condominium,1,99 yrs from 06/02/2012,2015,HDB,828821,19,82,North East Region,Punggol
SIMS GREEN,"1,395,000","2,098.98",665,07 Feb 2018,7 LORONG 27A GEYLANG #06-02,Resale,Strata,195,"7,154",-,Apartment,1,99 yrs from 06/02/2001,2003,HDB,388133,14,38,Central Region,Geylang
BAYSHORE PARK,"2,200,000","2,238.91",983,07 Feb 2018,60 BAYSHORE ROAD #27-02,Resale,Strata,208,"10,577",-,Condominium,1,99 yrs from 17/03/1982,1986,Private,469982,16,46,East Region,Bedok
AMARYLLIS VILLE,"1,515,000",979.52,"1,547",07 Feb 2018,22 NEWTON ROAD #15-07,Resale,Strata,91,"16,648",-,Condominium,1,99 yrs from 24/10/1997,2004,Private,307990,11,30,Central Region,Novena
BARTLEY RESIDENCES,"1,030,000",796.54,"1,293",07 Feb 2018,3A LORONG HOW SUN #06-18,Resale,Strata,74,"13,919",-,Apartment,1,99 yrs from 29/06/2011,2015,HDB,536561,19,53,North East Region,Serangoon
THE SHORE RESIDENCES,"2,070,000","1,377.79","1,502",07 Feb 2018,83 AMBER ROAD #13-11,Resale,Strata,128,"16,172",-,Condominium,1,103 yrs from 18/08/2009,2014,Private,439894,15,43,Central Region,Marine Parade
REFLECTIONS AT KEPPEL BAY,"2,100,000","1,345.5","1,561",08 Feb 2018,23 KEPPEL BAY VIEW #29-73,Resale,Strata,125,"16,800",-,Condominium,1,99 yrs from 15/03/2006,2011,Private,098414,04,09,Central Region,Bukit Merah
MOUNT SOPHIA SUITES,"1,128,000",678.13,"1,663",08 Feb 2018,95 SOPHIA ROAD #04-06,Resale,Strata,63,"17,905",-,Apartment,1,Freehold,2010,Private,228163,09,22,Central Region,Rochor
GAMBIR RIDGE,"1,300,000","1,119.46","1,161",08 Feb 2018,16 GAMBIR WALK #01-06,Resale,Strata,104,"12,500",-,Apartment,1,Freehold,2015,HDB,538976,19,53,North East Region,Serangoon
CHANGI RISE CONDOMINIUM,"1,027,500","1,280.92",802,08 Feb 2018,24 SIMEI RISE #05-66,Resale,Strata,119,"8,634",-,Condominium,1,99 yrs from 29/11/2000,2004,Private,528811,18,52,East Region,Tampines
RIO VISTA,"1,650,000","2,421.9",681,08 Feb 2018,22 UPPER SERANGOON VIEW #16-22,Resale,Strata,225,"7,333",-,Condominium,1,99 yrs from 02/01/2001,2004,HDB,534204,19,53,North East Region,Hougang
CASAFINA,"1,200,000","1,377.79",871,08 Feb 2018,213 BEDOK SOUTH AVENUE 1 #01-01,Resale,Strata,128,"9,375",-,Condominium,1,99 yrs from 12/06/1996,1999,Private,469337,16,46,East Region,Bedok
SEASIDE RESIDENCES,"982,000",559.73,"1,754",08 Feb 2018,18 SIGLAP LINK #05-36,New Sale,Strata,52,"18,885",-,Apartment,1,99 yrs from 18/04/2016,Uncompleted,HDB,448873,15,44,East Region,Bedok
THE TOMLINSON,"4,800,000","2,368.08","2,027",08 Feb 2018,20 CUSCADEN ROAD #07-02,Resale,Strata,220,"21,818",-,Apartment,1,Freehold,2002,Private,249726,10,24,Central Region,Orchard
ONE ST MICHAEL'S,"1,780,000","1,377.79","1,292",08 Feb 2018,3 ST. MICHAEL'S ROAD #25-05,Resale,Strata,128,"13,906",-,Condominium,1,Freehold,2009,Private,328007,12,32,Central Region,Kallang
WATERTOWN,"770,000",581.26,"1,325",08 Feb 2018,69 PUNGGOL CENTRAL #09-27,Sub Sale,Strata,54,"14,259",-,Apartment,1,99 yrs from 18/05/2011,2017,Private,828754,19,82,North East Region,Punggol
TREVISTA,"1,030,000",861.12,"1,196",08 Feb 2018,21 LORONG 3 TOA PAYOH #02-04,Resale,Strata,80,"12,875",-,Condominium,1,99 yrs from 15/07/2008,2011,Private,319581,12,31,Central Region,Toa Payoh
DUO RESIDENCES,"4,128,300","1,926.76","2,143",08 Feb 2018,1 FRASER STREET #38-11,New Sale,Strata,179,"23,063",-,Apartment,1,99 yrs from 01/07/2011,2017,Private,189350,07,18,Central Region,Downtown Core
MARINA ONE RESIDENCES,"2,481,260","1,140.98","2,175",08 Feb 2018,21 MARINA WAY #04-02,New Sale,Strata,106,"23,408",-,Apartment,1,99 yrs from 01/07/2011,2017,Private,018978,01,01,Central Region,Downtown Core
MANDARIN GARDENS,"1,560,000","1,571.54",993,08 Feb 2018,7 SIGLAP ROAD #18-54,Resale,Strata,146,"10,685",-,Condominium,1,99 yrs from 08/03/1982,1986,Private,448909,15,44,East Region,Bedok
COTE D'AZUR,"1,570,000","1,151.75","1,363",08 Feb 2018,66 MARINE PARADE ROAD #17-16,Resale,Strata,107,"14,673",-,Condominium,1,99 yrs from 25/07/2001,2004,Private,449300,15,44,Central Region,Marine Parade
LAKEHOLMZ,"930,000","1,022.58",909,08 Feb 2018,86 CORPORATION ROAD #10-12,Resale,Strata,95,"9,789",-,Condominium,1,99 yrs from 29/10/2001,2005,Private,649822,22,64,West Region,Jurong West
AQUARIUS BY THE PARK,"930,000","1,227.1",758,08 Feb 2018,5 BEDOK RESERVOIR VIEW #04-03,Resale,Strata,114,"8,158",-,Condominium,1,99 yrs from 12/06/1996,2000,Private,478928,16,47,East Region,Bedok
VACANZA @ EAST,"1,180,000","1,022.58","1,154",08 Feb 2018,50 LENGKONG TUJOH #05-35,Resale,Strata,95,"12,421",-,Condominium,1,Freehold,2014,Private,417398,14,41,East Region,Bedok
THOMSON GRAND,"1,950,000","1,410.08","1,383",08 Feb 2018,21 SIN MING WALK #19-11,Resale,Strata,131,"14,885",-,Condominium,1,99 yrs from 08/02/2010,2015,Private,573915,20,57,Central Region,Bishan
PARC BOTANNIA,"1,585,000","1,280.92","1,237",08 Feb 2018,16 FERNVALE STREET #15-21,New Sale,Strata,119,"13,319",-,Condominium,1,99 yrs from 28/12/2016,Uncompleted,HDB,797393,28,79,North East Region,Sengkang
CASPIAN,"1,030,000","1,001.05","1,029",08 Feb 2018,58 LAKESIDE DRIVE #14-35,Resale,Strata,93,"11,075",-,Condominium,1,99 yrs from 17/03/2008,2012,HDB,648319,22,64,West Region,Jurong West
HILLBROOKS,"1,280,000","1,334.74",959,08 Feb 2018,92 HILLVIEW AVENUE #03-08,Resale,Strata,124,"10,323",-,Condominium,1,Freehold,1999,HDB,669592,23,66,West Region,Bukit Batok
ROCHELLE AT NEWTON,"2,550,000","1,700.71","1,499",08 Feb 2018,188 KENG LEE ROAD #13-02,Resale,Strata,158,"16,139",-,Condominium,1,99 yrs from 10/03/2008,2012,Private,308414,11,30,Central Region,Novena
CORALIS,"2,348,000","1,280.92","1,833",08 Feb 2018,530 JOO CHIAT ROAD #18-03,Resale,Strata,119,"19,731",-,Condominium,1,Freehold,2013,Private,427710,15,42,Central Region,Marine Parade
THE LEVELZ,"1,200,000",796.54,"1,507",08 Feb 2018,38 FARRER ROAD #03-03,Resale,Strata,74,"16,216",-,Condominium,1,Freehold,2004,Private,268836,10,26,Central Region,Tanglin
THE RAINTREE,"1,100,000",947.23,"1,161",08 Feb 2018,91 BUKIT DRIVE #04-26,Resale,Strata,88,"12,500",-,Condominium,1,99 yrs from 01/03/2003,2008,Private,587845,21,58,West Region,Bukit Panjang
LAKE GRANDE,"1,160,000",818.06,"1,418",08 Feb 2018,10 JURONG LAKE LINK #10-41,Sub Sale,Strata,76,"15,263",-,Condominium,1,99 yrs from 09/06/2015,Uncompleted,HDB,648131,22,64,West Region,Jurong West
TREE HOUSE,"1,220,000","1,227.1",994,08 Feb 2018,60 CHESTNUT AVENUE #03-01,Resale,Strata,114,"10,702",-,Condominium,1,99 yrs from 23/11/2009,2013,HDB,679517,23,67,West Region,Bukit Panjang
THE LINEAR,"1,350,000","1,808.35",747,08 Feb 2018,894 UPPER BUKIT TIMAH ROAD #06-27,Resale,Strata,168,"8,036",-,Apartment,1,999 yrs from 02/10/1876,2006,Private,678188,23,67,West Region,Bukit Panjang
REGENT PARK,"870,000",914.94,951,08 Feb 2018,22 JALAN LEMPENG #07-07,Resale,Strata,85,"10,235",-,Condominium,1,99 yrs from 01/12/1993,1997,Private,128803,05,12,West Region,Clementi
COSTA RHU,"1,500,000","1,399.32","1,072",08 Feb 2018,9 RHU CROSS #11-04,Resale,Strata,130,"11,538",-,Condominium,1,99 yrs from 30/05/1994,1997,Private,437436,15,43,Central Region,Kallang
HOLLAND HILL LODGE,"820,000",538.2,"1,524",08 Feb 2018,5 HOLLAND HILL #02-03,Resale,Strata,50,"16,400",-,Apartment,1,Freehold,1997,HDB,278742,10,27,Central Region,Bukit Timah
D'NEST,"863,000",753.48,"1,145",08 Feb 2018,141 PASIR RIS GROVE #05-54,Resale,Strata,70,"12,329",-,Condominium,1,99 yrs from 20/10/2010,2017,Private,518135,18,51,East Region,Pasir Ris
NEW FUTURA,"7,224,200","2,249.68","3,211",08 Feb 2018,18 LEONIE HILL ROAD #22-05,Resale,Strata,209,"34,566",-,Condominium,1,Freehold,2017,Private,239199,09,23,Central Region,River Valley
AMARYLLIS VILLE,"3,100,000","2,594.12","1,195",08 Feb 2018,22 NEWTON ROAD #30-08,Resale,Strata,241,"12,863",-,Condominium,1,99 yrs from 24/10/1997,2004,Private,307990,11,30,Central Region,Novena
THOMSON GRAND,"1,850,000","1,399.32","1,322",08 Feb 2018,19 SIN MING WALK #16-09,Resale,Strata,130,"14,231",-,Condominium,1,99 yrs from 08/02/2010,2015,HDB,573914,20,57,Central Region,Bishan
HUME PARK I,"1,320,000","1,345.5",981,08 Feb 2018,17 HUME AVENUE #05-03,Resale,Strata,125,"10,560",-,Condominium,1,Freehold,1995,Private,598726,21,59,West Region,Bukit Batok
HILLVIEW REGENCY,"968,000","1,194.8",810,08 Feb 2018,26 BUKIT BATOK EAST AVENUE 2 #18-03,Resale,Strata,111,"8,721",-,Condominium,1,99 yrs from 20/06/2000,2005,HDB,659920,23,65,West Region,Bukit Batok
PALMWOODS,"900,000","1,076.4",836,08 Feb 2018,450 UPPER CHANGI ROAD #02-07,Resale,Strata,100,"9,000",-,Condominium,1,99 yrs from 12/06/1996,1999,HDB,487040,16,48,East Region,Bedok
RIVER ISLES,"1,028,000","1,140.98",901,08 Feb 2018,56 EDGEDALE PLAINS #01-12,Resale,Strata,106,"9,698",-,Condominium,1,99 yrs from 06/02/2012,2015,Private,828822,19,82,North East Region,Punggol
THE LAKEFRONT RESIDENCES,"745,000",495.14,"1,505",08 Feb 2018,48 LAKESIDE DRIVE #09-34,Resale,Strata,46,"16,196",-,Condominium,1,99 yrs from 03/08/2010,2014,HDB,648305,22,64,West Region,Jurong West
TROPICAL SPRING,"1,180,000","1,334.74",884,08 Feb 2018,29 SIMEI STREET 4 #02-13,Resale,Strata,124,"9,516",-,Condominium,1,99 yrs from 06/12/1997,2002,HDB,529876,18,52,East Region,Tampines
RESIDENCES 88,"682,000",505.91,"1,348",08 Feb 2018,88 LORONG MARICAN #04-04,Resale,Strata,47,"14,511",-,Apartment,1,Freehold,2013,Private,417297,14,41,East Region,Bedok
CITYLIGHTS,"850,000",559.73,"1,519",08 Feb 2018,90 JELLICOE ROAD #09-29,Resale,Strata,52,"16,346",-,Condominium,1,99 yrs from 05/01/2004,2007,Private,208749,08,20,Central Region,Kallang
NV RESIDENCES,"800,000",904.18,885,08 Feb 2018,89 PASIR RIS GROVE #02-19,Resale,Strata,84,"9,524",-,Condominium,1,99 yrs from 07/01/2008,2013,HDB,518214,18,51,East Region,Pasir Ris
THE MINTON,"1,070,000","1,087.16",984,08 Feb 2018,12 HOUGANG STREET 11 #08-54,Resale,Strata,101,"10,594",-,Condominium,1,99 yrs from 27/07/2007,2013,HDB,534075,19,53,North East Region,Hougang
BARTLEY RESIDENCES,"2,030,000","1,603.84","1,266",08 Feb 2018,5 LORONG HOW SUN #11-23,Resale,Strata,149,"13,624",-,Apartment,1,99 yrs from 29/06/2011,2015,HDB,536562,19,53,North East Region,Serangoon
ASTON MANSIONS,"1,050,000","1,162.51",903,08 Feb 2018,7 LORONG 42 GEYLANG #01-04,Resale,Strata,108,"9,722",-,Apartment,1,99 yrs from 13/02/1995,1998,Private,398028,14,39,Central Region,Geylang
THE OCEANFRONT @ SENTOSA COVE,"2,900,000","1,711.48","1,694",08 Feb 2018,295 OCEAN DRIVE #05-20,Resale,Strata,159,"18,239",-,Condominium,1,99 yrs from 10/08/2005,2010,Private,098534,04,09,Central Region,Southern Islands
QUEENS PEAK,"1,347,000",775.01,"1,738",08 Feb 2018,1 DUNDEE ROAD #25-08,New Sale,Strata,72,"18,708",-,Condominium,1,99 yrs from 28/09/2015,Uncompleted,N.A,149456,03,14,Central Region,Queenstown
OPTIMA @ TANAH MERAH,"1,520,000","1,302.44","1,167",08 Feb 2018,88 TANAH MERAH KECHIL AVENUE #11-23,Resale,Strata,121,"12,562",-,Condominium,1,99 yrs from 09/12/2008,2012,HDB,465518,16,46,East Region,Bedok
PARC VERA,"755,000",785.77,961,08 Feb 2018,10 HOUGANG STREET 32 #06-26,Resale,Strata,73,"10,342",-,Condominium,1,99 yrs from 20/12/2010,2014,HDB,534037,19,53,North East Region,Hougang
ST THOMAS SUITES,"3,930,000","2,012.87","1,952",08 Feb 2018,31 ST. THOMAS WALK #03-02,Resale,Strata,187,"21,016",-,Condominium,1,Freehold,2010,Private,238141,09,23,Central Region,River Valley
V ON SHENTON,"2,090,000",958,"2,182",08 Feb 2018,5A SHENTON WAY #38-13,Sub Sale,Strata,89,"23,483",-,Apartment,1,99 yrs from 29/11/2011,2017,Private,068814,01,06,Central Region,Downtown Core
SUITES AT ORCHARD,"1,390,000",613.55,"2,266",08 Feb 2018,38 HANDY ROAD #02-03,Resale,Strata,57,"24,386",-,Apartment,1,99 yrs from 27/06/2007,2014,HDB,229239,09,22,Central Region,Museum
WOODSVILLE 28,"1,128,000",904.18,"1,248",08 Feb 2018,26 WOODSVILLE CLOSE #13-03,Resale,Strata,84,"13,429",-,Apartment,1,99 yrs from 15/10/2007,2011,Private,357774,13,35,Central Region,Toa Payoh
MANDARIN GARDENS,"1,080,000","1,001.05","1,079",08 Feb 2018,7 SIGLAP ROAD #04-53,Resale,Strata,93,"11,613",-,Condominium,1,99 yrs from 08/03/1982,1986,Private,448909,15,44,East Region,Bedok
OASIS GARDEN,"1,210,000","1,033.34","1,171",08 Feb 2018,55 JALAN BUNGA RAMPAI #13-09,Resale,Strata,96,"12,604",-,Condominium,1,Freehold,2009,Private,538422,19,53,Central Region,Toa Payoh
TRE RESIDENCES,"1,260,000",861.12,"1,463",08 Feb 2018,9 GEYLANG EAST AVENUE 1 #15-15,New Sale,Strata,80,"15,750",-,Condominium,1,99 yrs from 23/04/2014,Uncompleted,HDB,389783,14,38,Central Region,Geylang
HILLTOP GROVE,"980,000","1,237.86",792,08 Feb 2018,134 HILLVIEW AVENUE #07-06,Resale,Strata,115,"8,522",-,Condominium,1,99 yrs from 12/06/1996,2001,Private,669619,23,66,West Region,Bukit Batok
SOUTHAVEN I,"1,355,000","1,528.49",886,08 Feb 2018,41 HINDHEDE WALK #02-02,Resale,Strata,142,"9,542",-,Condominium,1,99 yrs from 01/08/1994,1997,Private,587972,21,58,West Region,Bukit Panjang
WESTCOVE CONDOMINIUM,"1,000,000","1,130.22",885,08 Feb 2018,16 WEST COAST CRESCENT #02-02,Resale,Strata,105,"9,524",-,Condominium,1,99 yrs from 01/03/1995,1998,Private,128044,05,12,West Region,Clementi
MAPLE WOODS,"1,300,000",850.36,"1,529",08 Feb 2018,991 BUKIT TIMAH ROAD #01-15,Resale,Strata,79,"16,456",-,Condominium,1,Freehold,1997,Private,589630,21,58,Central Region,Bukit Timah
RIPPLE BAY,"550,000",484.38,"1,135",08 Feb 2018,2 PASIR RIS LINK #09-04,Resale,Strata,45,"12,222",-,Condominium,1,99 yrs from 10/08/2011,2015,HDB,518184,18,51,East Region,Pasir Ris
NEPTUNE COURT,"1,117,117","1,270.15",880,08 Feb 2018,7 MARINE VISTA #11-17,Resale,Strata,118,"9,467",-,Apartment,1,99 yrs from 01/09/1976,1975,Private,449031,15,44,East Region,Bedok
WATERTOWN,"808,000",602.78,"1,340",08 Feb 2018,71 PUNGGOL CENTRAL #09-45,Sub Sale,Strata,56,"14,429",-,Apartment,1,99 yrs from 18/05/2011,2017,HDB,828755,19,82,North East Region,Punggol
BLUE HORIZON,"1,300,000","1,227.1","1,059",08 Feb 2018,25 WEST COAST CRESCENT #21-14,Resale,Strata,114,"11,404",-,Condominium,1,99 yrs from 14/08/2000,2005,Private,128047,05,12,West Region,Clementi
AMBER SKYE,"2,325,000","1,119.46","2,077",08 Feb 2018,8 AMBER ROAD #14-04,Resale,Strata,104,"22,356",-,Apartment,1,Freehold,2017,HDB,439853,15,43,Central Region,Marine Parade
PARC PALAIS,"1,300,000","1,205.57","1,078",08 Feb 2018,49 HUME AVENUE #03-04,Resale,Strata,112,"11,607",-,Condominium,1,Freehold,1999,Private,598749,21,59,West Region,Bukit Batok
TERRASSE,"1,525,000","1,453.14","1,049",08 Feb 2018,31 TERRASSE LANE #05-56,Resale,Strata,135,"11,296",-,Condominium,1,99 yrs from 23/08/2010,2014,HDB,544779,19,54,North East Region,Hougang
CENTRO RESIDENCES,"1,050,000",742.72,"1,414",08 Feb 2018,59 ANG MO KIO AVENUE 8 #15-04,Resale,Strata,69,"15,217",-,Condominium,1,99 yrs from 11/12/2007,2014,Private,567752,20,56,North East Region,Ang Mo Kio
SHEARES VILLE,"2,550,000","1,528.49","1,668",08 Feb 2018,9 HOLT ROAD #10-06,Resale,Strata,142,"17,958",-,Apartment,1,Freehold,2003,Private,249446,10,24,Central Region,Tanglin
DAKOTA RESIDENCES,"1,720,000","1,356.26","1,268",08 Feb 2018,40 DAKOTA CRESCENT #02-16,Resale,Strata,126,"13,651",-,Condominium,1,99 yrs from 11/09/2007,2010,Private,399939,14,39,Central Region,Geylang
16 @ AMBER,"1,050,000",667.37,"1,573",08 Feb 2018,16 AMBER ROAD #05-04,Resale,Strata,62,"16,935",-,Apartment,1,Freehold,2014,HDB,439866,15,43,Central Region,Marine Parade
CITY SUITES,"952,000",527.44,"1,805",08 Feb 2018,235 BALESTIER ROAD #10-02,New Sale,Strata,49,"19,429",-,Apartment,1,Freehold,2017,Private,329699,12,32,Central Region,Novena
FLO RESIDENCE,"895,000",925.7,967,08 Feb 2018,7 PUNGGOL FIELD WALK #15-13,Resale,Strata,86,"10,407",-,Condominium,1,99 yrs from 05/12/2011,2016,Private,828742,19,82,North East Region,Punggol
CANTIZ @ RAMBAI,"1,388,888","1,506.96",922,08 Feb 2018,21 RAMBAI ROAD #05-01,Resale,Strata,140,"9,921",-,Apartment,1,Freehold,2010,Private,424340,15,42,Central Region,Marine Parade
SKY VUE,"1,013,000",678.13,"1,494",08 Feb 2018,3 BISHAN STREET 15 #06-17,Resale,Strata,63,"16,079",-,Condominium,1,99 yrs from 04/03/2013,2016,HDB,573911,20,57,Central Region,Bishan
SIMS POINT,"970,000","1,227.1",790,09 Feb 2018,4 LORONG 19 GEYLANG #08-01,Resale,Strata,114,"8,509",-,Apartment,1,Freehold,1993,Private,388489,14,38,Central Region,Geylang
EASTPOINT GREEN,"895,000","1,140.98",784,09 Feb 2018,1 SIMEI STREET 3 #04-13,Resale,Strata,106,"8,443",-,Condominium,1,99 yrs from 24/04/1996,1999,HDB,529890,18,52,East Region,Tampines
LAKEHOLMZ,"1,145,000","1,323.97",865,09 Feb 2018,88 CORPORATION ROAD #09-15,Resale,Strata,123,"9,309",-,Condominium,1,99 yrs from 29/10/2001,2005,HDB,649823,22,64,West Region,Jurong West
TERRENE AT BUKIT TIMAH,"2,000,000","1,937.52","1,032",09 Feb 2018,117 JALAN JURONG KECHIL #05-13,Resale,Strata,180,"11,111",-,Condominium,1,999 yrs from 19/06/1885,2013,Private,598677,21,59,Central Region,Bukit Timah
KINGSFORD WATERBAY,"970,989",688.9,"1,409",09 Feb 2018,76 UPPER SERANGOON VIEW #04-58,New Sale,Strata,64,"15,172",-,Apartment,1,99 yrs from 03/03/2014,Uncompleted,HDB,533880,19,53,North East Region,Hougang
BLUE HORIZON,"900,000",958,939,09 Feb 2018,21 WEST COAST CRESCENT #14-06,Resale,Strata,89,"10,112",-,Condominium,1,99 yrs from 14/08/2000,2005,Private,128045,05,12,West Region,Clementi
GRANDEUR PARK RESIDENCES,"1,130,112",882.65,"1,280",09 Feb 2018,11 BEDOK SOUTH AVENUE 3 #03-52,New Sale,Strata,82,"13,782",-,Condominium,1,99 yrs from 25/05/2016,Uncompleted,N.A,465466,16,46,East Region,Bedok
COTE D'AZUR,"1,325,000","1,108.69","1,195",09 Feb 2018,70 MARINE PARADE ROAD #02-28,Resale,Strata,103,"12,864",-,Condominium,1,99 yrs from 25/07/2001,2004,Private,449302,15,44,Central Region,Marine Parade
THE ALCOVE,"1,100,000","1,323.97",831,09 Feb 2018,10 LORONG 27 GEYLANG #07-06,Resale,Strata,123,"8,943",-,Apartment,1,99 yrs from 06/10/2000,2004,Private,388199,14,38,Central Region,Geylang
PEBBLE BAY,"2,485,000","1,894.46","1,312",09 Feb 2018,132 TANJONG RHU ROAD #04-07,Resale,Strata,176,"14,119",-,Condominium,1,99 yrs from 09/03/1994,1997,Private,436919,15,43,Central Region,Kallang
NEW FUTURA,"7,576,800","2,249.68","3,368",09 Feb 2018,18 LEONIE HILL ROAD #29-05,Resale,Strata,209,"36,253",-,Condominium,1,Freehold,2017,Private,239199,09,23,Central Region,River Valley
STURDEE RESIDENCES,"2,077,000","1,302.44","1,595",09 Feb 2018,10 BEATTY ROAD #25-08,New Sale,Strata,121,"17,165",-,Condominium,1,99 yrs from 29/06/2015,Uncompleted,HDB,209955,08,20,Central Region,Kallang
KINGSFORD WATERBAY,"1,657,173","1,216.33","1,362",09 Feb 2018,80 UPPER SERANGOON VIEW #01-76,New Sale,Strata,113,"14,665",-,Apartment,1,99 yrs from 03/03/2014,Uncompleted,Private,533878,19,53,North East Region,Hougang
NORTHVALE,"750,000","1,033.34",726,09 Feb 2018,71 CHOA CHU KANG LOOP #07-18,Resale,Strata,96,"7,813",-,Apartment,1,99 yrs from 01/03/1995,1998,HDB,689673,23,68,West Region,Choa Chu Kang
DUNMAN VIEW,"1,300,000","1,323.97",982,09 Feb 2018,102 HAIG ROAD #13-07,Resale,Strata,123,"10,569",-,Condominium,1,99 yrs from 24/10/1997,2004,Private,438798,15,43,Central Region,Geylang
BLUWATERS 2,"860,000",958,898,09 Feb 2018,205 JALAN LOYANG BESAR #04-09,Resale,Strata,89,"9,663",-,Condominium,1,946 yrs from 01/01/1938,2010,Private,509456,17,50,East Region,Pasir Ris
COUNTRY GRANDEUR,"1,780,000","1,442.38","1,234",09 Feb 2018,22 LORONG PUNTONG #12-03,Resale,Strata,134,"13,284",-,Condominium,1,Freehold,1996,Private,576439,20,57,Central Region,Bishan
PANDAN VALLEY,"2,150,000","1,646.89","1,305",09 Feb 2018,2 PANDAN VALLEY #06-209,Resale,Strata,153,"14,052",-,Condominium,1,Freehold,1978,Private,597626,21,59,Central Region,Bukit Timah
FORESQUE RESIDENCES,"1,630,000","1,270.15","1,283",09 Feb 2018,107 PETIR ROAD #20-14,Resale,Strata,118,"13,814",-,Condominium,1,99 yrs from 10/01/2011,2014,HDB,678275,23,67,West Region,Bukit Panjang
CLEMENTI PARK,"1,385,000","1,345.5","1,029",09 Feb 2018,137 SUNSET WAY #03-20,Resale,Strata,125,"11,080",-,Condominium,1,Freehold,1986,Private,597159,21,59,West Region,Clementi
THE MAYFAIR,"720,000",635.08,"1,134",09 Feb 2018,5 JURONG EAST STREET 32 #09-08,Resale,Strata,59,"12,203",-,Condominium,1,99 yrs from 04/12/1996,2000,Private,609479,22,60,West Region,Jurong East
MELVILLE PARK,"775,000","1,044.11",742,09 Feb 2018,24 SIMEI STREET 1 #10-14,Resale,Strata,97,"7,990",-,Condominium,1,99 yrs from 01/09/1992,1996,Private,529946,18,52,East Region,Tampines
THE SPRINGBLOOM,"1,758,000","1,646.89","1,067",09 Feb 2018,139 SERANGOON AVENUE 3 #14-03,Resale,Strata,153,"11,490",-,Condominium,1,99 yrs from 01/03/1995,1999,Private,556119,19,55,North East Region,Serangoon
NEW FUTURA,"6,424,000","1,829.88","3,511",09 Feb 2018,18 LEONIE HILL ROAD #31-06,Resale,Strata,170,"37,788",-,Condominium,1,Freehold,2017,Private,239199,09,23,Central Region,River Valley
WATERFRONT WAVES,"1,518,888","1,270.15","1,196",09 Feb 2018,760 BEDOK RESERVOIR ROAD #11-10,Resale,Strata,118,"12,872",-,Condominium,1,99 yrs from 31/10/2007,2011,Private,479245,16,47,East Region,Bedok
REGENT RESIDENCES,"1,450,000","1,356.26","1,069",09 Feb 2018,1091 SERANGOON ROAD #26-04,Resale,Strata,126,"11,508",-,Apartment,1,Freehold,2015,Private,328190,12,32,Central Region,Kallang
CALARASI,"1,295,000","1,227.1","1,055",09 Feb 2018,31 KIM KEAT LANE #14-05,Resale,Strata,114,"11,360",-,Apartment,1,Freehold,2004,Private,328882,12,32,Central Region,Novena
NEW FUTURA,"5,696,000","1,829.88","3,113",09 Feb 2018,18 LEONIE HILL ROAD #11-06,Resale,Strata,170,"33,506",-,Condominium,1,Freehold,2017,Private,239199,09,23,Central Region,River Valley
THE MINTON,"682,000",613.55,"1,112",09 Feb 2018,10C HOUGANG STREET 11 #02-43,Resale,Strata,57,"11,965",-,Condominium,1,99 yrs from 27/07/2007,2013,Private,534077,19,53,North East Region,Hougang
ROSEWOOD,"1,050,000","1,474.67",712,09 Feb 2018,7 ROSEWOOD DRIVE #04-14,Resale,Strata,137,"7,664",-,Condominium,1,99 yrs from 20/06/2000,2003,Private,737937,25,73,North Region,Woodlands
LAGUNA GREEN,"983,888","1,097.93",896,09 Feb 2018,20 JALAN HAJIJAH #01-12,Resale,Strata,102,"9,646",-,Condominium,1,99 yrs from 13/02/1995,1998,HDB,468726,16,46,East Region,Bedok
NIN RESIDENCE,"1,140,000",850.36,"1,341",09 Feb 2018,85 PHENG GECK AVENUE #13-12,Resale,Strata,79,"14,430",-,Apartment,1,99 yrs from 13/09/2010,2014,Private,348271,13,34,Central Region,Toa Payoh
TRELLIS TOWERS,"830,000",548.96,"1,512",09 Feb 2018,700 LORONG 1 TOA PAYOH #08-05,Resale,Strata,51,"16,275",-,Condominium,1,Freehold,2000,HDB,319773,12,31,Central Region,Toa Payoh
MIRO,"1,650,000","1,065.64","1,548",09 Feb 2018,1 LINCOLN ROAD #03-01,Resale,Strata,99,"16,667",-,Apartment,1,Freehold,2012,Private,308365,11,30,Central Region,Novena
THE INTERLACE,"4,850,000","4,703.87","1,031",09 Feb 2018,218 DEPOT ROAD #19-73,Resale,Strata,437,"11,098",-,Condominium,1,99 yrs from 11/02/2009,2013,Private,109703,04,10,Central Region,Bukit Merah
QUESTA @ DUNMAN,"1,260,000",893.41,"1,410",09 Feb 2018,543 DUNMAN ROAD #05-01,Resale,Strata,83,"15,181",-,Apartment,1,Freehold,2013,Private,439219,15,43,Central Region,Geylang
GOODWOOD RESIDENCE,"7,612,800","2,927.81","2,600",09 Feb 2018,261 BUKIT TIMAH ROAD #11-02,Resale,Strata,272,"27,988",-,Condominium,1,Freehold,2013,Private,259703,10,25,Central Region,Newton
CASPIAN,"900,000",871.88,"1,032",09 Feb 2018,56 LAKESIDE DRIVE #07-31,Resale,Strata,81,"11,111",-,Condominium,1,99 yrs from 17/03/2008,2012,Private,648318,22,64,West Region,Jurong West
THE NCLAVE,"1,850,000","1,980.58",934,09 Feb 2018,83 LORONG N TELOK KURAU #05-06,Resale,Strata,184,"10,054",-,Apartment,1,Freehold,2007,Private,425265,15,42,East Region,Bedok
SEAVIEW POINT,"2,000,000","1,388.56","1,440",09 Feb 2018,15 AMBER ROAD #05-01,Resale,Strata,129,"15,504",-,Apartment,1,Freehold,1994,Private,439865,15,43,Central Region,Marine Parade
THE PETALS,"1,680,000","1,636.13","1,027",09 Feb 2018,91 HILLVIEW AVENUE #06-18,Resale,Strata,152,"11,053",-,Condominium,1,Freehold,2002,HDB,669625,23,66,West Region,Bukit Batok
PARC BOTANNIA,"1,508,000","1,248.62","1,208",09 Feb 2018,16 FERNVALE STREET #05-21,New Sale,Strata,116,"13,000",-,Condominium,1,99 yrs from 28/12/2016,Uncompleted,HDB,797393,28,79,North East Region,Sengkang
REFLECTIONS AT KEPPEL BAY,"1,700,000","1,076.4","1,579",09 Feb 2018,11 KEPPEL BAY VIEW #05-44,Resale,Strata,100,"17,000",-,Condominium,1,99 yrs from 15/03/2006,2011,Private,098408,04,09,Central Region,Bukit Merah
BISHAN 8,"1,355,000","1,162.51","1,166",09 Feb 2018,61 BISHAN STREET 21 #04-03,Resale,Strata,108,"12,546",-,Condominium,1,99 yrs from 09/10/1996,1999,HDB,574044,20,57,Central Region,Bishan
GAMBIER COURT,"1,350,000","1,162.51","1,161",09 Feb 2018,66 KIM YAM ROAD #03-02,Resale,Strata,108,"12,500",-,Apartment,1,99 yrs from 03/02/1997,1999,Private,239381,09,23,Central Region,River Valley
EUPHONY GARDENS,"850,000","1,184.04",718,09 Feb 2018,11 JALAN MATA AYER #02-64,Resale,Strata,110,"7,727",-,Condominium,1,99 yrs from 25/02/1998,2001,Private,759154,27,75,North Region,Mandai
THE ADARA,"1,600,000","1,550.02","1,032",09 Feb 2018,9 CHAPEL ROAD #05-01,Resale,Strata,144,"11,111",-,Apartment,1,Freehold,2010,HDB,429515,15,42,Central Region,Marine Parade
SYMPHONY HEIGHTS,"1,253,000","1,280.92",978,09 Feb 2018,33 HUME AVENUE #02-06,Resale,Strata,119,"10,529",-,Condominium,1,Freehold,1998,Private,598734,21,59,West Region,Bukit Batok
WATERTOWN,"835,000",645.84,"1,293",09 Feb 2018,73 PUNGGOL CENTRAL #03-73,Sub Sale,Strata,60,"13,917",-,Apartment,1,99 yrs from 18/05/2011,2017,HDB,828756,19,82,North East Region,Punggol
PRIMO RESIDENCES,"635,000",516.67,"1,229",09 Feb 2018,201 JALAN PELIKAT #02-03,Resale,Strata,48,"13,229",-,Apartment,1,Freehold,2012,HDB,537652,19,53,North East Region,Hougang
ASTON MANSIONS,"960,000","1,162.51",826,09 Feb 2018,7 LORONG 42 GEYLANG #04-04,Resale,Strata,108,"8,889",-,Apartment,1,99 yrs from 13/02/1995,1998,Private,398028,14,39,Central Region,Geylang
THE ANCHORAGE,"1,520,000","1,205.57","1,261",09 Feb 2018,370 ALEXANDRA ROAD #03-10,Resale,Strata,112,"13,571",-,Condominium,1,Freehold,1997,Private,159953,03,15,Central Region,Queenstown
8 @ MOUNT SOPHIA,"1,482,300",914.94,"1,620",09 Feb 2018,8 MOUNT SOPHIA #09-50,Resale,Strata,85,"17,439",-,Condominium,1,103 yrs from 28/11/2002,2007,Private,228463,09,22,Central Region,Rochor
THE CALROSE,"1,330,000","1,022.58","1,301",09 Feb 2018,513 YIO CHU KANG ROAD #03-36,Resale,Strata,95,"14,000",-,Condominium,1,Freehold,2007,Private,787067,26,78,North East Region,Ang Mo Kio
THE NEXUS,"1,780,000","1,194.8","1,490",09 Feb 2018,955 BUKIT TIMAH ROAD #03-13,Resale,Strata,111,"16,036",-,Condominium,1,Freehold,2006,Private,589652,21,58,Central Region,Bukit Timah
GRAND CHATEAU,"1,180,000","1,270.15",929,09 Feb 2018,2 JALAN RAJAWALI #05-09,Resale,Strata,118,"10,000",-,Condominium,1,Freehold,1996,HDB,598435,21,59,Central Region,Bukit Timah
ARTRA,"1,915,200","1,119.46","1,711",09 Feb 2018,10 ALEXANDRA VIEW #22-11,New Sale,Strata,104,"18,415",-,Apartment,1,99 yrs from 15/02/2016,Uncompleted,Private,158745,03,15,Central Region,Bukit Merah
THE BAYSHORE,"860,000",947.23,908,09 Feb 2018,30 BAYSHORE ROAD #08-01,Resale,Strata,88,"9,773",-,Condominium,1,99 yrs from 31/05/1993,1997,Private,469974,16,46,East Region,Bedok
MARINA BAY RESIDENCES,"2,180,000","1,065.64","2,046",09 Feb 2018,18 MARINA BOULEVARD #28-03,Resale,Strata,99,"22,020",-,Condominium,1,99 yrs from 11/10/2005,2010,Private,018980,01,01,Central Region,Downtown Core
NEW FUTURA,"6,192,000","1,829.88","3,384",09 Feb 2018,18 LEONIE HILL ROAD #25-06,Resale,Strata,170,"36,424",-,Condominium,1,Freehold,2017,Private,239199,09,23,Central Region,River Valley
THE LUXURIE,"1,210,000","1,054.87","1,147",09 Feb 2018,19 COMPASSVALE ROAD #12-15,Resale,Strata,98,"12,347",-,Condominium,1,99 yrs from 15/06/2011,2015,HDB,544753,19,54,North East Region,Sengkang
HIGHLINE RESIDENCES,"4,560,000","2,174.33","2,097",09 Feb 2018,7 KIM TIAN ROAD #35-08,New Sale,Strata,202,"22,574",-,Condominium,1,99 yrs from 22/07/2013,2018,Private,168592,03,16,Central Region,Bukit Merah
EIGHT COURTYARDS,"781,000",861.12,907,09 Feb 2018,10A CANBERRA DRIVE #13-18,Resale,Strata,80,"9,763",-,Condominium,1,99 yrs from 20/09/2010,2014,Private,768143,27,76,North Region,Yishun
RHAPSODY ON MOUNT ELIZABETH,"2,320,000","1,044.11","2,222",09 Feb 2018,16 MOUNT ELIZABETH #10-02,Resale,Strata,97,"23,918",-,Apartment,1,Freehold,2010,Private,228513,09,22,Central Region,Newton
MEADOWLODGE,"1,390,000","1,323.97","1,050",09 Feb 2018,31 CHUN TIN ROAD #04-06,Resale,Strata,123,"11,301",-,Condominium,1,99 yrs from 24/10/1997,2004,HDB,599717,21,59,Central Region,Bukit Timah
MARINA COLLECTION,"3,600,000","2,098.98","1,715",09 Feb 2018,17 COVE DRIVE #01-20,Resale,Strata,195,"18,462",-,Condominium,1,99 yrs from 03/01/2007,2011,Private,098329,04,09,Central Region,Southern Islands
THE CLEMENT CANOPY,"1,542,000","1,162.51","1,326",09 Feb 2018,16 CLEMENTI AVENUE 1 #40-05,New Sale,Strata,108,"14,278",-,Apartment,1,99 yrs from 09/03/2016,Uncompleted,Private,129960,05,12,West Region,Clementi
THE CASCADIA,"1,350,000",882.65,"1,529",09 Feb 2018,933 BUKIT TIMAH ROAD #02-27,Resale,Strata,82,"16,463",-,Condominium,1,Freehold,2010,Private,589644,21,58,Central Region,Bukit Timah
WING FONG COURT,"730,000",990.29,737,09 Feb 2018,10 LORONG 14 GEYLANG #03-03,Resale,Strata,92,"7,935",-,Apartment,1,Freehold,1997,Private,398922,14,39,Central Region,Geylang
BEDOK RESIDENCES,"1,120,000",785.77,"1,425",09 Feb 2018,18 BEDOK NORTH DRIVE #08-13,Resale,Strata,73,"15,342",-,Apartment,1,99 yrs from 21/11/2011,2015,Private,465495,16,46,East Region,Bedok
SOUTHBANK,"998,000",613.55,"1,627",09 Feb 2018,881 NORTH BRIDGE ROAD #29-09,Resale,Strata,57,"17,509",-,Apartment,1,99 yrs from 27/01/2006,2010,Private,198784,07,19,Central Region,Kallang
TANGLIN PARK,"1,950,000","1,033.34","1,887",09 Feb 2018,1C RIDLEY PARK #02-03,Resale,Strata,96,"20,313",-,Condominium,1,Freehold,1988,Private,248469,10,24,Central Region,Tanglin
MEADOWS @ PEIRCE,"828,000",635.08,"1,304",09 Feb 2018,632 UPPER THOMSON ROAD #10-79,Resale,Strata,59,"14,034",-,Condominium,1,Freehold,2012,HDB,787133,26,78,North East Region,Ang Mo Kio
THE LINE @ TANJONG RHU,"998,130",430.56,"2,318",09 Feb 2018,6 TANJONG RHU ROAD #03-01,Resale,Strata,40,"24,953",-,Condominium,1,Freehold,2016,Private,436883,15,43,Central Region,Kallang
RIVER PLACE,"1,150,000",796.54,"1,444",09 Feb 2018,60 HAVELOCK ROAD #03-08,Resale,Strata,74,"15,541",-,Condominium,1,99 yrs from 07/11/1995,2000,HDB,169658,03,16,Central Region,Singapore River
MARTIN NO 38,"2,280,000",968.76,"2,354",09 Feb 2018,38 MARTIN ROAD #02-06,Resale,Strata,90,"25,333",-,Apartment,1,Freehold,2011,Private,239059,09,23,Central Region,River Valley
HUNDRED TREES,"1,750,000","1,302.44","1,344",09 Feb 2018,91 WEST COAST DRIVE #03-22,Resale,Strata,121,"14,463",-,Condominium,1,956 yrs from 27/05/1928,2013,Private,128017,05,12,West Region,Clementi
THE CENTRIS,"1,250,000","1,227.1","1,019",09 Feb 2018,87 JURONG WEST CENTRAL 3 #08-49,Resale,Strata,114,"10,965",-,Apartment,1,99 yrs from 21/06/2006,2009,Private,648343,22,64,West Region,Jurong West
QUEENS PEAK,"1,362,000",807.3,"1,687",09 Feb 2018,3 DUNDEE ROAD #20-26,New Sale,Strata,75,"18,160",-,Condominium,1,99 yrs from 28/09/2015,Uncompleted,Private,149457,03,14,Central Region,Queenstown
CASA ROSA,"908,888","1,097.93",828,09 Feb 2018,37 LORONG ONG LYE #04-18,Resale,Strata,102,"8,911",-,Condominium,1,99 yrs from 02/02/1998,2001,Private,536445,19,53,North East Region,Serangoon
JARDIN,"2,000,000","1,205.57","1,659",09 Feb 2018,968 DUNEARN ROAD #07-19,Resale,Strata,112,"17,857",-,Condominium,1,Freehold,2012,Private,589489,21,58,Central Region,Bukit Timah
ARTRA,"1,525,700",785.77,"1,942",09 Feb 2018,10 ALEXANDRA VIEW #28-05,New Sale,Strata,73,"20,900",-,Apartment,1,99 yrs from 15/02/2016,Uncompleted,Private,158745,03,15,Central Region,Bukit Merah
NEW FUTURA,"7,412,800","2,249.68","3,295",09 Feb 2018,18 LEONIE HILL ROAD #25-05,Resale,Strata,209,"35,468",-,Condominium,1,Freehold,2017,Private,239199,09,23,Central Region,River Valley
THE BAYSHORE,"1,110,000","1,227.1",905,09 Feb 2018,22 BAYSHORE ROAD #04-03,Resale,Strata,114,"9,737",-,Condominium,1,99 yrs from 31/05/1993,1996,HDB,469970,16,46,East Region,Bedok
PARC VERA,"1,300,000","1,410.08",922,09 Feb 2018,10 HOUGANG STREET 32 #03-28,Resale,Strata,131,"9,924",-,Condominium,1,99 yrs from 20/12/2010,2014,HDB,534037,19,53,North East Region,Hougang
TREASURE GARDENS,"628,000",570.49,"1,101",09 Feb 2018,22 TEOW HOCK AVENUE #01-01,Resale,Strata,53,"11,849",-,Apartment,1,Freehold,2005,HDB,545708,19,54,North East Region,Hougang
SEA ESTA,"1,200,000","1,216.33",987,09 Feb 2018,26 PASIR RIS LINK #02-19,Resale,Strata,113,"10,619",-,Condominium,1,99 yrs from 09/01/2012,2015,HDB,518145,18,51,East Region,Pasir Ris
THE IMPERIAL,"1,900,000",990.29,"1,919",09 Feb 2018,3 JALAN RUMBIA #07-04,Resale,Strata,92,"20,652",-,Condominium,1,Freehold,2006,Private,239617,09,23,Central Region,Museum
QUEENS PEAK,"1,666,000",936.47,"1,779",09 Feb 2018,3 DUNDEE ROAD #36-20,New Sale,Strata,87,"19,149",-,Condominium,1,99 yrs from 28/09/2015,Uncompleted,Private,149457,03,14,Central Region,Queenstown
KOVAN RESIDENCES,"1,538,000","1,259.39","1,221",09 Feb 2018,3 KOVAN ROAD #12-10,Resale,Strata,117,"13,145",-,Condominium,1,99 yrs from 31/12/2007,2011,Private,544917,19,54,North East Region,Hougang
KINGSFORD WATERBAY,"1,150,500",893.41,"1,288",09 Feb 2018,66 UPPER SERANGOON VIEW #09-16,New Sale,Strata,83,"13,861",-,Apartment,1,99 yrs from 03/03/2014,Uncompleted,HDB,533885,19,53,North East Region,Hougang
DORSETT RESIDENCES,"1,400,000",764.24,"1,832",09 Feb 2018,331 NEW BRIDGE ROAD #04-05,Resale,Strata,71,"19,718",-,Apartment,1,99 yrs from 07/12/2009,2013,Private,088764,02,08,Central Region,Outram
THREE BALMORAL,"3,488,000","1,539.25","2,266",09 Feb 2018,3 BALMORAL ROAD #03-04,Resale,Strata,143,"24,392",-,Apartment,1,Freehold,2016,Private,259785,10,25,Central Region,Tanglin
KINGSFORD WATERBAY,"1,198,452",893.41,"1,341",10 Feb 2018,70 UPPER SERANGOON VIEW #10-34,New Sale,Strata,83,"14,439",-,Apartment,1,99 yrs from 03/03/2014,Uncompleted,HDB,533883,19,53,North East Region,Hougang
KINGSFORD WATERBAY,"1,191,547",893.41,"1,334",10 Feb 2018,70 UPPER SERANGOON VIEW #03-34,New Sale,Strata,83,"14,356",-,Apartment,1,99 yrs from 03/03/2014,Uncompleted,Private,533883,19,53,North East Region,Hougang
KINGSFORD WATERBAY,"1,270,489",958,"1,326",10 Feb 2018,80 UPPER SERANGOON VIEW #14-72,New Sale,Strata,89,"14,275",-,Apartment,1,99 yrs from 03/03/2014,Uncompleted,HDB,533878,19,53,North East Region,Hougang
KALLANG RIVERSIDE,"2,250,152","1,033.34","2,178",10 Feb 2018,51 KAMPONG BUGIS #18-05,New Sale,Strata,96,"23,439",-,Apartment,1,Freehold,Uncompleted,HDB,338986,12,33,Central Region,Kallang
ARTRA,"2,137,600","1,227.1","1,742",10 Feb 2018,10 ALEXANDRA VIEW #32-08,New Sale,Strata,114,"18,751",-,Apartment,1,99 yrs from 15/02/2016,Uncompleted,HDB,158745,03,15,Central Region,Bukit Merah
MARTIN MODERN,"3,012,000","1,087.16","2,771",10 Feb 2018,8 MARTIN PLACE #15-02,New Sale,Strata,101,"29,822",-,Condominium,1,99 yrs from 28/09/2016,Uncompleted,Private,237992,09,23,Central Region,River Valley
DUNMAN PLACE,"1,265,000","1,184.04","1,068",10 Feb 2018,515 DUNMAN ROAD #02-03,Resale,Strata,110,"11,500",-,Apartment,1,Freehold,2001,Private,439204,15,43,Central Region,Geylang
GRANDEUR PARK RESIDENCES,"1,161,112",882.65,"1,315",10 Feb 2018,11 BEDOK SOUTH AVENUE 3 #08-52,New Sale,Strata,82,"14,160",-,Condominium,1,99 yrs from 25/05/2016,Uncompleted,HDB,465466,16,46,East Region,Bedok
SOPHIA HILLS,"1,297,000",570.49,"2,273",10 Feb 2018,25 MOUNT SOPHIA #01-90,New Sale,Strata,53,"24,472",-,Condominium,1,99 yrs from 10/12/2013,Uncompleted,Private,228477,09,22,Central Region,Rochor
ARTRA,"1,870,100","1,044.11","1,791",10 Feb 2018,10 ALEXANDRA VIEW #26-10,New Sale,Strata,97,"19,279",-,Apartment,1,99 yrs from 15/02/2016,Uncompleted,Private,158745,03,15,Central Region,Bukit Merah
SIMS URBAN OASIS,"2,469,800","1,733","1,425",10 Feb 2018,8 SIMS DRIVE #08-26,New Sale,Strata,161,"15,340",-,Condominium,1,99 yrs from 29/07/2014,2017,Private,387389,14,38,Central Region,Geylang
QUEENS PEAK,"1,381,000",807.3,"1,711",10 Feb 2018,3 DUNDEE ROAD #23-26,New Sale,Strata,75,"18,413",-,Condominium,1,99 yrs from 28/09/2015,Uncompleted,N.A,149457,03,14,Central Region,Queenstown
THE ASANA,"1,537,569",570.49,"2,695",10 Feb 2018,17 QUEEN'S ROAD #02-02,New Sale,Strata,53,"29,011",-,Apartment,1,Freehold,2017,N.A,266744,10,26,Central Region,Bukit Timah
KINGSFORD WATERBAY,"1,130,768",850.36,"1,330",10 Feb 2018,72 UPPER SERANGOON VIEW #10-42,New Sale,Strata,79,"14,314",-,Apartment,1,99 yrs from 03/03/2014,Uncompleted,HDB,533882,19,53,North East Region,Hougang
KANDIS RESIDENCE,"666,000",495.14,"1,345",10 Feb 2018,10 KANDIS LINK #01-21,New Sale,Strata,46,"14,478",-,Condominium,1,99 yrs from 11/07/2016,Uncompleted,HDB,756971,27,75,North Region,Sembawang
KINGSFORD WATERBAY,"1,415,210","1,033.34","1,370",10 Feb 2018,76 UPPER SERANGOON VIEW #12-55,New Sale,Strata,96,"14,742",-,Apartment,1,99 yrs from 03/03/2014,Uncompleted,HDB,533880,19,53,North East Region,Hougang
ARTRA,"1,874,900","1,119.46","1,675",10 Feb 2018,10 ALEXANDRA VIEW #17-11,New Sale,Strata,104,"18,028",-,Apartment,1,99 yrs from 15/02/2016,Uncompleted,Private,158745,03,15,Central Region,Bukit Merah
KINGSFORD WATERBAY,"1,183,000",882.65,"1,340",10 Feb 2018,70 UPPER SERANGOON VIEW #02-33,New Sale,Strata,82,"14,427",-,Apartment,1,99 yrs from 03/03/2014,Uncompleted,Private,533883,19,53,North East Region,Hougang
QUEENS PEAK,"1,368,000",807.3,"1,695",10 Feb 2018,3 DUNDEE ROAD #21-26,New Sale,Strata,75,"18,240",-,Condominium,1,99 yrs from 28/09/2015,Uncompleted,HDB,149457,03,14,Central Region,Queenstown
PARC BOTANNIA,"982,000",785.77,"1,250",10 Feb 2018,18 FERNVALE STREET #06-28,New Sale,Strata,73,"13,452",-,Condominium,1,99 yrs from 28/12/2016,Uncompleted,Private,797394,28,79,North East Region,Sengkang
CARPMAEL THIRTY-EIGHT,"1,223,495",721.19,"1,696",11 Feb 2018,38 CARPMAEL ROAD #02-04,New Sale,Strata,67,"18,261",-,Apartment,1,Freehold,Uncompleted,Private,429781,15,42,Central Region,Geylang
QUEENS PEAK,"1,810,000","1,054.87","1,716",11 Feb 2018,1 DUNDEE ROAD #34-13,New Sale,Strata,98,"18,469",-,Condominium,1,99 yrs from 28/09/2015,Uncompleted,Private,149456,03,14,Central Region,Queenstown
FIVENINE,"1,755,600","1,291.68","1,359",11 Feb 2018,59A LORONG K TELOK KURAU #01-04,New Sale,Strata,120,"14,630",-,Apartment,1,Freehold,Uncompleted,N.A,423369,15,42,East Region,Bedok
BULLION PARK,"838,000",807.3,"1,038",11 Feb 2018,170 LENTOR LOOP #04-02,Resale,Strata,75,"11,173",-,Condominium,1,Freehold,1993,Private,789099,26,78,North East Region,Ang Mo Kio
SYMPHONY SUITES,"1,072,120","1,022.58","1,048",11 Feb 2018,13 YISHUN CLOSE #11-26,New Sale,Strata,95,"11,285",-,Condominium,1,99 yrs from 10/06/2014,Uncompleted,HDB,768010,27,76,North Region,Yishun
THE CLEMENT CANOPY,"1,640,000","1,108.69","1,479",11 Feb 2018,18 CLEMENTI AVENUE 1 #31-11,New Sale,Strata,103,"15,922",-,Apartment,1,99 yrs from 09/03/2016,Uncompleted,Private,129961,05,12,West Region,Clementi
GRANDEUR PARK RESIDENCES,"1,188,112",882.65,"1,346",11 Feb 2018,11 BEDOK SOUTH AVENUE 3 #13-52,New Sale,Strata,82,"14,489",-,Condominium,1,99 yrs from 25/05/2016,Uncompleted,N.A,465466,16,46,East Region,Bedok
CARPMAEL THIRTY-EIGHT,"2,051,090","1,259.39","1,629",11 Feb 2018,38 CARPMAEL ROAD #05-02,New Sale,Strata,117,"17,531",-,Apartment,1,Freehold,Uncompleted,Private,429781,15,42,Central Region,Geylang
D'NEST,"1,190,000","1,130.22","1,053",12 Feb 2018,147 PASIR RIS GROVE #02-70,Resale,Strata,105,"11,333",-,Condominium,1,99 yrs from 20/10/2010,2017,Private,518138,18,51,East Region,Pasir Ris
SKY HABITAT,"1,576,700","1,011.82","1,558",12 Feb 2018,7 BISHAN STREET 15 #14-05,Resale,Strata,94,"16,773",-,Condominium,1,99 yrs from 30/05/2011,2015,HDB,573908,20,57,Central Region,Bishan
RESIDENCES @ SOMME,"680,000",462.85,"1,469",12 Feb 2018,3 PETAIN ROAD #05-02,Resale,Strata,43,"15,814",-,Apartment,1,Freehold,2008,HDB,208108,08,20,Central Region,Kallang
ASCENTIA SKY,"1,550,000",947.23,"1,636",12 Feb 2018,3 ALEXANDRA VIEW #30-09,Resale,Strata,88,"17,614",-,Condominium,1,99 yrs from 26/03/2008,2013,Private,158749,03,15,Central Region,Bukit Merah
HILLVIEW HEIGHTS,"1,600,000","1,431.61","1,118",12 Feb 2018,29A HILLVIEW AVENUE #03-09,Resale,Strata,133,"12,030",-,Condominium,1,Freehold,1996,Private,669562,23,66,West Region,Bukit Batok
BEDOK RESIDENCES,"1,560,800","1,076.4","1,450",12 Feb 2018,18 BEDOK NORTH DRIVE #11-12,Resale,Strata,100,"15,608",-,Apartment,1,99 yrs from 21/11/2011,2015,Private,465495,16,46,East Region,Bedok
SUNNYVALE RESIDENCES,"1,806,000","1,130.22","1,598",12 Feb 2018,132 LORONG K TELOK KURAU #02-02,Resale,Strata,105,"17,200",-,Apartment,1,Freehold,2017,Private,425790,15,42,East Region,Bedok
PALMERA RESIDENCE,"1,718,000","1,862.17",923,12 Feb 2018,38 LORONG N TELOK KURAU #05-07,Resale,Strata,173,"9,931",-,Apartment,1,Freehold,2010,Private,425163,15,42,East Region,Bedok
THE HILLIER,"785,000",613.55,"1,279",12 Feb 2018,2 HILLVIEW RISE #07-11,Resale,Strata,57,"13,772",-,Apartment,1,99 yrs from 01/08/2011,2016,Private,667978,23,66,West Region,Bukit Batok
FERRARIA PARK CONDOMINIUM,"852,888","1,065.64",800,12 Feb 2018,18 FLORA DRIVE #01-33,Resale,Strata,99,"8,615",-,Condominium,1,Freehold,2009,Private,506946,17,50,East Region,Pasir Ris
ARTRA,"2,175,600","1,410.08","1,543",12 Feb 2018,10 ALEXANDRA VIEW #10-01,New Sale,Strata,131,"16,608",-,Apartment,1,99 yrs from 15/02/2016,Uncompleted,HDB,158745,03,15,Central Region,Bukit Merah
ST MARTIN RESIDENCE,"2,734,200","1,302.44","2,099",12 Feb 2018,2 ST. MARTIN'S DRIVE #03-05,Resale,Strata,121,"22,597",-,Condominium,1,Freehold,2001,Private,257989,10,25,Central Region,Tanglin
SEASTRAND,"830,000",882.65,940,12 Feb 2018,15 PASIR RIS LINK #11-34,Resale,Strata,82,"10,122",-,Condominium,1,99 yrs from 03/01/2011,2014,Private,518182,18,51,East Region,Pasir Ris
THE IMPERIAL,"2,820,000","1,410.08","2,000",12 Feb 2018,7 JALAN RUMBIA #09-11,Resale,Strata,131,"21,527",-,Condominium,1,Freehold,2006,Private,239619,09,23,Central Region,Museum
THE GLADES,"1,475,000","1,011.82","1,458",12 Feb 2018,16 BEDOK RISE #10-51,Sub Sale,Strata,94,"15,691",-,Condominium,1,99 yrs from 21/01/2013,2016,Private,465409,16,46,East Region,Bedok
THE WATERINA,"1,700,000","1,345.5","1,263",12 Feb 2018,51 LORONG 40 GEYLANG #05-04,Resale,Strata,125,"13,600",-,Apartment,1,Freehold,2005,HDB,398075,14,39,Central Region,Geylang
SOPHIA HILLS,"1,377,000",613.55,"2,244",12 Feb 2018,5 MOUNT SOPHIA #05-05,New Sale,Strata,57,"24,158",-,Condominium,1,99 yrs from 10/12/2013,Uncompleted,Private,228453,09,22,Central Region,Rochor
RICHMOND PARK,"2,700,000","1,011.82","2,668",12 Feb 2018,3 BIDEFORD ROAD #13-01,Resale,Strata,94,"28,723",-,Condominium,1,Freehold,1996,Private,229920,09,22,Central Region,Newton
SIMSVILLE,"1,080,000","1,248.62",865,12 Feb 2018,10 GEYLANG EAST AVENUE 2 #03-01,Resale,Strata,116,"9,310",-,Condominium,1,99 yrs from 01/12/1994,1998,HDB,389758,14,38,Central Region,Geylang
KANDIS RESIDENCE,"640,880",484.38,"1,323",12 Feb 2018,10 KANDIS LINK #01-22,New Sale,Strata,45,"14,242",-,Condominium,1,99 yrs from 11/07/2016,Uncompleted,Private,756971,27,75,North Region,Sembawang
RIVER PLACE,"1,260,000",871.88,"1,445",12 Feb 2018,60 HAVELOCK ROAD #04-24,Resale,Strata,81,"15,556",-,Condominium,1,99 yrs from 07/11/1995,2000,Private,169658,03,16,Central Region,Singapore River
ENG AUN MANSION,"1,135,000",871.88,"1,302",12 Feb 2018,316A THOMSON ROAD,Resale,Strata,81,"14,012",-,Apartment,1,Freehold,-,Private,307660,11,30,Central Region,Novena
THE CREST,"2,434,000","1,173.28","2,075",12 Feb 2018,111 PRINCE CHARLES CRESCENT #02-29,Resale,Strata,109,"22,330",-,Condominium,1,99 yrs from 21/12/2012,2017,Private,159022,03,15,Central Region,Bukit Merah
PARC VERA,"730,000",710.42,"1,028",12 Feb 2018,8 HOUGANG STREET 32 #05-14,Resale,Strata,66,"11,061",-,Condominium,1,99 yrs from 20/12/2010,2014,HDB,534038,19,53,North East Region,Hougang
QUEENS PEAK,"1,353,000",775.01,"1,746",12 Feb 2018,1 DUNDEE ROAD #26-08,New Sale,Strata,72,"18,792",-,Condominium,1,99 yrs from 28/09/2015,Uncompleted,HDB,149456,03,14,Central Region,Queenstown
HAIG COURT,"2,380,000","1,550.02","1,535",12 Feb 2018,158 HAIG ROAD #04-04,Resale,Strata,144,"16,528",-,Condominium,1,Freehold,2004,Private,438794,15,43,Central Region,Marine Parade
D'WEAVE,"980,000","1,044.11",939,12 Feb 2018,5 LORONG 39 GEYLANG #08-09,Resale,Strata,97,"10,103",-,Apartment,1,Freehold,2014,HDB,387866,14,38,Central Region,Geylang
HOUGANG GREEN,"790,000","1,130.22",699,12 Feb 2018,5 BUANGKOK GREEN #04-02,Resale,Strata,105,"7,524",-,Apartment,1,99 yrs from 01/12/1994,1998,Private,539748,19,53,North East Region,Hougang
RIO VISTA,"1,150,000","1,377.79",835,12 Feb 2018,18 UPPER SERANGOON VIEW #12-13,Resale,Strata,128,"8,984",-,Condominium,1,99 yrs from 02/01/2001,2004,Private,534202,19,53,North East Region,Hougang
STRATFORD COURT,"880,000","1,044.11",843,12 Feb 2018,41A BEDOK RIA CRESCENT #01-05,Resale,Strata,97,"9,072",-,Condominium,1,99 yrs from 23/06/1995,1998,HDB,489929,16,48,East Region,Bedok
GRAMERCY PARK,"6,425,730","1,948.28","3,298",12 Feb 2018,57 GRANGE ROAD #22-06,Resale,Strata,181,"35,501",-,Condominium,1,Freehold,2016,Private,249569,10,24,Central Region,Tanglin
THE HILLIER,"860,000",624.31,"1,378",12 Feb 2018,6 HILLVIEW RISE #15-29,Resale,Strata,58,"14,828",-,Apartment,1,99 yrs from 01/08/2011,2016,Private,667980,23,66,West Region,Bukit Batok
AQUARIUS BY THE PARK,"792,000",893.41,886,12 Feb 2018,7 BEDOK RESERVOIR VIEW #05-01,Resale,Strata,83,"9,542",-,Condominium,1,99 yrs from 12/06/1996,2001,HDB,478929,16,47,East Region,Bedok
ONE SHENTON,"1,234,000",613.55,"2,011",12 Feb 2018,1 SHENTON WAY #28-08,Resale,Strata,57,"21,649",-,Apartment,1,99 yrs from 14/10/2005,2011,Private,068803,01,06,Central Region,Downtown Core
BOTANNIA,"1,535,000","1,270.15","1,209",12 Feb 2018,31B WEST COAST PARK #03-33,Resale,Strata,118,"13,008",-,Condominium,1,956 yrs from 27/05/1928,2009,Private,127726,05,12,West Region,Clementi
THE INTERWEAVE,"673,000",441.32,"1,525",12 Feb 2018,21 KIM KEAT ROAD #17-05,Resale,Strata,41,"16,415",-,Apartment,1,Freehold,2014,HDB,328805,12,32,Central Region,Novena
18 WOODSVILLE,"860,000",495.14,"1,737",12 Feb 2018,18 WOODSVILLE CLOSE #08-03,Resale,Strata,46,"18,696",-,Apartment,1,Freehold,2015,HDB,357799,13,35,Central Region,Toa Payoh
E MAISON,"1,276,224","1,173.28","1,088",12 Feb 2018,32 BRADDELL ROAD #05-20,Resale,Strata,109,"11,708",-,Apartment,1,Freehold,2016,HDB,359967,13,35,North East Region,Serangoon
ICON,"1,720,000",936.47,"1,837",12 Feb 2018,10 GOPENG STREET #36-26,Resale,Strata,87,"19,770",-,Apartment,1,99 yrs from 29/01/2002,2007,Private,078878,02,07,Central Region,Downtown Core
SERAYA 9,"900,000",775.01,"1,161",12 Feb 2018,9 SERAYA LANE #04-01,Resale,Strata,72,"12,500",-,Apartment,1,Freehold,2009,HDB,437276,15,43,Central Region,Marine Parade
EIGHT COURTYARDS,"880,000","1,140.98",771,12 Feb 2018,18A CANBERRA DRIVE #01-42,Resale,Strata,106,"8,302",-,Condominium,1,99 yrs from 20/09/2010,2014,HDB,768099,27,76,North Region,Yishun
PARBURY HILL CONDOMINIUM,"1,788,000","1,453.14","1,230",12 Feb 2018,34 PARBURY AVENUE #03-04,Resale,Strata,135,"13,244",-,Condominium,1,Freehold,1997,Private,467302,16,46,East Region,Bedok
CARIBBEAN AT KEPPEL BAY,"1,370,000",893.41,"1,533",12 Feb 2018,44 KEPPEL BAY DRIVE #05-113,Resale,Strata,83,"16,506",-,Condominium,1,99 yrs from 16/08/1999,2004,Private,098657,04,09,Central Region,Bukit Merah
UBER 388,"1,288,000",904.18,"1,425",12 Feb 2018,388 UPPER EAST COAST ROAD #05-07,Resale,Strata,84,"15,333",-,Condominium,1,Freehold,2014,HDB,466477,16,46,East Region,Bedok
MELVILLE PARK,"710,000",936.47,758,12 Feb 2018,18 SIMEI STREET 1 #08-06,Resale,Strata,87,"8,161",-,Condominium,1,99 yrs from 01/09/1992,1996,Private,529943,18,52,East Region,Tampines
PARC BOTANNIA,"778,000",581.26,"1,338",12 Feb 2018,16 FERNVALE STREET #16-26,New Sale,Strata,54,"14,407",-,Condominium,1,99 yrs from 28/12/2016,Uncompleted,HDB,797393,28,79,North East Region,Sengkang
TANAMERA CREST,"920,000","1,162.51",791,12 Feb 2018,10 PARI DEDAP WALK #08-20,Resale,Strata,108,"8,519",-,Condominium,1,99 yrs from 20/06/2000,2004,HDB,486062,16,48,East Region,Bedok
THE BERTH BY THE COVE,"3,418,000","3,078.5","1,110",12 Feb 2018,206 OCEAN DRIVE #06-07,Resale,Strata,286,"11,951",-,Condominium,1,99 yrs from 18/03/2004,2006,Private,098627,04,09,Central Region,Southern Islands
HIGHLINE RESIDENCES,"2,302,500","1,151.75","1,999",12 Feb 2018,9 KIM TIAN ROAD #25-16,New Sale,Strata,107,"21,519",-,Condominium,1,99 yrs from 22/07/2013,2018,Private,168593,03,16,Central Region,Bukit Merah
SCOTTS HIGHPARK,"3,250,000","1,743.77","1,864",12 Feb 2018,43 SCOTTS ROAD #10-02,Resale,Strata,162,"20,062",-,Condominium,1,Freehold,2009,Private,228239,09,22,Central Region,Newton
PARC BOTANNIA,"810,000",592.02,"1,368",12 Feb 2018,16 FERNVALE STREET #13-23,New Sale,Strata,55,"14,727",-,Condominium,1,99 yrs from 28/12/2016,Uncompleted,N.A,797393,28,79,North East Region,Sengkang
MABELLE,"795,000",624.31,"1,273",12 Feb 2018,15 LORONG M TELOK KURAU #02-03,Resale,Strata,58,"13,707",-,Apartment,1,Freehold,2009,HDB,425303,15,42,East Region,Bedok
THE HILLFORD,"475,000",398.27,"1,193",12 Feb 2018,170 JALAN JURONG KECHIL #05-05,Resale,Strata,37,"12,838",-,Apartment,1,60 yrs from 19/02/2013,2016,HDB,596181,21,59,Central Region,Bukit Timah
KOVAN RESIDENCES,"1,450,000","1,259.39","1,151",12 Feb 2018,1 KOVAN ROAD #03-02,Resale,Strata,117,"12,393",-,Condominium,1,99 yrs from 31/12/2007,2011,Private,544915,19,54,North East Region,Hougang
BREEZY MANSIONS,"935,000","1,022.58",914,12 Feb 2018,15 SANDILANDS ROAD #05-03,Resale,Strata,95,"9,842",-,Apartment,1,999 yrs from 01/01/1886,2002,Private,546079,19,54,North East Region,Hougang
TANGERINE GROVE,"1,500,000","1,377.79","1,089",12 Feb 2018,3 PAYA LEBAR CRESCENT #01-25,Resale,Strata,128,"11,719",-,Condominium,1,Freehold,2007,Private,534239,19,53,North East Region,Hougang
ONE FORT,"1,788,000","1,227.1","1,457",12 Feb 2018,1 FORT ROAD #14-02,Resale,Strata,114,"15,684",-,Condominium,1,Freehold,2005,HDB,439069,15,43,Central Region,Kallang
LE QUEST,"1,047,000",818.06,"1,280",12 Feb 2018,8 BUKIT BATOK STREET 41 #15-24,New Sale,Strata,76,"13,776",-,Apartment,1,99 yrs from 29/08/2016,Uncompleted,Private,657993,23,65,West Region,Bukit Batok
SKY HABITAT,"1,909,600","1,291.68","1,478",12 Feb 2018,7 BISHAN STREET 15 #08-07,Resale,Strata,120,"15,913",-,Condominium,1,99 yrs from 30/05/2011,2015,Private,573908,20,57,Central Region,Bishan
D'LEEDON,"2,080,000","1,270.15","1,638",12 Feb 2018,11 LEEDON HEIGHTS #12-29,Resale,Strata,118,"17,627",-,Condominium,1,99 yrs from 08/04/2010,2014,HDB,267955,10,26,Central Region,Bukit Timah
KOVAN RESIDENCES,"1,550,000","1,259.39","1,231",12 Feb 2018,1 KOVAN ROAD #14-02,Resale,Strata,117,"13,248",-,Condominium,1,99 yrs from 31/12/2007,2011,HDB,544915,19,54,North East Region,Hougang
NEWTON EDGE,"850,000",441.32,"1,926",12 Feb 2018,3 MAKEWAY AVENUE #06-05,Resale,Strata,41,"20,732",-,Apartment,1,Freehold,2011,Private,228600,09,22,Central Region,Novena
SIMS URBAN OASIS,"1,589,300","1,033.34","1,538",12 Feb 2018,18 SIMS DRIVE #02-61,New Sale,Strata,96,"16,555",-,Condominium,1,99 yrs from 29/07/2014,2017,Private,387394,14,38,Central Region,Geylang
VALLEY PARK,"1,300,000",764.24,"1,701",12 Feb 2018,483 RIVER VALLEY ROAD #14-02,Resale,Strata,71,"18,310",-,Condominium,1,999 yrs from 21/06/1877,1997,Private,248368,10,24,Central Region,Tanglin
GUILLEMARD EDGE,"630,000",409.03,"1,540",12 Feb 2018,38 LORONG 30 GEYLANG #06-05,Resale,Strata,38,"16,579",-,Apartment,1,Freehold,2014,Private,398371,14,39,Central Region,Geylang
THE MINTON,"938,000",979.52,958,12 Feb 2018,2 HOUGANG STREET 11 #06-04,Resale,Strata,91,"10,308",-,Condominium,1,99 yrs from 27/07/2007,2013,HDB,538751,19,53,North East Region,Hougang
WATERBANK AT DAKOTA,"1,810,000","1,140.98","1,586",12 Feb 2018,80 DAKOTA CRESCENT #11-19,Resale,Strata,106,"17,075",-,Condominium,1,99 yrs from 07/12/2009,2013,Private,399946,14,39,Central Region,Geylang
D' ALMIRA,"1,238,000","1,097.93","1,128",12 Feb 2018,33 SOMMERVILLE ROAD #03-02,Resale,Strata,102,"12,137",-,Apartment,1,Freehold,2011,Private,358262,13,35,North East Region,Serangoon
PAYA LEBAR RESIDENCES,"1,480,000","1,291.68","1,146",12 Feb 2018,27 PAYA LEBAR ROAD #02-05,Resale,Strata,120,"12,333",-,Apartment,1,Freehold,2002,Private,409042,14,40,Central Region,Geylang
NEW FUTURA,"6,478,000","1,829.88","3,540",12 Feb 2018,18 LEONIE HILL ROAD #29-06,Resale,Strata,170,"38,106",-,Condominium,1,Freehold,2017,HDB,239199,09,23,Central Region,River Valley
THE CREST,"3,393,000","1,603.84","2,116",12 Feb 2018,111 PRINCE CHARLES CRESCENT #02-30,Resale,Strata,149,"22,772",-,Condominium,1,99 yrs from 21/12/2012,2017,Private,159022,03,15,Central Region,Bukit Merah
DUO RESIDENCES,"1,490,000",699.66,"2,130",12 Feb 2018,1 FRASER STREET #30-19,Sub Sale,Strata,65,"22,923",-,Apartment,1,99 yrs from 01/07/2011,2017,Private,189350,07,18,Central Region,Downtown Core
VIENTO,"540,000",430.56,"1,254",12 Feb 2018,29 LORONG 30 GEYLANG #04-01,Resale,Strata,40,"13,500",-,Apartment,1,Freehold,2013,Private,398362,14,39,Central Region,Geylang
EDELWEISS PARK CONDOMINIUM,"680,000",828.83,820,12 Feb 2018,90 FLORA ROAD #03-33,Resale,Strata,77,"8,831",-,Condominium,1,Freehold,2006,HDB,507004,17,50,East Region,Pasir Ris
PARC BOTANNIA,"836,000",699.66,"1,195",12 Feb 2018,16 FERNVALE STREET #22-26,New Sale,Strata,65,"12,862",-,Condominium,1,99 yrs from 28/12/2016,Uncompleted,Private,797393,28,79,North East Region,Sengkang
UP@ROBERTSON QUAY,"2,620,000","1,377.79","1,902",12 Feb 2018,92 ROBERTSON QUAY #04-02,Resale,Strata,128,"20,469",-,Apartment,1,99 yrs from 07/06/2011,2015,Private,238260,09,23,Central Region,Singapore River
THE SPRINGBLOOM,"1,508,000","1,431.61","1,053",12 Feb 2018,145 SERANGOON AVENUE 3 #14-06,Resale,Strata,133,"11,338",-,Condominium,1,99 yrs from 01/03/1995,1999,HDB,556122,19,55,North East Region,Serangoon
HILLVIEW GREEN,"1,060,000","1,011.82","1,048",12 Feb 2018,67 HUME AVENUE #09-06,Resale,Strata,94,"11,277",-,Condominium,1,999 yrs from 19/05/1883,1998,Private,598744,21,59,West Region,Bukit Batok
THE INTERLACE,"4,250,000","4,122.61","1,031",12 Feb 2018,186 DEPOT ROAD #19-14,Resale,Strata,383,"11,097",-,Condominium,1,99 yrs from 11/02/2009,2013,Private,109687,04,10,Central Region,Bukit Merah
SOPHIA HILLS,"1,334,000",613.55,"2,174",12 Feb 2018,5 MOUNT SOPHIA #05-06,New Sale,Strata,57,"23,404",-,Condominium,1,99 yrs from 10/12/2013,Uncompleted,Private,228453,09,22,Central Region,Rochor
SOLEIL @ SINARAN,"1,660,000",936.47,"1,773",12 Feb 2018,2 SINARAN DRIVE #24-07,Resale,Strata,87,"19,080",-,Condominium,1,99 yrs from 23/10/2006,2011,Private,307467,11,30,Central Region,Novena
GRAND DUCHESS AT ST PATRICK'S,"2,200,000","1,453.14","1,514",12 Feb 2018,136 ST. PATRICK'S ROAD #01-20,Resale,Strata,135,"16,296",-,Condominium,1,Freehold,2010,Private,424214,15,42,East Region,Bedok
ONE JERVOIS,"2,008,888","1,173.28","1,712",12 Feb 2018,7 JERVOIS CLOSE #01-12,Resale,Strata,109,"18,430",-,Condominium,1,Freehold,2009,Private,249103,10,24,Central Region,Tanglin
THE BAYSHORE,"1,230,000","1,237.86",994,12 Feb 2018,34 BAYSHORE ROAD #16-02,Resale,Strata,115,"10,696",-,Condominium,1,99 yrs from 31/05/1993,1997,Private,469976,16,46,East Region,Bedok
ADRIA,"2,700,000","1,485.43","1,818",12 Feb 2018,12 DERBYSHIRE ROAD #14-01,Resale,Strata,138,"19,565",-,Apartment,1,Freehold,2013,Private,309466,11,30,Central Region,Novena
BREEZE BY THE EAST,"2,980,000","2,518.78","1,183",12 Feb 2018,318 UPPER EAST COAST ROAD #05-08,Resale,Strata,234,"12,735",-,Condominium,1,Freehold,2011,Private,465521,16,46,East Region,Bedok
ASTOR,"900,000","1,108.69",812,12 Feb 2018,51C LENGKONG EMPAT #11-01,Resale,Strata,103,"8,738",-,Apartment,1,99 yrs from 12/08/2002,2006,HDB,417660,14,41,East Region,Bedok
KOVANA,"1,580,000","1,420.85","1,112",12 Feb 2018,53 KOVAN ROAD #05-04,Resale,Strata,132,"11,970",-,Apartment,1,Freehold,2007,Private,548136,19,54,North East Region,Hougang
TRILIGHT,"2,270,000","1,087.16","2,088",12 Feb 2018,7 NEWTON ROAD #07-03,Resale,Strata,101,"22,475",-,Condominium,1,Freehold,2012,Private,307945,11,30,Central Region,Novena
FAR HORIZON GARDENS,"840,000","1,151.75",729,12 Feb 2018,13 ANG MO KIO AVENUE 9 #04-03,Resale,Strata,107,"7,850",-,Condominium,1,99 yrs from 08/03/1982,1986,HDB,569764,20,56,North East Region,Ang Mo Kio
BREEZE BY THE EAST,"1,520,000","1,248.62","1,217",12 Feb 2018,316 UPPER EAST COAST ROAD #04-01,Resale,Strata,116,"13,103",-,Condominium,1,Freehold,2011,Private,465520,16,46,East Region,Bedok
THE CASCADIA,"2,520,000","2,368.08","1,064",12 Feb 2018,933 BUKIT TIMAH ROAD #10-30,Resale,Strata,220,"11,455",-,Condominium,1,Freehold,2010,Private,589644,21,58,Central Region,Bukit Timah
NEEM TREE,"866,600",452.09,"1,917",12 Feb 2018,30 JALAN KEMAMAN #12-03,New Sale,Strata,42,"20,633",-,Apartment,1,Freehold,Uncompleted,HDB,329341,12,32,Central Region,Novena
VIENTO,"570,000",452.09,"1,261",12 Feb 2018,29 LORONG 30 GEYLANG #02-02,Resale,Strata,42,"13,571",-,Apartment,1,Freehold,2013,HDB,398362,14,39,Central Region,Geylang
THE ESTUARY,"1,210,000","1,302.44",929,12 Feb 2018,99 YISHUN AVENUE 1 #09-38,Resale,Strata,121,"10,000",-,Condominium,1,99 yrs from 25/06/2008,2013,Private,769139,27,76,North Region,Yishun
ICON,"1,100,000",581.26,"1,892",13 Feb 2018,10 GOPENG STREET #23-09,Resale,Strata,54,"20,370",-,Apartment,1,99 yrs from 29/01/2002,2007,HDB,078878,02,07,Central Region,Downtown Core
KEMBANGAN SUITES,"770,000",559.73,"1,376",13 Feb 2018,16 JALAN MASJID #03-14,Resale,Strata,52,"14,808",-,Apartment,1,Freehold,2011,HDB,418941,14,41,East Region,Bedok
PEARL BANK APARTMENT,"728,000,000","520,407.11","1,399",13 Feb 2018,"1 ENBLOC PEARL BANK #01-01,02,00 ETC",Resale,Strata,"48,347","15,058",-,Apartment,288,99 yrs from 02/06/1970,1976,Private,169016,03,16,Central Region,Outram
SCOTTS 28,"3,050,000","1,733","1,760",13 Feb 2018,28 SCOTTS ROAD #06-01,Resale,Strata,161,"18,944",-,Condominium,1,Freehold,1998,Private,228223,09,22,Central Region,Newton
PAVILION 11,"2,280,000","1,485.43","1,535",13 Feb 2018,25 AKYAB ROAD #27-07,Resale,Strata,138,"16,522",-,Condominium,1,Freehold,2009,Private,309979,11,30,Central Region,Novena
CENTRA HEIGHTS,"688,000",430.56,"1,598",13 Feb 2018,455 SIMS AVENUE #10-02,Resale,Strata,40,"17,200",-,Apartment,1,Freehold,2014,HDB,387607,14,38,Central Region,Geylang
REGENT GROVE,"775,000","1,173.28",661,13 Feb 2018,52 CHOA CHU KANG NORTH 7 #09-21,Resale,Strata,109,"7,110",-,Condominium,1,99 yrs from 17/05/1997,2000,HDB,689528,23,68,West Region,Choa Chu Kang
PALM SPRING,"2,450,000","1,496.2","1,637",13 Feb 2018,18 EWE BOON ROAD #05-03,Resale,Strata,139,"17,626",-,Condominium,1,Freehold,1997,HDB,259326,10,25,Central Region,Tanglin
THE ARTE,"2,350,000","1,872.94","1,255",13 Feb 2018,23 JALAN RAJA UDANG #19-09,Resale,Strata,174,"13,506",-,Condominium,1,Freehold,2010,Private,329216,12,32,Central Region,Novena
DE LENTE,"1,500,000","1,033.34","1,452",13 Feb 2018,104 HOLLAND ROAD #03-01,Resale,Strata,96,"15,625",-,Apartment,1,Freehold,2002,Private,278547,10,27,Central Region,Bukit Timah
THE CREST,"1,803,000",936.47,"1,925",13 Feb 2018,101 PRINCE CHARLES CRESCENT #13-05,Resale,Strata,87,"20,724",-,Condominium,1,99 yrs from 21/12/2012,2017,HDB,159017,03,15,Central Region,Bukit Merah
STRATFORD COURT,"1,620,000","2,109.74",768,13 Feb 2018,41A BEDOK RIA CRESCENT #04-01,Resale,Strata,196,"8,265",-,Condominium,1,99 yrs from 23/06/1995,1998,HDB,489929,16,48,East Region,Bedok
TERRASSE,"1,600,000","1,431.61","1,118",13 Feb 2018,27 TERRASSE LANE #03-38,Resale,Strata,133,"12,030",-,Condominium,1,99 yrs from 23/08/2010,2014,HDB,544777,19,54,North East Region,Hougang
HERITAGE VIEW,"1,150,000",968.76,"1,187",13 Feb 2018,6 DOVER RISE #05-04,Resale,Strata,90,"12,778",-,Condominium,1,99 yrs from 12/08/1996,2000,Private,138678,05,13,Central Region,Queenstown
COMPASS HEIGHTS,"1,028,000","1,291.68",796,13 Feb 2018,11 SENGKANG SQUARE #05-29,Resale,Strata,120,"8,567",-,Apartment,1,99 yrs from 30/04/2000,2002,Private,545076,19,54,North East Region,Sengkang
PINE GROVE,"1,418,000","1,754.53",808,13 Feb 2018,1H PINE GROVE #01-36,Resale,Strata,163,"8,699",-,Condominium,1,99 yrs from 01/11/1984,-,Private,597001,21,59,Central Region,Bukit Timah
THE MAYFAIR,"1,055,000","1,162.51",908,13 Feb 2018,1 JURONG EAST STREET 32 #16-05,Resale,Strata,108,"9,769",-,Condominium,1,99 yrs from 04/12/1996,2000,HDB,609477,22,60,West Region,Jurong East
GUILLEMARD EDGE,"668,000",441.32,"1,514",13 Feb 2018,38 LORONG 30 GEYLANG #07-37,Resale,Strata,41,"16,293",-,Apartment,1,Freehold,2014,HDB,398371,14,39,Central Region,Geylang
GEM RESIDENCES,"1,957,230","1,313.21","1,490",13 Feb 2018,1 LORONG 5 TOA PAYOH #23-08,New Sale,Strata,122,"16,043",-,Condominium,1,99 yrs from 21/09/2015,Uncompleted,Private,319458,12,31,Central Region,Toa Payoh
DOMAIN 21,"1,280,000",882.65,"1,450",13 Feb 2018,21 DELTA ROAD #07-03,Resale,Strata,82,"15,610",-,Condominium,1,99 yrs from 02/07/2004,2007,Private,169813,03,16,Central Region,Bukit Merah
ASCENTIA SKY,"2,600,000","1,776.06","1,464",13 Feb 2018,1 ALEXANDRA VIEW #44-05,Resale,Strata,165,"15,758",-,Condominium,1,99 yrs from 26/03/2008,2013,HDB,158748,03,15,Central Region,Bukit Merah
MELVILLE PARK,"835,000","1,345.5",621,13 Feb 2018,20 SIMEI STREET 1 #06-04,Resale,Strata,125,"6,680",-,Condominium,1,99 yrs from 01/09/1992,1996,Private,529944,18,52,East Region,Tampines
GRAMERCY PARK,"6,372,270","1,959.05","3,253",13 Feb 2018,57 GRANGE ROAD #21-06,Resale,Strata,182,"35,012",-,Condominium,1,Freehold,2016,Private,249569,10,24,Central Region,Tanglin
MARINE BLUE,"1,667,000","1,270.15","1,312",13 Feb 2018,89 MARINE PARADE ROAD #06-01,Resale,Strata,118,"14,127",-,Condominium,1,Freehold,2016,HDB,449313,15,44,Central Region,Marine Parade
KOVAN REGENCY,"2,300,000","2,142.04","1,074",13 Feb 2018,42 KOVAN RISE #14-26,Resale,Strata,199,"11,558",-,Condominium,1,99 yrs from 24/04/2012,2015,Private,544729,19,54,North East Region,Hougang
THE INTERLACE,"1,400,000","1,054.87","1,327",13 Feb 2018,212 DEPOT ROAD #09-64,Resale,Strata,98,"14,286",-,Condominium,1,99 yrs from 11/02/2009,2013,Private,109700,04,10,Central Region,Bukit Merah
PARC VERA,"1,150,000","1,140.98","1,008",13 Feb 2018,2 HOUGANG STREET 32 #13-04,Resale,Strata,106,"10,849",-,Condominium,1,99 yrs from 20/12/2010,2014,Private,534041,19,53,North East Region,Hougang
ROBIN REGALIA,"1,780,000","1,054.87","1,687",13 Feb 2018,35 ROBIN ROAD #07-02,Resale,Strata,98,"18,163",-,Apartment,1,Freehold,2000,Private,258210,10,25,Central Region,Tanglin
CORALS AT KEPPEL BAY,"2,275,000","1,248.62","1,822",13 Feb 2018,13 KEPPEL BAY DRIVE #07-21,Resale,Strata,116,"19,612",-,Condominium,1,99 yrs from 26/02/2007,2016,HDB,098018,04,09,Central Region,Bukit Merah
E MAISON,"1,518,336","1,151.75","1,318",13 Feb 2018,28 BRADDELL ROAD #01-06,Resale,Strata,107,"14,190",-,Apartment,1,Freehold,2016,HDB,359966,13,35,North East Region,Serangoon
EIGHT RIVERSUITES,"1,040,000",699.66,"1,486",13 Feb 2018,2 WHAMPOA EAST #03-08,Resale,Strata,65,"16,000",-,Condominium,1,99 yrs from 11/07/2011,2016,Private,338517,12,33,Central Region,Kallang
THE PLAZA,"628,650",592.02,"1,062",13 Feb 2018,7500A BEACH ROAD #23-316,Resale,Strata,55,"11,430",-,Apartment,1,99 yrs from 03/09/1968,1979,Private,199591,07,19,Central Region,Kallang
SUNFLOWER LODGE,"898,000","1,022.58",878,13 Feb 2018,9 LORONG 34 GEYLANG #05-02,Resale,Strata,95,"9,453",-,Apartment,1,Freehold,2003,Private,398207,14,39,Central Region,Geylang
PARC CENTROS,"1,180,000","1,140.98","1,034",13 Feb 2018,80 PUNGGOL CENTRAL #05-03,Resale,Strata,106,"11,132",-,Condominium,1,99 yrs from 19/03/2012,2016,HDB,828762,19,82,North East Region,Punggol
DAHLIA PARK CONDOMINIUM,"958,888","1,270.15",755,13 Feb 2018,1 FLORA DRIVE #03-03,Resale,Strata,118,"8,126",-,Condominium,1,Freehold,2003,HDB,507009,17,50,East Region,Pasir Ris
PARC VERA,"770,000",785.77,980,13 Feb 2018,10 HOUGANG STREET 32 #14-26,Resale,Strata,73,"10,548",-,Condominium,1,99 yrs from 20/12/2010,2014,HDB,534037,19,53,North East Region,Hougang
CITY SUITES,"885,000",462.85,"1,912",13 Feb 2018,235 BALESTIER ROAD #14-04,New Sale,Strata,43,"20,581",-,Apartment,1,Freehold,2017,Private,329699,12,32,Central Region,Novena
THE ESPIRA,"1,180,000","1,087.16","1,085",13 Feb 2018,128 LORONG L TELOK KURAU #04-01,Resale,Strata,101,"11,683",-,Apartment,1,Freehold,2009,Private,425563,15,42,East Region,Bedok
HILLVIEW HEIGHTS,"1,065,000",958,"1,112",13 Feb 2018,27 HILLVIEW AVENUE #10-02,Resale,Strata,89,"11,966",-,Condominium,1,Freehold,1996,HDB,669559,23,66,West Region,Bukit Batok
MARINA ONE RESIDENCES,"3,577,710","1,539.25","2,324",13 Feb 2018,21 MARINA WAY #05-15,New Sale,Strata,143,"25,019",-,Apartment,1,99 yrs from 01/07/2011,2017,Private,018978,01,01,Central Region,Downtown Core
LUMIERE,"1,508,000",914.94,"1,648",13 Feb 2018,2 MISTRI ROAD #30-02,Resale,Strata,85,"17,741",-,Apartment,1,99 yrs from 21/03/2006,2010,Private,079624,02,07,Central Region,Downtown Core
ARTRA,"2,248,300","1,410.08","1,594",13 Feb 2018,10 ALEXANDRA VIEW #19-01,New Sale,Strata,131,"17,163",-,Apartment,1,99 yrs from 15/02/2016,Uncompleted,Private,158745,03,15,Central Region,Bukit Merah
TREE HOUSE,"1,270,000","1,227.1","1,035",13 Feb 2018,68 CHESTNUT AVENUE #16-18,Resale,Strata,114,"11,140",-,Condominium,1,99 yrs from 23/11/2009,2013,Private,679521,23,67,West Region,Bukit Panjang
SUITES @ EUNOS,"840,000",645.84,"1,301",13 Feb 2018,1 JALAN YASIN #03-01,Resale,Strata,60,"14,000",-,Apartment,1,Freehold,2012,Private,417958,14,41,East Region,Bedok
BAYSHORE PARK,"1,111,888",936.47,"1,187",13 Feb 2018,60 BAYSHORE ROAD #12-01,Resale,Strata,87,"12,780",-,Condominium,1,99 yrs from 17/03/1982,1986,Private,469982,16,46,East Region,Bedok
D'NEST,"1,225,000","1,130.22","1,084",13 Feb 2018,143 PASIR RIS GROVE #11-56,Resale,Strata,105,"11,667",-,Condominium,1,99 yrs from 20/10/2010,2017,Private,518136,18,51,East Region,Pasir Ris
CITY SQUARE RESIDENCES,"1,050,000",570.49,"1,841",13 Feb 2018,12 KITCHENER LINK #29-21,Resale,Strata,53,"19,811",-,Condominium,1,Freehold,2008,Private,207224,08,20,Central Region,Kallang
JARDIN,"2,000,000","1,248.62","1,602",13 Feb 2018,966 DUNEARN ROAD #01-03,Resale,Strata,116,"17,241",-,Condominium,1,Freehold,2012,Private,589488,21,58,Central Region,Bukit Timah
CORALS AT KEPPEL BAY,"2,434,000","1,302.44","1,869",13 Feb 2018,15 KEPPEL BAY DRIVE #05-29,Resale,Strata,121,"20,116",-,Condominium,1,99 yrs from 26/02/2007,2016,Private,098019,04,09,Central Region,Bukit Merah
BALMORAL CREST,"1,880,000","1,097.93","1,712",13 Feb 2018,1 BALMORAL CRESCENT #08-01,Resale,Strata,102,"18,431",-,Apartment,1,Freehold,2002,Private,259882,10,25,Central Region,Newton
THE INFLORA,"798,000",818.06,975,13 Feb 2018,51 FLORA DRIVE #01-01,Resale,Strata,76,"10,500",-,Condominium,1,99 yrs from 25/05/2012,2016,HDB,506862,17,50,East Region,Pasir Ris
THE LAKEFRONT RESIDENCES,"760,000",484.38,"1,569",13 Feb 2018,48 LAKESIDE DRIVE #05-34,Resale,Strata,45,"16,889",-,Condominium,1,99 yrs from 03/08/2010,2014,Private,648305,22,64,West Region,Jurong West
THE MARQUE @ IRRAWADDY,"1,210,000",871.88,"1,388",13 Feb 2018,8 SHAN ROAD #13-02,Resale,Strata,81,"14,938",-,Apartment,1,Freehold,2009,Private,328108,12,32,Central Region,Novena
VILLA MARINA,"1,690,000","2,023.63",835,13 Feb 2018,23 JALAN SEMPADAN #04-01,Resale,Strata,188,"8,989",-,Condominium,1,99 yrs from 13/02/1995,1999,Private,457399,15,45,East Region,Bedok
GRANDEUR PARK RESIDENCES,"1,309,112",893.41,"1,465",13 Feb 2018,3 BEDOK SOUTH AVENUE 3 #12-21,New Sale,Strata,83,"15,772",-,Condominium,1,99 yrs from 25/05/2016,Uncompleted,HDB,465462,16,46,East Region,Bedok
THE LINEAR,"1,200,000","1,248.62",961,13 Feb 2018,892 UPPER BUKIT TIMAH ROAD #03-22,Resale,Strata,116,"10,345",-,Apartment,1,999 yrs from 02/10/1876,2006,HDB,678187,23,67,West Region,Bukit Panjang
THE LAKESHORE,"1,470,000","1,463.9","1,004",13 Feb 2018,31 JURONG WEST STREET 41 #02-24,Resale,Strata,136,"10,809",-,Condominium,1,99 yrs from 22/11/2002,2008,Private,649412,22,64,West Region,Jurong West
NV RESIDENCES,"828,000",904.18,916,13 Feb 2018,87 PASIR RIS GROVE #02-16,Resale,Strata,84,"9,857",-,Condominium,1,99 yrs from 07/01/2008,2013,Private,518213,18,51,East Region,Pasir Ris
AVILA GARDENS,"920,000","1,323.97",695,13 Feb 2018,19 FLORA ROAD #04-02,Resale,Strata,123,"7,480",-,Condominium,1,Freehold,1995,Private,509736,17,50,East Region,Pasir Ris
SAVANNAH CONDOPARK,"998,888","1,237.86",807,13 Feb 2018,63 SIMEI RISE #05-66,Resale,Strata,115,"8,686",-,Condominium,1,99 yrs from 29/11/2000,2005,HDB,528795,18,52,East Region,Tampines
RIS GRANDEUR,"1,320,000","1,539.25",858,13 Feb 2018,31 ELIAS ROAD #04-22,Resale,Strata,143,"9,231",-,Condominium,1,Freehold,2005,Private,519934,18,51,East Region,Pasir Ris
HUNDRED TREES,"840,000",699.66,"1,201",13 Feb 2018,93 WEST COAST DRIVE #01-30,Resale,Strata,65,"12,923",-,Condominium,1,956 yrs from 27/05/1928,2013,Private,128018,05,12,West Region,Clementi
THE MAYFAIR,"1,035,000","1,205.57",859,13 Feb 2018,7 JURONG EAST STREET 32 #04-06,Resale,Strata,112,"9,241",-,Condominium,1,99 yrs from 04/12/1996,2000,HDB,609480,22,60,West Region,Jurong East
THE MINTON,"1,520,000","1,808.35",841,13 Feb 2018,6 HOUGANG STREET 11 #01-09,Resale,Strata,168,"9,048",-,Condominium,1,99 yrs from 27/07/2007,2013,Private,538755,19,53,North East Region,Hougang
ARTRA,"1,943,300","1,227.1","1,584",13 Feb 2018,10 ALEXANDRA VIEW #21-02,New Sale,Strata,114,"17,046",-,Apartment,1,99 yrs from 15/02/2016,Uncompleted,HDB,158745,03,15,Central Region,Bukit Merah
THE INFLORA,"948,000","1,108.69",855,13 Feb 2018,57 FLORA DRIVE #01-24,Resale,Strata,103,"9,204",-,Condominium,1,99 yrs from 25/05/2012,2016,Private,506865,17,50,East Region,Pasir Ris
PARC PALAIS,"1,580,000","1,550.02","1,019",13 Feb 2018,47 HUME AVENUE #03-02,Resale,Strata,144,"10,972",-,Condominium,1,Freehold,1999,Private,598748,21,59,West Region,Bukit Batok
CARIBBEAN AT KEPPEL BAY,"2,600,000","1,668.42","1,558",13 Feb 2018,24 KEPPEL BAY DRIVE #05-35,Resale,Strata,155,"16,774",-,Condominium,1,99 yrs from 16/08/1999,2004,HDB,098647,04,09,Central Region,Bukit Merah
D'NEST,"828,000",753.48,"1,099",13 Feb 2018,145 PASIR RIS GROVE #12-61,Resale,Strata,70,"11,829",-,Condominium,1,99 yrs from 20/10/2010,2017,HDB,518137,18,51,East Region,Pasir Ris
FORESQUE RESIDENCES,"880,000",731.95,"1,202",13 Feb 2018,101 PETIR ROAD #21-02,Resale,Strata,68,"12,941",-,Condominium,1,99 yrs from 10/01/2011,2014,Private,678272,23,67,West Region,Bukit Panjang
SOUTHBANK,"1,008,000",613.55,"1,643",13 Feb 2018,881 NORTH BRIDGE ROAD #17-09,Resale,Strata,57,"17,684",-,Apartment,1,99 yrs from 27/01/2006,2010,HDB,198784,07,19,Central Region,Kallang
TANAMERA CREST,"930,000","1,216.33",765,13 Feb 2018,6 PARI DEDAP WALK #03-06,Resale,Strata,113,"8,230",-,Condominium,1,99 yrs from 20/06/2000,2004,Private,486060,16,48,East Region,Bedok
VACANZA @ EAST,"2,150,000","2,400.37",896,13 Feb 2018,42 LENGKONG TUJOH #12-19,Resale,Strata,223,"9,641",-,Condominium,1,Freehold,2014,Private,417394,14,41,East Region,Bedok
QUESTA @ DUNMAN,"680,000",430.56,"1,579",13 Feb 2018,543 DUNMAN ROAD #13-03,Resale,Strata,40,"17,000",-,Apartment,1,Freehold,2013,HDB,439219,15,43,Central Region,Geylang
YISHUN SAPPHIRE,"880,000","1,205.57",730,13 Feb 2018,52 CANBERRA DRIVE #06-23,Resale,Strata,112,"7,857",-,Condominium,1,99 yrs from 16/02/1998,2001,HDB,768439,27,76,North Region,Yishun
REZI 26,"610,000",516.67,"1,181",13 Feb 2018,5A LORONG 26 GEYLANG #02-08,Resale,Strata,48,"12,708",-,Apartment,1,Freehold,2015,HDB,398504,14,39,Central Region,Geylang
KOVAN MELODY,"1,170,000","1,173.28",997,13 Feb 2018,35 KOVAN ROAD #07-44,Resale,Strata,109,"10,734",-,Condominium,1,99 yrs from 20/01/2004,2006,Private,545019,19,54,North East Region,Hougang
EDELWEISS PARK CONDOMINIUM,"1,650,000","2,680.24",616,13 Feb 2018,96 FLORA ROAD #08-49,Resale,Strata,249,"6,627",-,Condominium,1,Freehold,2006,HDB,507007,17,50,East Region,Pasir Ris
THE CLEMENT CANOPY,"1,139,000",656.6,"1,735",13 Feb 2018,18 CLEMENTI AVENUE 1 #40-09,New Sale,Strata,61,"18,672",-,Apartment,1,99 yrs from 09/03/2016,2019,N.A,129961,05,12,West Region,Clementi
D'CAMBRIDGE,"1,200,000","1,022.58","1,174",13 Feb 2018,62 CAMBRIDGE ROAD #01-07,Resale,Strata,95,"12,632",-,Apartment,1,Freehold,2006,HDB,219758,08,21,Central Region,Kallang
COSTA RHU,"5,450,000","4,208.72","1,295",13 Feb 2018,9 RHU CROSS #13-11,Resale,Strata,391,"13,939",-,Condominium,1,99 yrs from 30/05/1994,1997,Private,437436,15,43,Central Region,Kallang
PARC EMILY,"1,650,000","1,001.05","1,648",13 Feb 2018,7 MOUNT EMILY ROAD #02-16,Resale,Strata,93,"17,742",-,Condominium,1,Freehold,2008,Private,228491,09,22,Central Region,Rochor
CHESTNUT VILLE,"1,600,100","1,657.66",965,13 Feb 2018,28A JALAN PAKIS,Resale,Strata,154,"10,390",-,Condominium,1,999 yrs from 25/09/1882,1984,Private,678611,23,67,West Region,Bukit Panjang
D'MIRA,"1,660,000","1,259.39","1,318",13 Feb 2018,31 BOON TECK ROAD #15-03,Resale,Strata,117,"14,188",-,Apartment,1,Freehold,2012,HDB,329602,12,32,Central Region,Novena
HILLSTA,"663,000",570.49,"1,162",13 Feb 2018,66 PHOENIX ROAD #21-03,Resale,Strata,53,"12,509",-,Condominium,1,99 yrs from 03/10/2011,2016,Private,668201,23,66,West Region,Bukit Batok
KALLANG RIVERSIDE,"3,255,172","1,431.61","2,274",13 Feb 2018,51 KAMPONG BUGIS #27-07,New Sale,Strata,133,"24,475",-,Apartment,1,Freehold,Uncompleted,Private,338986,12,33,Central Region,Kallang
HILLION RESIDENCES,"1,088,000",710.42,"1,531",13 Feb 2018,12 JELEBU ROAD #19-26,Sub Sale,Strata,66,"16,485",-,Apartment,1,99 yrs from 04/01/2013,2017,Private,677673,23,67,West Region,Bukit Panjang
THE INTERLACE,"1,180,000",807.3,"1,462",13 Feb 2018,200 DEPOT ROAD #09-38,Resale,Strata,75,"15,733",-,Condominium,1,99 yrs from 11/02/2009,2013,Private,109694,04,10,Central Region,Bukit Merah
HILLVIEW REGENCY,"780,000",904.18,863,13 Feb 2018,28 BUKIT BATOK EAST AVENUE 2 #06-14,Resale,Strata,84,"9,286",-,Condominium,1,99 yrs from 20/06/2000,2005,HDB,659921,23,65,West Region,Bukit Batok
VACANZA @ EAST,"1,180,000","1,022.58","1,154",13 Feb 2018,46 LENGKONG TUJOH #05-28,Resale,Strata,95,"12,421",-,Condominium,1,Freehold,2014,Private,417396,14,41,East Region,Bedok
THE PETALS,"1,780,000","1,657.66","1,074",13 Feb 2018,93 HILLVIEW AVENUE #09-23,Resale,Strata,154,"11,558",-,Condominium,1,Freehold,2002,Private,669626,23,66,West Region,Bukit Batok
NEW FUTURA,"8,764,000","2,691","3,257",13 Feb 2018,18 LEONIE HILL ROAD #33-05,Resale,Strata,250,"35,056",-,Condominium,1,Freehold,2017,Private,239199,09,23,Central Region,River Valley
AMARYLLIS VILLE,"1,460,000",979.52,"1,491",13 Feb 2018,20 NEWTON ROAD #09-01,Resale,Strata,91,"16,044",-,Condominium,1,99 yrs from 24/10/1997,2004,Private,307953,11,30,Central Region,Novena
ARTRA,"2,183,700","1,410.08","1,549",13 Feb 2018,10 ALEXANDRA VIEW #11-01,New Sale,Strata,131,"16,669",-,Apartment,1,99 yrs from 15/02/2016,Uncompleted,HDB,158745,03,15,Central Region,Bukit Merah
AMARANDA GARDENS,"1,620,000","1,162.51","1,394",13 Feb 2018,118 SERANGOON AVENUE 3 #03-12,Resale,Strata,108,"15,000",-,Condominium,1,Freehold,2004,HDB,554773,19,55,North East Region,Serangoon
NEW FUTURA,"6,412,400","1,829.88","3,504",13 Feb 2018,18 LEONIE HILL ROAD #27-06,Resale,Strata,170,"37,720",-,Condominium,1,Freehold,2017,Private,239199,09,23,Central Region,River Valley
PARC BOTANNIA,"794,000",581.26,"1,366",13 Feb 2018,16 FERNVALE STREET #13-19,New Sale,Strata,54,"14,704",-,Condominium,1,99 yrs from 28/12/2016,Uncompleted,HDB,797393,28,79,North East Region,Sengkang
THE MINTON,"1,380,000","1,323.97","1,042",13 Feb 2018,12B HOUGANG STREET 11 #16-63,Resale,Strata,123,"11,220",-,Condominium,1,99 yrs from 27/07/2007,2013,HDB,534073,19,53,North East Region,Hougang
THE CREST,"1,966,000",947.23,"2,076",13 Feb 2018,111 PRINCE CHARLES CRESCENT #04-28,Resale,Strata,88,"22,341",-,Condominium,1,99 yrs from 21/12/2012,2017,HDB,159022,03,15,Central Region,Bukit Merah
E MAISON,"1,540,000","1,119.46","1,376",13 Feb 2018,28 BRADDELL ROAD #01-07,Resale,Strata,104,"14,808",-,Apartment,1,Freehold,2016,HDB,359966,13,35,North East Region,Serangoon
NORTHVALE,"770,000","1,087.16",708,13 Feb 2018,71 CHOA CHU KANG LOOP #06-06,Resale,Strata,101,"7,624",-,Apartment,1,99 yrs from 01/03/1995,1998,HDB,689673,23,68,West Region,Choa Chu Kang
AQUENE,"970,000",914.94,"1,060",13 Feb 2018,25 LORONG BANDANG #04-05,Resale,Strata,85,"11,412",-,Apartment,1,Freehold,2008,HDB,426341,15,42,East Region,Bedok
A TREASURE TROVE,"870,000",775.01,"1,123",13 Feb 2018,64 PUNGGOL WALK #15-29,Resale,Strata,72,"12,083",-,Condominium,1,99 yrs from 09/03/2011,2015,Private,828782,19,82,North East Region,Punggol
THE STERLING,"2,387,000","1,539.25","1,551",13 Feb 2018,1001 BUKIT TIMAH ROAD #04-10,Resale,Strata,143,"16,692",-,Condominium,1,Freehold,2000,Private,596288,21,59,Central Region,Bukit Timah
KOVAN REGENCY,"1,440,000","1,054.87","1,365",13 Feb 2018,6 KOVAN RISE #09-12,Resale,Strata,98,"14,694",-,Condominium,1,99 yrs from 24/04/2012,2015,Private,544736,19,54,North East Region,Hougang
THE INSPIRA,"2,276,000","1,259.39","1,807",13 Feb 2018,11 ARNASALAM CHETTY ROAD #05-11,Resale,Strata,117,"19,453",-,Condominium,1,Freehold,2009,Private,239949,09,23,Central Region,River Valley
AALTO,"3,180,000","1,550.02","2,052",13 Feb 2018,191 MEYER ROAD #18-01,Resale,Strata,144,"22,083",-,Condominium,1,Freehold,2010,Private,437980,15,43,Central Region,Marine Parade
A TREASURE TROVE,"1,080,000","1,044.11","1,034",14 Feb 2018,72 PUNGGOL WALK #02-46,Resale,Strata,97,"11,134",-,Condominium,1,99 yrs from 09/03/2011,2015,HDB,828786,19,82,North East Region,Punggol
WEMBLY RESIDENCES,"1,600,000","1,485.43","1,077",14 Feb 2018,28 YIO CHU KANG ROAD #01-03,Resale,Strata,138,"11,594",-,Apartment,1,Freehold,2011,Private,545678,19,54,North East Region,Hougang
RIVER ISLES,"1,138,000","1,323.97",860,14 Feb 2018,56 EDGEDALE PLAINS #01-09,Resale,Strata,123,"9,252",-,Condominium,1,99 yrs from 06/02/2012,2015,HDB,828822,19,82,North East Region,Punggol
SKY HABITAT,"1,958,900","1,399.32","1,400",14 Feb 2018,7 BISHAN STREET 15 #04-06,Resale,Strata,130,"15,068",-,Condominium,1,99 yrs from 30/05/2011,2015,Private,573908,20,57,Central Region,Bishan
THE STELLAR,"2,250,000","2,055.92","1,094",14 Feb 2018,20 WEST COAST ROAD #05-29,Resale,Strata,191,"11,780",-,Condominium,1,Freehold,2008,Private,127308,05,12,West Region,Clementi
ONE-NORTH RESIDENCES,"870,000",592.02,"1,470",14 Feb 2018,7 ONE-NORTH GATEWAY #14-06,Resale,Strata,55,"15,818",-,Apartment,1,99 yrs from 15/09/2005,2009,Private,138642,05,13,Central Region,Queenstown
VIVA,"1,950,000",958,"2,035",14 Feb 2018,6 SUFFOLK WALK #06-05,Resale,Strata,89,"21,910",-,Condominium,1,Freehold,2012,Private,307464,11,30,Central Region,Novena
1919,"1,260,000",624.31,"2,018",14 Feb 2018,110 SOPHIA ROAD #03-11,Resale,Strata,58,"21,724",-,Apartment,1,Freehold,2015,Private,228175,09,22,Central Region,Rochor
FABER CREST,"1,330,000","1,776.06",749,14 Feb 2018,50C FABER HEIGHTS #01-17,Resale,Strata,165,"8,061",-,Condominium,1,99 yrs from 12/06/1996,2001,Private,129197,05,12,West Region,Clementi
ARTRA,"1,786,200","1,119.46","1,596",14 Feb 2018,10 ALEXANDRA VIEW #06-11,New Sale,Strata,104,"17,175",-,Apartment,1,99 yrs from 15/02/2016,Uncompleted,HDB,158745,03,15,Central Region,Bukit Merah
MADISON RESIDENCES,"3,050,000","1,463.9","2,083",14 Feb 2018,355 BUKIT TIMAH ROAD #12-02,Resale,Strata,136,"22,426",-,Condominium,1,Freehold,2012,Private,259724,10,25,Central Region,Tanglin
TERRENE AT BUKIT TIMAH,"2,058,888","1,797.59","1,145",14 Feb 2018,115 JALAN JURONG KECHIL #05-12,Resale,Strata,167,"12,329",-,Condominium,1,999 yrs from 19/06/1885,2013,Private,598676,21,59,Central Region,Bukit Timah
YEWTEE RESIDENCES,"1,148,000","1,194.8",961,14 Feb 2018,23 CHOA CHU KANG NORTH 6 #10-02,Resale,Strata,111,"10,342",-,Apartment,1,99 yrs from 03/01/2006,2008,HDB,689579,23,68,West Region,Choa Chu Kang
RE CHARGE @ 303,"2,650,000","1,119.46","2,367",14 Feb 2018,303 RIVER VALLEY ROAD #06-01,Resale,Strata,104,"25,481",-,Apartment,1,999 yrs from 01/07/1841,2013,Private,238344,09,23,Central Region,River Valley
HILLBROOKS,"1,048,000","1,076.4",974,14 Feb 2018,88 HILLVIEW AVENUE #10-06,Resale,Strata,100,"10,480",-,Condominium,1,Freehold,1999,HDB,669590,23,66,West Region,Bukit Batok
HILLVIEW GREEN,"1,018,000","1,011.82","1,006",14 Feb 2018,67 HUME AVENUE #02-06,Resale,Strata,94,"10,830",-,Condominium,1,999 yrs from 19/05/1883,1998,HDB,598744,21,59,West Region,Bukit Batok
THE INTERLACE,"2,850,000","2,378.84","1,198",14 Feb 2018,192 DEPOT ROAD #17-24,Resale,Strata,221,"12,896",-,Condominium,1,99 yrs from 11/02/2009,2013,Private,109690,04,10,Central Region,Bukit Merah
GRANDEUR PARK RESIDENCES,"1,146,112",882.65,"1,298",14 Feb 2018,11 BEDOK SOUTH AVENUE 3 #06-52,New Sale,Strata,82,"13,977",-,Condominium,1,99 yrs from 25/05/2016,Uncompleted,HDB,465466,16,46,East Region,Bedok
BOATHOUSE RESIDENCES,"768,000",710.42,"1,081",14 Feb 2018,33 UPPER SERANGOON VIEW #14-27,Resale,Strata,66,"11,636",-,Condominium,1,99 yrs from 09/02/2011,2015,Private,534042,19,53,North East Region,Hougang
CARPMAEL THIRTY-EIGHT,"2,037,942","1,259.39","1,618",14 Feb 2018,38 CARPMAEL ROAD #03-02,New Sale,Strata,117,"17,418",-,Apartment,1,Freehold,Uncompleted,Private,429781,15,42,Central Region,Geylang
QUEENS PEAK,"1,603,000",861.12,"1,862",14 Feb 2018,1 DUNDEE ROAD #38-03,New Sale,Strata,80,"20,038",-,Condominium,1,99 yrs from 28/09/2015,Uncompleted,HDB,149456,03,14,Central Region,Queenstown
SKY VUE,"1,150,000",678.13,"1,696",14 Feb 2018,3 BISHAN STREET 15 #17-17,Resale,Strata,63,"18,254",-,Condominium,1,99 yrs from 04/03/2013,2016,Private,573911,20,57,Central Region,Bishan
FLO RESIDENCE,"1,200,000","1,345.5",892,14 Feb 2018,11 PUNGGOL FIELD WALK #14-26,Resale,Strata,125,"9,600",-,Condominium,1,99 yrs from 05/12/2011,2016,Private,828744,19,82,North East Region,Punggol
CENTRA RESIDENCE,"635,000",505.91,"1,255",14 Feb 2018,8 LORONG 7 GEYLANG #05-05,Resale,Strata,47,"13,511",-,Apartment,1,Freehold,2014,Private,388792,14,38,Central Region,Geylang
CASSIA VIEW,"1,300,000","1,205.57","1,078",14 Feb 2018,320 GUILLEMARD ROAD #03-03,Resale,Strata,112,"11,607",-,Apartment,1,Freehold,1998,Private,399746,14,39,Central Region,Geylang
RIPPLE BAY,"630,000",538.2,"1,171",14 Feb 2018,6 PASIR RIS LINK #10-23,Resale,Strata,50,"12,600",-,Condominium,1,99 yrs from 10/08/2011,2015,Private,518161,18,51,East Region,Pasir Ris
EAST MEADOWS,"1,080,000","1,194.8",904,14 Feb 2018,32 TANAH MERAH KECHIL ROAD #10-18,Resale,Strata,111,"9,730",-,Condominium,1,99 yrs from 02/03/1998,2002,HDB,465559,16,46,East Region,Bedok
MOUNT FABER LODGE,"3,180,000","2,464.96","1,290",14 Feb 2018,27 MOUNT FABER ROAD #01-01,Resale,Strata,229,"13,886",-,Condominium,1,Freehold,1983,Private,099200,04,09,Central Region,Bukit Merah
RIVERVALE CREST,"1,100,000","1,560.78",705,14 Feb 2018,7 RIVERVALE CRESCENT #01-18,Resale,Strata,145,"7,586",-,Apartment,1,99 yrs from 06/12/1997,2002,Private,545085,19,54,North East Region,Sengkang
EON SHENTON,"2,400,000","1,248.62","1,922",14 Feb 2018,70 SHENTON WAY #31-08,New Sale,Strata,116,"20,690",-,Apartment,1,99 yrs from 06/10/2011,2017,Private,079118,02,07,Central Region,Downtown Core
BLISS@KOVAN,"1,780,000","1,248.62","1,426",14 Feb 2018,2B SIMON LANE #04-12,Resale,Strata,116,"15,345",-,Condominium,1,Freehold,2015,Private,546019,19,54,North East Region,Hougang
ST PATRICK'S RESIDENCES,"2,060,000","1,528.49","1,348",14 Feb 2018,58 ST. PATRICK'S ROAD #01-15,Resale,Strata,142,"14,507",-,Apartment,1,Freehold,2013,Private,424218,15,42,East Region,Bedok
RIVIERA POINT,"72,000,000","40,967.78","1,757",14 Feb 2018,2 ENBLOC KIM YAM ROAD #09-03 ETC,Resale,Strata,"3,806","18,917",-,Apartment,33,Freehold,1993,Private,239320,09,23,Central Region,River Valley
J GATEWAY,"900,000",473.62,"1,900",14 Feb 2018,2 GATEWAY DRIVE #16-06,Resale,Strata,44,"20,455",-,Condominium,1,99 yrs from 28/08/2012,2016,Private,608533,22,60,West Region,Jurong East
SYMPHONY HEIGHTS,"1,030,000",925.7,"1,113",14 Feb 2018,41 HUME AVENUE #05-09,Resale,Strata,86,"11,977",-,Condominium,1,Freehold,1998,HDB,598738,21,59,West Region,Bukit Batok
CARABELLE,"1,210,000",947.23,"1,277",14 Feb 2018,57 WEST COAST WAY #02-12,Resale,Strata,88,"13,750",-,Condominium,1,956 yrs from 27/05/1928,2009,HDB,127018,05,12,West Region,Clementi
CAIRNHILL MANSIONS,"362,000,000","129,943.01","2,786",14 Feb 2018,69 (ENBLOC) CAIRNHILL ROAD #14-69 ETC,Resale,Strata,"12,072","29,987",-,Apartment,61,Freehold,-,Private,229675,09,22,Central Region,Newton
QUEENS PEAK,"1,551,000",861.12,"1,801",14 Feb 2018,1 DUNDEE ROAD #31-03,New Sale,Strata,80,"19,388",-,Condominium,1,99 yrs from 28/09/2015,Uncompleted,Private,149456,03,14,Central Region,Queenstown
THE PALETTE,"820,000",731.95,"1,120",14 Feb 2018,115 PASIR RIS GROVE #06-46,Resale,Strata,68,"12,059",-,Condominium,1,99 yrs from 20/10/2010,2015,HDB,518172,18,51,East Region,Pasir Ris
D'NEST,"635,000",570.49,"1,113",14 Feb 2018,127 PASIR RIS GROVE #01-04,Resale,Strata,53,"11,981",-,Condominium,1,99 yrs from 20/10/2010,2017,Private,518178,18,51,East Region,Pasir Ris
CASA MERAH,"1,708,000","1,528.49","1,117",14 Feb 2018,62 TANAH MERAH KECHIL AVENUE #03-23,Resale,Strata,142,"12,028",-,Apartment,1,99 yrs from 11/07/2006,2009,Private,465530,16,46,East Region,Bedok
THREE 11,"1,800,000","1,130.22","1,593",14 Feb 2018,311 UPPER THOMSON ROAD #05-03,Resale,Strata,105,"17,143",-,Apartment,1,Freehold,2015,HDB,574409,20,57,Central Region,Bishan
TRILIVE,"1,680,000","1,162.51","1,445",14 Feb 2018,111 TAMPINES ROAD #02-02,New Sale,Strata,108,"15,556",-,Condominium,1,Freehold,Uncompleted,Private,535133,19,53,North East Region,Hougang
THE CENTRIS,"1,410,000","1,259.39","1,120",14 Feb 2018,77 JURONG WEST CENTRAL 3 #14-30,Resale,Strata,117,"12,051",-,Apartment,1,99 yrs from 21/06/2006,2009,HDB,648338,22,64,West Region,Jurong West
ARCHIPELAGO,"700,000",527.44,"1,327",14 Feb 2018,503 BEDOK RESERVOIR ROAD #05-09,Resale,Strata,49,"14,286",-,Condominium,1,99 yrs from 01/06/2011,2015,HDB,479268,16,47,East Region,Bedok
QUEENS PEAK,"1,501,000",807.3,"1,859",14 Feb 2018,1 DUNDEE ROAD #38-12,New Sale,Strata,75,"20,013",-,Condominium,1,99 yrs from 28/09/2015,Uncompleted,Private,149456,03,14,Central Region,Queenstown
COMPASS HEIGHTS,"1,228,000","1,334.74",920,14 Feb 2018,11 SENGKANG SQUARE #11-41,Resale,Strata,124,"9,903",-,Apartment,1,99 yrs from 30/04/2000,2002,Private,545076,19,54,North East Region,Sengkang
GLENDALE PARK,"1,520,000","1,313.21","1,157",14 Feb 2018,25 HILLVIEW AVENUE #06-06,Resale,Strata,122,"12,459",-,Condominium,1,Freehold,2000,Private,669558,23,66,West Region,Bukit Batok
CASA CAMBIO,"630,000",430.56,"1,463",14 Feb 2018,9 LIM TUA TOW ROAD #05-08,Resale,Strata,40,"15,750",-,Condominium,1,Freehold,2014,HDB,547726,19,54,North East Region,Serangoon
THE MINTON,"1,310,000","1,216.33","1,077",14 Feb 2018,14 HOUGANG STREET 11 #05-69,Resale,Strata,113,"11,593",-,Condominium,1,99 yrs from 27/07/2007,2013,HDB,534071,19,53,North East Region,Hougang
CASA MERAH,"1,500,000","1,237.86","1,212",14 Feb 2018,56 TANAH MERAH KECHIL AVENUE #09-16,Resale,Strata,115,"13,043",-,Apartment,1,99 yrs from 11/07/2006,2009,Private,465527,16,46,East Region,Bedok
TANGLIN VIEW,"1,398,000","1,140.98","1,225",14 Feb 2018,150 PRINCE CHARLES CRESCENT #08-07,Resale,Strata,106,"13,189",-,Condominium,1,99 yrs from 17/05/1997,2001,Private,159012,03,15,Central Region,Bukit Merah
CENTRAL MEADOWS,"940,000",968.76,970,14 Feb 2018,51 LORONG 34 GEYLANG #05-02,Resale,Strata,90,"10,444",-,Apartment,1,Freehold,2002,HDB,398240,14,39,Central Region,Geylang
FERRARIA PARK CONDOMINIUM,"1,141,000","1,194.8",955,14 Feb 2018,26 FLORA DRIVE #07-51,Resale,Strata,111,"10,279",-,Condominium,1,Freehold,2009,HDB,506950,17,50,East Region,Pasir Ris
ARTRA,"2,249,300","1,227.1","1,833",14 Feb 2018,10 ALEXANDRA VIEW #43-08,New Sale,Strata,114,"19,731",-,Apartment,1,99 yrs from 15/02/2016,Uncompleted,Private,158745,03,15,Central Region,Bukit Merah
MORO MANSIONS,"1,050,000","1,205.57",871,14 Feb 2018,3 LORONG 37 GEYLANG #03-02,Resale,Strata,112,"9,375",-,Apartment,1,Freehold,1993,Private,387901,14,38,Central Region,Geylang
TROPICAL SPRING,"1,138,000","1,334.74",853,14 Feb 2018,23 SIMEI STREET 4 #04-01,Resale,Strata,124,"9,177",-,Condominium,1,99 yrs from 06/12/1997,2002,Private,529880,18,52,East Region,Tampines
BARTLEY RIDGE,"710,000",495.14,"1,434",14 Feb 2018,30 MOUNT VERNON ROAD #07-06,Resale,Strata,46,"15,435",-,Condominium,1,99 yrs from 16/04/2012,2016,HDB,368055,13,36,Central Region,Toa Payoh
LE REGAL,"538,000",430.56,"1,250",14 Feb 2018,340 GEYLANG ROAD #02-20,Resale,Strata,40,"13,450",-,Apartment,1,Freehold,2015,HDB,389365,14,38,Central Region,Geylang
GRANDEUR PARK RESIDENCES,"1,136,112",882.65,"1,287",14 Feb 2018,11 BEDOK SOUTH AVENUE 3 #04-52,New Sale,Strata,82,"13,855",-,Condominium,1,99 yrs from 25/05/2016,Uncompleted,N.A,465466,16,46,East Region,Bedok
SEASTRAND,"600,000",581.26,"1,032",14 Feb 2018,17 PASIR RIS LINK #05-39,Resale,Strata,54,"11,111",-,Condominium,1,99 yrs from 03/01/2011,2014,HDB,518183,18,51,East Region,Pasir Ris
HILLBROOKS,"950,000",882.65,"1,076",14 Feb 2018,90 HILLVIEW AVENUE #06-04,Resale,Strata,82,"11,585",-,Condominium,1,Freehold,1999,HDB,669610,23,66,West Region,Bukit Batok
WILKIE 80,"980,000",602.78,"1,626",14 Feb 2018,80 WILKIE ROAD #04-10,Resale,Strata,56,"17,500",-,Apartment,1,Freehold,2010,Private,228079,09,22,Central Region,Rochor
LAKE GRANDE,"1,557,000","1,011.82","1,539",14 Feb 2018,2 JURONG LAKE LINK #17-09,New Sale,Strata,94,"16,564",-,Condominium,1,99 yrs from 09/06/2015,Uncompleted,N.A,648157,22,64,West Region,Jurong West
TERRASSE,"728,000",656.6,"1,109",14 Feb 2018,21 TERRASSE LANE #01-04,Resale,Strata,61,"11,934",-,Condominium,1,99 yrs from 23/08/2010,2014,Private,544774,19,54,North East Region,Hougang
CONCOURSE SKYLINE,"1,480,000",861.12,"1,719",14 Feb 2018,298 BEACH ROAD #23-16,Resale,Strata,80,"18,500",-,Apartment,1,99 yrs from 13/03/2008,2014,Private,199554,07,19,Central Region,Kallang
M21,"1,950,000","1,345.5","1,449",14 Feb 2018,21 MANDALAY ROAD #13-02,Resale,Strata,125,"15,600",-,Apartment,1,Freehold,2010,Private,308208,11,30,Central Region,Novena
EVERGREEN VIEW,"1,250,000","1,593.07",785,14 Feb 2018,15 LORONG 36 GEYLANG #08-03,Resale,Strata,148,"8,446",-,Apartment,1,Freehold,2010,HDB,398150,14,39,Central Region,Geylang
RIO VISTA,"990,000","1,248.62",793,14 Feb 2018,10 UPPER SERANGOON VIEW #05-01,Resale,Strata,116,"8,534",-,Condominium,1,99 yrs from 02/01/2001,2004,Private,534198,19,53,North East Region,Hougang
DE CENTURION,"1,550,000","1,044.11","1,485",14 Feb 2018,6A TANJONG RHU ROAD #11-01,Resale,Strata,97,"15,979",-,Apartment,1,Freehold,2010,Private,436884,15,43,Central Region,Kallang
RIO VISTA,"1,000,000","1,237.86",808,14 Feb 2018,28 UPPER SERANGOON VIEW #12-34,Resale,Strata,115,"8,696",-,Condominium,1,99 yrs from 02/01/2001,2004,HDB,534207,19,53,North East Region,Hougang
THE GLACIER,"1,330,000","1,259.39","1,056",14 Feb 2018,260 JOO CHIAT PLACE #02-04,Resale,Strata,117,"11,368",-,Apartment,1,Freehold,2004,Private,427941,15,42,East Region,Bedok
REGENTVILLE,"875,000","1,151.75",760,14 Feb 2018,6 HOUGANG STREET 92 #07-05,Resale,Strata,107,"8,178",-,Apartment,1,99 yrs from 24/04/1996,1999,HDB,538685,19,53,North East Region,Hougang
KOVAN RESIDENCES,"1,470,000","1,442.38","1,019",14 Feb 2018,7A KOVAN ROAD #04-32,Resale,Strata,134,"10,970",-,Condominium,1,99 yrs from 31/12/2007,2011,Private,544897,19,54,North East Region,Hougang
THE INTERWEAVE,"945,000",764.24,"1,237",14 Feb 2018,21 KIM KEAT ROAD #10-09,Resale,Strata,71,"13,310",-,Apartment,1,Freehold,2014,HDB,328805,12,32,Central Region,Novena
RESIDENCES AT 338A,"2,200,000","1,313.21","1,675",14 Feb 2018,338A RIVER VALLEY ROAD #03-04,Resale,Strata,122,"18,033",-,Apartment,1,Freehold,2004,Private,238381,09,23,Central Region,River Valley
THE PARC CONDOMINIUM,"1,850,000","1,420.85","1,302",14 Feb 2018,1 WEST COAST WALK #11-01,Resale,Strata,132,"14,015",-,Condominium,1,Freehold,2010,Private,127158,05,12,West Region,Clementi
PARC ROSEWOOD,"690,000",764.24,903,14 Feb 2018,81 ROSEWOOD DRIVE #01-57,Resale,Strata,71,"9,718",-,Condominium,1,99 yrs from 07/09/2011,2014,Private,737788,25,73,North Region,Woodlands
THE QUARTZ,"980,000","1,022.58",958,14 Feb 2018,53 COMPASSVALE BOW #18-06,Resale,Strata,95,"10,316",-,Condominium,1,99 yrs from 18/04/2005,2009,Private,544985,19,54,North East Region,Sengkang
FLAMINGO VALLEY,"910,000",581.26,"1,566",14 Feb 2018,478 SIGLAP ROAD #01-71,Resale,Strata,54,"16,852",-,Condominium,1,Freehold,2014,Private,454852,15,45,East Region,Bedok
POSHGROVE EAST,"828,000",592.02,"1,399",14 Feb 2018,329 EAST COAST ROAD #04-03,Resale,Strata,55,"15,055",-,Condominium,1,Freehold,2008,HDB,429099,15,42,East Region,Bedok
THE RAINTREE,"1,420,000","1,313.21","1,081",14 Feb 2018,93 BUKIT DRIVE #10-30,Resale,Strata,122,"11,639",-,Condominium,1,99 yrs from 01/03/2003,2008,Private,587844,21,58,West Region,Bukit Panjang
ECHELON,"980,000",452.09,"2,168",14 Feb 2018,9 ALEXANDRA VIEW #17-13,Resale,Strata,42,"23,333",-,Condominium,1,99 yrs from 06/03/2012,2016,Private,158742,03,15,Central Region,Bukit Merah
CENTURY MANSIONS,"802,888",914.94,878,14 Feb 2018,2M JALAN REMAJA #04-03,Resale,Strata,85,"9,446",-,Apartment,1,Freehold,1998,HDB,668671,23,66,West Region,Bukit Batok
THE LINEAR,"900,000","1,076.4",836,14 Feb 2018,896 UPPER BUKIT TIMAH ROAD #03-32,Resale,Strata,100,"9,000",-,Apartment,1,999 yrs from 02/10/1876,2006,HDB,678189,23,67,West Region,Bukit Panjang
THE HILLFORD,"555,000",398.27,"1,394",14 Feb 2018,170 JALAN JURONG KECHIL #01-04,Resale,Strata,37,"15,000",-,Apartment,1,60 yrs from 19/02/2013,2016,Private,596181,21,59,Central Region,Bukit Timah
PALM GARDENS,"860,000","1,216.33",707,14 Feb 2018,2D HONG SAN WALK #10-09,Resale,Strata,113,"7,611",-,Condominium,1,99 yrs from 12/08/1996,2000,Private,689050,23,68,West Region,Choa Chu Kang
THE BENCOOLEN,"1,138,000",871.88,"1,305",14 Feb 2018,180A BENCOOLEN STREET #12-01,Resale,Strata,81,"14,049",-,Apartment,1,99 yrs from 24/06/1995,1999,Private,189647,07,18,Central Region,Rochor
THE LIGHT @ CAIRNHILL,"3,880,000","2,012.87","1,928",14 Feb 2018,19 CAIRNHILL CIRCLE #07-06,Resale,Strata,187,"20,749",-,Condominium,1,Freehold,2004,Private,229768,09,22,Central Region,Newton
ADRIA,"1,260,000",656.6,"1,919",14 Feb 2018,12 DERBYSHIRE ROAD #03-02,Resale,Strata,61,"20,656",-,Apartment,1,Freehold,2013,Private,309466,11,30,Central Region,Novena
THE QUARTZ,"1,285,000","1,442.38",891,14 Feb 2018,59 COMPASSVALE BOW #19-19,Resale,Strata,134,"9,590",-,Condominium,1,99 yrs from 18/04/2005,2009,Private,544988,19,54,North East Region,Sengkang
MADISON RESIDENCES,"3,000,000","1,463.9","2,049",14 Feb 2018,355 BUKIT TIMAH ROAD #08-04,Resale,Strata,136,"22,059",-,Condominium,1,Freehold,2012,Private,259724,10,25,Central Region,Tanglin
SELANTING GREEN,"1,130,000","1,001.05","1,129",14 Feb 2018,1 JALAN SELANTING #05-06,Resale,Strata,93,"12,151",-,Apartment,1,Freehold,1998,Private,598368,21,59,Central Region,Bukit Timah
RIVER ISLES,"1,300,000","1,646.89",789,14 Feb 2018,68 EDGEDALE PLAINS #17-35,Resale,Strata,153,"8,497",-,Condominium,1,99 yrs from 06/02/2012,2015,HDB,828733,19,82,North East Region,Punggol
DOVER PARKVIEW,"1,150,000","1,313.21",876,14 Feb 2018,30 DOVER RISE #01-07,Resale,Strata,122,"9,426",-,Condominium,1,99 yrs from 01/12/1993,1997,HDB,138687,05,13,Central Region,Queenstown
OASIS @ ELIAS,"980,000","1,216.33",806,14 Feb 2018,68 ELIAS ROAD #16-14,Resale,Strata,113,"8,673",-,Condominium,1,99 yrs from 17/03/2008,2011,HDB,519942,18,51,East Region,Pasir Ris
THE QUARTZ,"1,080,000","1,140.98",947,14 Feb 2018,57 COMPASSVALE BOW #04-16,Resale,Strata,106,"10,189",-,Condominium,1,99 yrs from 18/04/2005,2009,HDB,544987,19,54,North East Region,Sengkang
NOVENA HILL,"981,000",656.6,"1,494",14 Feb 2018,45B JALAN NOVENA,Resale,Strata,61,"16,082",-,Apartment,1,Freehold,-,Private,308663,11,30,Central Region,Novena
SELETARIS,"1,200,000","1,582.31",758,14 Feb 2018,503 SEMBAWANG ROAD #01-20,Resale,Strata,147,"8,163",-,Condominium,1,Freehold,2001,HDB,757707,27,75,North Region,Sembawang
THE WATERLINE,"1,170,000","1,011.82","1,156",14 Feb 2018,165 POH HUAT ROAD WEST #02-14,Resale,Strata,94,"12,447",-,Condominium,1,Freehold,2013,Private,546694,19,54,North East Region,Hougang
ARTRA,"1,603,700",828.83,"1,935",14 Feb 2018,10 ALEXANDRA VIEW #31-07,New Sale,Strata,77,"20,827",-,Apartment,1,99 yrs from 15/02/2016,Uncompleted,Private,158745,03,15,Central Region,Bukit Merah
HILLSTA,"670,000",570.49,"1,174",14 Feb 2018,66 PHOENIX ROAD #18-02,Resale,Strata,53,"12,642",-,Condominium,1,99 yrs from 03/10/2011,2016,HDB,668201,23,66,West Region,Bukit Batok
CASA ROSA,"980,000","1,173.28",835,14 Feb 2018,35 LORONG ONG LYE #03-09,Resale,Strata,109,"8,991",-,Condominium,1,99 yrs from 02/02/1998,2001,Private,536443,19,53,North East Region,Serangoon
COSTA DEL SOL,"1,765,000","1,313.21","1,344",14 Feb 2018,68 BAYSHORE ROAD #24-06,Resale,Strata,122,"14,467",-,Condominium,1,99 yrs from 05/05/1997,2003,HDB,469986,16,46,East Region,Bedok
SOUTHAVEN II,"1,700,000","1,539.25","1,104",14 Feb 2018,35 HINDHEDE WALK #05-02,Resale,Strata,143,"11,888",-,Condominium,1,999 yrs from 21/06/1877,1999,Private,587969,21,58,West Region,Bukit Panjang
MARTIN MODERN,"1,978,200",764.24,"2,588",14 Feb 2018,8 MARTIN PLACE #06-05,New Sale,Strata,71,"27,862",-,Condominium,1,99 yrs from 28/09/2016,Uncompleted,HDB,237992,09,23,Central Region,River Valley
THE BENTLY RESIDENCES@KOVAN,"700,000",441.32,"1,586",14 Feb 2018,30 KOVAN ROAD #03-07,Resale,Strata,41,"17,073",-,Apartment,1,Freehold,2016,HDB,548086,19,54,North East Region,Hougang
PARKVIEW APARTMENTS,"765,000",979.52,781,14 Feb 2018,5 BUKIT BATOK STREET 25 #13-04,Resale,Strata,91,"8,407",-,Apartment,1,99 yrs from 01/05/1994,1998,Private,658880,23,65,West Region,Bukit Batok
ARTRA,"1,525,700",785.77,"1,942",14 Feb 2018,10 ALEXANDRA VIEW #29-05,New Sale,Strata,73,"20,900",-,Apartment,1,99 yrs from 15/02/2016,Uncompleted,Private,158745,03,15,Central Region,Bukit Merah
SEASONS VIEW,"1,300,000","1,140.98","1,139",14 Feb 2018,7 PEMIMPIN DRIVE #18-01,Resale,Strata,106,"12,264",-,Condominium,1,99 yrs from 06/09/1996,2000,Private,576150,20,57,Central Region,Bishan
EAST VIEW,"1,478,000","1,097.93","1,346",14 Feb 2018,10 BROOKE ROAD #06-03,Resale,Strata,102,"14,490",-,Apartment,1,Freehold,1998,Private,429986,15,42,Central Region,Marine Parade
ONE SHENTON,"1,738,000","1,108.69","1,568",14 Feb 2018,1 SHENTON WAY #15-05,Resale,Strata,103,"16,874",-,Apartment,1,99 yrs from 14/10/2005,2011,Private,068803,01,06,Central Region,Downtown Core
RIVEREDGE,"2,350,000","1,657.66","1,418",14 Feb 2018,21 SAMPAN PLACE #17-10,Resale,Strata,154,"15,260",-,Condominium,1,99 yrs from 26/02/2004,2008,Private,436593,15,43,Central Region,Kallang
NV RESIDENCES,"750,000",764.24,981,14 Feb 2018,83 PASIR RIS GROVE #08-06,Resale,Strata,71,"10,563",-,Condominium,1,99 yrs from 07/01/2008,2013,Private,518211,18,51,East Region,Pasir Ris
KERRISDALE,"1,264,000","1,270.15",995,14 Feb 2018,32 STURDEE ROAD #02-08,Resale,Strata,118,"10,712",-,Condominium,1,99 yrs from 02/04/1998,2005,HDB,207853,08,20,Central Region,Kallang
SKY VUE,"1,338,000",796.54,"1,680",14 Feb 2018,3 BISHAN STREET 15 #26-19,Resale,Strata,74,"18,081",-,Condominium,1,99 yrs from 04/03/2013,2016,Private,573911,20,57,Central Region,Bishan
THE REGENCY AT TIONG BAHRU,"1,700,000",958,"1,775",14 Feb 2018,36 CHAY YAN STREET #05-03,Resale,Strata,89,"19,101",-,Condominium,1,Freehold,2010,Private,169905,03,16,Central Region,Bukit Merah
THE CREST,"1,862,000",904.18,"2,059",14 Feb 2018,111 PRINCE CHARLES CRESCENT #02-28,Resale,Strata,84,"22,167",-,Condominium,1,99 yrs from 21/12/2012,2017,Private,159022,03,15,Central Region,Bukit Merah
EUHABITAT,"1,080,000","1,248.62",865,14 Feb 2018,188 JALAN EUNOS #01-05,Resale,Strata,116,"9,310",-,Condominium,1,99 yrs from 06/12/2010,2015,HDB,419538,14,41,East Region,Bedok
ARTRA,"1,523,700",785.77,"1,939",14 Feb 2018,10 ALEXANDRA VIEW #29-04,New Sale,Strata,73,"20,873",-,Apartment,1,99 yrs from 15/02/2016,Uncompleted,HDB,158745,03,15,Central Region,Bukit Merah
TERRASSE,"1,590,000","1,334.74","1,191",14 Feb 2018,27 TERRASSE LANE #04-38,Resale,Strata,124,"12,823",-,Condominium,1,99 yrs from 23/08/2010,2014,HDB,544777,19,54,North East Region,Hougang
PARC ROSEWOOD,"620,000",602.78,"1,029",14 Feb 2018,91 ROSEWOOD DRIVE #02-105,Resale,Strata,56,"11,071",-,Condominium,1,99 yrs from 07/09/2011,2014,Private,737793,25,73,North Region,Woodlands
SKY VUE,"803,000",484.38,"1,658",14 Feb 2018,1 BISHAN STREET 15 #07-03,Resale,Strata,45,"17,844",-,Condominium,1,99 yrs from 04/03/2013,2016,HDB,573910,20,57,Central Region,Bishan
THE SAIL @ MARINA BAY,"2,125,000","1,313.21","1,618",14 Feb 2018,6 MARINA BOULEVARD #39-22,Resale,Strata,122,"17,418",-,Apartment,1,99 yrs from 12/08/2002,2008,Private,018985,01,01,Central Region,Downtown Core
HILLINGTON GREEN,"1,450,000","1,356.26","1,069",14 Feb 2018,47 HILLVIEW AVENUE #04-03,Resale,Strata,126,"11,508",-,Condominium,1,999 yrs from 19/05/1883,2002,HDB,669614,23,66,West Region,Bukit Batok
26 NEWTON,"2,000,000",775.01,"2,581",14 Feb 2018,26 NEWTON ROAD #19-03,Resale,Strata,72,"27,778",-,Apartment,1,Freehold,2016,HDB,307957,11,30,Central Region,Novena
SANCTUARY GREEN,"1,470,000","1,399.32","1,051",15 Feb 2018,187 TANJONG RHU ROAD #03-05,Resale,Strata,130,"11,308",-,Condominium,1,99 yrs from 17/03/1997,2003,Private,436925,15,43,Central Region,Kallang
CASA FORTUNA,"1,260,000","1,044.11","1,207",15 Feb 2018,36 AH HOOD ROAD #06-02,Resale,Strata,97,"12,990",-,Apartment,1,Freehold,2011,Private,329980,12,32,Central Region,Novena
EIGHT RIVERSUITES,"1,258,888",936.47,"1,344",15 Feb 2018,2 WHAMPOA EAST #02-07,Resale,Strata,87,"14,470",-,Condominium,1,99 yrs from 11/07/2011,2016,Private,338517,12,33,Central Region,Kallang
REZI 35,"1,177,000",839.59,"1,402",15 Feb 2018,20 LORONG 35 GEYLANG #04-08,New Sale,Strata,78,"15,090",-,Apartment,1,Freehold,Uncompleted,Private,387949,14,38,Central Region,Geylang
D'LEEDON,"8,000,000","6,264.65","1,277",15 Feb 2018,5 LEEDON HEIGHTS #33-11,Resale,Strata,582,"13,746",-,Condominium,1,99 yrs from 08/04/2010,2014,Private,267952,10,26,Central Region,Bukit Timah
8 NAPIER,"6,336,400","2,012.87","3,148",15 Feb 2018,8 NAPIER ROAD #06-02,Resale,Strata,187,"33,884",-,Condominium,1,Freehold,2010,Private,258502,10,25,Central Region,Tanglin
NEW FUTURA,"5,707,200","1,829.88","3,119",15 Feb 2018,18 LEONIE HILL ROAD #07-06,Resale,Strata,170,"33,572",-,Condominium,1,Freehold,2017,Private,239199,09,23,Central Region,River Valley
BROOKVALE PARK,"530,000,000","338,334.05","1,566",15 Feb 2018,"1,2,3,4,5ETC ENBLOC BROOKVALE WALK #01-09",Resale,Strata,"31,432","16,862",-,Condominium,160,999 yrs from 23/03/1885,1983,Private,599954,21,59,West Region,Clementi
THE NAVIAN,"1,401,000",904.18,"1,549",15 Feb 2018,178 JALAN EUNOS #04-02,New Sale,Strata,84,"16,679",-,Apartment,1,Freehold,Uncompleted,HDB,419530,14,41,East Region,Bedok
REZI 35,"1,188,000",839.59,"1,415",17 Feb 2018,20 LORONG 35 GEYLANG #06-08,New Sale,Strata,78,"15,231",-,Apartment,1,Freehold,Uncompleted,N.A,387949,14,38,Central Region,Geylang
REZI 35,"1,195,000",839.59,"1,423",18 Feb 2018,20 LORONG 35 GEYLANG #07-07,New Sale,Strata,78,"15,321",-,Apartment,1,Freehold,Uncompleted,HDB,387949,14,38,Central Region,Geylang
MARTIN MODERN,"2,251,300",882.65,"2,551",18 Feb 2018,10 MARTIN PLACE #10-11,New Sale,Strata,82,"27,455",-,Condominium,1,99 yrs from 28/09/2016,Uncompleted,Private,237963,09,23,Central Region,River Valley
MARTIN MODERN,"2,149,200",764.24,"2,812",18 Feb 2018,10 MARTIN PLACE #22-09,New Sale,Strata,71,"30,270",-,Condominium,1,99 yrs from 28/09/2016,Uncompleted,Private,237963,09,23,Central Region,River Valley
THE NAVIAN,"1,410,000",904.18,"1,559",18 Feb 2018,178 JALAN EUNOS #05-02,New Sale,Strata,84,"16,786",-,Apartment,1,Freehold,Uncompleted,HDB,419530,14,41,East Region,Bedok
ARTRA,"1,896,300","1,044.11","1,816",19 Feb 2018,10 ALEXANDRA VIEW #25-09,New Sale,Strata,97,"19,549",-,Apartment,1,99 yrs from 15/02/2016,Uncompleted,Private,158745,03,15,Central Region,Bukit Merah
PARC BOTANNIA,"1,592,000","1,280.92","1,243",19 Feb 2018,16 FERNVALE STREET #16-21,New Sale,Strata,119,"13,378",-,Condominium,1,99 yrs from 28/12/2016,Uncompleted,Private,797393,28,79,North East Region,Sengkang
CARPMAEL THIRTY-EIGHT,"1,227,260",721.19,"1,702",19 Feb 2018,38 CARPMAEL ROAD #03-04,New Sale,Strata,67,"18,317",-,Apartment,1,Freehold,Uncompleted,N.A,429781,15,42,Central Region,Geylang
LATITUDE,"3,500,000","1,689.95","2,071",19 Feb 2018,35 JALAN MUTIARA #13-05,Resale,Strata,157,"22,293",-,Condominium,1,Freehold,2010,Private,249210,10,24,Central Region,Tanglin
MARTIN MODERN,"3,644,000","1,399.32","2,604",19 Feb 2018,10 MARTIN PLACE #11-08,New Sale,Strata,130,"28,031",-,Condominium,1,99 yrs from 28/09/2016,Uncompleted,HDB,237963,09,23,Central Region,River Valley
STURDEE RESIDENCES,"2,034,090","1,302.44","1,562",19 Feb 2018,10 BEATTY ROAD #26-08,New Sale,Strata,121,"16,811",-,Condominium,1,99 yrs from 29/06/2015,Uncompleted,Private,209955,08,20,Central Region,Kallang
KINGSFORD WATERBAY,"1,152,000",850.36,"1,355",19 Feb 2018,74 UPPER SERANGOON VIEW #05-47,New Sale,Strata,79,"14,582",-,Apartment,1,99 yrs from 03/03/2014,Uncompleted,Private,533881,19,53,North East Region,Hougang
CLEMENTI PARK,"1,970,000","1,872.94","1,052",19 Feb 2018,135 SUNSET WAY #04-12,Resale,Strata,174,"11,322",-,Condominium,1,Freehold,1985,Private,597158,21,59,West Region,Clementi
GRANDEUR PARK RESIDENCES,"1,121,112",667.37,"1,680",19 Feb 2018,7 BEDOK SOUTH AVENUE 3 #13-30,New Sale,Strata,62,"18,082",-,Condominium,1,99 yrs from 25/05/2016,Uncompleted,Private,465464,16,46,East Region,Bedok
ARDMORE PARK,"8,400,000","2,884.75","2,912",19 Feb 2018,9 ARDMORE PARK #06-04,Resale,Strata,268,"31,343",-,Condominium,1,Freehold,2001,Private,259955,10,25,Central Region,Newton
DOVER PARKVIEW,"1,150,000",968.76,"1,187",19 Feb 2018,32 DOVER RISE #14-06,Resale,Strata,90,"12,778",-,Condominium,1,99 yrs from 01/12/1993,1997,Private,138686,05,13,Central Region,Queenstown
THOMSON IMPRESSIONS,"1,459,295","1,054.87","1,383",19 Feb 2018,3 LORONG PUNTONG #18-12,New Sale,Strata,98,"14,891",-,Apartment,1,99 yrs from 12/01/2015,Uncompleted,Private,576444,20,57,Central Region,Bishan
THE INTERLACE,"2,350,000","1,905.23","1,233",19 Feb 2018,212 DEPOT ROAD #11-62,Resale,Strata,177,"13,277",-,Condominium,1,99 yrs from 11/02/2009,2013,Private,109700,04,10,Central Region,Bukit Merah
PARC CENTROS,"1,480,000","1,377.79","1,074",19 Feb 2018,86 PUNGGOL CENTRAL #03-13,Resale,Strata,128,"11,563",-,Condominium,1,99 yrs from 19/03/2012,2016,HDB,828720,19,82,North East Region,Punggol
KOVAN MELODY,"1,650,000","1,420.85","1,161",19 Feb 2018,21 KOVAN ROAD #13-15,Resale,Strata,132,"12,500",-,Condominium,1,99 yrs from 20/01/2004,2006,HDB,548192,19,54,North East Region,Hougang
THE BAYSHORE,"900,000","1,011.82",889,19 Feb 2018,30 BAYSHORE ROAD #11-01,Resale,Strata,94,"9,574",-,Condominium,1,99 yrs from 31/05/1993,1997,Private,469974,16,46,East Region,Bedok
MARTIN MODERN,"2,259,760",871.88,"2,592",19 Feb 2018,8 MARTIN PLACE #20-04,New Sale,Strata,81,"27,898",-,Condominium,1,99 yrs from 28/09/2016,Uncompleted,Private,237992,09,23,Central Region,River Valley
THE NAVIAN,"1,076,112",656.6,"1,639",19 Feb 2018,178 JALAN EUNOS #03-11,New Sale,Strata,61,"17,641",-,Apartment,1,Freehold,Uncompleted,HDB,419530,14,41,East Region,Bedok
AQUARIUS BY THE PARK,"840,000",893.41,940,19 Feb 2018,11 BEDOK RESERVOIR VIEW #17-01,Resale,Strata,83,"10,120",-,Condominium,1,99 yrs from 12/06/1996,2001,HDB,478931,16,47,East Region,Bedok
PARC VERA,"1,350,000","1,410.08",957,19 Feb 2018,2 HOUGANG STREET 32 #16-01,Resale,Strata,131,"10,305",-,Condominium,1,99 yrs from 20/12/2010,2014,Private,534041,19,53,North East Region,Hougang
THE SIXTH AVENUE RESIDENCES,"1,730,000",968.76,"1,786",19 Feb 2018,162 SIXTH AVENUE #05-04,Resale,Strata,90,"19,222",-,Condominium,1,Freehold,2009,HDB,276539,10,27,Central Region,Bukit Timah
PARC RIVIERA,"1,493,000","1,184.04","1,261",19 Feb 2018,103 WEST COAST VALE #32-22,New Sale,Strata,110,"13,573",-,Condominium,1,99 yrs from 11/11/2015,Uncompleted,HDB,126754,05,12,West Region,Clementi
THE PARC CONDOMINIUM,"1,575,000","1,216.33","1,295",19 Feb 2018,5 WEST COAST WALK #09-11,Resale,Strata,113,"13,938",-,Condominium,1,Freehold,2010,Private,127146,05,12,West Region,Clementi
MARINA ONE RESIDENCES,"2,501,630","1,140.98","2,193",19 Feb 2018,21 MARINA WAY #06-02,New Sale,Strata,106,"23,600",-,Apartment,1,99 yrs from 01/07/2011,2017,N.A,018978,01,01,Central Region,Downtown Core
GEM RESIDENCES,"1,893,000","1,248.62","1,516",19 Feb 2018,3 LORONG 5 TOA PAYOH #26-15,New Sale,Strata,116,"16,319",-,Condominium,1,99 yrs from 21/09/2015,Uncompleted,Private,319459,12,31,Central Region,Toa Payoh
GEM RESIDENCES,"1,760,000","1,248.62","1,410",19 Feb 2018,3 LORONG 5 TOA PAYOH #04-15,New Sale,Strata,116,"15,172",-,Condominium,1,99 yrs from 21/09/2015,Uncompleted,HDB,319459,12,31,Central Region,Toa Payoh
GEM RESIDENCES,"1,867,140","1,248.62","1,495",19 Feb 2018,3 LORONG 5 TOA PAYOH #27-15,New Sale,Strata,116,"16,096",-,Condominium,1,99 yrs from 21/09/2015,Uncompleted,HDB,319459,12,31,Central Region,Toa Payoh
THE TRILINQ,"1,709,000","1,603.84","1,066",19 Feb 2018,28 JALAN LEMPENG #02-07,New Sale,Strata,149,"11,470",-,Condominium,1,99 yrs from 16/04/2012,2017,N.A,128807,05,12,West Region,Clementi
PARC OASIS,"1,200,000","1,377.79",871,19 Feb 2018,39 JURONG EAST AVENUE 1 #03-04,Resale,Strata,128,"9,375",-,Condominium,1,99 yrs from 01/12/1991,1994,Private,609776,22,60,West Region,Jurong East
SKY HABITAT,"1,875,000","1,291.68","1,452",19 Feb 2018,7 BISHAN STREET 15 #08-04,Resale,Strata,120,"15,625",-,Condominium,1,99 yrs from 30/05/2011,2015,Private,573908,20,57,Central Region,Bishan
PARC BOTANNIA,"637,000",505.91,"1,259",19 Feb 2018,10 FERNVALE STREET #08-01,New Sale,Strata,47,"13,553",-,Condominium,1,99 yrs from 28/12/2016,Uncompleted,HDB,797390,28,79,North East Region,Sengkang
BALMORAL HILLS,"3,800,000","1,840.64","2,064",19 Feb 2018,11 BALMORAL PARK #11-06,Resale,Strata,171,"22,222",-,Condominium,1,Freehold,2008,Private,259845,10,25,Central Region,Tanglin
THE MADEIRA,"930,000","1,054.87",882,19 Feb 2018,56 BUKIT BATOK STREET 31 #19-18,Resale,Strata,98,"9,490",-,Condominium,1,99 yrs from 14/08/2000,2003,HDB,659445,23,65,West Region,Bukit Batok
EVERGREEN PARK,"760,000","1,076.4",706,19 Feb 2018,31 HOUGANG AVENUE 7 #04-08,Resale,Strata,100,"7,600",-,Apartment,1,99 yrs from 01/10/1995,1999,Private,538800,19,53,North East Region,Hougang
TERRENE AT BUKIT TIMAH,"2,200,000","1,894.46","1,161",19 Feb 2018,121 JALAN JURONG KECHIL #05-24,Resale,Strata,176,"12,500",-,Condominium,1,999 yrs from 19/06/1885,2013,Private,598679,21,59,Central Region,Bukit Timah
REFLECTIONS AT KEPPEL BAY,"5,500,000","2,626.42","2,094",19 Feb 2018,29 KEPPEL BAY VIEW #12-88,Resale,Strata,244,"22,541",-,Condominium,1,99 yrs from 15/03/2006,2011,Private,098417,04,09,Central Region,Bukit Merah
SEASIDE RESIDENCES,"2,026,000","1,259.39","1,609",19 Feb 2018,16 SIGLAP LINK #03-24,New Sale,Strata,117,"17,316",-,Apartment,1,99 yrs from 18/04/2016,Uncompleted,Private,448872,15,44,East Region,Bedok
A TREASURE TROVE,"1,450,000","1,334.74","1,086",19 Feb 2018,66 PUNGGOL WALK #08-35,Resale,Strata,124,"11,694",-,Condominium,1,99 yrs from 09/03/2011,2015,HDB,828783,19,82,North East Region,Punggol
ARTRA,"1,618,300",828.83,"1,953",19 Feb 2018,10 ALEXANDRA VIEW #29-03,New Sale,Strata,77,"21,017",-,Apartment,1,99 yrs from 15/02/2016,Uncompleted,HDB,158745,03,15,Central Region,Bukit Merah
KINGSFORD WATERBAY,"1,205,206",882.65,"1,365",19 Feb 2018,68 UPPER SERANGOON VIEW #03-23,New Sale,Strata,82,"14,698",-,Apartment,1,99 yrs from 03/03/2014,Uncompleted,N.A,533884,19,53,North East Region,Hougang
11 AMBER ROAD,"2,250,000","1,905.23","1,181",19 Feb 2018,11 AMBER ROAD #02-01,Resale,Strata,177,"12,712",-,Apartment,1,Freehold,2004,Private,439857,15,43,Central Region,Marine Parade
THE SAIL @ MARINA BAY,"4,200,000","2,055.92","2,043",19 Feb 2018,2 MARINA BOULEVARD #34-06,Resale,Strata,191,"21,990",-,Apartment,1,99 yrs from 12/08/2002,2008,Private,018987,01,01,Central Region,Downtown Core
THE BEVERLY,"1,800,000","1,517.72","1,186",19 Feb 2018,45 TOH TUCK ROAD #02-12,Resale,Strata,141,"12,766",-,Apartment,1,Freehold,2012,Private,596720,21,59,Central Region,Bukit Timah
KINGSFORD WATERBAY,"1,168,000",861.12,"1,356",19 Feb 2018,68 UPPER SERANGOON VIEW #11-24,New Sale,Strata,80,"14,600",-,Apartment,1,99 yrs from 03/03/2014,Uncompleted,Private,533884,19,53,North East Region,Hougang
ARDMORE II,"5,850,000","2,023.63","2,891",19 Feb 2018,2 ARDMORE PARK #33-04,Resale,Strata,188,"31,117",-,Condominium,1,Freehold,2010,Private,259947,10,25,Central Region,Newton
THE MILTONIA RESIDENCES,"1,300,000","1,517.72",857,19 Feb 2018,536 MILTONIA CLOSE #05-40,Resale,Strata,141,"9,220",-,Condominium,1,99 yrs from 30/11/2010,2014,HDB,768112,27,76,North Region,Yishun
ARTRA,"1,399,999",785.77,"1,782",19 Feb 2018,10 ALEXANDRA VIEW #25-04,New Sale,Strata,73,"19,178",-,Apartment,1,99 yrs from 15/02/2016,Uncompleted,HDB,158745,03,15,Central Region,Bukit Merah
LANDRIDGE CONDOMINIUM,"2,500,000","1,948.28","1,283",19 Feb 2018,202 PASIR PANJANG ROAD #04-18,Resale,Strata,181,"13,812",-,Condominium,1,Freehold,1993,Private,118572,05,11,Central Region,Queenstown
CASA CAMBIO,"660,000",430.56,"1,533",19 Feb 2018,11 LIM TUA TOW ROAD #04-24,Resale,Strata,40,"16,500",-,Condominium,1,Freehold,2014,Private,547803,19,54,North East Region,Serangoon
KINGSFORD WATERBAY,"968,604",678.13,"1,428",19 Feb 2018,80 UPPER SERANGOON VIEW #03-75,New Sale,Strata,63,"15,375",-,Apartment,1,99 yrs from 03/03/2014,Uncompleted,Private,533878,19,53,North East Region,Hougang
ARTRA,"2,109,200","1,227.1","1,719",19 Feb 2018,10 ALEXANDRA VIEW #28-08,New Sale,Strata,114,"18,502",-,Apartment,1,99 yrs from 15/02/2016,Uncompleted,HDB,158745,03,15,Central Region,Bukit Merah
QUEENS PEAK,"1,899,000","1,054.87","1,800",19 Feb 2018,1 DUNDEE ROAD #39-13,New Sale,Strata,98,"19,378",-,Condominium,1,99 yrs from 28/09/2015,Uncompleted,Private,149456,03,14,Central Region,Queenstown
THE INFLORA,"1,220,000","1,302.44",937,19 Feb 2018,65 FLORA DRIVE #06-40,Resale,Strata,121,"10,083",-,Condominium,1,99 yrs from 25/05/2012,2016,Private,506849,17,50,East Region,Pasir Ris
GEM RESIDENCES,"1,530,000",979.52,"1,562",19 Feb 2018,1 LORONG 5 TOA PAYOH #29-04,New Sale,Strata,91,"16,813",-,Condominium,1,99 yrs from 21/09/2015,Uncompleted,HDB,319458,12,31,Central Region,Toa Payoh
CAVAN SUITES,"570,000",333.68,"1,708",19 Feb 2018,11 CAVAN ROAD #02-11,Resale,Strata,31,"18,387",-,Apartment,1,Freehold,2012,Private,209848,08,20,Central Region,Kallang
GARDENVISTA,"1,720,000","1,345.5","1,278",19 Feb 2018,956 DUNEARN ROAD #09-16,Resale,Strata,125,"13,760",-,Condominium,1,99 yrs from 09/09/1999,2006,Private,589484,21,58,Central Region,Bukit Timah
QUEENS PEAK,"1,601,000",839.59,"1,907",19 Feb 2018,1 DUNDEE ROAD #41-05,New Sale,Strata,78,"20,526",-,Condominium,1,99 yrs from 28/09/2015,Uncompleted,Private,149456,03,14,Central Region,Queenstown
VISIONCREST,"1,780,000",893.41,"1,992",19 Feb 2018,35 OXLEY RISE #04-06,Resale,Strata,83,"21,446",-,Apartment,1,Freehold,2007,HDB,238711,09,23,Central Region,Museum
KINGSFORD WATERBAY,"1,144,458",850.36,"1,346",19 Feb 2018,70 UPPER SERANGOON VIEW #13-29,New Sale,Strata,79,"14,487",-,Apartment,1,99 yrs from 03/03/2014,Uncompleted,HDB,533883,19,53,North East Region,Hougang
BEDOK RESIDENCES,"1,350,000",850.36,"1,588",19 Feb 2018,28 BEDOK NORTH DRIVE #12-43,Resale,Strata,79,"17,089",-,Apartment,1,99 yrs from 21/11/2011,2015,HDB,465500,16,46,East Region,Bedok
THOMSON IMPRESSIONS,"2,609,000","2,120.51","1,230",19 Feb 2018,3 LORONG PUNTONG #19-12,New Sale,Strata,197,"13,244",-,Apartment,1,99 yrs from 12/01/2015,Uncompleted,N.A,576444,20,57,Central Region,Bishan
THE LINCOLN MODERN,"2,000,000","1,377.79","1,452",19 Feb 2018,20 LINCOLN ROAD #27-04,Resale,Strata,128,"15,625",-,Apartment,1,Freehold,2003,Private,308353,11,30,Central Region,Novena
SOUTHBANK,"2,020,000","1,313.21","1,538",19 Feb 2018,881 NORTH BRIDGE ROAD #12-11,Resale,Strata,122,"16,557",-,Apartment,1,99 yrs from 27/01/2006,2010,Private,198784,07,19,Central Region,Kallang
THE CREST,"3,407,000","1,872.94","1,819",19 Feb 2018,113 PRINCE CHARLES CRESCENT #05-31,Resale,Strata,174,"19,580",-,Condominium,1,99 yrs from 21/12/2012,2017,Private,159023,03,15,Central Region,Bukit Merah
REGENT GROVE,"800,000","1,259.39",635,19 Feb 2018,54 CHOA CHU KANG NORTH 7 #07-40,Resale,Strata,117,"6,838",-,Condominium,1,99 yrs from 17/05/1997,2000,Private,689529,23,68,West Region,Choa Chu Kang
SELETAR SPRINGS CONDOMINIUM,"940,000","1,334.74",704,19 Feb 2018,102 GERALD DRIVE #01-77,Resale,Strata,124,"7,581",-,Condominium,1,99 yrs from 12/08/1997,2000,Private,798593,28,79,North East Region,Hougang
LAKE GRANDE,"1,165,000",882.65,"1,320",19 Feb 2018,8 JURONG LAKE LINK #01-31,New Sale,Strata,82,"14,207",-,Condominium,1,99 yrs from 09/06/2015,Uncompleted,HDB,648130,22,64,West Region,Jurong West
PARC VERA,"1,180,000","1,140.98","1,034",19 Feb 2018,10 HOUGANG STREET 32 #14-27,Resale,Strata,106,"11,132",-,Condominium,1,99 yrs from 20/12/2010,2014,Private,534037,19,53,North East Region,Hougang
GEM RESIDENCES,"1,950,300","1,313.21","1,485",19 Feb 2018,1 LORONG 5 TOA PAYOH #29-08,New Sale,Strata,122,"15,986",-,Condominium,1,99 yrs from 21/09/2015,Uncompleted,Private,319458,12,31,Central Region,Toa Payoh
SIMS URBAN OASIS,"2,068,300","1,442.38","1,434",19 Feb 2018,6 SIMS DRIVE #08-25,New Sale,Strata,134,"15,435",-,Condominium,1,99 yrs from 29/07/2014,2017,HDB,387388,14,38,Central Region,Geylang
GRANDEUR PARK RESIDENCES,"1,596,000","1,130.22","1,412",19 Feb 2018,9 BEDOK SOUTH AVENUE 3 #05-37,New Sale,Strata,105,"15,200",-,Condominium,1,99 yrs from 25/05/2016,Uncompleted,HDB,465465,16,46,East Region,Bedok
MARTIN MODERN,"1,988,100",764.24,"2,601",19 Feb 2018,8 MARTIN PLACE #09-05,New Sale,Strata,71,"28,001",-,Condominium,1,99 yrs from 28/09/2016,Uncompleted,Private,237992,09,23,Central Region,River Valley
PARC BOTANNIA,"1,735,000","1,453.14","1,194",19 Feb 2018,10 FERNVALE STREET #09-06,New Sale,Strata,135,"12,852",-,Condominium,1,99 yrs from 28/12/2016,Uncompleted,N.A,797390,28,79,North East Region,Sengkang
ARTRA,"1,612,000",828.83,"1,945",19 Feb 2018,10 ALEXANDRA VIEW #32-07,New Sale,Strata,77,"20,935",-,Apartment,1,99 yrs from 15/02/2016,Uncompleted,HDB,158745,03,15,Central Region,Bukit Merah
QUEENS PEAK,"2,463,000","1,506.96","1,634",19 Feb 2018,1 DUNDEE ROAD #34-07,New Sale,Strata,140,"17,593",-,Condominium,1,99 yrs from 28/09/2015,2020,Private,149456,03,14,Central Region,Queenstown
MARTIN MODERN,"2,269,160",871.88,"2,603",19 Feb 2018,8 MARTIN PLACE #22-04,New Sale,Strata,81,"28,014",-,Condominium,1,99 yrs from 28/09/2016,Uncompleted,N.A,237992,09,23,Central Region,River Valley
PARC BOTANNIA,"1,188,000",871.88,"1,363",19 Feb 2018,18 FERNVALE STREET #21-29,New Sale,Strata,81,"14,667",-,Condominium,1,99 yrs from 28/12/2016,Uncompleted,Private,797394,28,79,North East Region,Sengkang
THE AMBROSIA,"1,870,300","1,474.67","1,268",19 Feb 2018,106 LORONG N TELOK KURAU #04-04,Resale,Strata,137,"13,652",-,Apartment,1,Freehold,2010,Private,425261,15,42,East Region,Bedok
VIDA,"1,720,000",861.12,"1,997",19 Feb 2018,5 PECK HAY ROAD #12-03,Resale,Strata,80,"21,500",-,Apartment,1,Freehold,2009,Private,228307,09,22,Central Region,Newton
KINGSFORD WATERBAY,"1,127,431",850.36,"1,326",19 Feb 2018,78 UPPER SERANGOON VIEW #12-69,New Sale,Strata,79,"14,271",-,Apartment,1,99 yrs from 03/03/2014,Uncompleted,Private,533879,19,53,North East Region,Hougang
ONE DEVONSHIRE,"3,550,000","1,550.02","2,290",19 Feb 2018,1 DEVONSHIRE ROAD #25-02,Resale,Strata,144,"24,653",-,Condominium,1,Freehold,2011,Private,239896,09,23,Central Region,River Valley
ARTRA,"1,944,800","1,227.1","1,585",19 Feb 2018,10 ALEXANDRA VIEW #13-08,New Sale,Strata,114,"17,060",-,Apartment,1,99 yrs from 15/02/2016,Uncompleted,Private,158745,03,15,Central Region,Bukit Merah
ALEX RESIDENCES,"1,750,000",925.7,"1,890",19 Feb 2018,28 ALEXANDRA VIEW #12-07,Sub Sale,Strata,86,"20,349",-,Apartment,1,99 yrs from 18/03/2013,2017,Private,158744,03,15,Central Region,Bukit Merah
STRATFORD COURT,"1,350,000","1,937.52",697,19 Feb 2018,41A BEDOK RIA CRESCENT #01-06,Resale,Strata,180,"7,500",-,Condominium,1,99 yrs from 23/06/1995,1998,Private,489929,16,48,East Region,Bedok
THE MARBELLA,"2,700,000","1,496.2","1,805",19 Feb 2018,33 MOUNT SINAI RISE #22-10,Resale,Strata,139,"19,424",-,Condominium,1,Freehold,2005,Private,276954,10,27,Central Region,Bukit Timah
QUEENS PEAK,"1,508,000",807.3,"1,868",19 Feb 2018,1 DUNDEE ROAD #39-12,New Sale,Strata,75,"20,107",-,Condominium,1,99 yrs from 28/09/2015,Uncompleted,Private,149456,03,14,Central Region,Queenstown
THE ALPS RESIDENCES,"1,157,380","1,087.16","1,065",19 Feb 2018,113 TAMPINES STREET 86 #02-41,New Sale,Strata,101,"11,459",-,Condominium,1,99 yrs from 03/08/2015,Uncompleted,HDB,528536,18,52,East Region,Tampines
QUEENS PEAK,"1,343,000",807.3,"1,664",19 Feb 2018,3 DUNDEE ROAD #17-26,New Sale,Strata,75,"17,907",-,Condominium,1,99 yrs from 28/09/2015,Uncompleted,Private,149457,03,14,Central Region,Queenstown
D'NEST,"639,000",484.38,"1,319",19 Feb 2018,143 PASIR RIS GROVE #03-57,Resale,Strata,45,"14,200",-,Condominium,1,99 yrs from 20/10/2010,2017,HDB,518136,18,51,East Region,Pasir Ris
THE NASSIM,"13,998,000","4,068.79","3,440",19 Feb 2018,18 NASSIM HILL #03-05,Resale,Strata,378,"37,032",-,Condominium,1,Freehold,2015,Private,258485,10,25,Central Region,Tanglin
CHANGI RISE CONDOMINIUM,"1,150,000","1,657.66",694,19 Feb 2018,20 SIMEI RISE #01-50,Resale,Strata,154,"7,468",-,Condominium,1,99 yrs from 29/11/2000,2004,Private,528809,18,52,East Region,Tampines
KINGSFORD WATERBAY,"1,183,130",893.41,"1,324",19 Feb 2018,74 UPPER SERANGOON VIEW #06-52,New Sale,Strata,83,"14,255",-,Apartment,1,99 yrs from 03/03/2014,Uncompleted,HDB,533881,19,53,North East Region,Hougang
A TREASURE TROVE,"865,000",775.01,"1,116",20 Feb 2018,52 PUNGGOL WALK #10-05,Resale,Strata,72,"12,014",-,Condominium,1,99 yrs from 09/03/2011,2015,Private,828831,19,82,North East Region,Punggol
WATERFRONT GOLD,"1,375,000","1,227.1","1,121",20 Feb 2018,758 BEDOK RESERVOIR ROAD #05-24,Resale,Strata,114,"12,061",-,Condominium,1,99 yrs from 26/11/2009,2014,Private,479260,16,47,East Region,Bedok
DUCHESS CREST,"1,350,000",936.47,"1,442",20 Feb 2018,54 DUCHESS AVENUE #02-02,Resale,Strata,87,"15,517",-,Condominium,1,99 yrs from 24/06/1995,1998,Private,269198,10,26,Central Region,Bukit Timah
URBAN VISTA,"1,100,000",850.36,"1,294",20 Feb 2018,10 TANAH MERAH KECHIL LINK #12-17,Resale,Strata,79,"13,924",-,Condominium,1,99 yrs from 05/11/2012,2016,Private,465421,16,46,East Region,Bedok
D'LEEDON,"3,750,000","2,454.19","1,528",20 Feb 2018,15 LEEDON HEIGHTS #11-52,Resale,Strata,228,"16,447",-,Condominium,1,99 yrs from 08/04/2010,2014,Private,266225,10,26,Central Region,Bukit Timah
FOREST HILLS CONDOMINIUM,"823,888","1,044.11",789,20 Feb 2018,29 TRANSIT ROAD #03-14,Resale,Strata,97,"8,494",-,Condominium,1,99 yrs from 10/02/2000,2003,Private,778905,26,77,North Region,Yishun
GARDENVILLE,"3,600,000","2,873.99","1,253",20 Feb 2018,10 WALSHE ROAD #10-03,Resale,Strata,267,"13,483",-,Condominium,1,Freehold,1999,Private,257654,10,25,Central Region,Tanglin
ORCHID PARK CONDOMINIUM,"820,000","1,248.62",657,20 Feb 2018,89 YISHUN STREET 81 #01-03,Resale,Strata,116,"7,069",-,Condominium,1,99 yrs from 01/09/1991,1994,HDB,768449,27,76,North Region,Yishun
1919,"1,315,000",635.08,"2,071",20 Feb 2018,110 SOPHIA ROAD #01-16,Resale,Strata,59,"22,288",-,Apartment,1,Freehold,2015,HDB,228175,09,22,Central Region,Rochor
LA FIESTA,"865,000",753.48,"1,148",20 Feb 2018,66 SENGKANG SQUARE #02-36,Resale,Strata,70,"12,357",-,Condominium,1,99 yrs from 03/09/2012,2016,Private,544703,19,54,North East Region,Sengkang
KINGSFORD WATERBAY,"1,169,000",861.12,"1,358",20 Feb 2018,68 UPPER SERANGOON VIEW #12-24,New Sale,Strata,80,"14,613",-,Apartment,1,99 yrs from 03/03/2014,Uncompleted,HDB,533884,19,53,North East Region,Hougang
SCK VILLE,"1,350,000","1,334.74","1,011",20 Feb 2018,2 HAIG AVENUE #02-04,Resale,Strata,124,"10,887",-,Apartment,1,Freehold,1997,HDB,438840,15,43,Central Region,Marine Parade
THE WATER EDGE,"888,000",936.47,948,20 Feb 2018,8 LORONG 38 GEYLANG #08-08,Resale,Strata,87,"10,207",-,Apartment,1,Freehold,2013,HDB,398106,14,39,Central Region,Geylang
CASAFINA,"1,140,000","1,205.57",946,20 Feb 2018,215 BEDOK SOUTH AVENUE 1 #03-08,Resale,Strata,112,"10,179",-,Condominium,1,99 yrs from 12/06/1996,1999,Private,469338,16,46,East Region,Bedok
KINGSFORD WATERBAY,"1,268,392",958,"1,324",20 Feb 2018,80 UPPER SERANGOON VIEW #12-72,New Sale,Strata,89,"14,252",-,Apartment,1,99 yrs from 03/03/2014,Uncompleted,Private,533878,19,53,North East Region,Hougang
SEA ESTA,"1,155,000","1,205.57",958,20 Feb 2018,30 PASIR RIS LINK #06-30,Resale,Strata,112,"10,313",-,Condominium,1,99 yrs from 09/01/2012,2015,HDB,518147,18,51,East Region,Pasir Ris
REGENT GROVE,"820,000","1,173.28",699,20 Feb 2018,50 CHOA CHU KANG NORTH 7 #11-13,Resale,Strata,109,"7,523",-,Condominium,1,99 yrs from 17/05/1997,2000,Private,689527,23,68,West Region,Choa Chu Kang
THE ESTUARY,"1,000,000","1,194.8",837,20 Feb 2018,95 YISHUN AVENUE 1 #09-28,Resale,Strata,111,"9,009",-,Condominium,1,99 yrs from 25/06/2008,2013,HDB,769137,27,76,North Region,Yishun
THE BERTH BY THE COVE,"2,135,000","1,614.6","1,322",20 Feb 2018,212 OCEAN DRIVE #03-15,Resale,Strata,150,"14,233",-,Condominium,1,99 yrs from 18/03/2004,2006,Private,098624,04,09,Central Region,Southern Islands
KOVAN RESIDENCES,"2,050,000","1,797.59","1,140",20 Feb 2018,7A KOVAN ROAD #16-30,Resale,Strata,167,"12,275",-,Condominium,1,99 yrs from 31/12/2007,2011,Private,544897,19,54,North East Region,Hougang
THE SCALA,"742,000",473.62,"1,567",20 Feb 2018,132 SERANGOON AVENUE 3 #04-08,Resale,Strata,44,"16,864",-,Apartment,1,99 yrs from 06/01/2010,2013,Private,554478,19,55,North East Region,Serangoon
TREE HOUSE,"1,260,000","1,248.62","1,009",20 Feb 2018,62 CHESTNUT AVENUE #08-09,Resale,Strata,116,"10,862",-,Condominium,1,99 yrs from 23/11/2009,2013,HDB,679518,23,67,West Region,Bukit Panjang
EUNOS PARK,"883,508","1,162.51",760,20 Feb 2018,5 KAMPONG EUNOS #01-12,Resale,Strata,108,"8,181",-,Condominium,1,Freehold,1995,Private,417771,14,41,East Region,Bedok
GALLOP GABLES,"5,000,000","3,401.42","1,470",20 Feb 2018,72 FARRER ROAD #01-04,Resale,Strata,316,"15,823",-,Condominium,1,Freehold,1997,Private,268851,10,26,Central Region,Tanglin
KINGSFORD WATERBAY,"1,450,000","1,044.11","1,389",20 Feb 2018,68 UPPER SERANGOON VIEW #15-20,New Sale,Strata,97,"14,948",-,Apartment,1,99 yrs from 03/03/2014,Uncompleted,HDB,533884,19,53,North East Region,Hougang
MODENA,"1,350,000","1,496.2",902,20 Feb 2018,35 SIMEI STREET 4 #09-08,Resale,Strata,139,"9,712",-,Condominium,1,99 yrs from 06/12/1997,2001,Private,529869,18,52,East Region,Tampines
WOODSVILLE 28,"1,100,000",828.83,"1,327",20 Feb 2018,28 WOODSVILLE CLOSE #07-05,Resale,Strata,77,"14,286",-,Apartment,1,99 yrs from 15/10/2007,2011,Private,357776,13,35,Central Region,Toa Payoh
PARC BOTANNIA,"976,000",785.77,"1,242",20 Feb 2018,18 FERNVALE STREET #09-28,New Sale,Strata,73,"13,370",-,Condominium,1,99 yrs from 28/12/2016,Uncompleted,N.A,797394,28,79,North East Region,Sengkang
PARC ELEGANCE,"600,000",441.32,"1,360",20 Feb 2018,17 TELOK KURAU ROAD #04-34,Resale,Strata,41,"14,634",-,Apartment,1,Freehold,2013,HDB,423763,15,42,East Region,Bedok
RIVERGATE,"3,850,000","1,797.59","2,142",20 Feb 2018,93 ROBERTSON QUAY #19-01,Resale,Strata,167,"23,054",-,Apartment,1,Freehold,2009,Private,238255,09,23,Central Region,Singapore River
THE CITRINE,"1,250,000",958,"1,305",20 Feb 2018,18 JALAN DATOH #20-01,Resale,Strata,89,"14,045",-,Apartment,1,Freehold,2008,Private,329415,12,32,Central Region,Novena
NEW FUTURA,"4,184,000","1,367.03","3,061",20 Feb 2018,18 LEONIE HILL ROAD #06-04,Resale,Strata,127,"32,945",-,Condominium,1,Freehold,2017,Private,239199,09,23,Central Region,River Valley
KINGSFORD WATERBAY,"1,197,466",893.41,"1,340",20 Feb 2018,70 UPPER SERANGOON VIEW #09-34,New Sale,Strata,83,"14,427",-,Apartment,1,99 yrs from 03/03/2014,Uncompleted,Private,533883,19,53,North East Region,Hougang
KINGSFORD WATERBAY,"1,216,000",882.65,"1,378",20 Feb 2018,74 UPPER SERANGOON VIEW #02-48,New Sale,Strata,82,"14,829",-,Apartment,1,99 yrs from 03/03/2014,Uncompleted,Private,533881,19,53,North East Region,Hougang
MERLOT VILLE,"1,245,000","1,227.1","1,015",20 Feb 2018,281 TELOK KURAU ROAD #01-01,Resale,Strata,114,"10,921",-,Apartment,1,Freehold,2002,HDB,423847,15,42,East Region,Bedok
NEPTUNE COURT,"1,100,000","1,270.15",866,20 Feb 2018,8 MARINE VISTA #03-31,Resale,Strata,118,"9,322",-,Apartment,1,99 yrs from 01/09/1976,1975,HDB,449032,15,44,East Region,Bedok
NEW FUTURA,"8,077,000","2,691","3,001",20 Feb 2018,18 LEONIE HILL ROAD #17-05,Resale,Strata,250,"32,308",-,Condominium,1,Freehold,2017,HDB,239199,09,23,Central Region,River Valley
ASTRID MEADOWS,"3,228,000","2,357.32","1,369",20 Feb 2018,38 CORONATION ROAD WEST #01-06,Resale,Strata,219,"14,740",-,Condominium,1,Freehold,1990,Private,269257,10,26,Central Region,Bukit Timah
THE SEAFRONT ON MEYER,"3,030,000","1,603.84","1,889",20 Feb 2018,57 MEYER ROAD #14-10,Resale,Strata,149,"20,336",-,Condominium,1,Freehold,2010,Private,437878,15,43,Central Region,Marine Parade
THE MINTON,"977,500",979.52,998,20 Feb 2018,10D HOUGANG STREET 11 #14-47,Resale,Strata,91,"10,742",-,Condominium,1,99 yrs from 27/07/2007,2013,HDB,534076,19,53,North East Region,Hougang
THE SEAFRONT ON MEYER,"4,050,000","2,314.26","1,750",20 Feb 2018,59 MEYER ROAD #17-14,Resale,Strata,215,"18,837",-,Condominium,1,Freehold,2010,Private,437880,15,43,Central Region,Marine Parade
REGENTVILLE,"820,000","1,076.4",762,20 Feb 2018,2 HOUGANG STREET 92 #05-07,Resale,Strata,100,"8,200",-,Apartment,1,99 yrs from 24/04/1996,1999,HDB,538683,19,53,North East Region,Hougang
NEW FUTURA,"7,677,600","2,249.68","3,413",20 Feb 2018,18 LEONIE HILL ROAD #27-05,Resale,Strata,209,"36,735",-,Condominium,1,Freehold,2017,Private,239199,09,23,Central Region,River Valley
PARK NATURA,"2,628,000","2,863.22",918,20 Feb 2018,35 BUKIT BATOK EAST AVENUE 6 #05-09,Resale,Strata,266,"9,880",-,Condominium,1,Freehold,2011,Private,659765,23,65,Central Region,Bukit Timah
THE TROPICA,"1,280,000","1,517.72",843,20 Feb 2018,61 TAMPINES AVENUE 1 #11-02,Resale,Strata,141,"9,078",-,Condominium,1,99 yrs from 04/12/1996,2000,HDB,529776,18,52,East Region,Tampines
RIPPLE BAY,"1,278,000","1,280.92",998,20 Feb 2018,10 PASIR RIS LINK #06-45,Resale,Strata,119,"10,739",-,Condominium,1,99 yrs from 10/08/2011,2015,HDB,518163,18,51,East Region,Pasir Ris
THE CREST,"1,991,000",968.76,"2,055",20 Feb 2018,107 PRINCE CHARLES CRESCENT #01-20,Resale,Strata,90,"22,122",-,Condominium,1,99 yrs from 21/12/2012,2017,Private,159020,03,15,Central Region,Bukit Merah
CITY SUITES,"953,888",527.44,"1,809",20 Feb 2018,235 BALESTIER ROAD #11-02,New Sale,Strata,49,"19,467",-,Apartment,1,Freehold,2017,Private,329699,12,32,Central Region,Novena
HUME PARK I,"888,888",904.18,983,20 Feb 2018,1 HUME AVENUE #04-02,Resale,Strata,84,"10,582",-,Condominium,1,Freehold,1995,Private,598718,21,59,West Region,Bukit Batok
PEBBLE BAY,"2,881,888","1,894.46","1,521",20 Feb 2018,132 TANJONG RHU ROAD #14-12,Resale,Strata,176,"16,374",-,Condominium,1,99 yrs from 09/03/1994,1997,Private,436919,15,43,Central Region,Kallang
THE SHORE RESIDENCES,"1,938,000","1,291.68","1,500",20 Feb 2018,85 AMBER ROAD #05-15,Resale,Strata,120,"16,150",-,Condominium,1,103 yrs from 18/08/2009,2014,Private,439895,15,43,Central Region,Marine Parade
THE CREST,"4,000,000","1,722.24","2,323",20 Feb 2018,111 PRINCE CHARLES CRESCENT #01-30,Resale,Strata,160,"25,000",-,Condominium,1,99 yrs from 21/12/2012,2017,Private,159022,03,15,Central Region,Bukit Merah
STRATFORD COURT,"1,298,000","1,733",749,21 Feb 2018,41A BEDOK RIA CRESCENT #04-65,Resale,Strata,161,"8,062",-,Condominium,1,99 yrs from 23/06/1995,1998,Private,489929,16,48,East Region,Bedok
WATERTOWN,"1,643,000","1,173.28","1,400",21 Feb 2018,67 PUNGGOL CENTRAL #05-13,Sub Sale,Strata,109,"15,073",-,Apartment,1,99 yrs from 18/05/2011,2017,HDB,828843,19,82,North East Region,Punggol
MARINA ONE RESIDENCES,"4,288,800","1,517.72","2,826",21 Feb 2018,21 MARINA WAY #22-07,New Sale,Strata,141,"30,417",-,Apartment,1,99 yrs from 01/07/2011,2017,Private,018978,01,01,Central Region,Downtown Core
NEWTON 18,"1,780,000",925.7,"1,923",21 Feb 2018,18 NEWTON ROAD #27-02,Resale,Strata,86,"20,698",-,Apartment,1,Freehold,2002,Private,307989,11,30,Central Region,Novena
CASA CAMBIO,"651,000",430.56,"1,512",21 Feb 2018,11 LIM TUA TOW ROAD #05-28,Resale,Strata,40,"16,275",-,Condominium,1,Freehold,2014,HDB,547803,19,54,North East Region,Serangoon
LA FIESTA,"1,745,000","1,420.85","1,228",21 Feb 2018,64 SENGKANG SQUARE #13-30,Resale,Strata,132,"13,220",-,Condominium,1,99 yrs from 03/09/2012,2016,Private,544702,19,54,North East Region,Sengkang
LINCOLN SUITES,"1,960,000","1,033.34","1,897",21 Feb 2018,3 KHIANG GUAN AVENUE #09-06,Resale,Strata,96,"20,417",-,Condominium,1,Freehold,2014,HDB,308381,11,30,Central Region,Novena
ONE-NORTH RESIDENCES,"1,640,000","1,108.69","1,479",21 Feb 2018,7 ONE-NORTH GATEWAY #12-09,Resale,Strata,103,"15,922",-,Apartment,1,99 yrs from 15/09/2005,2009,Private,138642,05,13,Central Region,Queenstown
ST PATRICK'S LOFT,"1,420,000","1,065.64","1,333",21 Feb 2018,43 ST. PATRICK'S ROAD #03-06,Resale,Strata,99,"14,343",-,Apartment,1,Freehold,2008,Private,424165,15,42,East Region,Bedok
BARTLEY RESIDENCES,"1,180,000",904.18,"1,305",21 Feb 2018,3 LORONG HOW SUN #12-09,Resale,Strata,84,"14,048",-,Apartment,1,99 yrs from 29/06/2011,2015,HDB,536560,19,53,North East Region,Serangoon
PARKVIEW APARTMENTS,"720,000","1,087.16",662,21 Feb 2018,5 BUKIT BATOK STREET 25 #03-12,Resale,Strata,101,"7,129",-,Apartment,1,99 yrs from 01/05/1994,1998,Private,658880,23,65,West Region,Bukit Batok
ARTRA,"1,950,000","1,227.1","1,589",21 Feb 2018,10 ALEXANDRA VIEW #22-02,New Sale,Strata,114,"17,105",-,Apartment,1,99 yrs from 15/02/2016,Uncompleted,Private,158745,03,15,Central Region,Bukit Merah
BUCKLEY CLASSIQUE,"2,850,000","1,410.08","2,021",21 Feb 2018,11 BUCKLEY ROAD #02-11,Resale,Strata,131,"21,756",-,Condominium,1,Freehold,2014,Private,309767,11,30,Central Region,Novena
INTERO,"1,770,000","1,733","1,021",21 Feb 2018,8 LEICESTER ROAD #14-02,Resale,Strata,161,"10,994",-,Apartment,1,Freehold,2008,HDB,358841,13,35,Central Region,Toa Payoh
8 BASSEIN,"820,888",452.09,"1,816",21 Feb 2018,8 BASSEIN ROAD #07-02,Resale,Strata,42,"19,545",-,Apartment,1,Freehold,2015,HDB,309838,11,30,Central Region,Novena
EASTWIND MANSIONS,"1,098,000","1,270.15",864,21 Feb 2018,102 JOO CHIAT TERRACE #04-04,Resale,Strata,118,"9,305",-,Apartment,1,Freehold,1992,Private,427256,15,42,Central Region,Geylang
MELVILLE PARK,"720,000","1,087.16",662,21 Feb 2018,16 SIMEI STREET 1 #01-05,Resale,Strata,101,"7,129",-,Condominium,1,99 yrs from 01/09/1992,1996,Private,529942,18,52,East Region,Tampines
RIVERSAILS,"1,370,000","1,420.85",964,21 Feb 2018,10 UPPER SERANGOON CRESCENT #02-28,Resale,Strata,132,"10,379",-,Condominium,1,99 yrs from 07/12/2011,2016,Private,534031,19,53,North East Region,Hougang
TANGLIN VIEW,"2,100,000","1,711.48","1,227",21 Feb 2018,152 PRINCE CHARLES CRESCENT #19-10,Resale,Strata,159,"13,208",-,Condominium,1,99 yrs from 17/05/1997,2001,Private,159013,03,15,Central Region,Bukit Merah
THE URBANITE,"930,000",656.6,"1,416",21 Feb 2018,29 HERTFORD ROAD #04-10,Resale,Strata,61,"15,246",-,Apartment,1,Freehold,2014,Private,219384,08,21,Central Region,Kallang
ESCADA VIEW,"730,000",753.48,969,21 Feb 2018,53 LENGKONG EMPAT #03-07,Resale,Strata,70,"10,429",-,Condominium,1,Freehold,1997,HDB,417657,14,41,East Region,Bedok
SHELFORD SUITES,"1,890,000","1,270.15","1,488",21 Feb 2018,16 SHELFORD ROAD #04-03,Resale,Strata,118,"16,017",-,Condominium,1,Freehold,2011,Private,288383,11,28,Central Region,Bukit Timah
THOMSON THREE,"1,670,000","1,033.34","1,616",21 Feb 2018,43 BRIGHT HILL DRIVE #19-10,Resale,Strata,96,"17,396",-,Apartment,1,99 yrs from 07/11/2012,2016,Private,573894,20,57,Central Region,Bishan
SENNETT RESIDENCE,"1,250,000",861.12,"1,452",21 Feb 2018,33 PHENG GECK AVENUE #16-09,Resale,Strata,80,"15,625",-,Condominium,1,99 yrs from 28/11/2011,2016,Private,348228,13,34,Central Region,Toa Payoh
PARKSUITES,"6,844,708","3,067.74","2,231",21 Feb 2018,28 HOLLAND GROVE ROAD #03-39,New Sale,Strata,285,"24,017",-,Apartment,1,110 yrs from 01/11/2017,Uncompleted,Private,278805,10,27,Central Region,Bukit Timah
THE LENOX,"1,200,000","1,065.64","1,126",21 Feb 2018,396 CHANGI ROAD #05-12,Resale,Strata,99,"12,121",-,Apartment,1,Freehold,2014,HDB,415899,14,41,East Region,Bedok
RIVERVALE CREST,"1,050,000","1,388.56",756,21 Feb 2018,7 RIVERVALE CRESCENT #05-17,Resale,Strata,129,"8,140",-,Apartment,1,99 yrs from 06/12/1997,2002,Private,545085,19,54,North East Region,Sengkang
HILLINGTON GREEN,"1,680,000","1,776.06",946,21 Feb 2018,53 HILLVIEW AVENUE #01-06,Resale,Strata,165,"10,182",-,Condominium,1,999 yrs from 19/05/1883,2002,Private,669566,23,66,West Region,Bukit Batok
BARTLEY RESIDENCES,"1,400,000","1,097.93","1,275",21 Feb 2018,5 LORONG HOW SUN #07-26,Resale,Strata,102,"13,725",-,Apartment,1,99 yrs from 29/06/2011,2015,HDB,536562,19,53,North East Region,Serangoon
DAHLIA PARK CONDOMINIUM,"1,098,880","1,453.14",756,21 Feb 2018,9 FLORA DRIVE #08-36,Resale,Strata,135,"8,140",-,Condominium,1,Freehold,2003,HDB,507013,17,50,East Region,Pasir Ris
PALM SPRING,"2,428,000","1,496.2","1,623",21 Feb 2018,18 EWE BOON ROAD #04-06,Resale,Strata,139,"17,468",-,Condominium,1,Freehold,1997,Private,259326,10,25,Central Region,Tanglin
ALLSWORTH PARK,"1,500,000","1,033.34","1,452",21 Feb 2018,365 HOLLAND ROAD #02-02,Resale,Strata,96,"15,625",-,Condominium,1,999 yrs from 06/07/1885,1985,HDB,278639,10,27,Central Region,Bukit Timah
ONE AMBER,"2,500,000","1,657.66","1,508",21 Feb 2018,7 AMBER GARDENS #05-19,Resale,Strata,154,"16,234",-,Condominium,1,Freehold,2010,Private,439974,15,43,Central Region,Marine Parade
KINGSFORD WATERBAY,"1,147,000",850.36,"1,349",21 Feb 2018,78 UPPER SERANGOON VIEW #08-69,New Sale,Strata,79,"14,519",-,Apartment,1,99 yrs from 03/03/2014,Uncompleted,Private,533879,19,53,North East Region,Hougang
TANJONG RIA CONDOMINIUM,"1,580,000","1,377.79","1,147",21 Feb 2018,121 TANJONG RHU ROAD #18-38,Resale,Strata,128,"12,344",-,Condominium,1,99 yrs from 31/05/1993,1997,Private,436914,15,43,Central Region,Kallang
SIGNATURE PARK,"2,075,000","1,700.71","1,220",21 Feb 2018,50 TOH TUCK ROAD #10-07,Resale,Strata,158,"13,133",-,Condominium,1,Freehold,1998,HDB,596741,21,59,Central Region,Bukit Timah
THE GARDENS AT BISHAN,"938,000",882.65,"1,063",21 Feb 2018,9 SIN MING WALK #10-07,Resale,Strata,82,"11,439",-,Condominium,1,99 yrs from 22/03/1997,2004,HDB,575578,20,57,Central Region,Bishan
ECHELON,"1,680,000","1,130.22","1,486",21 Feb 2018,9 ALEXANDRA VIEW #16-12,Resale,Strata,105,"16,000",-,Condominium,1,99 yrs from 06/03/2012,2016,HDB,158742,03,15,Central Region,Bukit Merah
THE MINTON,"1,058,800",979.52,"1,081",21 Feb 2018,8A HOUGANG STREET 11 #10-28,Resale,Strata,91,"11,635",-,Condominium,1,99 yrs from 27/07/2007,2013,Private,534081,19,53,North East Region,Hougang
LA SUISSE,"2,050,000","1,679.18","1,221",21 Feb 2018,1 SWISS VIEW #02-02,Resale,Strata,156,"13,141",-,Condominium,1,999 yrs from 10/08/1878,1993,Private,288007,11,28,Central Region,Bukit Timah
CITYLIGHTS,"1,390,000",893.41,"1,556",21 Feb 2018,88 JELLICOE ROAD #30-25,Resale,Strata,83,"16,747",-,Condominium,1,99 yrs from 05/01/2004,2007,HDB,208747,08,20,Central Region,Kallang
THE ESTA,"1,900,000","1,130.22","1,681",21 Feb 2018,33 AMBER GARDENS #03-05,Resale,Strata,105,"18,095",-,Condominium,1,Freehold,2008,Private,439968,15,43,Central Region,Marine Parade
THE CLEMENT CANOPY,"1,453,000",990.29,"1,467",21 Feb 2018,18 CLEMENTI AVENUE 1 #27-07,New Sale,Strata,92,"15,793",-,Apartment,1,99 yrs from 09/03/2016,Uncompleted,Private,129961,05,12,West Region,Clementi
KOVAN MELODY,"1,045,000",904.18,"1,156",21 Feb 2018,31 KOVAN ROAD #15-34,Resale,Strata,84,"12,440",-,Condominium,1,99 yrs from 20/01/2004,2006,HDB,545021,19,54,North East Region,Hougang
CARIBBEAN AT KEPPEL BAY,"2,250,000","1,356.26","1,659",21 Feb 2018,42 KEPPEL BAY DRIVE #07-110,Resale,Strata,126,"17,857",-,Condominium,1,99 yrs from 16/08/1999,2004,Private,098656,04,09,Central Region,Bukit Merah
CITYLIGHTS,"1,360,000",871.88,"1,560",21 Feb 2018,86 JELLICOE ROAD #30-20,Resale,Strata,81,"16,790",-,Condominium,1,99 yrs from 05/01/2004,2007,HDB,208745,08,20,Central Region,Kallang
CANBERRA RESIDENCES,"810,000",850.36,953,21 Feb 2018,525 CANBERRA DRIVE #03-62,Resale,Strata,79,"10,253",-,Condominium,1,99 yrs from 08/09/2010,2013,HDB,768136,27,76,North Region,Sembawang
PARK INFINIA AT WEE NAM,"1,180,000",559.73,"2,108",21 Feb 2018,6A LINCOLN ROAD #07-17,Resale,Strata,52,"22,692",-,Condominium,1,Freehold,2008,Private,308366,11,30,Central Region,Novena
URBAN LOFTS,"800,000",775.01,"1,032",21 Feb 2018,89 RANGOON ROAD #05-10,Resale,Strata,72,"11,111",-,Apartment,1,Freehold,2010,HDB,218375,08,21,Central Region,Kallang
ONE SHENTON,"1,802,780","1,140.98","1,580",22 Feb 2018,1 SHENTON WAY #28-05,Resale,Strata,106,"17,007",-,Apartment,1,99 yrs from 14/10/2005,2011,Private,068803,01,06,Central Region,Downtown Core
SCOTTS SQUARE,"2,900,000",947.23,"3,062",22 Feb 2018,8 SCOTTS ROAD #19-05,Resale,Strata,88,"32,955",-,Apartment,1,Freehold,2011,Private,228238,09,22,Central Region,Orchard
COSTA RHU,"1,700,000","1,334.74","1,274",22 Feb 2018,5 RHU CROSS #08-13,Resale,Strata,124,"13,710",-,Condominium,1,99 yrs from 30/05/1994,1997,Private,437434,15,43,Central Region,Kallang
BARTLEY RESIDENCES,"688,000",462.85,"1,486",22 Feb 2018,3 LORONG HOW SUN #03-12,Resale,Strata,43,"16,000",-,Apartment,1,99 yrs from 29/06/2011,2015,HDB,536560,19,53,North East Region,Serangoon
MAYSPRINGS,"805,000",904.18,890,22 Feb 2018,6 PETIR ROAD #14-14,Resale,Strata,84,"9,583",-,Apartment,1,99 yrs from 01/12/1994,1998,Private,678267,23,67,West Region,Bukit Panjang
SIMS URBAN OASIS,"1,013,600",667.37,"1,519",22 Feb 2018,2 SIMS DRIVE #03-17,New Sale,Strata,62,"16,348",-,Condominium,1,99 yrs from 29/07/2014,2017,Private,387386,14,38,Central Region,Geylang
STARVILLE,"1,850,000","2,238.91",826,22 Feb 2018,66 LENGKONG TIGA #12-15,Resale,Strata,208,"8,894",-,Condominium,1,Freehold,2006,Private,417471,14,41,East Region,Bedok
VUE 8 RESIDENCE,"1,888,000","1,700.71","1,110",22 Feb 2018,83 PASIR RIS HEIGHTS #07-02,Sub Sale,Strata,158,"11,949",-,Condominium,1,99 yrs from 10/09/2012,2017,Private,519283,18,51,East Region,Pasir Ris
GEM RESIDENCES,"1,654,000",936.47,"1,766",22 Feb 2018,1 LORONG 5 TOA PAYOH #32-07,New Sale,Strata,87,"19,011",-,Condominium,1,99 yrs from 21/09/2015,Uncompleted,HDB,319458,12,31,Central Region,Toa Payoh
THE SIXTH AVENUE RESIDENCES,"2,200,000","1,291.68","1,703",22 Feb 2018,160 SIXTH AVENUE #04-02,Resale,Strata,120,"18,333",-,Condominium,1,Freehold,2009,Private,276537,10,27,Central Region,Bukit Timah
ONE DEVONSHIRE,"3,200,000","1,410.08","2,269",22 Feb 2018,1 DEVONSHIRE ROAD #12-06,Resale,Strata,131,"24,427",-,Condominium,1,Freehold,2011,Private,239896,09,23,Central Region,River Valley
SOPHIA RESIDENCE,"3,808,000","2,938.57","1,296",22 Feb 2018,11 SOPHIA ROAD #13-26,Resale,Strata,273,"13,949",-,Condominium,1,Freehold,2014,Private,228194,09,22,Central Region,Rochor
GEM RESIDENCES,"1,968,000","1,313.21","1,499",22 Feb 2018,1 LORONG 5 TOA PAYOH #20-08,New Sale,Strata,122,"16,131",-,Condominium,1,99 yrs from 21/09/2015,2019,N.A,319458,12,31,Central Region,Toa Payoh
CARABELLE,"1,600,000","1,259.39","1,270",22 Feb 2018,57 WEST COAST WAY #08-11,Resale,Strata,117,"13,675",-,Condominium,1,956 yrs from 27/05/1928,2009,Private,127018,05,12,West Region,Clementi
SKY@ELEVEN,"3,765,000","2,271.2","1,658",22 Feb 2018,9 THOMSON LANE #39-06,Resale,Strata,211,"17,844",-,Condominium,1,Freehold,2010,Private,297726,11,29,Central Region,Toa Payoh
RIVERIA GARDENS,"1,960,000",968.76,"2,023",22 Feb 2018,8 RIVER VALLEY GROVE #16-01,Resale,Strata,90,"21,778",-,Apartment,1,Freehold,2010,Private,238406,09,23,Central Region,River Valley
AMBER SKYE,"1,286,000",527.44,"2,438",22 Feb 2018,8 AMBER ROAD #11-05,Resale,Strata,49,"26,245",-,Apartment,1,Freehold,2017,Private,439853,15,43,Central Region,Marine Parade
ARTRA,"1,938,200","1,227.1","1,580",22 Feb 2018,10 ALEXANDRA VIEW #20-02,New Sale,Strata,114,"17,002",-,Apartment,1,99 yrs from 15/02/2016,Uncompleted,HDB,158745,03,15,Central Region,Bukit Merah
THE LINCOLN MODERN,"2,200,000","1,410.08","1,560",22 Feb 2018,20 LINCOLN ROAD #09-03,Resale,Strata,131,"16,794",-,Apartment,1,Freehold,2003,Private,308353,11,30,Central Region,Novena
ONE SHENTON,"1,800,000","1,097.93","1,639",22 Feb 2018,1 SHENTON WAY #30-09,Resale,Strata,102,"17,647",-,Apartment,1,99 yrs from 14/10/2005,2011,HDB,068803,01,06,Central Region,Downtown Core
MERAWOODS,"1,290,000","1,345.5",959,22 Feb 2018,136A HILLVIEW AVENUE #06-05,Resale,Strata,125,"10,320",-,Condominium,1,999 yrs from 12/10/1885,1999,HDB,669606,23,66,West Region,Bukit Batok
HIGHLINE RESIDENCES,"1,700,000",914.94,"1,858",22 Feb 2018,9 KIM TIAN ROAD #10-13,Sub Sale,Strata,85,"20,000",-,Condominium,1,99 yrs from 22/07/2013,2018,Private,168593,03,16,Central Region,Bukit Merah
PRIMO RESIDENCES,"1,420,000","1,539.25",923,22 Feb 2018,203 JALAN PELIKAT #05-10,Resale,Strata,143,"9,930",-,Apartment,1,Freehold,2012,Private,537653,19,53,North East Region,Hougang
JLB RESIDENCES,"1,300,000","1,517.72",857,22 Feb 2018,169 JALAN LOYANG BESAR #05-09,Resale,Strata,141,"9,220",-,Apartment,1,946 yrs from 27/11/1937,2008,HDB,509422,17,50,East Region,Pasir Ris
DOMUS,"873,000",473.62,"1,843",22 Feb 2018,8 IRRAWADDY ROAD #24-02,Resale,Strata,44,"19,841",-,Apartment,1,Freehold,2012,HDB,329564,12,32,Central Region,Novena
RIVERGATE,"3,350,000","1,539.25","2,176",22 Feb 2018,99 ROBERTSON QUAY #37-11,Resale,Strata,143,"23,427",-,Apartment,1,Freehold,2009,Private,238258,09,23,Central Region,Singapore River
CASA FORTUNA,"888,000",710.42,"1,250",22 Feb 2018,38 AH HOOD ROAD #08-08,Resale,Strata,66,"13,455",-,Apartment,1,Freehold,2011,HDB,329981,12,32,Central Region,Novena
YISHUN SAPPHIRE,"875,000","1,162.51",753,22 Feb 2018,52 CANBERRA DRIVE #13-21,Resale,Strata,108,"8,102",-,Condominium,1,99 yrs from 16/02/1998,2001,Private,768439,27,76,North Region,Yishun
GEM RESIDENCES,"1,971,000","1,313.21","1,501",22 Feb 2018,1 LORONG 5 TOA PAYOH #21-08,New Sale,Strata,122,"16,156",-,Condominium,1,99 yrs from 21/09/2015,Uncompleted,Private,319458,12,31,Central Region,Toa Payoh
THE GLYNDEBOURNE,"2,130,000","1,054.87","2,019",22 Feb 2018,38 TREVOSE CRESCENT #02-17,Resale,Strata,98,"21,735",-,Condominium,1,Freehold,2013,Private,297722,11,29,Central Region,Novena
RIVERSAILS,"1,375,000","1,367.03","1,006",22 Feb 2018,6 UPPER SERANGOON CRESCENT #12-15,Resale,Strata,127,"10,827",-,Condominium,1,99 yrs from 07/12/2011,2016,Private,534033,19,53,North East Region,Hougang
BALESTIER 288,"1,170,000","1,216.33",962,22 Feb 2018,288 BALESTIER ROAD #04-02,Resale,Strata,113,"10,354",-,Apartment,1,Freehold,2004,HDB,329731,12,32,Central Region,Novena
PASADENA,"2,050,000","2,809.4",730,22 Feb 2018,2A DERBYSHIRE ROAD #19-02,Resale,Strata,261,"7,854",-,Apartment,1,Freehold,2002,Private,309470,11,30,Central Region,Novena
ONE EIGHTIES RESIDENCES,"1,432,000","1,022.58","1,400",22 Feb 2018,188 JOO CHIAT TERRACE #05-11,Resale,Strata,95,"15,074",-,Apartment,1,Freehold,2015,Private,427334,15,42,Central Region,Geylang
UE SQUARE,"1,830,000","1,054.87","1,735",22 Feb 2018,207 RIVER VALLEY ROAD #07-54,Resale,Strata,98,"18,673",-,Apartment,1,929 yrs from 01/01/1953,1997,Private,238275,09,23,Central Region,Singapore River
SIGNATURE PARK,"1,128,888","1,022.58","1,104",22 Feb 2018,46A TOH TUCK ROAD #02-06,Resale,Strata,95,"11,883",-,Condominium,1,Freehold,1998,Private,596738,21,59,Central Region,Bukit Timah
CALARASI,"1,198,000","1,151.75","1,040",22 Feb 2018,31 KIM KEAT LANE #02-01,Resale,Strata,107,"11,196",-,Apartment,1,Freehold,2004,HDB,328882,12,32,Central Region,Novena
MADISON RESIDENCES,"3,000,000","1,463.9","2,049",22 Feb 2018,355 BUKIT TIMAH ROAD #10-02,Resale,Strata,136,"22,059",-,Condominium,1,Freehold,2012,Private,259724,10,25,Central Region,Tanglin
CRAIG PLACE,"1,025,000",570.49,"1,797",22 Feb 2018,20 CRAIG ROAD #07-06,Resale,Strata,53,"19,340",-,Apartment,1,99 yrs from 22/05/1997,2000,HDB,089692,02,08,Central Region,Outram
WATERFALL GARDENS,"2,680,000","1,829.88","1,465",22 Feb 2018,8 FARRER ROAD #02-03,Resale,Strata,170,"15,765",-,Condominium,1,Freehold,2010,Private,268820,10,26,Central Region,Tanglin
PARC BOTANNIA,"835,000",667.37,"1,251",22 Feb 2018,12 FERNVALE STREET #04-13,New Sale,Strata,62,"13,468",-,Condominium,1,99 yrs from 28/12/2016,Uncompleted,N.A,797391,28,79,North East Region,Sengkang
CYAN,"2,230,000","1,022.58","2,181",22 Feb 2018,8 KENG CHIN ROAD #19-09,Resale,Strata,95,"23,474",-,Condominium,1,Freehold,2014,Private,258710,10,25,Central Region,Tanglin
TANJONG RIA CONDOMINIUM,"1,380,000","1,205.57","1,145",22 Feb 2018,121 TANJONG RHU ROAD #12-37,Resale,Strata,112,"12,321",-,Condominium,1,99 yrs from 31/05/1993,1997,HDB,436914,15,43,Central Region,Kallang
THE REGENCY AT TIONG BAHRU,"2,475,000","1,636.13","1,513",22 Feb 2018,38 CHAY YAN STREET #13-06,Resale,Strata,152,"16,283",-,Condominium,1,Freehold,2010,Private,169907,03,16,Central Region,Bukit Merah
STARVILLE,"1,730,000","2,163.56",800,22 Feb 2018,66 LENGKONG TIGA #12-16,Resale,Strata,201,"8,607",-,Condominium,1,Freehold,2006,HDB,417471,14,41,East Region,Bedok
ISLAND VIEW,"4,200,000","3,541.36","1,186",22 Feb 2018,"38B JALAN MAT JAMBOL #02-02,20",Resale,Strata,329,"12,766",-,Condominium,2,Freehold,-,Private,119520,05,11,Central Region,Queenstown
THE ESTUARY,"920,000",914.94,"1,006",22 Feb 2018,87 YISHUN AVENUE 1 #08-02,Resale,Strata,85,"10,824",-,Condominium,1,99 yrs from 25/06/2008,2013,HDB,769133,27,76,North Region,Yishun
SOPHIA HILLS,"1,380,000",559.73,"2,465",22 Feb 2018,5 MOUNT SOPHIA #01-10,New Sale,Strata,52,"26,538",-,Condominium,1,99 yrs from 10/12/2013,2018,HDB,228453,09,22,Central Region,Rochor
THE SERENADE @ HOLLAND,"2,200,000","1,786.82","1,231",22 Feb 2018,371 HOLLAND ROAD #12-01,Resale,Strata,166,"13,253",-,Condominium,1,99 yrs from 05/06/2001,2004,Private,278698,10,27,Central Region,Bukit Timah
THE CLEARWATER,"1,230,000","1,367.03",900,22 Feb 2018,10 BEDOK RESERVOIR VIEW #13-31,Resale,Strata,127,"9,685",-,Condominium,1,99 yrs from 18/07/1997,2001,Private,479236,16,47,East Region,Bedok
THE SIXTH AVENUE RESIDENCES,"2,358,000","1,582.31","1,490",22 Feb 2018,172 SIXTH AVENUE #01-36,Resale,Strata,147,"16,041",-,Condominium,1,Freehold,2009,HDB,276545,10,27,Central Region,Bukit Timah
ASCENTIA SKY,"3,000,000","1,969.81","1,523",22 Feb 2018,3 ALEXANDRA VIEW #41-12,Resale,Strata,183,"16,393",-,Condominium,1,99 yrs from 26/03/2008,2013,Private,158749,03,15,Central Region,Bukit Merah
ADRIA,"1,280,000",656.6,"1,949",22 Feb 2018,12 DERBYSHIRE ROAD #05-02,Resale,Strata,61,"20,984",-,Apartment,1,Freehold,2013,Private,309466,11,30,Central Region,Novena
BEAUFORT ON NASSIM,"4,900,000","2,002.1","2,447",22 Feb 2018,12 NASSIM ROAD #02-05,Resale,Strata,186,"26,344",-,Condominium,1,Freehold,2008,Private,258380,10,25,Central Region,Tanglin
COSTA RHU,"1,250,000","1,011.82","1,235",22 Feb 2018,5 RHU CROSS #12-08,Resale,Strata,94,"13,298",-,Condominium,1,99 yrs from 30/05/1994,1997,Private,437434,15,43,Central Region,Kallang
PARKSUITES,"1,349,809",592.02,"2,215",22 Feb 2018,26 HOLLAND GROVE ROAD #03-38,New Sale,Strata,55,"23,840","1,311,217",Apartment,1,110 yrs from 01/11/2017,Uncompleted,N.A,278804,10,27,Central Region,Bukit Timah
SKY VUE,"1,050,000",678.13,"1,548",22 Feb 2018,1 BISHAN STREET 15 #05-09,Resale,Strata,63,"16,667",-,Condominium,1,99 yrs from 04/03/2013,2016,Private,573910,20,57,Central Region,Bishan
THE BAYSHORE,"970,000","1,011.82",959,22 Feb 2018,22 BAYSHORE ROAD #27-02,Resale,Strata,94,"10,319",-,Condominium,1,99 yrs from 31/05/1993,1996,Private,469970,16,46,East Region,Bedok
RIPPLE BAY,"805,000",775.01,"1,039",22 Feb 2018,10 PASIR RIS LINK #12-42,Resale,Strata,72,"11,181",-,Condominium,1,99 yrs from 10/08/2011,2015,HDB,518163,18,51,East Region,Pasir Ris
BARTLEY RESIDENCES,"1,350,000","1,065.64","1,267",22 Feb 2018,7 LORONG HOW SUN #12-36,Resale,Strata,99,"13,636",-,Apartment,1,99 yrs from 29/06/2011,2015,HDB,536564,19,53,North East Region,Serangoon
YISHUN EMERALD,"960,000","1,399.32",686,22 Feb 2018,24 CANBERRA DRIVE #04-10,Resale,Strata,130,"7,385",-,Condominium,1,99 yrs from 16/02/1998,2002,Private,768427,27,76,North Region,Yishun
ONE SHENTON,"2,000,000",904.18,"2,212",22 Feb 2018,1 SHENTON WAY #38-06,Resale,Strata,84,"23,810",-,Apartment,1,99 yrs from 14/10/2005,2011,Private,068803,01,06,Central Region,Downtown Core
REGAL COURT,"1,000,000",958,"1,044",22 Feb 2018,17 KIM KEAT ROAD #02-05,Resale,Strata,89,"11,236",-,Apartment,1,Freehold,1997,HDB,328837,12,32,Central Region,Novena
HEDGES PARK CONDOMINIUM,"875,000","1,001.05",874,22 Feb 2018,87 FLORA DRIVE #05-58,Resale,Strata,93,"9,409",-,Condominium,1,99 yrs from 28/07/2010,2015,Private,506889,17,50,East Region,Pasir Ris
8 @ MOUNT SOPHIA,"1,538,000","1,033.34","1,488",22 Feb 2018,10 MOUNT SOPHIA #02-36,Resale,Strata,96,"16,021",-,Condominium,1,103 yrs from 28/11/2002,2007,Private,228459,09,22,Central Region,Rochor
CONCOURSE SKYLINE,"1,588,000",807.3,"1,967",22 Feb 2018,296 BEACH ROAD #29-01,Resale,Strata,75,"21,173",-,Apartment,1,99 yrs from 13/03/2008,2014,HDB,199599,07,19,Central Region,Kallang
THE INTERLACE,"2,800,000","3,379.9",828,22 Feb 2018,214 DEPOT ROAD #02-67,Resale,Strata,314,"8,917",-,Condominium,1,99 yrs from 11/02/2009,2013,Private,109701,04,10,Central Region,Bukit Merah
NOVENA SUITES,"1,708,000",947.23,"1,803",22 Feb 2018,200 MOULMEIN ROAD #10-08,Resale,Strata,88,"19,409",-,Apartment,1,Freehold,2004,Private,308107,11,30,Central Region,Novena
THE VINES,"1,280,000","1,173.28","1,091",22 Feb 2018,12 LORONG SARINA #03-02,Resale,Strata,109,"11,743",-,Apartment,1,Freehold,2003,Private,416736,14,41,East Region,Bedok
PARC CENTENNIAL,"1,628,000","1,097.93","1,483",22 Feb 2018,100 KAMPONG JAVA ROAD #04-02,Resale,Strata,102,"15,961",-,Apartment,1,Freehold,2011,Private,228867,09,22,Central Region,Novena
ECO SANCTUARY,"968,000",958,"1,010",22 Feb 2018,63 CHESTNUT AVENUE #01-11,Resale,Strata,89,"10,876",-,Condominium,1,99 yrs from 25/04/2012,2016,HDB,679523,23,67,West Region,Bukit Panjang
THE CREST,"3,267,000","1,700.71","1,921",22 Feb 2018,113 PRINCE CHARLES CRESCENT #04-34,Resale,Strata,158,"20,677",-,Condominium,1,99 yrs from 21/12/2012,2017,HDB,159023,03,15,Central Region,Bukit Merah
RIVERSAILS,"660,000",516.67,"1,277",22 Feb 2018,2 UPPER SERANGOON CRESCENT #10-01,Resale,Strata,48,"13,750",-,Condominium,1,99 yrs from 07/12/2011,2016,HDB,534035,19,53,North East Region,Hougang
ASCENTIA SKY,"1,875,000","1,474.67","1,271",23 Feb 2018,3 ALEXANDRA VIEW #15-11,Resale,Strata,137,"13,686",-,Condominium,1,99 yrs from 26/03/2008,2013,Private,158749,03,15,Central Region,Bukit Merah
ESPADA,"1,538,000",688.9,"2,233",23 Feb 2018,48 ST. THOMAS WALK #20-08,Resale,Strata,64,"24,031",-,Apartment,1,Freehold,2013,HDB,238126,09,23,Central Region,River Valley
LA DOLCE VITA,"1,868,000","2,303.5",811,23 Feb 2018,345 UPPER PAYA LEBAR ROAD #05-05,Resale,Strata,214,"8,729",-,Apartment,1,Freehold,2012,Private,534955,19,53,North East Region,Serangoon
HARBOUR VIEW TOWERS,"1,080,000",796.54,"1,356",23 Feb 2018,21 TELOK BLANGAH DRIVE #22-02,Resale,Strata,74,"14,595",-,Condominium,1,99 yrs from 01/06/1990,1994,Private,109258,04,10,Central Region,Bukit Merah
THE LENOX,"610,000",430.56,"1,417",23 Feb 2018,398 CHANGI ROAD #03-02,Resale,Strata,40,"15,250",-,Apartment,1,Freehold,2014,HDB,419845,14,41,East Region,Bedok
DUNMAN PLACE,"1,675,000","1,291.68","1,297",23 Feb 2018,515 DUNMAN ROAD #15-04,Resale,Strata,120,"13,958",-,Apartment,1,Freehold,2001,Private,439204,15,43,Central Region,Geylang
WATERTOWN,"732,000",527.44,"1,388",23 Feb 2018,69 PUNGGOL CENTRAL #07-19,Sub Sale,Strata,49,"14,939",-,Apartment,1,99 yrs from 18/05/2011,2017,Private,828754,19,82,North East Region,Punggol
VA RESIDENCES,"930,000",624.31,"1,490",23 Feb 2018,9 BOON TECK ROAD #11-02,New Sale,Strata,58,"16,034",-,Apartment,1,Freehold,2016,HDB,329583,12,32,Central Region,Novena
PARC PALAIS,"1,030,000","1,076.4",957,23 Feb 2018,53 HUME AVENUE #01-08,Resale,Strata,100,"10,300",-,Condominium,1,Freehold,1999,Private,598751,21,59,West Region,Bukit Batok
ARCHIPELAGO,"2,480,000","3,078.5",806,23 Feb 2018,529 BEDOK RESERVOIR ROAD #05-101,Resale,Strata,286,"8,671",-,Condominium,1,99 yrs from 01/06/2011,2015,Private,479281,16,47,East Region,Bedok
THE OCEANFRONT @ SENTOSA COVE,"3,100,000","1,711.48","1,811",23 Feb 2018,295 OCEAN DRIVE #09-20,Resale,Strata,159,"19,497",-,Condominium,1,99 yrs from 10/08/2005,2010,Private,098534,04,09,Central Region,Southern Islands
THE ESTUARY,"680,000",602.78,"1,128",23 Feb 2018,87 YISHUN AVENUE 1 #12-03,Resale,Strata,56,"12,143",-,Condominium,1,99 yrs from 25/06/2008,2013,HDB,769133,27,76,North Region,Yishun
SYMPHONY HEIGHTS,"1,350,000","1,216.33","1,110",23 Feb 2018,33 HUME AVENUE #08-09,Resale,Strata,113,"11,947",-,Condominium,1,Freehold,1998,Private,598734,21,59,West Region,Bukit Batok
NESS,"525,333",387.5,"1,356",23 Feb 2018,38 LORONG 32 GEYLANG #06-01,Resale,Strata,36,"14,593",-,Apartment,1,Freehold,2015,HDB,398298,14,39,Central Region,Geylang
THE TESSARINA,"1,500,000",990.29,"1,515",23 Feb 2018,30 WILBY ROAD #04-47,Resale,Strata,92,"16,304",-,Condominium,1,Freehold,2003,Private,276310,10,27,Central Region,Bukit Timah
ASTON MANSIONS,"960,000","1,194.8",803,23 Feb 2018,7 LORONG 42 GEYLANG #02-08,Resale,Strata,111,"8,649",-,Apartment,1,99 yrs from 13/02/1995,1998,HDB,398028,14,39,Central Region,Geylang
BIJOU,"1,131,867",570.49,"1,974",23 Feb 2018,2 JALAN MAT JAMBOL #04-09,New Sale,Strata,53,"21,244","1,125,915",Apartment,1,Freehold,Uncompleted,HDB,119554,05,11,Central Region,Queenstown
PALM GARDENS,"846,000","1,205.57",702,23 Feb 2018,2C HONG SAN WALK #15-11,Resale,Strata,112,"7,554",-,Condominium,1,99 yrs from 12/08/1996,2000,HDB,689049,23,68,West Region,Choa Chu Kang
NEEM TREE,"838,900",452.09,"1,856",23 Feb 2018,30 JALAN KEMAMAN #08-03,New Sale,Strata,42,"19,974",-,Apartment,1,Freehold,Uncompleted,HDB,329341,12,32,Central Region,Novena
THE CLIFT,"1,065,000",505.91,"2,105",23 Feb 2018,21 MCCALLUM STREET #17-06,Resale,Strata,47,"22,660",-,Apartment,1,99 yrs from 28/04/2004,2011,Private,069047,01,06,Central Region,Downtown Core
APLETON VIEW,"1,735,000","1,054.87","1,645",23 Feb 2018,71 SINARAN DRIVE #02-02,Resale,Strata,98,"17,704",-,Apartment,1,Freehold,2003,Private,308323,11,30,Central Region,Novena
SEASONS VIEW,"1,300,000","1,140.98","1,139",23 Feb 2018,7 PEMIMPIN DRIVE #05-02,Resale,Strata,106,"12,264",-,Condominium,1,99 yrs from 06/09/1996,2000,Private,576150,20,57,Central Region,Bishan
WOODSVILLE 28,"1,760,000","1,399.32","1,258",23 Feb 2018,26 WOODSVILLE CLOSE #03-02,Resale,Strata,130,"13,538",-,Apartment,1,99 yrs from 15/10/2007,2011,Private,357774,13,35,Central Region,Toa Payoh
THE GARDENS AT BISHAN,"950,000",882.65,"1,076",23 Feb 2018,1 SIN MING WALK #05-37,Resale,Strata,82,"11,585",-,Condominium,1,99 yrs from 22/03/1997,2004,HDB,575574,20,57,Central Region,Bishan
SOPHIA HILLS,"1,365,000",613.55,"2,225",23 Feb 2018,5 MOUNT SOPHIA #04-05,New Sale,Strata,57,"23,947",-,Condominium,1,99 yrs from 10/12/2013,Uncompleted,HDB,228453,09,22,Central Region,Rochor
THE ROCHESTER RESIDENCES,"2,320,000","1,700.71","1,364",23 Feb 2018,33 ROCHESTER DRIVE #25-09,Resale,Strata,158,"14,684",-,Apartment,1,99 yrs from 02/02/2005,2011,Private,138638,05,13,Central Region,Queenstown
CASSIA VIEW,"1,230,000","1,151.75","1,068",23 Feb 2018,320 GUILLEMARD ROAD #03-01,Resale,Strata,107,"11,495",-,Apartment,1,Freehold,1998,HDB,399746,14,39,Central Region,Geylang
RIVEREDGE,"1,738,000","1,334.74","1,302",23 Feb 2018,21 SAMPAN PLACE #07-01,Resale,Strata,124,"14,016",-,Condominium,1,99 yrs from 26/02/2004,2008,Private,436593,15,43,Central Region,Kallang
THE MINTON,"1,050,000","1,108.69",947,23 Feb 2018,12 HOUGANG STREET 11 #10-56,Resale,Strata,103,"10,194",-,Condominium,1,99 yrs from 27/07/2007,2013,Private,534075,19,53,North East Region,Hougang
SANCTUARY GREEN,"1,580,000","1,356.26","1,165",23 Feb 2018,181 TANJONG RHU ROAD #14-17,Resale,Strata,126,"12,540",-,Condominium,1,99 yrs from 17/03/1997,2004,Private,436922,15,43,Central Region,Kallang
THE CASCADIA,"1,035,000",570.49,"1,814",23 Feb 2018,931 BUKIT TIMAH ROAD #10-25,Resale,Strata,53,"19,528",-,Condominium,1,Freehold,2010,Private,589643,21,58,Central Region,Bukit Timah
VIZ AT HOLLAND,"1,840,000","1,259.39","1,461",23 Feb 2018,221 QUEENSWAY #07-05,Resale,Strata,117,"15,726",-,Condominium,1,Freehold,2008,Private,276750,10,27,Central Region,Bukit Timah
CASSIA VIEW,"1,300,000","1,151.75","1,129",23 Feb 2018,320 GUILLEMARD ROAD #07-02,Resale,Strata,107,"12,150",-,Apartment,1,Freehold,1998,Private,399746,14,39,Central Region,Geylang
PARC PALAIS,"950,000",958,992,23 Feb 2018,53 HUME AVENUE #05-08,Resale,Strata,89,"10,674",-,Condominium,1,Freehold,1999,Private,598751,21,59,West Region,Bukit Batok
SKYSUITES@ANSON,"2,600,000","1,140.98","2,279",23 Feb 2018,8 ENGGOR STREET #71-06,Resale,Strata,106,"24,528",-,Apartment,1,99 yrs from 18/02/2008,2014,HDB,079718,02,07,Central Region,Downtown Core
QUESTA @ DUNMAN,"1,173,000",785.77,"1,493",23 Feb 2018,543 DUNMAN ROAD #14-09,Resale,Strata,73,"16,068",-,Apartment,1,Freehold,2013,HDB,439219,15,43,Central Region,Geylang
THE CLEMENT CANOPY,"1,653,800","1,108.69","1,492",23 Feb 2018,18 CLEMENTI AVENUE 1 #35-11,New Sale,Strata,103,"16,056",-,Apartment,1,99 yrs from 09/03/2016,Uncompleted,N.A,129961,05,12,West Region,Clementi
THE VIRIDIAN,"1,100,000",882.65,"1,246",23 Feb 2018,6 JALAN AMPAS #18-07,Resale,Strata,82,"13,415",-,Apartment,1,Freehold,2015,HDB,329507,12,32,Central Region,Novena
D'LEEDON,"1,400,000",871.88,"1,606",23 Feb 2018,13 LEEDON HEIGHTS #05-44,Resale,Strata,81,"17,284",-,Condominium,1,99 yrs from 08/04/2010,2014,Private,266224,10,26,Central Region,Bukit Timah
MERA SPRINGS,"1,880,000","1,291.68","1,455",23 Feb 2018,83 CARLISLE ROAD #12-07,Resale,Strata,120,"15,667",-,Condominium,1,Freehold,2008,Private,219648,08,21,Central Region,Kallang
ICON,"1,000,000",559.73,"1,787",23 Feb 2018,10 GOPENG STREET #07-11,Resale,Strata,52,"19,231",-,Apartment,1,99 yrs from 29/01/2002,2007,HDB,078878,02,07,Central Region,Downtown Core
SPRINGDALE CONDOMINIUM,"1,250,000","1,130.22","1,106",23 Feb 2018,47 HINDHEDE WALK #09-03,Resale,Strata,105,"11,905",-,Condominium,1,999 yrs from 21/06/1877,1998,Private,587977,21,58,West Region,Bukit Panjang
REFLECTIONS AT KEPPEL BAY,"2,738,890","1,733","1,580",23 Feb 2018,1 KEPPEL BAY VIEW #04-07,Resale,Strata,161,"17,012",-,Condominium,1,99 yrs from 15/03/2006,2011,HDB,098402,04,09,Central Region,Bukit Merah
8@WOODLEIGH,"1,150,000",861.12,"1,335",23 Feb 2018,6 WOODLEIGH CLOSE #14-12,Resale,Strata,80,"14,375",-,Condominium,1,99 yrs from 22/09/2008,2012,HDB,357902,13,35,Central Region,Toa Payoh
ARTRA,"2,432,100","1,410.08","1,725",23 Feb 2018,10 ALEXANDRA VIEW #36-01,New Sale,Strata,131,"18,566",-,Apartment,1,99 yrs from 15/02/2016,Uncompleted,HDB,158745,03,15,Central Region,Bukit Merah
HOLLAND RESIDENCES,"1,220,000",602.78,"2,024",23 Feb 2018,3 TAMAN WARNA #02-05,Resale,Strata,56,"21,786",-,Condominium,1,Freehold,2012,Private,276340,10,27,Central Region,Bukit Timah
THE SUNNY SPRING,"1,065,000","1,065.64",999,23 Feb 2018,50 LORONG 40 GEYLANG #04-02,Resale,Strata,99,"10,758",-,Apartment,1,Freehold,1998,HDB,398074,14,39,Central Region,Geylang
HILLVIEW PARK,"1,400,000","1,431.61",978,23 Feb 2018,19A HILLVIEW AVENUE #08-06,Resale,Strata,133,"10,526",-,Condominium,1,Freehold,1995,Private,669554,23,66,West Region,Bukit Batok
D'LEEDON,"1,800,000","1,216.33","1,480",23 Feb 2018,7 LEEDON HEIGHTS #23-19,Resale,Strata,113,"15,929",-,Condominium,1,99 yrs from 08/04/2010,2014,Private,267953,10,26,Central Region,Bukit Timah
FLAMINGO VALLEY,"1,340,000",958,"1,399",23 Feb 2018,476 SIGLAP ROAD #04-56,Resale,Strata,89,"15,056",-,Condominium,1,Freehold,2014,Private,454946,15,45,East Region,Bedok
KINGSFORD WATERBAY,"1,215,000",893.41,"1,360",23 Feb 2018,74 UPPER SERANGOON VIEW #14-52,New Sale,Strata,83,"14,639",-,Apartment,1,99 yrs from 03/03/2014,Uncompleted,HDB,533881,19,53,North East Region,Hougang
FENARA COURT,"908,000","1,001.05",907,23 Feb 2018,3 JALAN WAKAFF #03-01,Resale,Strata,93,"9,763",-,Apartment,1,Freehold,1996,Private,428233,15,42,East Region,Bedok
HEDGES PARK CONDOMINIUM,"745,000",764.24,975,23 Feb 2018,73 FLORA DRIVE #03-12,Resale,Strata,71,"10,493",-,Condominium,1,99 yrs from 28/07/2010,2015,HDB,506882,17,50,East Region,Pasir Ris
SUMMER VIEW,"940,000","1,496.2",628,23 Feb 2018,5 LORONG 12 GEYLANG #08-01,Resale,Strata,139,"6,763",-,Apartment,1,Freehold,1998,Private,398986,14,39,Central Region,Geylang
TANGLIN VIEW,"1,420,000","1,140.98","1,245",23 Feb 2018,150 PRINCE CHARLES CRESCENT #04-01,Resale,Strata,106,"13,396",-,Condominium,1,99 yrs from 17/05/1997,2001,Private,159012,03,15,Central Region,Bukit Merah
SPRING GROVE,"2,500,000","1,722.24","1,452",23 Feb 2018,53A GRANGE ROAD #03-02,Resale,Strata,160,"15,625",-,Condominium,1,99 yrs from 01/12/1991,1996,Private,249566,10,24,Central Region,Tanglin
GRANDEUR PARK RESIDENCES,"1,118,112",667.37,"1,675",23 Feb 2018,9 BEDOK SOUTH AVENUE 3 #07-39,New Sale,Strata,62,"18,034",-,Condominium,1,99 yrs from 25/05/2016,Uncompleted,Private,465465,16,46,East Region,Bedok
ONE LEICESTER,"1,290,000","1,065.64","1,211",23 Feb 2018,1 LEICESTER ROAD #06-03,Resale,Strata,99,"13,030",-,Condominium,1,Freehold,2008,HDB,358828,13,35,Central Region,Toa Payoh
JERVOIS LODGE,"2,550,000","1,926.76","1,323",23 Feb 2018,32 JERVOIS ROAD #01-08,Resale,Strata,179,"14,246",-,Condominium,1,Freehold,1997,Private,249015,10,24,Central Region,Tanglin
THE LAKESHORE,"1,305,000","1,173.28","1,112",23 Feb 2018,31 JURONG WEST STREET 41 #15-18,Resale,Strata,109,"11,972",-,Condominium,1,99 yrs from 22/11/2002,2008,Private,649412,22,64,West Region,Jurong West
ONE FORT,"1,850,000","1,227.1","1,508",23 Feb 2018,1 FORT ROAD #13-02,Resale,Strata,114,"16,228",-,Condominium,1,Freehold,2005,Private,439069,15,43,Central Region,Kallang
VARSITY PARK CONDOMINIUM,"1,367,777","1,291.68","1,059",23 Feb 2018,22 WEST COAST ROAD #02-04,Resale,Strata,120,"11,398",-,Condominium,1,99 yrs from 03/05/2004,2008,Private,127446,05,12,West Region,Clementi
KATONG REGENCY,"1,860,000","1,184.04","1,571",23 Feb 2018,15 TANJONG KATONG ROAD #07-13,Resale,Strata,110,"16,909",-,Apartment,1,Freehold,2015,Private,436950,15,43,Central Region,Geylang
BLISS@KOVAN,"1,950,000","2,357.32",827,23 Feb 2018,6B SIMON LANE #05-27,Resale,Strata,219,"8,904",-,Condominium,1,Freehold,2015,Private,546057,19,54,North East Region,Hougang
THE INTERLACE,"3,200,000","4,596.23",696,23 Feb 2018,200 DEPOT ROAD #18-39,Resale,Strata,427,"7,494",-,Condominium,1,99 yrs from 11/02/2009,2013,Private,109694,04,10,Central Region,Bukit Merah
RIVERSOUND RESIDENCE,"1,200,000","1,571.54",764,23 Feb 2018,1 SENGKANG EAST AVENUE #01-02,Resale,Strata,146,"8,219",-,Condominium,1,99 yrs from 26/08/2011,2015,Private,544811,19,54,North East Region,Sengkang
368 THOMSON,"1,340,000",871.88,"1,537",23 Feb 2018,368 THOMSON ROAD #14-02,Resale,Strata,81,"16,543",-,Condominium,1,Freehold,2014,HDB,298127,11,29,Central Region,Novena
THE SPRINGBLOOM,"1,398,000","1,302.44","1,073",23 Feb 2018,139 SERANGOON AVENUE 3 #10-07,Resale,Strata,121,"11,554",-,Condominium,1,99 yrs from 01/03/1995,1999,Private,556119,19,55,North East Region,Serangoon
CLOVER BY THE PARK,"2,118,000","1,765.3","1,200",23 Feb 2018,2 BISHAN STREET 25 #24-01,Resale,Strata,164,"12,915",-,Condominium,1,99 yrs from 10/09/2007,2011,Private,573973,20,57,Central Region,Bishan
INTERNATIONAL PLAZA,"1,500,000","1,496.2","1,003",23 Feb 2018,10 ANSON ROAD #45-06,Resale,Strata,139,"10,791",-,Apartment,1,99 yrs from 02/06/1970,1976,Private,079903,02,07,Central Region,Downtown Core
SHERWOOD TOWER,"1,100,000","1,829.88",601,23 Feb 2018,1 JALAN ANAK BUKIT #06-09,Resale,Strata,170,"6,471",-,Apartment,1,99 yrs from 30/08/1976,1980,HDB,588996,21,58,Central Region,Bukit Timah
SUNNYVALE RESIDENCES,"1,826,000","1,119.46","1,631",23 Feb 2018,132 LORONG K TELOK KURAU #02-04,Resale,Strata,104,"17,558",-,Apartment,1,Freehold,2017,HDB,425790,15,42,East Region,Bedok
THE SHORE RESIDENCES,"938,000",592.02,"1,584",23 Feb 2018,81 AMBER ROAD #06-06,Resale,Strata,55,"17,055",-,Condominium,1,103 yrs from 18/08/2009,2014,Private,439893,15,43,Central Region,Marine Parade
QUEENS PEAK,"1,877,000","1,054.87","1,779",23 Feb 2018,1 DUNDEE ROAD #36-13,New Sale,Strata,98,"19,153",-,Condominium,1,99 yrs from 28/09/2015,Uncompleted,Private,149456,03,14,Central Region,Queenstown
CASA AERATA,"570,888",441.32,"1,294",23 Feb 2018,9 LORONG 26 GEYLANG #05-09,Resale,Strata,41,"13,924",-,Apartment,1,Freehold,2012,HDB,398484,14,39,Central Region,Geylang
CAVENAGH COURT,"2,600,000","1,819.12","1,429",23 Feb 2018,151 CAVENAGH ROAD #06-153,Resale,Strata,169,"15,385",-,Apartment,1,Freehold,-,Private,229628,09,22,Central Region,Newton
GEM RESIDENCES,"2,034,000","1,248.62","1,629",23 Feb 2018,3 LORONG 5 TOA PAYOH #37-15,New Sale,Strata,116,"17,534",-,Condominium,1,99 yrs from 21/09/2015,Uncompleted,Private,319459,12,31,Central Region,Toa Payoh
REGENT HEIGHTS,"815,000","1,173.28",695,23 Feb 2018,52 BUKIT BATOK EAST AVENUE 5 #06-07,Resale,Strata,109,"7,477",-,Condominium,1,99 yrs from 07/11/1995,1999,HDB,659802,23,65,West Region,Bukit Batok
QUEENS PEAK,"1,603,000",850.36,"1,885",23 Feb 2018,3 DUNDEE ROAD #39-17,New Sale,Strata,79,"20,291",-,Condominium,1,99 yrs from 28/09/2015,Uncompleted,Private,149457,03,14,Central Region,Queenstown
COSTA DEL SOL,"1,450,000","1,227.1","1,182",23 Feb 2018,80 BAYSHORE ROAD #06-27,Resale,Strata,114,"12,719",-,Condominium,1,99 yrs from 05/05/1997,2003,Private,469992,16,46,East Region,Bedok
PARKSUITES,"1,791,560",785.77,"2,208",24 Feb 2018,26 HOLLAND GROVE ROAD #03-32,New Sale,Strata,73,"23,771","1,735,298",Apartment,1,110 yrs from 01/11/2017,Uncompleted,Private,278804,10,27,Central Region,Bukit Timah
MARTIN MODERN,"2,249,420",871.88,"2,580",24 Feb 2018,8 MARTIN PLACE #18-04,New Sale,Strata,81,"27,771",-,Condominium,1,99 yrs from 28/09/2016,Uncompleted,Private,237992,09,23,Central Region,River Valley
THE CLEMENT CANOPY,"1,118,000",656.6,"1,703",24 Feb 2018,18 CLEMENTI AVENUE 1 #34-09,New Sale,Strata,61,"18,328",-,Apartment,1,99 yrs from 09/03/2016,Uncompleted,HDB,129961,05,12,West Region,Clementi
KALLANG RIVERSIDE,"2,519,393","1,140.98","2,208",24 Feb 2018,51 KAMPONG BUGIS #17-03,New Sale,Strata,106,"23,768",-,Apartment,1,Freehold,Uncompleted,HDB,338986,12,33,Central Region,Kallang
MARINA ONE RESIDENCES,"5,398,000","2,249.68","2,399",24 Feb 2018,21 MARINA WAY #06-08,New Sale,Strata,209,"25,828",-,Apartment,1,99 yrs from 01/07/2011,2017,Private,018978,01,01,Central Region,Downtown Core
SYMPHONY SUITES,"1,123,000","1,022.58","1,098",24 Feb 2018,17 YISHUN CLOSE #01-35,New Sale,Strata,95,"11,821",-,Condominium,1,99 yrs from 10/06/2014,Uncompleted,Private,768012,27,76,North Region,Yishun
ARTRA,"1,620,400",828.83,"1,955",24 Feb 2018,10 ALEXANDRA VIEW #33-07,New Sale,Strata,77,"21,044",-,Apartment,1,99 yrs from 15/02/2016,Uncompleted,Private,158745,03,15,Central Region,Bukit Merah
GRANDEUR PARK RESIDENCES,"1,278,112",893.41,"1,431",24 Feb 2018,3 BEDOK SOUTH AVENUE 3 #07-21,New Sale,Strata,83,"15,399",-,Condominium,1,99 yrs from 25/05/2016,Uncompleted,HDB,465462,16,46,East Region,Bedok
V ON SHENTON,"2,889,600","1,216.33","2,376",24 Feb 2018,5A SHENTON WAY #50-21,New Sale,Strata,113,"25,572",-,Apartment,1,99 yrs from 29/11/2011,2017,Private,068814,01,06,Central Region,Downtown Core
SEASIDE RESIDENCES,"1,073,000",592.02,"1,812",25 Feb 2018,18 SIGLAP LINK #15-30,New Sale,Strata,55,"19,509",-,Apartment,1,99 yrs from 18/04/2016,Uncompleted,HDB,448873,15,44,East Region,Bedok
SEASIDE RESIDENCES,"1,080,000",592.02,"1,824",25 Feb 2018,18 SIGLAP LINK #16-30,New Sale,Strata,55,"19,636",-,Apartment,1,99 yrs from 18/04/2016,Uncompleted,HDB,448873,15,44,East Region,Bedok
GRANDEUR PARK RESIDENCES,"1,286,112",893.41,"1,440",25 Feb 2018,3 BEDOK SOUTH AVENUE 3 #08-21,New Sale,Strata,83,"15,495",-,Condominium,1,99 yrs from 25/05/2016,Uncompleted,N.A,465462,16,46,East Region,Bedok
FOREST WOODS,"1,432,000",947.23,"1,512",25 Feb 2018,15 LORONG LEW LIAN #06-29,New Sale,Strata,88,"16,273",-,Condominium,1,99 yrs from 05/02/2016,Uncompleted,N.A,533853,19,53,North East Region,Serangoon
PARC BOTANNIA,"807,000",581.26,"1,388",25 Feb 2018,16 FERNVALE STREET #18-19,New Sale,Strata,54,"14,944",-,Condominium,1,99 yrs from 28/12/2016,Uncompleted,HDB,797393,28,79,North East Region,Sengkang
FOREST WOODS,"1,384,000",936.47,"1,478",25 Feb 2018,9 LORONG LEW LIAN #03-07,New Sale,Strata,87,"15,908",-,Condominium,1,99 yrs from 05/02/2016,Uncompleted,HDB,536494,19,53,North East Region,Serangoon
THE CLEMENT CANOPY,"1,129,000",656.6,"1,719",25 Feb 2018,18 CLEMENTI AVENUE 1 #37-09,New Sale,Strata,61,"18,508",-,Apartment,1,99 yrs from 09/03/2016,Uncompleted,HDB,129961,05,12,West Region,Clementi
FORTE SUITES,"1,580,348","1,140.98","1,385",25 Feb 2018,88 MERGUI ROAD #24-02,New Sale,Strata,106,"14,909",-,Apartment,1,Freehold,2016,HDB,219062,08,21,Central Region,Kallang
SEASIDE RESIDENCES,"1,037,000",592.02,"1,752",25 Feb 2018,18 SIGLAP LINK #10-30,New Sale,Strata,55,"18,855",-,Apartment,1,99 yrs from 18/04/2016,Uncompleted,Private,448873,15,44,East Region,Bedok
FIVENINE,"1,636,000","1,054.87","1,551",25 Feb 2018,59A LORONG K TELOK KURAU #05-03,New Sale,Strata,98,"16,694",-,Apartment,1,Freehold,Uncompleted,HDB,423369,15,42,East Region,Bedok
SKIES MILTONIA,"1,088,000",968.76,"1,123",26 Feb 2018,25 MILTONIA CLOSE #12-11,Resale,Strata,90,"12,089",-,Condominium,1,99 yrs from 20/02/2012,2016,Private,768060,27,76,North Region,Yishun
NEW FUTURA,"4,576,500","1,367.03","3,348",26 Feb 2018,18 LEONIE HILL ROAD #11-04,Resale,Strata,127,"36,035",-,Condominium,1,Freehold,2017,Private,239199,09,23,Central Region,River Valley
CRADELS,"760,000",581.26,"1,308",26 Feb 2018,10 LORONG LIMAU #13-01,Resale,Strata,54,"14,074",-,Apartment,1,Freehold,2015,HDB,328754,12,32,Central Region,Novena
THE WHARF RESIDENCE,"2,900,000","1,420.85","2,041",26 Feb 2018,11 TONG WATT ROAD #13-07,Resale,Strata,132,"21,970",-,Condominium,1,999 yrs from 01/07/1841,2012,HDB,238008,09,23,Central Region,River Valley
SANCTUARY GREEN,"1,460,000","1,356.26","1,076",26 Feb 2018,191 TANJONG RHU ROAD #06-01,Resale,Strata,126,"11,587",-,Condominium,1,99 yrs from 17/03/1997,2003,Private,436927,15,43,Central Region,Kallang
THE FORD @ HOLLAND,"920,000",419.8,"2,192",26 Feb 2018,1 FORD AVENUE #05-10,Resale,Strata,39,"23,590",-,Condominium,1,Freehold,2009,Private,268685,10,26,Central Region,Bukit Timah
THE SEA VIEW,"3,008,000","1,646.89","1,826",26 Feb 2018,33 AMBER ROAD #12-10,Resale,Strata,153,"19,660",-,Condominium,1,Freehold,2008,Private,439944,15,43,Central Region,Marine Parade
THE BROOKS I,"1,043,768",818.06,"1,276",26 Feb 2018,60 SPRINGSIDE WALK #03-08,Resale,Strata,76,"13,734",-,Apartment,1,Freehold,2016,HDB,786020,26,78,North Region,Yishun
THE PARC CONDOMINIUM,"1,918,000","1,517.72","1,264",26 Feb 2018,9 WEST COAST WALK #04-19,Resale,Strata,141,"13,603",-,Condominium,1,Freehold,2010,Private,127160,05,12,West Region,Clementi
TERRENE AT BUKIT TIMAH,"808,000",570.49,"1,416",26 Feb 2018,125 JALAN JURONG KECHIL #01-34,Resale,Strata,53,"15,245",-,Condominium,1,999 yrs from 19/06/1885,2013,Private,598681,21,59,Central Region,Bukit Timah
368 THOMSON,"1,340,000",871.88,"1,537",26 Feb 2018,368 THOMSON ROAD #16-02,Resale,Strata,81,"16,543",-,Condominium,1,Freehold,2014,HDB,298127,11,29,Central Region,Novena
DOUBLE BAY RESIDENCES,"1,250,000","1,270.15",984,26 Feb 2018,19B SIMEI STREET 4 #06-27,Resale,Strata,118,"10,593",-,Condominium,1,99 yrs from 07/04/2008,2012,Private,528714,18,52,East Region,Tampines
MARTIN MODERN,"2,254,120",871.88,"2,585",26 Feb 2018,8 MARTIN PLACE #19-04,New Sale,Strata,81,"27,829",-,Condominium,1,99 yrs from 28/09/2016,Uncompleted,HDB,237992,09,23,Central Region,River Valley
THE TRILINQ,"1,770,000","1,345.5","1,315",26 Feb 2018,28 JALAN LEMPENG #34-05,New Sale,Strata,125,"14,160",-,Condominium,1,99 yrs from 16/04/2012,2017,HDB,128807,05,12,West Region,Clementi
REGENT PARK,"842,000",807.3,"1,043",26 Feb 2018,26 JALAN LEMPENG #06-10,Resale,Strata,75,"11,227",-,Condominium,1,99 yrs from 01/12/1993,1997,HDB,128805,05,12,West Region,Clementi
ICON,"1,600,000","1,237.86","1,293",26 Feb 2018,10 GOPENG STREET #36-01,Resale,Strata,115,"13,913",-,Apartment,1,99 yrs from 29/01/2002,2007,Private,078878,02,07,Central Region,Downtown Core
SYMPHONY HEIGHTS,"1,980,000","1,668.42","1,187",26 Feb 2018,35 HUME AVENUE #07-02,Resale,Strata,155,"12,774",-,Condominium,1,Freehold,1998,Private,598735,21,59,West Region,Bukit Batok
ESCADA VIEW,"760,000",775.01,981,26 Feb 2018,53 LENGKONG EMPAT #06-05,Resale,Strata,72,"10,556",-,Condominium,1,Freehold,1997,Private,417657,14,41,East Region,Bedok
KALLANG RIVERSIDE,"1,300,745",516.67,"2,518",26 Feb 2018,51 KAMPONG BUGIS #18-04,New Sale,Strata,48,"27,099",-,Apartment,1,Freehold,Uncompleted,HDB,338986,12,33,Central Region,Kallang
WESTCOVE CONDOMINIUM,"1,010,000","1,216.33",830,26 Feb 2018,12 WEST COAST CRESCENT #06-06,Resale,Strata,113,"8,938",-,Condominium,1,99 yrs from 01/03/1995,1998,Private,128042,05,12,West Region,Clementi
GILSTEAD TWO,"1,950,000",904.18,"2,157",26 Feb 2018,2 GILSTEAD ROAD #17-01,Resale,Strata,84,"23,214",-,Apartment,1,Freehold,2014,Private,309061,11,30,Central Region,Novena
THE QUAYSIDE,"2,180,000","1,571.54","1,387",26 Feb 2018,60 ROBERTSON QUAY #03-02,Resale,Strata,146,"14,932",-,Apartment,1,99 yrs from 03/02/1994,1998,Private,238252,09,23,Central Region,Singapore River
THE BROOKS I,"940,466",710.42,"1,324",26 Feb 2018,60 SPRINGSIDE WALK #02-04,Resale,Strata,66,"14,249",-,Apartment,1,Freehold,2016,Private,786020,26,78,North Region,Yishun
D'LEEDON,"1,150,000",635.08,"1,811",26 Feb 2018,13 LEEDON HEIGHTS #21-50,Resale,Strata,59,"19,492",-,Condominium,1,99 yrs from 08/04/2010,2014,Private,266224,10,26,Central Region,Bukit Timah
QUEENS PEAK,"1,696,000","1,001.05","1,694",26 Feb 2018,1 DUNDEE ROAD #31-08,New Sale,Strata,93,"18,237",-,Condominium,1,99 yrs from 28/09/2015,Uncompleted,Private,149456,03,14,Central Region,Queenstown
MELVILLE PARK,"730,000","1,044.11",699,26 Feb 2018,18 SIMEI STREET 1 #01-08,Resale,Strata,97,"7,526",-,Condominium,1,99 yrs from 01/09/1992,1996,HDB,529943,18,52,East Region,Tampines
ESPA,"1,300,000","1,108.69","1,173",26 Feb 2018,12 CASHEW ROAD #02-05,Resale,Strata,103,"12,621",-,Condominium,1,999 yrs from 25/09/1882,2009,Private,679693,23,67,West Region,Bukit Panjang
BARTLEY RIDGE,"1,430,000","1,044.11","1,370",26 Feb 2018,30 MOUNT VERNON ROAD #04-04,Resale,Strata,97,"14,742",-,Condominium,1,99 yrs from 16/04/2012,2016,HDB,368055,13,36,Central Region,Toa Payoh
SEA ESTA,"858,000",904.18,949,26 Feb 2018,20 PASIR RIS LINK #06-14,Resale,Strata,84,"10,214",-,Condominium,1,99 yrs from 09/01/2012,2015,HDB,518157,18,51,East Region,Pasir Ris
UP@ROBERTSON QUAY,"1,188,888",462.85,"2,569",26 Feb 2018,92 ROBERTSON QUAY #06-01,Resale,Strata,43,"27,649",-,Apartment,1,99 yrs from 07/06/2011,2015,Private,238260,09,23,Central Region,Singapore River
WATERVIEW,"1,160,000","1,184.04",980,26 Feb 2018,75 TAMPINES AVENUE 1 #11-08,Resale,Strata,110,"10,545",-,Condominium,1,99 yrs from 16/06/2010,2014,Private,529781,18,52,East Region,Tampines
PARC SEABREEZE,"2,180,000","1,291.68","1,688",26 Feb 2018,532 JOO CHIAT ROAD #07-05,Resale,Strata,120,"18,167",-,Apartment,1,Freehold,2012,HDB,427711,15,42,Central Region,Marine Parade
BARTLEY RESIDENCES,"1,200,000",904.18,"1,327",26 Feb 2018,3A LORONG HOW SUN #06-22,Resale,Strata,84,"14,286",-,Apartment,1,99 yrs from 29/06/2011,2015,Private,536561,19,53,North East Region,Serangoon
BAYSHORE PARK,"840,000",936.47,897,26 Feb 2018,66 BAYSHORE ROAD #02-04,Resale,Strata,87,"9,655",-,Condominium,1,99 yrs from 17/03/1982,1986,Private,469985,16,46,East Region,Bedok
PARK NATURA,"1,568,000","1,377.79","1,138",26 Feb 2018,35 BUKIT BATOK EAST AVENUE 6 #04-25,Resale,Strata,128,"12,250",-,Condominium,1,Freehold,2011,Private,659765,23,65,Central Region,Bukit Timah
THE PALETTE,"2,100,000","2,486.48",845,26 Feb 2018,107 PASIR RIS GROVE #13-19,Resale,Strata,231,"9,091",-,Condominium,1,99 yrs from 20/10/2010,2015,Private,518198,18,51,East Region,Pasir Ris
D' DALVEY,"1,590,000",925.7,"1,718",26 Feb 2018,23 DALVEY ESTATE #02-09,Resale,Strata,86,"18,488",-,Apartment,1,Freehold,2005,Private,259555,10,25,Central Region,Tanglin
MARTIN MODERN,"2,144,700",764.24,"2,806",26 Feb 2018,10 MARTIN PLACE #21-09,New Sale,Strata,71,"30,207",-,Condominium,1,99 yrs from 28/09/2016,Uncompleted,N.A,237963,09,23,Central Region,River Valley
QUEENS,"1,400,000","1,184.04","1,182",26 Feb 2018,16 STIRLING ROAD #07-19,Resale,Strata,110,"12,727",-,Condominium,1,99 yrs from 16/02/1998,2002,Private,148957,03,14,Central Region,Queenstown
RIVERSAILS,"1,100,000","1,033.34","1,065",26 Feb 2018,14 UPPER SERANGOON CRESCENT #06-37,Resale,Strata,96,"11,458",-,Condominium,1,99 yrs from 07/12/2011,2016,Private,534029,19,53,North East Region,Hougang
LUXE VILLE,"1,650,000","1,517.72","1,087",26 Feb 2018,336 PASIR PANJANG ROAD #01-03,Resale,Strata,141,"11,702",-,Apartment,1,Freehold,2012,HDB,118668,05,11,Central Region,Queenstown
KEW GREEN,"1,800,000","3,024.68",595,26 Feb 2018,189 KEW CRESCENT,Resale,Strata,281,"6,406",-,Condominium,1,99 yrs from 21/04/1994,1997,Private,466130,16,46,East Region,Bedok
SKY HABITAT,"1,540,000","1,022.58","1,506",26 Feb 2018,9 BISHAN STREET 15 #11-12,Resale,Strata,95,"16,211",-,Condominium,1,99 yrs from 30/05/2011,2015,Private,573909,20,57,Central Region,Bishan
CASA PASIR RIS,"1,288,000","2,421.9",532,26 Feb 2018,201 JALAN LOYANG BESAR #03-08,Resale,Strata,225,"5,724",-,Condominium,1,946 yrs from 01/01/1938,1997,Private,509506,17,50,East Region,Pasir Ris
COSTA DEL SOL,"1,450,000","1,237.86","1,171",26 Feb 2018,82 BAYSHORE ROAD #03-31,Resale,Strata,115,"12,609",-,Condominium,1,99 yrs from 05/05/1997,2003,Private,469993,16,46,East Region,Bedok
GEM RESIDENCES,"2,029,000","1,313.21","1,545",26 Feb 2018,1 LORONG 5 TOA PAYOH #30-08,New Sale,Strata,122,"16,631",-,Condominium,1,99 yrs from 21/09/2015,Uncompleted,Private,319458,12,31,Central Region,Toa Payoh
THE TATE RESIDENCES,"8,000,000","3,239.96","2,469",26 Feb 2018,23 CLAYMORE ROAD #30-03,Resale,Strata,301,"26,578",-,Condominium,1,Freehold,2009,Private,229546,09,22,Central Region,Newton
THE MAYFAIR,"1,080,000","1,227.1",880,26 Feb 2018,1 JURONG EAST STREET 32 #14-01,Resale,Strata,114,"9,474",-,Condominium,1,99 yrs from 04/12/1996,2000,Private,609477,22,60,West Region,Jurong East
CARISSA PARK CONDOMINIUM,"863,000","1,001.05",862,26 Feb 2018,4 FLORA DRIVE #05-54,Resale,Strata,93,"9,280",-,Condominium,1,Freehold,2001,HDB,507026,17,50,East Region,Pasir Ris
THE BAYSHORE,"980,000","1,011.82",969,26 Feb 2018,22 BAYSHORE ROAD #28-01,Resale,Strata,94,"10,426",-,Condominium,1,99 yrs from 31/05/1993,1996,Private,469970,16,46,East Region,Bedok
NEEM TREE,"1,199,000",624.31,"1,921",26 Feb 2018,30 JALAN KEMAMAN #14-04,New Sale,Strata,58,"20,672",-,Apartment,1,Freehold,Uncompleted,Private,329341,12,32,Central Region,Novena
TREVISTA,"940,000",688.9,"1,365",26 Feb 2018,23 LORONG 3 TOA PAYOH #06-09,Resale,Strata,64,"14,688",-,Condominium,1,99 yrs from 15/07/2008,2011,Private,319582,12,31,Central Region,Toa Payoh
SEASIDE RESIDENCES,"994,000",592.02,"1,679",26 Feb 2018,12 SIGLAP LINK #04-10,New Sale,Strata,55,"18,073",-,Apartment,1,99 yrs from 18/04/2016,Uncompleted,HDB,448870,15,44,East Region,Bedok
ADAM PARK CONDOMINIUM,"1,480,000","1,173.28","1,261",26 Feb 2018,27 ADAM ROAD #01-20,Resale,Strata,109,"13,578",-,Condominium,1,Freehold,2004,Private,289895,11,28,Central Region,Bukit Timah
THE TREVOSE,"2,350,000","1,894.46","1,240",26 Feb 2018,60 TREVOSE CRESCENT #04-29,Resale,Strata,176,"13,352",-,Condominium,1,99 yrs from 14/12/1996,2001,HDB,298090,11,29,Central Region,Novena
FOREST WOODS,"1,418,000",925.7,"1,532",26 Feb 2018,17 LORONG LEW LIAN #11-38,New Sale,Strata,86,"16,488",-,Condominium,1,99 yrs from 05/02/2016,Uncompleted,HDB,533852,19,53,North East Region,Serangoon
TANAMERA CREST,"950,000","1,216.33",781,26 Feb 2018,6 PARI DEDAP WALK #03-03,Resale,Strata,113,"8,407",-,Condominium,1,99 yrs from 20/06/2000,2004,HDB,486060,16,48,East Region,Bedok
ASTORIA PARK,"1,170,000","1,173.28",997,26 Feb 2018,32 LORONG MYDIN #13-05,Resale,Strata,109,"10,734",-,Condominium,1,99 yrs from 01/05/1993,1995,Private,416826,14,41,East Region,Bedok
THE NASSIM,"10,450,000","3,121.56","3,348",26 Feb 2018,18 NASSIM HILL #03-09,Resale,Strata,290,"36,034",-,Condominium,1,Freehold,2015,Private,258485,10,25,Central Region,Tanglin
PEBBLE BAY,"1,775,000","1,367.03","1,298",26 Feb 2018,132 TANJONG RHU ROAD #07-01,Resale,Strata,127,"13,976",-,Condominium,1,99 yrs from 09/03/1994,1997,Private,436919,15,43,Central Region,Kallang
HILLVIEW REGENCY,"786,000",904.18,869,26 Feb 2018,28 BUKIT BATOK EAST AVENUE 2 #08-17,Resale,Strata,84,"9,357",-,Condominium,1,99 yrs from 20/06/2000,2005,HDB,659921,23,65,West Region,Bukit Batok
WALLICH RESIDENCE,"3,730,650",958,"3,894",26 Feb 2018,3 WALLICH STREET #53-03,New Sale,Strata,89,"41,917",-,Apartment,1,99 yrs from 21/02/2011,2017,Private,078882,02,07,Central Region,Downtown Core
THE BLOSSOMVALE,"1,320,000",839.59,"1,572",26 Feb 2018,900 DUNEARN ROAD #04-14,Resale,Strata,78,"16,923",-,Condominium,1,999 yrs from 15/08/1884,1998,Private,589473,21,58,Central Region,Bukit Timah
THE MAYFAIR,"1,020,000","1,162.51",877,26 Feb 2018,3 JURONG EAST STREET 32 #06-03,Resale,Strata,108,"9,444",-,Condominium,1,99 yrs from 04/12/1996,2000,Private,609478,22,60,West Region,Jurong East
ICON,"1,670,000",925.7,"1,804",26 Feb 2018,10 GOPENG STREET #27-02,Resale,Strata,86,"19,419",-,Apartment,1,99 yrs from 29/01/2002,2007,Private,078878,02,07,Central Region,Downtown Core
THE CREST,"2,365,000","1,216.33","1,944",26 Feb 2018,105 PRINCE CHARLES CRESCENT #02-18,Resale,Strata,113,"20,929",-,Condominium,1,99 yrs from 21/12/2012,2017,Private,159019,03,15,Central Region,Bukit Merah
WATERFORD RESIDENCE,"2,350,000","1,646.89","1,427",27 Feb 2018,23 KIM YAM ROAD #10-07,Resale,Strata,153,"15,359",-,Apartment,1,999 yrs from 01/07/1841,2010,Private,239333,09,23,Central Region,River Valley
THE PALETTE,"850,000",753.48,"1,128",27 Feb 2018,109 PASIR RIS GROVE #14-24,Resale,Strata,70,"12,143",-,Condominium,1,99 yrs from 20/10/2010,2015,Private,518199,18,51,East Region,Pasir Ris
WATERFRONT ISLE,"710,000",592.02,"1,199",27 Feb 2018,738 BEDOK RESERVOIR ROAD #02-33,Resale,Strata,55,"12,909",-,Condominium,1,99 yrs from 26/11/2009,2015,HDB,479265,16,47,East Region,Bedok
THE TRILINQ,"1,632,000","1,345.5","1,213",27 Feb 2018,28 JALAN LEMPENG #08-05,New Sale,Strata,125,"13,056",-,Condominium,1,99 yrs from 16/04/2012,2017,HDB,128807,05,12,West Region,Clementi
EASTPOINT GREEN,"777,888",958,812,27 Feb 2018,1 SIMEI STREET 3 #04-02,Resale,Strata,89,"8,740",-,Condominium,1,99 yrs from 24/04/1996,1999,HDB,529890,18,52,East Region,Tampines
ESTELLA GARDENS,"888,000","1,140.98",778,27 Feb 2018,23 FLORA ROAD #03-08,Resale,Strata,106,"8,377",-,Condominium,1,Freehold,1999,HDB,509739,17,50,East Region,Pasir Ris
KOVAN MELODY,"1,330,000","1,227.1","1,084",27 Feb 2018,21 KOVAN ROAD #12-14,Resale,Strata,114,"11,667",-,Condominium,1,99 yrs from 20/01/2004,2006,Private,548192,19,54,North East Region,Hougang
THE BEACON,"1,400,000",968.76,"1,445",27 Feb 2018,130 CANTONMENT ROAD #10-02,Resale,Strata,90,"15,556",-,Apartment,1,99 yrs from 05/03/2004,2008,Private,089775,02,08,Central Region,Bukit Merah
KOVAN MELODY,"1,375,000","1,216.33","1,130",27 Feb 2018,17 KOVAN ROAD #13-05,Resale,Strata,113,"12,168",-,Condominium,1,99 yrs from 20/01/2004,2006,HDB,548190,19,54,North East Region,Hougang
THE TRILINQ,"1,689,000","1,345.5","1,255",27 Feb 2018,28 JALAN LEMPENG #20-05,New Sale,Strata,125,"13,512",-,Condominium,1,99 yrs from 16/04/2012,2017,HDB,128807,05,12,West Region,Clementi
THE COURTYARD,"1,250,000","1,227.1","1,019",27 Feb 2018,6 LIM AH PIN ROAD #04-01,Resale,Strata,114,"10,965",-,Apartment,1,Freehold,1995,HDB,547822,19,54,North East Region,Hougang
SHERWOOD TOWER,"968,000","1,539.25",629,27 Feb 2018,3 JALAN ANAK BUKIT #04-03,Resale,Strata,143,"6,769",-,Apartment,1,99 yrs from 30/08/1976,1980,Private,588998,21,58,Central Region,Bukit Timah
RIVERVALE CREST,"918,000","1,194.8",768,27 Feb 2018,5 RIVERVALE CRESCENT #13-09,Resale,Strata,111,"8,270",-,Apartment,1,99 yrs from 06/12/1997,2002,HDB,545084,19,54,North East Region,Sengkang
FERRARIA PARK CONDOMINIUM,"1,115,000","1,216.33",917,27 Feb 2018,22 FLORA DRIVE #05-40,Resale,Strata,113,"9,867",-,Condominium,1,Freehold,2009,Private,506948,17,50,East Region,Pasir Ris
BISHAN POINT,"1,325,000","1,184.04","1,119",27 Feb 2018,61 BRIGHT HILL DRIVE #23-02,Resale,Strata,110,"12,045",-,Condominium,1,99 yrs from 06/12/1997,2005,HDB,579653,20,57,Central Region,Bishan
CASPIAN,"1,300,000","1,205.57","1,078",27 Feb 2018,60 LAKESIDE DRIVE #14-44,Resale,Strata,112,"11,607",-,Condominium,1,99 yrs from 17/03/2008,2012,Private,648320,22,64,West Region,Jurong West
EVERGREEN PARK,"780,000","1,087.16",717,27 Feb 2018,31 HOUGANG AVENUE 7 #07-10,Resale,Strata,101,"7,723",-,Apartment,1,99 yrs from 01/10/1995,1999,HDB,538800,19,53,North East Region,Hougang
SUFFOLK PREMIER,"1,460,000","1,076.4","1,356",27 Feb 2018,3 SUFFOLK ROAD #04-02,Resale,Strata,100,"14,600",-,Apartment,1,Freehold,2007,HDB,307781,11,30,Central Region,Novena
ST THOMAS SUITES,"5,420,000","2,604.89","2,081",27 Feb 2018,33 ST. THOMAS WALK #17-06,Resale,Strata,242,"22,397",-,Condominium,1,Freehold,2010,Private,238113,09,23,Central Region,River Valley
HIGH PARK RESIDENCES,"1,250,000","1,108.69","1,127",27 Feb 2018,29 FERNVALE ROAD #25-39,Sub Sale,Strata,103,"12,136",-,Apartment,1,99 yrs from 05/11/2014,Uncompleted,Private,797416,28,79,North East Region,Sengkang
URBAN SUITES,"4,323,000","1,571.54","2,751",27 Feb 2018,3 HULLET ROAD #08-08,Resale,Strata,146,"29,610",-,Condominium,1,Freehold,2013,Private,229158,09,22,Central Region,Newton
NEW FUTURA,"6,379,600","1,829.88","3,486",27 Feb 2018,18 LEONIE HILL ROAD #26-06,Resale,Strata,170,"37,527",-,Condominium,1,Freehold,2017,Private,239199,09,23,Central Region,River Valley
HEDGES PARK CONDOMINIUM,"868,000","1,001.05",867,27 Feb 2018,87 FLORA DRIVE #08-53,Resale,Strata,93,"9,333",-,Condominium,1,99 yrs from 28/07/2010,2015,HDB,506889,17,50,East Region,Pasir Ris
CHANGI RISE CONDOMINIUM,"825,000","1,022.58",807,27 Feb 2018,8 SIMEI RISE #04-22,Resale,Strata,95,"8,684",-,Condominium,1,99 yrs from 29/11/2000,2004,HDB,528803,18,52,East Region,Tampines
TAIPAN REGENCY,"1,100,000","1,184.04",929,27 Feb 2018,161 HAIG ROAD #01-02,Resale,Strata,110,"10,000",-,Apartment,1,Freehold,2002,HDB,438772,15,43,Central Region,Marine Parade
TREVISTA,"1,510,000","1,151.75","1,311",27 Feb 2018,21 LORONG 3 TOA PAYOH #07-06,Resale,Strata,107,"14,112",-,Condominium,1,99 yrs from 15/07/2008,2011,HDB,319581,12,31,Central Region,Toa Payoh
THE NAUTICAL,"818,000",785.77,"1,041",27 Feb 2018,97 JALAN SENDUDOK #03-81,Resale,Strata,73,"11,205",-,Condominium,1,99 yrs from 29/08/2011,2015,Private,769474,27,76,North Region,Sembawang
SEASIDE RESIDENCES,"2,038,000","1,259.39","1,618",27 Feb 2018,12 SIGLAP LINK #04-09,New Sale,Strata,117,"17,419",-,Apartment,1,99 yrs from 18/04/2016,Uncompleted,Private,448870,15,44,East Region,Bedok
MARTIN MODERN,"2,040,390",764.24,"2,670",27 Feb 2018,10 MARTIN PLACE #17-09,New Sale,Strata,71,"28,738",-,Condominium,1,99 yrs from 28/09/2016,Uncompleted,N.A,237963,09,23,Central Region,River Valley
QUEENS PEAK,"2,535,000","1,506.96","1,682",27 Feb 2018,3 DUNDEE ROAD #43-25,New Sale,Strata,140,"18,107",-,Condominium,1,99 yrs from 28/09/2015,Uncompleted,Private,149457,03,14,Central Region,Queenstown
MAPLE WOODS,"2,300,000","1,323.97","1,737",27 Feb 2018,991 BUKIT TIMAH ROAD #08-06,Resale,Strata,123,"18,699",-,Condominium,1,Freehold,1997,HDB,589630,21,58,Central Region,Bukit Timah
QUEENS,"1,450,000","1,184.04","1,225",27 Feb 2018,12 STIRLING ROAD #15-11,Resale,Strata,110,"13,182",-,Condominium,1,99 yrs from 16/02/1998,2002,Private,148955,03,14,Central Region,Queenstown
GRAMERCY PARK,"6,244,290","1,980.58","3,153",27 Feb 2018,57 GRANGE ROAD #17-06,Resale,Strata,184,"33,936",-,Condominium,1,Freehold,2016,HDB,249569,10,24,Central Region,Tanglin
CENTRAL GREEN CONDOMINIUM,"1,350,000",925.7,"1,458",27 Feb 2018,1 JALAN MEMBINA #10-02,Resale,Strata,86,"15,698",-,Condominium,1,99 yrs from 01/07/1992,1995,HDB,169479,03,16,Central Region,Bukit Merah
THE MONTANA,"1,680,000","1,108.69","1,515",27 Feb 2018,8 JALAN MUTIARA #03-07,Resale,Strata,103,"16,311",-,Apartment,1,Freehold,2002,Private,249188,10,24,Central Region,Tanglin
THE MIDAS,"1,000,000","1,076.4",929,27 Feb 2018,26 LORONG 30 GEYLANG #05-01,Resale,Strata,100,"10,000",-,Apartment,1,Freehold,2008,Private,398359,14,39,Central Region,Geylang
TREVISTA,"1,530,000","1,130.22","1,354",27 Feb 2018,25 LORONG 3 TOA PAYOH #20-13,Resale,Strata,105,"14,571",-,Condominium,1,99 yrs from 15/07/2008,2011,Private,319583,12,31,Central Region,Toa Payoh
SUITES @ NEWTON,"1,880,000","1,323.97","1,420",27 Feb 2018,1 SURREY ROAD #18-02,Resale,Strata,123,"15,285",-,Apartment,1,Freehold,2016,Private,307740,11,30,Central Region,Novena
THE WARREN,"1,000,000","1,237.86",808,27 Feb 2018,49 CHOA CHU KANG LOOP #12-21,Resale,Strata,115,"8,696",-,Condominium,1,99 yrs from 21/06/2001,2004,HDB,689681,23,68,West Region,Choa Chu Kang
SUITES @ OWEN,"703,000",452.09,"1,555",27 Feb 2018,122 OWEN ROAD #04-04,Resale,Strata,42,"16,738",-,Apartment,1,Freehold,2009,HDB,218926,08,21,Central Region,Kallang
QUEENS PEAK,"2,511,000","1,506.96","1,666",27 Feb 2018,1 DUNDEE ROAD #39-07,New Sale,Strata,140,"17,936",-,Condominium,1,99 yrs from 28/09/2015,Uncompleted,Private,149456,03,14,Central Region,Queenstown
HUME PARK I,"1,280,000","1,345.5",951,27 Feb 2018,9 HUME AVENUE #05-03,Resale,Strata,125,"10,240",-,Condominium,1,Freehold,1995,HDB,598722,21,59,West Region,Bukit Batok
SUNRISE GARDENS,"930,000","1,291.68",720,27 Feb 2018,57 SUNRISE AVENUE #02-12,Resale,Strata,120,"7,750",-,Condominium,1,99 yrs from 24/06/1995,1998,HDB,806748,28,80,North East Region,Ang Mo Kio
ARTRA,"1,894,500","1,044.11","1,814",27 Feb 2018,10 ALEXANDRA VIEW #29-10,New Sale,Strata,97,"19,531",-,Apartment,1,99 yrs from 15/02/2016,Uncompleted,Private,158745,03,15,Central Region,Bukit Merah
SKY VUE,"1,348,000",796.54,"1,692",27 Feb 2018,3 BISHAN STREET 15 #29-19,Resale,Strata,74,"18,216",-,Condominium,1,99 yrs from 04/03/2013,2016,Private,573911,20,57,Central Region,Bishan
GRANDEUR 8,"1,350,000","1,420.85",950,27 Feb 2018,16 ANG MO KIO CENTRAL 3 #01-28,Resale,Strata,132,"10,227",-,Condominium,1,99 yrs from 16/07/2002,2005,Private,567748,20,56,North East Region,Ang Mo Kio
THE TRUMPS,"960,000","1,108.69",866,27 Feb 2018,1 JALAN KEMBANGAN #01-10,Resale,Strata,103,"9,320",-,Condominium,1,99 yrs from 14/08/2000,2005,Private,419154,14,41,East Region,Bedok
MARTIN MODERN,"2,020,788",764.24,"2,644",27 Feb 2018,10 MARTIN PLACE #16-09,New Sale,Strata,71,"28,462",-,Condominium,1,99 yrs from 28/09/2016,Uncompleted,N.A,237963,09,23,Central Region,River Valley
HUNDRED TREES,"1,800,000","1,474.67","1,221",27 Feb 2018,89 WEST COAST DRIVE #06-17,Resale,Strata,137,"13,139",-,Condominium,1,956 yrs from 27/05/1928,2013,HDB,128016,05,12,West Region,Clementi
GEM RESIDENCES,"1,559,000","1,054.87","1,478",27 Feb 2018,1 LORONG 5 TOA PAYOH #10-03,New Sale,Strata,98,"15,908",-,Condominium,1,99 yrs from 21/09/2015,Uncompleted,HDB,319458,12,31,Central Region,Toa Payoh
ST PATRICK'S LOFT,"1,600,000","1,280.92","1,249",27 Feb 2018,45 ST. PATRICK'S ROAD #03-10,Resale,Strata,119,"13,445",-,Apartment,1,Freehold,2008,HDB,424166,15,42,East Region,Bedok
SEASIDE RESIDENCES,"958,000",505.91,"1,894",27 Feb 2018,12 SIGLAP LINK #23-13,New Sale,Strata,47,"20,383",-,Apartment,1,99 yrs from 18/04/2016,Uncompleted,Private,448870,15,44,East Region,Bedok
HUME PARK II,"980,000",958,"1,023",27 Feb 2018,19 HUME AVENUE #04-02,Resale,Strata,89,"11,011",-,Condominium,1,Freehold,1997,HDB,598727,21,59,West Region,Bukit Batok
THE CARPMAELINA,"1,388,000","1,194.8","1,162",27 Feb 2018,48 CARPMAEL ROAD #03-11,Resale,Strata,111,"12,505",-,Condominium,1,Freehold,2005,Private,429974,15,42,Central Region,Geylang
THE VERMONT ON CAIRNHILL,"3,828,000","1,711.48","2,237",27 Feb 2018,12 CAIRNHILL RISE #18-02,Resale,Strata,159,"24,075",-,Apartment,1,Freehold,2013,Private,229745,09,22,Central Region,Newton
ORCHARD BEL AIR,"4,100,000","3,229.2","1,270",27 Feb 2018,245 ORCHARD BOULEVARD #06-02,Resale,Strata,300,"13,667",-,Condominium,1,99 yrs from 01/08/1980,1984,Private,248648,10,24,Central Region,River Valley
THE MINTON,"1,138,000","1,087.16","1,047",27 Feb 2018,12A HOUGANG STREET 11 #08-57,Resale,Strata,101,"11,267",-,Condominium,1,99 yrs from 27/07/2007,2013,Private,534074,19,53,North East Region,Hougang
THE TREVOSE,"2,070,000","2,497.25",829,27 Feb 2018,60 TREVOSE CRESCENT #05-21,Resale,Strata,232,"8,922",-,Condominium,1,99 yrs from 14/12/1996,2001,Private,298090,11,29,Central Region,Novena
GRANDEUR PARK RESIDENCES,"1,095,112",667.37,"1,641",27 Feb 2018,9 BEDOK SOUTH AVENUE 3 #02-39,New Sale,Strata,62,"17,663",-,Condominium,1,99 yrs from 25/05/2016,Uncompleted,HDB,465465,16,46,East Region,Bedok
BEAUTY WORLD CENTRE,"1,550,000","1,969.81",787,27 Feb 2018,144 UPPER BUKIT TIMAH ROAD #24-04,Resale,Strata,183,"8,470",-,Apartment,1,99 yrs from 18/09/1979,-,Private,588177,21,58,Central Region,Bukit Timah
MOULMEIN COURT,"1,801,000","1,646.89","1,094",27 Feb 2018,91 MOULMEIN ROAD #02-93,Resale,Strata,153,"11,771",-,Apartment,1,Freehold,-,Private,308078,11,30,Central Region,Novena
REZI 35,"1,410,000",925.7,"1,523",27 Feb 2018,20 LORONG 35 GEYLANG #07-06,New Sale,Strata,86,"16,395",-,Apartment,1,Freehold,Uncompleted,HDB,387949,14,38,Central Region,Geylang
EAST MEADOWS,"788,000",861.12,915,27 Feb 2018,30 TANAH MERAH KECHIL ROAD #05-12,Resale,Strata,80,"9,850",-,Condominium,1,99 yrs from 02/03/1998,2001,HDB,465558,16,46,East Region,Bedok
QUEENS PEAK,"3,270,000","2,002.1","1,633",27 Feb 2018,3 DUNDEE ROAD #43-18,New Sale,Strata,186,"17,581",-,Condominium,1,99 yrs from 28/09/2015,Uncompleted,Private,149457,03,14,Central Region,Queenstown
CAIRNHILL CREST,"2,303,000","1,205.57","1,910",27 Feb 2018,8 CAIRNHILL CIRCLE #12-12,Resale,Strata,112,"20,563",-,Condominium,1,Freehold,2004,HDB,229814,09,22,Central Region,Newton
ONE-NORTH RESIDENCES,"1,438,000",979.52,"1,468",27 Feb 2018,7 ONE-NORTH GATEWAY #07-28,Resale,Strata,91,"15,802",-,Apartment,1,99 yrs from 15/09/2005,2009,Private,138642,05,13,Central Region,Queenstown
CASA SARINA,"1,068,000",990.29,"1,078",27 Feb 2018,101 LORONG SARINA #01-18,Resale,Strata,92,"11,609",-,Condominium,1,Freehold,1998,Private,416729,14,41,East Region,Bedok
MELVILLE PARK,"865,000","1,345.5",643,28 Feb 2018,20 SIMEI STREET 1 #05-01,Resale,Strata,125,"6,920",-,Condominium,1,99 yrs from 01/09/1992,1996,HDB,529944,18,52,East Region,Tampines
CLEMENTI PARK,"1,706,617","1,625.36","1,050",28 Feb 2018,137 SUNSET WAY #09-19,Resale,Strata,151,"11,302",-,Condominium,1,Freehold,1986,Private,597159,21,59,West Region,Clementi
ASTRIDVILLE,"3,200,000","2,217.38","1,443",28 Feb 2018,30A JALAN AMPANG,Resale,Strata,206,"15,534",-,Condominium,1,Freehold,1985,HDB,268616,10,26,Central Region,Bukit Timah
CARIBBEAN AT KEPPEL BAY,"2,150,000","1,356.26","1,585",28 Feb 2018,30 KEPPEL BAY DRIVE #07-43,Resale,Strata,126,"17,063",-,Condominium,1,99 yrs from 16/08/1999,2004,Private,098650,04,09,Central Region,Bukit Merah
MAPLE WOODS,"2,500,000","1,862.17","1,343",28 Feb 2018,993 BUKIT TIMAH ROAD #01-11,Resale,Strata,173,"14,451",-,Condominium,1,Freehold,1997,Private,589631,21,58,Central Region,Bukit Timah
THE INFLORA,"535,000",462.85,"1,156",28 Feb 2018,63 FLORA DRIVE #03-36,Resale,Strata,43,"12,442",-,Condominium,1,99 yrs from 25/05/2012,2016,Private,506848,17,50,East Region,Pasir Ris
GRAMERCY PARK,"24,500,000","7,287.23","3,362",28 Feb 2018,57 GRANGE ROAD #23-08,Resale,Strata,677,"36,189",-,Condominium,1,Freehold,2016,Private,249569,10,24,Central Region,Tanglin
SUNRISE GARDENS,"675,000",818.06,825,28 Feb 2018,53 SUNRISE AVENUE #03-11,Resale,Strata,76,"8,882",-,Condominium,1,99 yrs from 24/06/1995,1998,Private,806746,28,80,North East Region,Ang Mo Kio
DOMUS,"1,838,000","1,367.03","1,345",28 Feb 2018,8 IRRAWADDY ROAD #04-01,Resale,Strata,127,"14,472",-,Apartment,1,Freehold,2012,Private,329564,12,32,Central Region,Novena
PARK RESIDENCES KOVAN,"535,000",322.92,"1,657",28 Feb 2018,831 UPPER SERANGOON ROAD #04-08,Resale,Strata,30,"17,833",-,Apartment,1,Freehold,2014,Private,534679,19,53,North East Region,Hougang
MARTIN MODERN,"2,264,460",871.88,"2,597",28 Feb 2018,8 MARTIN PLACE #21-04,New Sale,Strata,81,"27,956",-,Condominium,1,99 yrs from 28/09/2016,Uncompleted,Private,237992,09,23,Central Region,River Valley
LE REGAL,"480,000",419.8,"1,143",28 Feb 2018,340 GEYLANG ROAD #03-15,Resale,Strata,39,"12,308",-,Apartment,1,Freehold,2015,HDB,389365,14,38,Central Region,Geylang
THE ALPS RESIDENCES,"1,068,000",936.47,"1,140",28 Feb 2018,115 TAMPINES STREET 86 #05-44,New Sale,Strata,87,"12,276",-,Condominium,1,99 yrs from 03/08/2015,Uncompleted,Private,528537,18,52,East Region,Tampines
THE ALPS RESIDENCES,"1,082,000",936.47,"1,155",28 Feb 2018,111 TAMPINES STREET 86 #06-35,New Sale,Strata,87,"12,437",-,Condominium,1,99 yrs from 03/08/2015,Uncompleted,HDB,528535,18,52,East Region,Tampines
HILLVIEW GREEN,"1,360,000","1,280.92","1,062",28 Feb 2018,61 HUME AVENUE #07-01,Resale,Strata,119,"11,429",-,Condominium,1,999 yrs from 19/05/1883,1998,Private,598741,21,59,West Region,Bukit Batok
NATHAN RESIDENCES,"1,100,000",592.02,"1,858",28 Feb 2018,25 NATHAN ROAD #05-08,Resale,Strata,55,"20,000",-,Apartment,1,Freehold,2013,HDB,248745,10,24,Central Region,Tanglin
Q BAY RESIDENCES,"670,000",516.67,"1,297",28 Feb 2018,1 TAMPINES STREET 86 #14-08,Resale,Strata,48,"13,958",-,Condominium,1,99 yrs from 21/08/2012,2016,HDB,528583,18,52,East Region,Tampines
COCO PALMS,"1,300,000","1,151.75","1,129",28 Feb 2018,19 PASIR RIS GROVE #09-25,Sub Sale,Strata,107,"12,150",-,Condominium,1,99 yrs from 07/01/2008,Uncompleted,Private,518144,18,51,East Region,Pasir Ris
GARDEN APARTMENTS,"4,180,000","2,475.72","1,688",28 Feb 2018,25 ORANGE GROVE ROAD #05-03,Resale,Strata,230,"18,174",-,Apartment,1,Freehold,1984,Private,258351,10,25,Central Region,Tanglin
CITY SUITES,"822,888",452.09,"1,820",28 Feb 2018,235 BALESTIER ROAD #04-03,New Sale,Strata,42,"19,593",-,Apartment,1,Freehold,2017,HDB,329699,12,32,Central Region,Novena
QUEENS PEAK,"2,537,000","1,506.96","1,684",28 Feb 2018,1 DUNDEE ROAD #42-07,New Sale,Strata,140,"18,121",-,Condominium,1,99 yrs from 28/09/2015,Uncompleted,N.A,149456,03,14,Central Region,Queenstown
THE CENTRIO,"2,880,000","2,970.86",969,28 Feb 2018,53 IRRAWADDY ROAD #15-02,Resale,Strata,276,"10,435",-,Apartment,1,Freehold,2009,Private,329552,12,32,Central Region,Novena
BEDOK RESIDENCES,"3,024,000","3,003.16","1,007",28 Feb 2018,16 BEDOK NORTH DRIVE #15-06,Resale,Strata,279,"10,839",-,Apartment,1,99 yrs from 21/11/2011,2015,Private,465494,16,46,East Region,Bedok
MARINA BAY RESIDENCES,"1,600,000",710.42,"2,252",28 Feb 2018,18 MARINA BOULEVARD #41-04,Resale,Strata,66,"24,242",-,Condominium,1,99 yrs from 11/10/2005,2010,Private,018980,01,01,Central Region,Downtown Core
RIVERVALE CREST,"888,000","1,216.33",730,28 Feb 2018,5 RIVERVALE CRESCENT #11-03,Resale,Strata,113,"7,858",-,Apartment,1,99 yrs from 06/12/1997,2002,Private,545084,19,54,North East Region,Sengkang
QUEENS PEAK,"2,520,000","1,506.96","1,672",28 Feb 2018,1 DUNDEE ROAD #40-07,New Sale,Strata,140,"18,000",-,Condominium,1,99 yrs from 28/09/2015,Uncompleted,HDB,149456,03,14,Central Region,Queenstown
SUITES DE LAUREL,"950,000",645.84,"1,471",28 Feb 2018,2 JALAN ANAK BUKIT #02-01,Resale,Strata,60,"15,833",-,Apartment,1,999 yrs from 10/06/1885,2012,Private,588997,21,58,Central Region,Bukit Timah
HIGHLINE RESIDENCES,"2,500,000","1,205.57","2,074",28 Feb 2018,5 KIM TIAN ROAD #01-05,New Sale,Strata,112,"22,321",-,Condominium,1,99 yrs from 22/07/2013,2018,Private,168591,03,16,Central Region,Bukit Merah
QUEENS PEAK,"1,515,000",807.3,"1,877",28 Feb 2018,1 DUNDEE ROAD #40-12,New Sale,Strata,75,"20,200",-,Condominium,1,99 yrs from 28/09/2015,Uncompleted,Private,149456,03,14,Central Region,Queenstown
VARSITY PARK CONDOMINIUM,"1,250,000","1,097.93","1,139",28 Feb 2018,40 WEST COAST ROAD #03-38,Resale,Strata,102,"12,255",-,Condominium,1,99 yrs from 03/05/2004,2008,HDB,126843,05,12,West Region,Clementi
TANGLIN PARK,"3,400,000","1,765.3","1,926",28 Feb 2018,5A RIDLEY PARK #04-02,Resale,Strata,164,"20,732",-,Condominium,1,Freehold,1988,Private,248477,10,24,Central Region,Tanglin
THE ALPS RESIDENCES,"1,050,000",936.47,"1,121",28 Feb 2018,115 TAMPINES STREET 86 #02-44,New Sale,Strata,87,"12,069",-,Condominium,1,99 yrs from 03/08/2015,Uncompleted,Private,528537,18,52,East Region,Tampines
HILLSTA,"665,000",538.2,"1,236",28 Feb 2018,68 PHOENIX ROAD #14-14,Resale,Strata,50,"13,300",-,Condominium,1,99 yrs from 03/10/2011,2016,HDB,668202,23,66,West Region,Bukit Batok
THE NASSIM,"14,800,000","4,563.94","3,243",28 Feb 2018,18 NASSIM HILL #05-08,Resale,Strata,424,"34,906",-,Condominium,1,Freehold,2015,Private,258485,10,25,Central Region,Tanglin
PARC RIVIERA,"1,323,000","1,151.75","1,149",28 Feb 2018,101 WEST COAST VALE #12-01,New Sale,Strata,107,"12,364",-,Condominium,1,99 yrs from 11/11/2015,Uncompleted,N.A,126753,05,12,West Region,Clementi
CITYLIGHTS,"1,780,000","1,356.26","1,312",28 Feb 2018,80 JELLICOE ROAD #10-03,Resale,Strata,126,"14,127",-,Condominium,1,99 yrs from 05/01/2004,2007,HDB,208766,08,20,Central Region,Kallang
QUEENS PEAK,"2,493,000","1,506.96","1,654",28 Feb 2018,3 DUNDEE ROAD #38-25,New Sale,Strata,140,"17,807",-,Condominium,1,99 yrs from 28/09/2015,Uncompleted,Private,149457,03,14,Central Region,Queenstown
THE VISION,"1,833,888","1,603.84","1,143",28 Feb 2018,79 WEST COAST CRESCENT #02-05,Resale,Strata,149,"12,308",-,Condominium,1,99 yrs from 25/06/2008,2014,Private,126793,05,12,West Region,Clementi
THE TRILINQ,"1,476,000","1,108.69","1,331",28 Feb 2018,28 JALAN LEMPENG #24-08,New Sale,Strata,103,"14,330",-,Condominium,1,99 yrs from 16/04/2012,2017,HDB,128807,05,12,West Region,Clementi
LAGOON VIEW,"1,500,000","1,646.89",911,28 Feb 2018,5000K MARINE PARADE ROAD #12-47,Resale,Strata,153,"9,804",-,Apartment,1,99 yrs from 15/11/1977,-,Private,449292,15,44,East Region,Bedok
GARDENVISTA,"1,688,000","1,345.5","1,255",28 Feb 2018,958 DUNEARN ROAD #04-20,Resale,Strata,125,"13,504",-,Condominium,1,99 yrs from 09/09/1999,2006,HDB,589485,21,58,Central Region,Bukit Timah
RIVERSOUND RESIDENCE,"745,800",753.48,990,28 Feb 2018,5 SENGKANG EAST AVENUE #07-16,Resale,Strata,70,"10,654",-,Condominium,1,99 yrs from 26/08/2011,2015,HDB,544740,19,54,North East Region,Sengkang
MARSHALL LODGE,"1,730,000","1,776.06",974,28 Feb 2018,89 MARSHALL ROAD #01-01,Resale,Strata,165,"10,485",-,Apartment,1,Freehold,1995,Private,424886,15,42,Central Region,Marine Parade
THE BERTH BY THE COVE,"3,250,000","2,938.57","1,106",28 Feb 2018,214 OCEAN DRIVE #06-18,Resale,Strata,273,"11,905",-,Condominium,1,99 yrs from 18/03/2004,2006,Private,098623,04,09,Central Region,Southern Islands
CITYLIGHTS,"1,350,000",871.88,"1,548",28 Feb 2018,90 JELLICOE ROAD #15-28,Resale,Strata,81,"16,667",-,Condominium,1,99 yrs from 05/01/2004,2007,Private,208749,08,20,Central Region,Kallang
ALTEZ,"1,300,000",602.78,"2,157",28 Feb 2018,16 ENGGOR STREET #14-08,Resale,Strata,56,"23,214",-,Apartment,1,99 yrs from 06/02/2008,2014,Private,079717,02,07,Central Region,Downtown Core
BARTLEY RESIDENCES,"1,180,000",807.3,"1,462",28 Feb 2018,7 LORONG HOW SUN #13-41,Resale,Strata,75,"15,733",-,Apartment,1,99 yrs from 29/06/2011,2015,Private,536564,19,53,North East Region,Serangoon
THE LINCOLN MODERN,"2,000,000","1,377.79","1,452",28 Feb 2018,20 LINCOLN ROAD #15-05,Resale,Strata,128,"15,625",-,Apartment,1,Freehold,2003,HDB,308353,11,30,Central Region,Novena
THOMSON 800,"5,330,888","5,791.03",921,28 Feb 2018,806 THOMSON ROAD #20-14,Resale,Strata,538,"9,909",-,Condominium,1,Freehold,1999,Private,298189,11,29,Central Region,Toa Payoh
THE CLEMENT CANOPY,"1,453,000",990.29,"1,467",28 Feb 2018,16 CLEMENTI AVENUE 1 #25-02,New Sale,Strata,92,"15,793",-,Apartment,1,99 yrs from 09/03/2016,Uncompleted,Private,129960,05,12,West Region,Clementi
RIVERSOUND RESIDENCE,"1,080,000","1,162.51",929,28 Feb 2018,9 SENGKANG EAST AVENUE #06-30,Resale,Strata,108,"10,000",-,Condominium,1,99 yrs from 26/08/2011,2015,HDB,544742,19,54,North East Region,Sengkang
PRESTO@UPPER SERANGOON,"620,000",419.8,"1,477",28 Feb 2018,528 UPPER SERANGOON ROAD #02-01,Resale,Strata,39,"15,897",-,Apartment,1,Freehold,2016,Private,534543,19,53,North East Region,Serangoon
BALMY COURT,"886,000","1,044.11",849,28 Feb 2018,6 LORONG 27A GEYLANG #03-01,Resale,Strata,97,"9,134",-,Apartment,1,Freehold,1998,HDB,388105,14,38,Central Region,Geylang
MANDARIN GARDENS,"1,750,000","1,786.82",979,28 Feb 2018,3 SIGLAP ROAD #06-29,Resale,Strata,166,"10,542",-,Condominium,1,99 yrs from 08/03/1982,1986,Private,448907,15,44,East Region,Bedok
QUEENS PEAK,"2,528,000","1,506.96","1,678",28 Feb 2018,1 DUNDEE ROAD #41-07,New Sale,Strata,140,"18,057",-,Condominium,1,99 yrs from 28/09/2015,Uncompleted,Private,149456,03,14,Central Region,Queenstown
GRANDEUR PARK RESIDENCES,"1,071,112",667.37,"1,605",28 Feb 2018,3 BEDOK SOUTH AVENUE 3 #04-18,New Sale,Strata,62,"17,276",-,Condominium,1,99 yrs from 25/05/2016,Uncompleted,HDB,465462,16,46,East Region,Bedok
J GATEWAY,"1,000,000",602.78,"1,659",28 Feb 2018,2 GATEWAY DRIVE #10-15,Resale,Strata,56,"17,857",-,Condominium,1,99 yrs from 28/08/2012,2016,HDB,608533,22,60,West Region,Jurong East
EIGHT RIVERSUITES,"740,000",441.32,"1,677",28 Feb 2018,8 WHAMPOA EAST #21-20,Resale,Strata,41,"18,049",-,Condominium,1,99 yrs from 11/07/2011,2016,HDB,338520,12,33,Central Region,Kallang
QUEENS PEAK,"1,608,000",839.59,"1,915",28 Feb 2018,1 DUNDEE ROAD #42-05,New Sale,Strata,78,"20,615",-,Condominium,1,99 yrs from 28/09/2015,Uncompleted,Private,149456,03,14,Central Region,Queenstown
THE ALPS RESIDENCES,"1,053,000",936.47,"1,124",28 Feb 2018,111 TAMPINES STREET 86 #01-35,New Sale,Strata,87,"12,103",-,Condominium,1,99 yrs from 03/08/2015,Uncompleted,HDB,528535,18,52,East Region,Tampines
EAST MEADOWS,"1,208,000","1,194.8","1,011",28 Feb 2018,30 TANAH MERAH KECHIL ROAD #07-07,Resale,Strata,111,"10,883",-,Condominium,1,99 yrs from 02/03/1998,2001,Private,465558,16,46,East Region,Bedok
RIVERTREES RESIDENCES,"848,000",731.95,"1,159",01 Mar 2018,25 FERNVALE CLOSE #11-13,Sub Sale,Strata,68,"12,471",-,Apartment,1,99 yrs from 28/08/2013,2017,HDB,797462,28,79,North East Region,Sengkang
PARK 1 SUITES,"995,000",635.08,"1,567",01 Mar 2018,8 LORONG 40 GEYLANG #06-04,New Sale,Strata,59,"16,864",-,Apartment,1,Freehold,2017,Private,398054,14,39,Central Region,Geylang
THE TRILINQ,"1,763,000","1,345.5","1,310",01 Mar 2018,28 JALAN LEMPENG #32-05,New Sale,Strata,125,"14,104",-,Condominium,1,99 yrs from 16/04/2012,2017,Private,128807,05,12,West Region,Clementi
BAYWATER,"1,238,000","1,291.68",958,01 Mar 2018,808 BEDOK RESERVOIR ROAD #11-08,Resale,Strata,120,"10,317",-,Condominium,1,99 yrs from 19/03/2001,2006,HDB,479240,16,47,East Region,Bedok
LAVERNE'S LOFT,"590,000",430.56,"1,370",01 Mar 2018,66 LORONG L TELOK KURAU #04-07,Resale,Strata,40,"14,750",-,Apartment,1,Freehold,2013,Private,425509,15,42,East Region,Bedok
CASABLANCA,"874,000","1,108.69",788,01 Mar 2018,21 ROSEWOOD DRIVE #12-04,Resale,Strata,103,"8,485",-,Condominium,1,99 yrs from 02/10/2001,2005,HDB,737917,25,73,North Region,Woodlands
CITY SUITES,"891,200",527.44,"1,690",01 Mar 2018,235 BALESTIER ROAD #05-01,New Sale,Strata,49,"18,188",-,Apartment,1,Freehold,2017,HDB,329699,12,32,Central Region,Novena
THE LENOX,"595,000",409.03,"1,455",01 Mar 2018,398 CHANGI ROAD #02-08,Resale,Strata,38,"15,658",-,Apartment,1,Freehold,2014,HDB,419845,14,41,East Region,Bedok
ALBA,"4,200,000","1,905.23","2,204",01 Mar 2018,8 CAIRNHILL RISE #02-02,Resale,Strata,177,"23,729",-,Apartment,1,Freehold,2015,Private,229743,09,22,Central Region,Newton
21 RICHARDS,"1,220,000","1,194.8","1,021",01 Mar 2018,21 RICHARDS AVENUE #05-03,Resale,Strata,111,"10,991",-,Apartment,1,Freehold,2013,HDB,546430,19,54,North East Region,Hougang
THE TRILINQ,"1,615,000","1,356.26","1,191",01 Mar 2018,28 JALAN LEMPENG #06-07,New Sale,Strata,126,"12,817",-,Condominium,1,99 yrs from 16/04/2012,2017,HDB,128807,05,12,West Region,Clementi
TANGLIN REGENCY,"1,230,000",882.65,"1,394",01 Mar 2018,383 TANGLIN ROAD #12-03,Resale,Strata,82,"15,000",-,Condominium,1,99 yrs from 01/05/1994,1998,Private,247966,10,24,Central Region,Bukit Merah
HILLINGTON GREEN,"1,850,000","1,926.76",960,01 Mar 2018,47 HILLVIEW AVENUE #01-02,Resale,Strata,179,"10,335",-,Condominium,1,999 yrs from 19/05/1883,2002,Private,669614,23,66,West Region,Bukit Batok
CAIRNHILL RESIDENCES,"2,380,000","1,173.28","2,029",01 Mar 2018,31 CAIRNHILL CIRCLE #08-02,Resale,Strata,109,"21,835",-,Apartment,1,Freehold,2009,Private,229774,09,22,Central Region,Newton
MODA,"1,500,000",979.52,"1,531",01 Mar 2018,42 EAST COAST ROAD #13-03,Resale,Strata,91,"16,484",-,Apartment,1,Freehold,2014,Private,428762,15,42,Central Region,Marine Parade
QUEENS,"1,408,800","1,194.8","1,179",01 Mar 2018,16 STIRLING ROAD #10-15,Resale,Strata,111,"12,692",-,Condominium,1,99 yrs from 16/02/1998,2002,Private,148957,03,14,Central Region,Queenstown
ECOVILLE,"2,850,000","2,572.6","1,108",01 Mar 2018,10 MARTABAN ROAD #17-01,Resale,Strata,239,"11,925",-,Apartment,1,Freehold,2008,Private,328668,12,32,Central Region,Novena
D'LEEDON,"2,750,000","1,797.59","1,530",01 Mar 2018,3 LEEDON HEIGHTS #20-04,Resale,Strata,167,"16,467",-,Condominium,1,99 yrs from 08/04/2010,2014,Private,267951,10,26,Central Region,Bukit Timah
FORTE SUITES,"1,355,607",678.13,"1,999",01 Mar 2018,88 MERGUI ROAD #23-02,New Sale,Strata,63,"21,518",-,Apartment,1,Freehold,2016,Private,219062,08,21,Central Region,Kallang
HEDGES PARK CONDOMINIUM,"535,000",484.38,"1,105",01 Mar 2018,73 FLORA DRIVE #05-11,Resale,Strata,45,"11,889",-,Condominium,1,99 yrs from 28/07/2010,2015,HDB,506882,17,50,East Region,Pasir Ris
GEM RESIDENCES,"2,039,000","1,313.21","1,553",01 Mar 2018,1 LORONG 5 TOA PAYOH #31-08,New Sale,Strata,122,"16,713",-,Condominium,1,99 yrs from 21/09/2015,Uncompleted,Private,319458,12,31,Central Region,Toa Payoh
RESIDENCES @ EVELYN,"2,070,000","1,108.69","1,867",01 Mar 2018,17 EVELYN ROAD #14-05,Resale,Strata,103,"20,097",-,Condominium,1,Freehold,2007,Private,309306,11,30,Central Region,Novena
WOODGROVE CONDOMINIUM,"1,100,000","1,517.72",725,01 Mar 2018,12 WOODGROVE DRIVE #03-52,Resale,Strata,141,"7,801",-,Condominium,1,99 yrs from 17/05/1997,1999,HDB,738212,25,73,North Region,Woodlands
AQUARIUS BY THE PARK,"1,200,000","1,323.97",906,01 Mar 2018,13 BEDOK RESERVOIR VIEW #08-04,Resale,Strata,123,"9,756",-,Condominium,1,99 yrs from 12/06/1996,2001,HDB,478932,16,47,East Region,Bedok
PARC BOTANNIA,"640,000",505.91,"1,265",01 Mar 2018,10 FERNVALE STREET #07-09,New Sale,Strata,47,"13,617",-,Condominium,1,99 yrs from 28/12/2016,Uncompleted,N.A,797390,28,79,North East Region,Sengkang
PARK 1 SUITES,"1,620,000","1,205.57","1,344",01 Mar 2018,8 LORONG 40 GEYLANG #06-05,New Sale,Strata,112,"14,464",-,Apartment,1,Freehold,2017,Private,398054,14,39,Central Region,Geylang
STUDIO8,"920,000",731.95,"1,257",01 Mar 2018,8 JALAN AYER #06-06,Resale,Strata,68,"13,529",-,Apartment,1,Freehold,2014,HDB,389144,14,38,Central Region,Kallang
THE BELLEFORTE,"1,670,000","1,334.74","1,251",01 Mar 2018,6 AH HOOD ROAD #10-04,Resale,Strata,124,"13,468",-,Apartment,1,Freehold,2003,Private,329974,12,32,Central Region,Novena
SKYSUITES17,"995,000",613.55,"1,622",01 Mar 2018,17 JALAN RAJAH #23-05,Resale,Strata,57,"17,456",-,Apartment,1,Freehold,2014,HDB,329137,12,32,Central Region,Novena
SANCTUARY GREEN,"1,980,000","1,711.48","1,157",01 Mar 2018,187 TANJONG RHU ROAD #03-08,Resale,Strata,159,"12,453",-,Condominium,1,99 yrs from 17/03/1997,2003,Private,436925,15,43,Central Region,Kallang
THE MAYFAIR,"830,000",893.41,929,01 Mar 2018,5 JURONG EAST STREET 32 #02-06,Resale,Strata,83,"10,000",-,Condominium,1,99 yrs from 04/12/1996,2000,Private,609479,22,60,West Region,Jurong East
BAYSHORE PARK,"1,150,000",936.47,"1,228",01 Mar 2018,62 BAYSHORE ROAD #12-03,Resale,Strata,87,"13,218",-,Condominium,1,99 yrs from 17/03/1982,1986,HDB,469983,16,46,East Region,Bedok
THE MONTANA,"2,080,000","1,205.57","1,725",01 Mar 2018,8 JALAN MUTIARA #11-01,Resale,Strata,112,"18,571",-,Apartment,1,Freehold,2002,Private,249188,10,24,Central Region,Tanglin
THREE BALMORAL,"1,507,000",613.55,"2,456",01 Mar 2018,3 BALMORAL ROAD #08-03,Resale,Strata,57,"26,439",-,Apartment,1,Freehold,2016,Private,259785,10,25,Central Region,Tanglin
THE MAYFAIR,"1,015,000","1,162.51",873,01 Mar 2018,1 JURONG EAST STREET 32 #10-02,Resale,Strata,108,"9,398",-,Condominium,1,99 yrs from 04/12/1996,2000,HDB,609477,22,60,West Region,Jurong East
A TREASURE TROVE,"1,480,000","1,334.74","1,109",01 Mar 2018,66 PUNGGOL WALK #06-35,Resale,Strata,124,"11,935",-,Condominium,1,99 yrs from 09/03/2011,2015,HDB,828783,19,82,North East Region,Punggol
CHELSEA LODGE,"1,360,000","1,227.1","1,108",01 Mar 2018,300 TANJONG KATONG ROAD #03-11,Resale,Strata,114,"11,930",-,Apartment,1,Freehold,2000,Private,437083,15,43,Central Region,Marine Parade
MARINA ONE RESIDENCES,"3,880,000","1,539.25","2,521",01 Mar 2018,21 MARINA WAY #18-15,New Sale,Strata,143,"27,133",-,Apartment,1,99 yrs from 01/07/2011,2017,Private,018978,01,01,Central Region,Downtown Core
ONE AMBER,"1,613,888",958,"1,685",01 Mar 2018,1 AMBER GARDENS #21-03,Resale,Strata,89,"18,134",-,Condominium,1,Freehold,2010,HDB,439957,15,43,Central Region,Marine Parade
SAVANNAH CONDOPARK,"1,255,000","1,453.14",864,01 Mar 2018,61 SIMEI RISE #04-63,Resale,Strata,135,"9,296",-,Condominium,1,99 yrs from 29/11/2000,2005,Private,528794,18,52,East Region,Tampines
HOLLANDIA,"183,383,800","85,315.46","2,149",01 Mar 2018,"91,93 (ENBLOC) HOLLAND ROAD #02-01 ETC",Resale,Strata,"7,926","23,137",-,Condominium,48,Freehold,1985,HDB,278536,10,27,Central Region,Bukit Timah
OASIS GARDEN,"1,390,000","1,216.33","1,143",01 Mar 2018,55 JALAN BUNGA RAMPAI #03-08,Resale,Strata,113,"12,301",-,Condominium,1,Freehold,2009,Private,538422,19,53,Central Region,Toa Payoh
BEAVERTON COURT,"4,250,000","3,121.56","1,361",01 Mar 2018,45 MOUNT SINAI RISE #15-02,Resale,Strata,290,"14,655",-,Condominium,1,Freehold,1984,Private,276958,10,27,Central Region,Bukit Timah
SEASONS PARK,"943,000","1,108.69",851,01 Mar 2018,499 YIO CHU KANG ROAD #08-02,Resale,Strata,103,"9,155",-,Condominium,1,99 yrs from 01/03/1995,1997,HDB,787082,26,78,North East Region,Ang Mo Kio
CITY SQUARE RESIDENCES,"1,455,000",871.88,"1,669",01 Mar 2018,10 KITCHENER LINK #15-17,Resale,Strata,81,"17,963",-,Condominium,1,Freehold,2008,Private,207225,08,20,Central Region,Kallang
QUEENS PEAK,"1,603,000",839.59,"1,909",01 Mar 2018,3 DUNDEE ROAD #35-23,New Sale,Strata,78,"20,551",-,Condominium,1,99 yrs from 28/09/2015,Uncompleted,HDB,149457,03,14,Central Region,Queenstown
REGENTVILLE,"740,000",979.52,755,01 Mar 2018,12 HOUGANG STREET 92 #03-07,Resale,Strata,91,"8,132",-,Apartment,1,99 yrs from 24/04/1996,1999,HDB,538688,19,53,North East Region,Hougang
THE GARDENS AT BISHAN,"1,280,000","1,227.1","1,043",01 Mar 2018,3 SIN MING WALK #11-25,Resale,Strata,114,"11,228",-,Condominium,1,99 yrs from 22/03/1997,2004,HDB,575575,20,57,Central Region,Bishan
FONTANA HEIGHTS,"6,480,000","4,606.99","1,407",01 Mar 2018,39 MOUNT SINAI RISE #02-02,Resale,Strata,428,"15,140",-,Condominium,1,Freehold,1985,Private,276957,10,27,Central Region,Bukit Timah
MUTIARA VIEW,"2,158,000","1,302.44","1,657",01 Mar 2018,11 JALAN MUTIARA #11-06,Resale,Strata,121,"17,835",-,Apartment,1,Freehold,2000,Private,249191,10,24,Central Region,Tanglin
GLENTREES,"3,900,000","3,412.19","1,143",01 Mar 2018,11C MOUNT SINAI LANE #01-14,Resale,Strata,317,"12,303",-,Condominium,1,999 yrs from 17/09/1885,2005,Private,277052,10,27,Central Region,Bukit Timah
CARIBBEAN AT KEPPEL BAY,"1,788,000","1,280.92","1,396",01 Mar 2018,6 KEPPEL BAY DRIVE #03-06,Resale,Strata,119,"15,025",-,Condominium,1,99 yrs from 16/08/1999,2004,HDB,098638,04,09,Central Region,Bukit Merah
PARC BOTANNIA,"637,000",505.91,"1,259",01 Mar 2018,18 FERNVALE STREET #02-35,New Sale,Strata,47,"13,553",-,Condominium,1,99 yrs from 28/12/2016,Uncompleted,HDB,797394,28,79,North East Region,Sengkang
DUO RESIDENCES,"4,238,000","1,926.76","2,200",02 Mar 2018,1 FRASER STREET #41-11,New Sale,Strata,179,"23,676",-,Apartment,1,99 yrs from 01/07/2011,2017,Private,189350,07,18,Central Region,Downtown Core
THE BEVERLY,"1,988,000","1,496.2","1,329",02 Mar 2018,45 TOH TUCK ROAD #04-01,Resale,Strata,139,"14,302",-,Apartment,1,Freehold,2012,HDB,596720,21,59,Central Region,Bukit Timah
THE CLIFT,"1,100,000",505.91,"2,174",02 Mar 2018,21 MCCALLUM STREET #14-08,Resale,Strata,47,"23,404",-,Apartment,1,99 yrs from 28/04/2004,2011,Private,069047,01,06,Central Region,Downtown Core
RIVIERA 38,"788,000",548.96,"1,435",02 Mar 2018,38 MAR THOMA ROAD #25-02,Resale,Strata,51,"15,451",-,Apartment,1,999 yrs from 02/06/1882,2014,Private,328712,12,32,Central Region,Kallang
WATERTOWN,"820,000",570.49,"1,437",02 Mar 2018,73 PUNGGOL CENTRAL #12-72,Sub Sale,Strata,53,"15,472",-,Apartment,1,99 yrs from 18/05/2011,2017,HDB,828756,19,82,North East Region,Punggol
A TREASURE TROVE,"1,080,000","1,044.11","1,034",02 Mar 2018,66 PUNGGOL WALK #04-34,Resale,Strata,97,"11,134",-,Condominium,1,99 yrs from 09/03/2011,2015,HDB,828783,19,82,North East Region,Punggol
FIRST POINT SUITES,"1,140,000","1,011.82","1,127",02 Mar 2018,59 LORONG H TELOK KURAU #02-01,Resale,Strata,94,"12,128",-,Apartment,1,Freehold,2013,Private,426068,15,42,East Region,Bedok
PARC BOTANNIA,"871,112",667.37,"1,305",02 Mar 2018,12 FERNVALE STREET #12-14,New Sale,Strata,62,"14,050",-,Condominium,1,99 yrs from 28/12/2016,Uncompleted,N.A,797391,28,79,North East Region,Sengkang
NEPTUNE COURT,"1,095,000","1,270.15",862,02 Mar 2018,8 MARINE VISTA #11-33,Resale,Strata,118,"9,280",-,Apartment,1,99 yrs from 01/09/1976,1975,Private,449032,15,44,East Region,Bedok
THE MINTON,"1,430,000","1,334.74","1,071",02 Mar 2018,12C HOUGANG STREET 11 #14-67,Resale,Strata,124,"11,532",-,Condominium,1,99 yrs from 27/07/2007,2013,HDB,534072,19,53,North East Region,Hougang
ONE DUSUN RESIDENCES,"790,000",527.44,"1,498",02 Mar 2018,1 JALAN DUSUN #15-03,Resale,Strata,49,"16,122",-,Apartment,1,Freehold,2016,Private,329363,12,32,Central Region,Novena
KENTISH LODGE,"1,168,000","1,140.98","1,024",02 Mar 2018,3 OXFORD ROAD #04-10,Resale,Strata,106,"11,019",-,Apartment,1,99 yrs from 01/03/1995,1998,HDB,218814,08,21,Central Region,Kallang
NORTHWOOD,"1,090,000","1,313.21",830,02 Mar 2018,70 JALAN MATA AYER #02-23,Resale,Strata,122,"8,934",-,Condominium,1,Freehold,2009,Private,757488,27,75,North Region,Mandai
TEXTILE CENTRE,"808,888",904.18,895,02 Mar 2018,200 JALAN SULTAN #24-10,Resale,Strata,84,"9,630",-,Apartment,1,99 yrs from 02/06/1970,1977,Private,199018,07,19,Central Region,Kallang
CUSCADEN RESIDENCES,"3,118,800","1,485.43","2,100",02 Mar 2018,28 CUSCADEN ROAD #13-07,Resale,Strata,138,"22,600",-,Condominium,1,Freehold,2002,Private,249723,10,24,Central Region,Orchard
PARC BOTANNIA,"1,329,000",968.76,"1,372",02 Mar 2018,16 FERNVALE STREET #21-24,New Sale,Strata,90,"14,767",-,Condominium,1,99 yrs from 28/12/2016,Uncompleted,HDB,797393,28,79,North East Region,Sengkang
PARC BOTANNIA,"614,000",430.56,"1,426",02 Mar 2018,10 FERNVALE STREET #21-08,New Sale,Strata,40,"15,350",-,Condominium,1,99 yrs from 28/12/2016,Uncompleted,HDB,797390,28,79,North East Region,Sengkang
THE SHORE RESIDENCES,"1,700,000","1,140.98","1,490",02 Mar 2018,83 AMBER ROAD #15-10,Resale,Strata,106,"16,038",-,Condominium,1,103 yrs from 18/08/2009,2014,Private,439894,15,43,Central Region,Marine Parade
VENTUNO BALMORAL,"2,200,000","1,313.21","1,675",02 Mar 2018,21 BALMORAL ROAD #05-02,Resale,Strata,122,"18,033",-,Apartment,1,Freehold,2008,Private,259805,10,25,Central Region,Tanglin
AQUARIUS BY THE PARK,"1,550,000","1,872.94",828,02 Mar 2018,21 BEDOK RESERVOIR VIEW #18-01,Resale,Strata,174,"8,908",-,Condominium,1,99 yrs from 12/06/1996,2000,HDB,478936,16,47,East Region,Bedok
THE AXIS,"1,120,000",818.06,"1,369",02 Mar 2018,47 MANDALAY ROAD #09-02,Resale,Strata,76,"14,737",-,Apartment,1,Freehold,2009,HDB,308227,11,30,Central Region,Novena
ASTORIA PARK,"1,150,000","1,194.8",963,02 Mar 2018,34 LORONG MYDIN #12-08,Resale,Strata,111,"10,360",-,Condominium,1,99 yrs from 01/05/1993,1995,Private,416827,14,41,East Region,Bedok
NICOLE GREEN,"1,384,488","1,270.15","1,090",02 Mar 2018,68 GUILLEMARD ROAD #09-03,Resale,Strata,118,"11,733",-,Apartment,1,Freehold,2002,HDB,399710,14,39,Central Region,Geylang
SAVANNAH CONDOPARK,"1,050,000","1,227.1",856,02 Mar 2018,43 SIMEI RISE #08-26,Resale,Strata,114,"9,211",-,Condominium,1,99 yrs from 29/11/2000,2005,Private,528785,18,52,East Region,Tampines
PARC BOTANNIA,"1,061,112",861.12,"1,232",02 Mar 2018,12 FERNVALE STREET #02-12,New Sale,Strata,80,"13,264",-,Condominium,1,99 yrs from 28/12/2016,Uncompleted,N.A,797391,28,79,North East Region,Sengkang
FORESQUE RESIDENCES,"870,000",731.95,"1,189",02 Mar 2018,109 PETIR ROAD #19-21,Resale,Strata,68,"12,794",-,Condominium,1,99 yrs from 10/01/2011,2014,HDB,678276,23,67,West Region,Bukit Panjang
DAHLIA PARK CONDOMINIUM,"1,050,000","1,270.15",827,02 Mar 2018,3 FLORA DRIVE #03-10,Resale,Strata,118,"8,898",-,Condominium,1,Freehold,2003,HDB,507010,17,50,East Region,Pasir Ris
CENTRAL MEADOWS,"1,000,000",968.76,"1,032",02 Mar 2018,51 LORONG 34 GEYLANG #07-02,Resale,Strata,90,"11,111",-,Apartment,1,Freehold,2002,HDB,398240,14,39,Central Region,Geylang
ONE JERVOIS,"1,850,000",990.29,"1,868",02 Mar 2018,5 JERVOIS CLOSE #05-10,Resale,Strata,92,"20,109",-,Condominium,1,Freehold,2009,Private,249101,10,24,Central Region,Tanglin
PARC OLYMPIA,"1,035,000","1,291.68",801,02 Mar 2018,50 FLORA DRIVE #08-08,Resale,Strata,120,"8,625",-,Condominium,1,99 yrs from 25/01/2012,2015,Private,506868,17,50,East Region,Pasir Ris
BOATHOUSE RESIDENCES,"1,039,999","1,108.69",938,02 Mar 2018,31 UPPER SERANGOON VIEW #03-20,Resale,Strata,103,"10,097",-,Condominium,1,99 yrs from 09/02/2011,2015,HDB,534043,19,53,North East Region,Hougang
NEW COURT,"1,155,000","1,119.46","1,032",02 Mar 2018,35 JALAN DUSUN #02-01,Resale,Strata,104,"11,106",-,Apartment,1,Freehold,2000,HDB,329387,12,32,Central Region,Novena
VISTA RESIDENCES,"975,000",645.84,"1,510",02 Mar 2018,26 JALAN DATOH #33-04,Resale,Strata,60,"16,250",-,Condominium,1,Freehold,2013,Private,329425,12,32,Central Region,Novena
THE SHORE RESIDENCES,"978,000",592.02,"1,652",02 Mar 2018,81 AMBER ROAD #06-05,Resale,Strata,55,"17,782",-,Condominium,1,103 yrs from 18/08/2009,2014,Private,439893,15,43,Central Region,Marine Parade
A TREASURE TROVE,"985,000",914.94,"1,077",02 Mar 2018,54 PUNGGOL WALK #15-11,Resale,Strata,85,"11,588",-,Condominium,1,99 yrs from 09/03/2011,2015,HDB,828832,19,82,North East Region,Punggol
BEAUTY WORLD CENTRE,"1,500,000","1,872.94",801,02 Mar 2018,144 UPPER BUKIT TIMAH ROAD #12-02,Resale,Strata,174,"8,621",-,Apartment,1,99 yrs from 18/09/1979,-,Private,588177,21,58,Central Region,Bukit Timah
ENVIO,"880,000",731.95,"1,202",02 Mar 2018,281 JOO CHIAT PLACE #04-01,Resale,Strata,68,"12,941",-,Apartment,1,Freehold,2010,Private,427962,15,42,East Region,Bedok
THE BELVEDERE,"2,480,000","1,367.03","1,814",02 Mar 2018,51 MEYER ROAD #22-03,Resale,Strata,127,"19,528",-,Condominium,1,Freehold,2007,Private,437874,15,43,Central Region,Marine Parade
VILLA MARINA,"1,880,000","2,314.26",812,02 Mar 2018,21 JALAN SEMPADAN #04-15,Resale,Strata,215,"8,744",-,Condominium,1,99 yrs from 13/02/1995,1999,Private,457398,15,45,East Region,Bedok
GRANDEUR PARK RESIDENCES,"996,000",667.37,"1,492",02 Mar 2018,7 BEDOK SOUTH AVENUE 3 #04-31,New Sale,Strata,62,"16,065",-,Condominium,1,99 yrs from 25/05/2016,Uncompleted,HDB,465464,16,46,East Region,Bedok
THE GARDENS AT BISHAN,"1,300,000","1,205.57","1,078",02 Mar 2018,7 SIN MING WALK #13-18,Resale,Strata,112,"11,607",-,Condominium,1,99 yrs from 22/03/1997,2004,HDB,575577,20,57,Central Region,Bishan
THE ASANA,"1,714,864",678.13,"2,529",02 Mar 2018,17 QUEEN'S ROAD #05-02,New Sale,Strata,63,"27,220",-,Apartment,1,Freehold,2017,HDB,266744,10,26,Central Region,Bukit Timah
D'NEST,"1,220,000","1,130.22","1,079",02 Mar 2018,129 PASIR RIS GROVE #05-11,Resale,Strata,105,"11,619",-,Condominium,1,99 yrs from 20/10/2010,2017,Private,518179,18,51,East Region,Pasir Ris
THE BEACON EDGE,"1,700,000","1,539.25","1,104",02 Mar 2018,250 TEMBELING ROAD #05-01,Resale,Strata,143,"11,888",-,Apartment,1,Freehold,2009,Private,423728,15,42,Central Region,Marine Parade
CASSIA VIEW,"1,350,000","1,205.57","1,120",02 Mar 2018,320 GUILLEMARD ROAD #14-04,Resale,Strata,112,"12,054",-,Apartment,1,Freehold,1998,HDB,399746,14,39,Central Region,Geylang
THE LIGHT @ CAIRNHILL,"3,280,000","1,517.72","2,161",02 Mar 2018,19 CAIRNHILL CIRCLE #13-02,Resale,Strata,141,"23,262",-,Condominium,1,Freehold,2004,Private,229768,09,22,Central Region,Newton
GRANDEUR PARK RESIDENCES,"1,066,112",667.37,"1,597",02 Mar 2018,3 BEDOK SOUTH AVENUE 3 #03-18,New Sale,Strata,62,"17,195",-,Condominium,1,99 yrs from 25/05/2016,Uncompleted,N.A,465462,16,46,East Region,Bedok
THE ARCADIA,"3,500,000","3,735.11",937,02 Mar 2018,237 ARCADIA ROAD #07-03,Resale,Strata,347,"10,086",-,Condominium,1,99 yrs from 17/08/1979,1983,Private,289844,11,28,Central Region,Bukit Timah
THE FORESTA @ MOUNT FABER,"868,000",430.56,"2,016",02 Mar 2018,100 WISHART ROAD #02-05,Resale,Strata,40,"21,700",-,Condominium,1,Freehold,2014,HDB,098748,04,09,Central Region,Bukit Merah
KOVAN MELODY,"1,300,000","1,216.33","1,069",02 Mar 2018,35 KOVAN ROAD #03-45,Resale,Strata,113,"11,504",-,Condominium,1,99 yrs from 20/01/2004,2006,Private,545019,19,54,North East Region,Hougang
THE QUARTZ,"1,070,000","1,205.57",888,02 Mar 2018,69 COMPASSVALE BOW #07-37,Resale,Strata,112,"9,554",-,Condominium,1,99 yrs from 18/04/2005,2009,Private,544993,19,54,North East Region,Sengkang
NIN RESIDENCE,"1,196,000",893.41,"1,339",02 Mar 2018,83 PHENG GECK AVENUE #03-09,Resale,Strata,83,"14,410",-,Apartment,1,99 yrs from 13/09/2010,2014,Private,348270,13,34,Central Region,Toa Payoh
D'NEST,"1,230,000","1,130.22","1,088",02 Mar 2018,129 PASIR RIS GROVE #11-11,Resale,Strata,105,"11,714",-,Condominium,1,99 yrs from 20/10/2010,2017,HDB,518179,18,51,East Region,Pasir Ris
THE TRILINQ,"1,489,000","1,108.69","1,343",02 Mar 2018,28 JALAN LEMPENG #26-08,New Sale,Strata,103,"14,456",-,Condominium,1,99 yrs from 16/04/2012,2017,Private,128807,05,12,West Region,Clementi
THE MINTON,"1,000,000",979.52,"1,021",02 Mar 2018,14A HOUGANG STREET 11 #13-73,Resale,Strata,91,"10,989",-,Condominium,1,99 yrs from 27/07/2007,2013,HDB,534070,19,53,North East Region,Hougang
THE MINTON,"980,000",979.52,"1,000",02 Mar 2018,2 HOUGANG STREET 11 #11-03,Resale,Strata,91,"10,769",-,Condominium,1,99 yrs from 27/07/2007,2013,HDB,538751,19,53,North East Region,Hougang
CHANTILLY RISE,"1,200,000","1,270.15",945,02 Mar 2018,82 HILLVIEW AVENUE #08-02,Resale,Strata,118,"10,169",-,Condominium,1,Freehold,1998,Private,669581,23,66,West Region,Bukit Batok
PARC EMILY,"1,100,000",602.78,"1,825",02 Mar 2018,5 MOUNT EMILY ROAD #06-05,Resale,Strata,56,"19,643",-,Condominium,1,Freehold,2008,Private,228490,09,22,Central Region,Rochor
ATRIUM RESIDENCES,"960,000",968.76,991,02 Mar 2018,11 LORONG 28 GEYLANG #03-17,Resale,Strata,90,"10,667",-,Apartment,1,Freehold,2008,Private,398416,14,39,Central Region,Geylang
ICON,"1,048,000",581.26,"1,803",02 Mar 2018,10 GOPENG STREET #07-09,Resale,Strata,54,"19,407",-,Apartment,1,99 yrs from 29/01/2002,2007,Private,078878,02,07,Central Region,Downtown Core
SIMS EDGE,"642,888",409.03,"1,572",02 Mar 2018,1 GEYLANG EAST AVENUE 2 #14-04,Resale,Strata,38,"16,918",-,Apartment,1,Freehold,2014,HDB,389760,14,38,Central Region,Geylang
SOUTHBANK,"2,100,000","1,313.21","1,599",03 Mar 2018,881 NORTH BRIDGE ROAD #35-11,Resale,Strata,122,"17,213",-,Apartment,1,99 yrs from 27/01/2006,2010,Private,198784,07,19,Central Region,Kallang
SIMS URBAN OASIS,"1,820,900","1,323.97","1,375",03 Mar 2018,16 SIMS DRIVE #18-57,New Sale,Strata,123,"14,804",-,Condominium,1,99 yrs from 29/07/2014,2017,N.A,387393,14,38,Central Region,Geylang
KALLANG RIVERSIDE,"2,218,000","1,033.34","2,146",03 Mar 2018,51 KAMPONG BUGIS #19-05,New Sale,Strata,96,"23,104",-,Apartment,1,Freehold,Uncompleted,Private,338986,12,33,Central Region,Kallang
GRANDEUR PARK RESIDENCES,"1,090,112",624.31,"1,746",03 Mar 2018,1 BEDOK SOUTH AVENUE 3 #12-14,New Sale,Strata,58,"18,795",-,Condominium,1,99 yrs from 25/05/2016,Uncompleted,Private,465461,16,46,East Region,Bedok
SEASIDE RESIDENCES,"1,043,000",592.02,"1,762",03 Mar 2018,18 SIGLAP LINK #11-30,New Sale,Strata,55,"18,964",-,Apartment,1,99 yrs from 18/04/2016,Uncompleted,HDB,448873,15,44,East Region,Bedok
PARC BOTANNIA,"1,007,000",785.77,"1,282",03 Mar 2018,18 FERNVALE STREET #11-28,New Sale,Strata,73,"13,795",-,Condominium,1,99 yrs from 28/12/2016,Uncompleted,HDB,797394,28,79,North East Region,Sengkang
MARTIN MODERN,"2,122,520",764.24,"2,777",03 Mar 2018,10 MARTIN PLACE #05-14,New Sale,Strata,71,"29,895",-,Condominium,1,99 yrs from 28/09/2016,Uncompleted,Private,237963,09,23,Central Region,River Valley
GEM RESIDENCES,"1,824,570","1,248.62","1,461",03 Mar 2018,3 LORONG 5 TOA PAYOH #08-15,New Sale,Strata,116,"15,729",-,Condominium,1,99 yrs from 21/09/2015,Uncompleted,HDB,319459,12,31,Central Region,Toa Payoh
KALLANG RIVERSIDE,"1,309,903",516.67,"2,535",03 Mar 2018,51 KAMPONG BUGIS #19-04,New Sale,Strata,48,"27,290",-,Apartment,1,Freehold,Uncompleted,Private,338986,12,33,Central Region,Kallang
PARC BOTANNIA,"646,000",505.91,"1,277",04 Mar 2018,12 FERNVALE STREET #10-10,New Sale,Strata,47,"13,745",-,Condominium,1,99 yrs from 28/12/2016,Uncompleted,HDB,797391,28,79,North East Region,Sengkang
FIVENINE,"1,656,000","1,054.87","1,570",04 Mar 2018,59 LORONG K TELOK KURAU #05-02,New Sale,Strata,98,"16,898",-,Apartment,1,Freehold,Uncompleted,N.A,425669,15,42,East Region,Bedok
PARC BOTANNIA,"921,000",667.37,"1,380",04 Mar 2018,18 FERNVALE STREET #16-30,New Sale,Strata,62,"14,855",-,Condominium,1,99 yrs from 28/12/2016,Uncompleted,N.A,797394,28,79,North East Region,Sengkang
GRANDEUR PARK RESIDENCES,"1,299,112",893.41,"1,454",04 Mar 2018,3 BEDOK SOUTH AVENUE 3 #10-21,New Sale,Strata,83,"15,652",-,Condominium,1,99 yrs from 25/05/2016,Uncompleted,HDB,465462,16,46,East Region,Bedok
GEM RESIDENCES,"1,392,000",775.01,"1,796",04 Mar 2018,3 LORONG 5 TOA PAYOH #31-11,New Sale,Strata,72,"19,333",-,Condominium,1,99 yrs from 21/09/2015,Uncompleted,HDB,319459,12,31,Central Region,Toa Payoh
FIVENINE,"1,677,000","1,054.87","1,590",04 Mar 2018,59 LORONG K TELOK KURAU #05-01,New Sale,Strata,98,"17,112",-,Apartment,1,Freehold,Uncompleted,N.A,425669,15,42,East Region,Bedok
GRANDEUR PARK RESIDENCES,"1,309,112",893.41,"1,465",04 Mar 2018,3 BEDOK SOUTH AVENUE 3 #12-16,New Sale,Strata,83,"15,772",-,Condominium,1,99 yrs from 25/05/2016,Uncompleted,HDB,465462,16,46,East Region,Bedok
SEASIDE RESIDENCES,"984,000",592.02,"1,662",04 Mar 2018,16 SIGLAP LINK #05-23,New Sale,Strata,55,"17,891",-,Apartment,1,99 yrs from 18/04/2016,Uncompleted,Private,448872,15,44,East Region,Bedok
THE NASSIM,"7,880,000","2,852.46","2,763",05 Mar 2018,18 NASSIM HILL #01-07,Resale,Strata,265,"29,736",-,Condominium,1,Freehold,2015,Private,258485,10,25,Central Region,Tanglin
THE AMSTON,"1,200,000","1,313.21",914,05 Mar 2018,130A HILLVIEW AVENUE #06-03,Resale,Strata,122,"9,836",-,Apartment,1,999 yrs from 12/10/1885,1998,Private,669609,23,66,West Region,Bukit Batok
HAZEL PARK CONDOMINIUM,"1,420,000","1,377.79","1,031",05 Mar 2018,25 HAZEL PARK TERRACE #04-03,Resale,Strata,128,"11,094",-,Condominium,1,999 yrs from 25/09/1882,2000,HDB,678948,23,67,West Region,Bukit Panjang
DOUBLE BAY RESIDENCES,"968,000",936.47,"1,034",05 Mar 2018,17 SIMEI STREET 4 #06-04,Resale,Strata,87,"11,126",-,Condominium,1,99 yrs from 07/04/2008,2012,Private,529881,18,52,East Region,Tampines
FLAMINGO VALLEY,"1,768,000","1,205.57","1,467",05 Mar 2018,470 SIGLAP ROAD #04-39,Resale,Strata,112,"15,786",-,Condominium,1,Freehold,2014,HDB,454943,15,45,East Region,Bedok
GRANDEUR PARK RESIDENCES,"1,441,112",968.76,"1,488",05 Mar 2018,7 BEDOK SOUTH AVENUE 3 #01-32,New Sale,Strata,90,"16,012",-,Condominium,1,99 yrs from 25/05/2016,Uncompleted,HDB,465464,16,46,East Region,Bedok
CASA MERAH,"1,315,000","1,248.62","1,053",05 Mar 2018,68 TANAH MERAH KECHIL AVENUE #04-34,Resale,Strata,116,"11,336",-,Apartment,1,99 yrs from 11/07/2006,2009,Private,465533,16,46,East Region,Bedok
ISLAND VIEW,"3,850,000","3,358.37","1,146",05 Mar 2018,38C JALAN MAT JAMBOL #01-09,Resale,Strata,312,"12,340",-,Condominium,1,Freehold,1984,Private,119521,05,11,Central Region,Queenstown
CENTRAL GROVE,"1,125,000","1,237.86",909,05 Mar 2018,1 GEYLANG EAST AVENUE 1 #04-01,Resale,Strata,115,"9,783",-,Condominium,1,99 yrs from 18/07/1997,2001,HDB,389778,14,38,Central Region,Geylang
SKY VUE,"820,000",484.38,"1,693",05 Mar 2018,1 BISHAN STREET 15 #12-03,Resale,Strata,45,"18,222",-,Condominium,1,99 yrs from 04/03/2013,2016,HDB,573910,20,57,Central Region,Bishan
GRANDEUR PARK RESIDENCES,"1,041,112",624.31,"1,668",05 Mar 2018,1 BEDOK SOUTH AVENUE 3 #02-14,New Sale,Strata,58,"17,950",-,Condominium,1,99 yrs from 25/05/2016,Uncompleted,Private,465461,16,46,East Region,Bedok
CASA AERATA,"555,000",430.56,"1,289",05 Mar 2018,9 LORONG 26 GEYLANG #05-01,Resale,Strata,40,"13,875",-,Apartment,1,Freehold,2012,Private,398484,14,39,Central Region,Geylang
LAKEVILLE,"880,000",635.08,"1,386",05 Mar 2018,1 JURONG LAKE LINK #08-02,Resale,Strata,59,"14,915",-,Condominium,1,99 yrs from 30/04/2013,2017,Private,648160,22,64,West Region,Jurong West
AZALEA PARK CONDOMINIUM,"1,350,000","1,679.18",804,05 Mar 2018,10 FLORA ROAD #01-03,Resale,Strata,156,"8,654",-,Condominium,1,999 yrs from 12/10/1885,1996,Private,509729,17,50,East Region,Pasir Ris
THE ESTA,"1,800,000","1,173.28","1,534",05 Mar 2018,37 AMBER GARDENS #04-15,Resale,Strata,109,"16,514",-,Condominium,1,Freehold,2008,Private,439969,15,43,Central Region,Marine Parade
BAYWATER,"935,000","1,054.87",886,05 Mar 2018,806 BEDOK RESERVOIR ROAD #06-04,Resale,Strata,98,"9,541",-,Condominium,1,99 yrs from 19/03/2001,2006,Private,479243,16,47,East Region,Bedok
SHAN GATE APARTMENTS,"915,000",753.48,"1,214",05 Mar 2018,2 SHAN ROAD #06-01,Resale,Strata,70,"13,071",-,Apartment,1,Freehold,1991,Private,328103,12,32,Central Region,Novena
THE TRIZON,"3,300,000","2,206.62","1,495",05 Mar 2018,2 RIDGEWOOD CLOSE #04-03,Resale,Strata,205,"16,098",-,Condominium,1,Freehold,2012,Private,276693,10,27,Central Region,Bukit Timah
TOH YI COURT,"2,850,000","3,218.44",886,05 Mar 2018,105A TOH YI DRIVE,Resale,Strata,299,"9,532",-,Condominium,1,Freehold,1985,Private,596563,21,59,Central Region,Bukit Timah
SANCTUARY GREEN,"1,600,000","1,399.32","1,143",05 Mar 2018,181 TANJONG RHU ROAD #04-10,Resale,Strata,130,"12,308",-,Condominium,1,99 yrs from 17/03/1997,2004,Private,436922,15,43,Central Region,Kallang
THE ROCHESTER RESIDENCES,"1,725,000","1,356.26","1,272",05 Mar 2018,33 ROCHESTER DRIVE #09-01,Resale,Strata,126,"13,690",-,Apartment,1,99 yrs from 02/02/2005,2011,Private,138638,05,13,Central Region,Queenstown
EVELYN MANSIONS,"1,338,000",893.41,"1,498",05 Mar 2018,20 EVELYN ROAD #04-02,Resale,Strata,83,"16,120",-,Apartment,1,Freehold,1997,Private,309309,11,30,Central Region,Novena
THE LAKEFRONT RESIDENCES,"940,000",721.19,"1,303",05 Mar 2018,48 LAKESIDE DRIVE #13-25,Resale,Strata,67,"14,030",-,Condominium,1,99 yrs from 03/08/2010,2014,HDB,648305,22,64,West Region,Jurong West
BUKIT REGENCY,"1,480,000","1,431.61","1,034",05 Mar 2018,5 UPPER BUKIT TIMAH VIEW #04-09,Resale,Strata,133,"11,128",-,Condominium,1,Freehold,1995,HDB,588134,21,58,Central Region,Bukit Timah
REZI 35,"1,171,800",839.59,"1,396",05 Mar 2018,20 LORONG 35 GEYLANG #03-08,New Sale,Strata,78,"15,023",-,Apartment,1,Freehold,Uncompleted,HDB,387949,14,38,Central Region,Geylang
QUEENS,"1,450,000","1,194.8","1,214",05 Mar 2018,10 STIRLING ROAD #05-01,Resale,Strata,111,"13,063",-,Condominium,1,99 yrs from 16/02/1998,2002,Private,148954,03,14,Central Region,Queenstown
NOVA 48,"2,170,000","2,002.1","1,084",05 Mar 2018,10 PROME ROAD #12-03,Resale,Strata,186,"11,667",-,Apartment,1,Freehold,2011,Private,328318,12,32,Central Region,Novena
THE AZURE,"4,900,000","3,164.62","1,548",05 Mar 2018,201 OCEAN DRIVE #06-03,Resale,Strata,294,"16,667",-,Condominium,1,99 yrs from 03/01/2005,2008,Private,098584,04,09,Central Region,Southern Islands
VIVA,"2,000,000",958,"2,088",05 Mar 2018,6 SUFFOLK WALK #15-05,Resale,Strata,89,"22,472",-,Condominium,1,Freehold,2012,Private,307464,11,30,Central Region,Novena
THE BLOSSOMVALE,"1,900,000","1,334.74","1,424",05 Mar 2018,900 DUNEARN ROAD #04-07,Resale,Strata,124,"15,323",-,Condominium,1,999 yrs from 15/08/1884,1998,Private,589473,21,58,Central Region,Bukit Timah
THE COTZ,"520,000",398.27,"1,306",05 Mar 2018,171 TELOK KURAU ROAD #04-06,Resale,Strata,37,"14,054",-,Apartment,1,Freehold,2010,Private,423824,15,42,East Region,Bedok
336 RIVER VALLEY,"2,388,888","1,539.25","1,552",05 Mar 2018,336 RIVER VALLEY ROAD #07-01,Resale,Strata,143,"16,706",-,Apartment,1,Freehold,1984,HDB,238366,09,23,Central Region,River Valley
THE BAYSHORE,"1,050,000","1,227.1",856,05 Mar 2018,30 BAYSHORE ROAD #03-03,Resale,Strata,114,"9,211",-,Condominium,1,99 yrs from 31/05/1993,1997,HDB,469974,16,46,East Region,Bedok
CASA EMERALD,"1,330,000","1,926.76",690,05 Mar 2018,51 LORONG 32 GEYLANG #08-03,Resale,Strata,179,"7,430",-,Apartment,1,Freehold,2001,HDB,398311,14,39,Central Region,Geylang
368 THOMSON,"1,950,000","1,302.44","1,497",05 Mar 2018,368 THOMSON ROAD #23-03,Resale,Strata,121,"16,116",-,Condominium,1,Freehold,2014,Private,298127,11,29,Central Region,Novena
WATER PLACE,"1,628,000","1,388.56","1,172",05 Mar 2018,177 TANJONG RHU ROAD #05-23,Resale,Strata,129,"12,620",-,Condominium,1,99 yrs from 02/03/1998,2004,Private,436607,15,43,Central Region,Kallang
CLEMENTIWOODS CONDOMINIUM,"745,000",592.02,"1,258",05 Mar 2018,78 WEST COAST ROAD #04-03,Resale,Strata,55,"13,545",-,Condominium,1,99 yrs from 07/02/2006,2010,HDB,126815,05,12,West Region,Clementi
CLEMENTI PARK,"2,100,000","1,959.05","1,072",05 Mar 2018,137 SUNSET WAY #10-12,Resale,Strata,182,"11,538",-,Condominium,1,Freehold,1986,Private,597159,21,59,West Region,Clementi
DUO RESIDENCES,"3,699,999","1,528.49","2,421",05 Mar 2018,1 FRASER STREET #40-18,New Sale,Strata,142,"26,056",-,Apartment,1,99 yrs from 01/07/2011,2017,N.A,189350,07,18,Central Region,Downtown Core
FONTAINE PARRY,"2,180,000","2,120.51","1,028",05 Mar 2018,77 POH HUAT ROAD #05-20,Resale,Strata,197,"11,066",-,Condominium,1,999 yrs from 16/08/1877,2010,Private,546785,19,54,North East Region,Hougang
FIFTH AVENUE CONDOMINIUM,"2,950,000","1,614.6","1,827",05 Mar 2018,2 FIFTH AVENUE #02-15,Resale,Strata,150,"19,667",-,Condominium,1,Freehold,1998,Private,268800,10,26,Central Region,Bukit Timah
EAST MEADOWS,"970,000","1,194.8",812,05 Mar 2018,32 TANAH MERAH KECHIL ROAD #02-22,Resale,Strata,111,"8,739",-,Condominium,1,99 yrs from 02/03/1998,2002,Private,465559,16,46,East Region,Bedok
WATERTOWN,"798,000",570.49,"1,399",05 Mar 2018,69 PUNGGOL CENTRAL #05-34,Sub Sale,Strata,53,"15,057",-,Apartment,1,99 yrs from 18/05/2011,2017,HDB,828754,19,82,North East Region,Punggol
THE LINCOLN RESIDENCES,"3,380,000","1,840.64","1,836",05 Mar 2018,28 SURREY ROAD #25-02,Resale,Strata,171,"19,766",-,Condominium,1,Freehold,2011,Private,307762,11,30,Central Region,Novena
NV RESIDENCES,"1,075,000","1,184.04",908,05 Mar 2018,95 PASIR RIS GROVE #08-39,Resale,Strata,110,"9,773",-,Condominium,1,99 yrs from 07/01/2008,2013,HDB,518192,18,51,East Region,Pasir Ris
NEW FUTURA,"5,805,600","1,829.88","3,173",05 Mar 2018,18 LEONIE HILL ROAD #10-06,Resale,Strata,170,"34,151",-,Condominium,1,Freehold,2017,HDB,239199,09,23,Central Region,River Valley
BLUE HORIZON,"1,234,800","1,162.51","1,062",05 Mar 2018,25 WEST COAST CRESCENT #22-13,Resale,Strata,108,"11,433",-,Condominium,1,99 yrs from 14/08/2000,2005,HDB,128047,05,12,West Region,Clementi
PARC OLYMPIA,"780,000",796.54,979,05 Mar 2018,66 FLORA DRIVE #04-57,Resale,Strata,74,"10,541",-,Condominium,1,99 yrs from 25/01/2012,2015,HDB,506861,17,50,East Region,Pasir Ris
AURALIS,"728,000",462.85,"1,573",05 Mar 2018,589 EAST COAST ROAD #04-10,Resale,Strata,43,"16,930",-,Apartment,1,Freehold,2013,HDB,429081,15,42,East Region,Bedok
PARK EAST,"1,670,000","1,291.68","1,293",05 Mar 2018,77 JALAN TUA KONG #04-03,Resale,Strata,120,"13,917",-,Condominium,1,Freehold,1994,Private,457268,15,45,East Region,Bedok
THE CENTRIS,"2,100,000","2,045.16","1,027",05 Mar 2018,81 JURONG WEST CENTRAL 3 #16-36,Resale,Strata,190,"11,053",-,Apartment,1,99 yrs from 21/06/2006,2009,HDB,648340,22,64,West Region,Jurong West
CASUARINA COVE,"2,000,000","1,625.36","1,230",05 Mar 2018,122 TANJONG RHU ROAD #02-02,Resale,Strata,151,"13,245",-,Condominium,1,99 yrs from 20/10/1993,1996,Private,436915,15,43,Central Region,Kallang
JADE MANSION,"2,900,000","2,723.29","1,065",05 Mar 2018,10 LEEDON ROAD #02-04,Resale,Strata,253,"11,462",-,Condominium,1,Freehold,1982,Private,267833,10,26,Central Region,Bukit Timah
HILLS TWOONE,"805,000",570.49,"1,411",05 Mar 2018,21 HILLVIEW TERRACE #04-02,Sub Sale,Strata,53,"15,189",-,Apartment,1,Freehold,2016,Private,669232,23,66,West Region,Bukit Batok
THE MILTONIA RESIDENCES,"1,280,000","1,506.96",849,05 Mar 2018,554 MILTONIA CLOSE #01-76,Resale,Strata,140,"9,143",-,Condominium,1,99 yrs from 30/11/2010,2014,HDB,768121,27,76,North Region,Yishun
NEW FUTURA,"4,040,000","1,280.92","3,154",05 Mar 2018,18 LEONIE HILL ROAD #06-05,Resale,Strata,119,"33,950",-,Condominium,1,Freehold,2017,HDB,239199,09,23,Central Region,River Valley
NEEM TREE,"1,399,800",818.06,"1,711",05 Mar 2018,30 JALAN KEMAMAN #15-02,New Sale,Strata,76,"18,418",-,Apartment,1,Freehold,Uncompleted,Private,329341,12,32,Central Region,Novena
THE SPRINGBLOOM,"1,620,000","1,431.61","1,132",05 Mar 2018,145 SERANGOON AVENUE 3 #15-06,Resale,Strata,133,"12,180",-,Condominium,1,99 yrs from 01/03/1995,1999,Private,556122,19,55,North East Region,Serangoon
NINETEEN SHELFORD ROAD,"1,430,000",828.83,"1,725",05 Mar 2018,19 SHELFORD ROAD #09-03,Resale,Strata,77,"18,571",-,Condominium,1,Freehold,1997,Private,288408,11,28,Central Region,Bukit Timah
REFLECTIONS AT KEPPEL BAY,"1,950,000","1,087.16","1,794",05 Mar 2018,29 KEPPEL BAY VIEW #12-87,Resale,Strata,101,"19,307",-,Condominium,1,99 yrs from 15/03/2006,2011,Private,098417,04,09,Central Region,Bukit Merah
GRANDEUR PARK RESIDENCES,"2,161,112","1,453.14","1,487",05 Mar 2018,5 BEDOK SOUTH AVENUE 3 #10-25,New Sale,Strata,135,"16,008",-,Condominium,1,99 yrs from 25/05/2016,Uncompleted,N.A,465463,16,46,East Region,Bedok
EAST BAY GARDENS,"1,420,000","1,711.48",830,05 Mar 2018,91 LORONG G TELOK KURAU #01-07,Resale,Strata,159,"8,931",-,Apartment,1,99 yrs from 01/01/1995,1995,Private,426282,15,42,East Region,Bedok
FAR HORIZON GARDENS,"990,000","1,194.8",829,05 Mar 2018,7 ANG MO KIO AVENUE 9 #02-03,Resale,Strata,111,"8,919",-,Condominium,1,99 yrs from 08/03/1982,1986,Private,569761,20,56,North East Region,Ang Mo Kio
OPTIMA @ TANAH MERAH,"1,626,888","1,420.85","1,145",05 Mar 2018,78 TANAH MERAH KECHIL AVENUE #02-02,Resale,Strata,132,"12,325",-,Condominium,1,99 yrs from 09/12/2008,2012,Private,465538,16,46,East Region,Bedok
THE QUARTZ,"1,124,000","1,151.75",976,05 Mar 2018,63 COMPASSVALE BOW #17-28,Resale,Strata,107,"10,505",-,Condominium,1,99 yrs from 18/04/2005,2009,Private,544990,19,54,North East Region,Sengkang
PARC BOTANNIA,"640,000",505.91,"1,265",05 Mar 2018,12 FERNVALE STREET #08-10,New Sale,Strata,47,"13,617",-,Condominium,1,99 yrs from 28/12/2016,Uncompleted,HDB,797391,28,79,North East Region,Sengkang
Q BAY RESIDENCES,"920,000",828.83,"1,110",05 Mar 2018,3 TAMPINES STREET 86 #04-15,Resale,Strata,77,"11,948",-,Condominium,1,99 yrs from 21/08/2012,2016,HDB,528584,18,52,East Region,Tampines
THE CREST,"2,133,000","1,216.33","1,754",05 Mar 2018,101 PRINCE CHARLES CRESCENT #02-01,Resale,Strata,113,"18,876",-,Condominium,1,99 yrs from 21/12/2012,2017,HDB,159017,03,15,Central Region,Bukit Merah
CARISSA PARK CONDOMINIUM,"990,000","1,280.92",773,05 Mar 2018,2 FLORA DRIVE #04-51,Resale,Strata,119,"8,319",-,Condominium,1,Freehold,2001,HDB,507025,17,50,East Region,Pasir Ris
SOPHIA RESIDENCE,"2,000,000","1,140.98","1,753",05 Mar 2018,5 SOPHIA ROAD #05-04,Resale,Strata,106,"18,868",-,Condominium,1,Freehold,2014,Private,228191,09,22,Central Region,Rochor
PARBURY HILL CONDOMINIUM,"1,300,000","1,184.04","1,098",05 Mar 2018,36 PARBURY AVENUE #01-07,Resale,Strata,110,"11,818",-,Condominium,1,Freehold,1997,Private,467303,16,46,East Region,Bedok
THE INTERLACE,"1,100,000",807.3,"1,363",05 Mar 2018,190 DEPOT ROAD #07-18,Resale,Strata,75,"14,667",-,Condominium,1,99 yrs from 11/02/2009,2013,Private,109689,04,10,Central Region,Bukit Merah
THE SPRINGBLOOM,"1,415,000","1,302.44","1,086",05 Mar 2018,143 SERANGOON AVENUE 3 #10-01,Resale,Strata,121,"11,694",-,Condominium,1,99 yrs from 01/03/1995,1999,Private,556121,19,55,North East Region,Serangoon
CARLYX GREEN,"1,170,000",936.47,"1,249",05 Mar 2018,41 CARLISLE ROAD #04-02,Resale,Strata,87,"13,448",-,Apartment,1,Freehold,2007,HDB,219606,08,21,Central Region,Kallang
LOTUS AT JERVOIS,"46,300,000","19,741.18","2,345",05 Mar 2018,31 ENBLOC JERVOIS ROAD,Resale,Land,"1,834","25,245",-,Apartment,20,Freehold,-,Private,249080,10,24,Central Region,Tanglin
HILLINGTON GREEN,"2,225,000","2,464.96",903,05 Mar 2018,49 HILLVIEW AVENUE #10-08,Resale,Strata,229,"9,716",-,Condominium,1,999 yrs from 19/05/1883,2002,HDB,669615,23,66,West Region,Bukit Batok
LEEDON RESIDENCE,"12,500,000","6,566.04","1,904",05 Mar 2018,18 LEEDON HEIGHTS #01-25,Resale,Strata,610,"20,492",-,Condominium,1,Freehold,2015,Private,267938,10,26,Central Region,Bukit Timah
THE SOVEREIGN,"5,280,000","2,637.18","2,002",05 Mar 2018,99 MEYER ROAD #18-01,Resale,Strata,245,"21,551",-,Condominium,1,Freehold,1993,Private,437920,15,43,Central Region,Marine Parade
SOMMERVILLE LOFT,"1,550,000","2,174.33",713,05 Mar 2018,7 SOMMERVILLE WALK #05-04,Resale,Strata,202,"7,673",-,Apartment,1,Freehold,2003,HDB,358178,13,35,North East Region,Serangoon
GLENDALE PARK,"1,900,000","1,582.31","1,201",05 Mar 2018,23 HILLVIEW AVENUE #01-05,Resale,Strata,147,"12,925",-,Condominium,1,Freehold,2000,Private,669557,23,66,West Region,Bukit Batok
THE VISION,"1,080,000",904.18,"1,194",06 Mar 2018,79 WEST COAST CRESCENT #07-04,Resale,Strata,84,"12,857",-,Condominium,1,99 yrs from 25/06/2008,2014,HDB,126793,05,12,West Region,Clementi
CENTRAL GROVE,"1,070,000","1,237.86",864,06 Mar 2018,1 GEYLANG EAST AVENUE 1 #02-07,Resale,Strata,115,"9,304",-,Condominium,1,99 yrs from 18/07/1997,2001,Private,389778,14,38,Central Region,Geylang
WALLICH RESIDENCE,"1,930,000",613.55,"3,146",06 Mar 2018,3 WALLICH STREET #40-04,New Sale,Strata,57,"33,860",-,Apartment,1,99 yrs from 21/02/2011,2017,Private,078882,02,07,Central Region,Downtown Core
CITY LOFT,"960,000",839.59,"1,143",06 Mar 2018,363 RACE COURSE ROAD #06-02,Resale,Strata,78,"12,308",-,Apartment,1,Freehold,2012,Private,218636,08,21,Central Region,Kallang
GRANDEUR PARK RESIDENCES,"1,140,112",667.37,"1,708",06 Mar 2018,9 BEDOK SOUTH AVENUE 3 #09-38,New Sale,Strata,62,"18,389",-,Condominium,1,99 yrs from 25/05/2016,Uncompleted,N.A,465465,16,46,East Region,Bedok
SHERWOOD TOWER,"662,800",828.83,800,06 Mar 2018,3 JALAN ANAK BUKIT #03-05,Resale,Strata,77,"8,608",-,Apartment,1,99 yrs from 30/08/1976,1980,HDB,588998,21,58,Central Region,Bukit Timah
MARINA ONE RESIDENCES,"2,512,300","1,140.98","2,202",06 Mar 2018,21 MARINA WAY #07-02,New Sale,Strata,106,"23,701",-,Apartment,1,99 yrs from 01/07/2011,2017,Private,018978,01,01,Central Region,Downtown Core
VIDA,"1,670,000",850.36,"1,964",06 Mar 2018,5 PECK HAY ROAD #14-02,Resale,Strata,79,"21,139",-,Apartment,1,Freehold,2009,HDB,228307,09,22,Central Region,Newton
ALEXIS,"695,000",409.03,"1,699",06 Mar 2018,356 ALEXANDRA ROAD #05-27,Resale,Strata,38,"18,289",-,Apartment,1,Freehold,2012,Private,159949,03,15,Central Region,Queenstown
COSTA DEL SOL,"1,850,000","1,560.78","1,185",06 Mar 2018,72 BAYSHORE ROAD #06-15,Resale,Strata,145,"12,759",-,Condominium,1,99 yrs from 05/05/1997,2004,Private,469988,16,46,East Region,Bedok
THE INSPIRA,"1,820,000",947.23,"1,921",06 Mar 2018,11 ARNASALAM CHETTY ROAD #13-01,Resale,Strata,88,"20,682",-,Condominium,1,Freehold,2009,Private,239949,09,23,Central Region,River Valley
THE BROOKS I,"1,083,523",818.06,"1,324",06 Mar 2018,60 SPRINGSIDE WALK #02-05,Resale,Strata,76,"14,257",-,Apartment,1,Freehold,2016,HDB,786020,26,78,North Region,Yishun
KALLANG RIVERSIDE,"2,160,110","1,033.34","2,090",06 Mar 2018,51 KAMPONG BUGIS #08-05,New Sale,Strata,96,"22,501",-,Apartment,1,Freehold,Uncompleted,Private,338986,12,33,Central Region,Kallang
26 NEWTON,"2,161,372",947.23,"2,282",06 Mar 2018,26 NEWTON ROAD #25-01,Resale,Strata,88,"24,561",-,Apartment,1,Freehold,2016,Private,307957,11,30,Central Region,Novena
CITY SUITES,"896,000",527.44,"1,699",06 Mar 2018,235 BALESTIER ROAD #06-01,New Sale,Strata,49,"18,286",-,Apartment,1,Freehold,2017,N.A,329699,12,32,Central Region,Novena
CITY SUITES,"923,000",527.44,"1,750",06 Mar 2018,235 BALESTIER ROAD #06-02,New Sale,Strata,49,"18,837",-,Apartment,1,Freehold,2017,Private,329699,12,32,Central Region,Novena
THE MAYLEA,"1,280,000","1,022.58","1,252",06 Mar 2018,242K PASIR PANJANG ROAD #01-17,Resale,Strata,95,"13,474",-,Condominium,1,Freehold,2008,HDB,117489,05,11,Central Region,Queenstown
VIVACE,"1,130,000",570.49,"1,981",06 Mar 2018,19 TONG WATT ROAD #08-07,Resale,Strata,53,"21,321",-,Apartment,1,999 yrs from 01/07/1841,2012,Private,238011,09,23,Central Region,River Valley
PALMERA RESIDENCE,"1,496,000","1,291.68","1,158",06 Mar 2018,38 LORONG N TELOK KURAU #03-08,Resale,Strata,120,"12,467",-,Apartment,1,Freehold,2010,Private,425163,15,42,East Region,Bedok
TREE HOUSE,"1,520,000","1,550.02",981,06 Mar 2018,60 CHESTNUT AVENUE #01-01,Resale,Strata,144,"10,556",-,Condominium,1,99 yrs from 23/11/2009,2013,Private,679517,23,67,West Region,Bukit Panjang
THE TRIZON,"3,500,000","1,959.05","1,787",06 Mar 2018,2 RIDGEWOOD CLOSE #15-02,Resale,Strata,182,"19,231",-,Condominium,1,Freehold,2012,Private,276693,10,27,Central Region,Bukit Timah
SOPHIA HILLS,"2,200,000",958,"2,296",06 Mar 2018,23 MOUNT SOPHIA #02-81,New Sale,Strata,89,"24,719",-,Condominium,1,99 yrs from 10/12/2013,Uncompleted,N.A,228476,09,22,Central Region,Rochor
THE MADEIRA,"1,020,000","1,302.44",783,06 Mar 2018,52 BUKIT BATOK STREET 31 #03-10,Resale,Strata,121,"8,430",-,Condominium,1,99 yrs from 14/08/2000,2003,HDB,659443,23,65,West Region,Bukit Batok
ECHELON,"1,550,000","1,001.05","1,548",06 Mar 2018,9 ALEXANDRA VIEW #04-12,Resale,Strata,93,"16,667",-,Condominium,1,99 yrs from 06/03/2012,2016,HDB,158742,03,15,Central Region,Bukit Merah
PARKSUITES,"1,279,036",581.26,"2,139",06 Mar 2018,26 HOLLAND GROVE ROAD #02-29,New Sale,Strata,54,"23,024","1,243,275",Apartment,1,110 yrs from 01/11/2017,Uncompleted,Private,278804,10,27,Central Region,Bukit Timah
ONE ST MICHAEL'S,"1,580,000","1,248.62","1,265",06 Mar 2018,1 ST. MICHAEL'S ROAD #13-01,Resale,Strata,116,"13,621",-,Condominium,1,Freehold,2009,Private,328006,12,32,Central Region,Kallang
GUILIN COURT,"900,000","1,162.51",774,06 Mar 2018,10 LORONG 26 GEYLANG #05-01,Resale,Strata,108,"8,333",-,Apartment,1,Freehold,1995,HDB,398485,14,39,Central Region,Geylang
THE CLEMENT CANOPY,"1,474,000",990.29,"1,488",06 Mar 2018,16 CLEMENTI AVENUE 1 #32-02,New Sale,Strata,92,"16,022",-,Apartment,1,99 yrs from 09/03/2016,Uncompleted,HDB,129960,05,12,West Region,Clementi
GRANDEUR PARK RESIDENCES,"1,057,112",667.37,"1,584",06 Mar 2018,3 BEDOK SOUTH AVENUE 3 #02-19,New Sale,Strata,62,"17,050",-,Condominium,1,99 yrs from 25/05/2016,Uncompleted,HDB,465462,16,46,East Region,Bedok
26 NEWTON,"1,618,000",613.55,"2,637",06 Mar 2018,26 NEWTON ROAD #15-07,Resale,Strata,57,"28,386",-,Apartment,1,Freehold,2016,Private,307957,11,30,Central Region,Novena
BLUWATERS 2,"1,000,000","1,108.69",902,06 Mar 2018,205 JALAN LOYANG BESAR #02-01,Resale,Strata,103,"9,709",-,Condominium,1,946 yrs from 01/01/1938,2010,Private,509456,17,50,East Region,Pasir Ris
TANGLIN REGENCY,"1,490,000","1,108.69","1,344",06 Mar 2018,383 TANGLIN ROAD #03-02,Resale,Strata,103,"14,466",-,Condominium,1,99 yrs from 01/05/1994,1998,Private,247966,10,24,Central Region,Bukit Merah
THE TRILINQ,"1,632,000","1,345.5","1,213",06 Mar 2018,28 JALAN LEMPENG #06-05,New Sale,Strata,125,"13,056",-,Condominium,1,99 yrs from 16/04/2012,2017,HDB,128807,05,12,West Region,Clementi
SUNRISE GARDENS,"885,000","1,291.68",685,06 Mar 2018,53 SUNRISE AVENUE #01-24,Resale,Strata,120,"7,375",-,Condominium,1,99 yrs from 24/06/1995,1998,Private,806746,28,80,North East Region,Ang Mo Kio
BARTLEY RIDGE,"1,340,000",968.76,"1,383",06 Mar 2018,30 MOUNT VERNON ROAD #09-05,Resale,Strata,90,"14,889",-,Condominium,1,99 yrs from 16/04/2012,2016,Private,368055,13,36,Central Region,Toa Payoh
VIBES @ EAST COAST,"778,888",613.55,"1,269",06 Mar 2018,308 TELOK KURAU ROAD #05-31,Resale,Strata,57,"13,665",-,Apartment,1,Freehold,2014,HDB,423858,15,42,East Region,Bedok
CAIRNHILL CREST,"3,550,000","1,733","2,048",06 Mar 2018,2 CAIRNHILL CIRCLE #07-03,Resale,Strata,161,"22,050",-,Condominium,1,Freehold,2004,Private,229811,09,22,Central Region,Newton
PARC RIVIERA,"1,503,000","1,184.04","1,269",06 Mar 2018,101 WEST COAST VALE #11-11,New Sale,Strata,110,"13,664",-,Condominium,1,99 yrs from 11/11/2015,Uncompleted,Private,126753,05,12,West Region,Clementi
THE TRILINQ,"1,438,000","1,334.74","1,077",06 Mar 2018,28A JALAN LEMPENG #02-13,New Sale,Strata,124,"11,597",-,Condominium,1,99 yrs from 16/04/2012,2017,N.A,128808,05,12,West Region,Clementi
REFLECTIONS AT KEPPEL BAY,"1,690,000",979.52,"1,725",06 Mar 2018,29 KEPPEL BAY VIEW #19-86,Resale,Strata,91,"18,571",-,Condominium,1,99 yrs from 15/03/2006,2011,Private,098417,04,09,Central Region,Bukit Merah
PARK 1 SUITES,"1,508,000","1,205.57","1,251",06 Mar 2018,8 LORONG 40 GEYLANG #02-05,New Sale,Strata,112,"13,464",-,Apartment,1,Freehold,2017,Private,398054,14,39,Central Region,Geylang
THE WARREN,"1,520,000","1,862.17",816,06 Mar 2018,45 CHOA CHU KANG LOOP #14-13,Resale,Strata,173,"8,786",-,Condominium,1,99 yrs from 21/06/2001,2004,Private,689679,23,68,West Region,Choa Chu Kang
THE NAVIAN,"1,085,000",656.6,"1,652",06 Mar 2018,178 JALAN EUNOS #04-11,New Sale,Strata,61,"17,787",-,Apartment,1,Freehold,Uncompleted,N.A,419530,14,41,East Region,Bedok
ARTRA,"1,523,700",785.77,"1,939",06 Mar 2018,10 ALEXANDRA VIEW #28-04,New Sale,Strata,73,"20,873",-,Apartment,1,99 yrs from 15/02/2016,Uncompleted,HDB,158745,03,15,Central Region,Bukit Merah
VALLEY PARK,"2,730,000","1,700.71","1,605",06 Mar 2018,475 RIVER VALLEY ROAD #17-04,Resale,Strata,158,"17,278",-,Condominium,1,999 yrs from 21/06/1877,1997,HDB,248360,10,24,Central Region,Tanglin
EAST MEADOWS,"1,160,000","1,227.1",945,06 Mar 2018,34 TANAH MERAH KECHIL ROAD #08-31,Resale,Strata,114,"10,175",-,Condominium,1,99 yrs from 02/03/1998,2002,Private,465560,16,46,East Region,Bedok
CITY SQUARE RESIDENCES,"1,405,000",871.88,"1,611",06 Mar 2018,10 KITCHENER LINK #11-17,Resale,Strata,81,"17,346",-,Condominium,1,Freehold,2008,HDB,207225,08,20,Central Region,Kallang
38 I SUITES,"780,000",484.38,"1,610",06 Mar 2018,38 IPOH LANE #15-04,Resale,Strata,45,"17,333",-,Apartment,1,Freehold,2014,HDB,438646,15,43,Central Region,Geylang
D'NEST,"830,000",753.48,"1,102",06 Mar 2018,129 PASIR RIS GROVE #09-12,Resale,Strata,70,"11,857",-,Condominium,1,99 yrs from 20/10/2010,2017,HDB,518179,18,51,East Region,Pasir Ris
EUHABITAT,"688,888",516.67,"1,333",06 Mar 2018,222 JALAN EUNOS #04-110,Resale,Strata,48,"14,352",-,Condominium,1,99 yrs from 06/12/2010,2015,HDB,415871,14,41,East Region,Bedok
CITY SUITES,"963,300",527.44,"1,826",06 Mar 2018,235 BALESTIER ROAD #12-02,New Sale,Strata,49,"19,659",-,Apartment,1,Freehold,2017,Private,329699,12,32,Central Region,Novena
RIPPLE BAY,"803,000",775.01,"1,036",07 Mar 2018,16 PASIR RIS LINK #02-59,Resale,Strata,72,"11,153",-,Condominium,1,99 yrs from 10/08/2011,2015,HDB,518166,18,51,East Region,Pasir Ris
THE HILLFORD,"590,000",505.91,"1,166",07 Mar 2018,170 JALAN JURONG KECHIL #01-03,Resale,Strata,47,"12,553",-,Apartment,1,60 yrs from 19/02/2013,2016,HDB,596181,21,59,Central Region,Bukit Timah
HILLION RESIDENCES,"768,000",462.85,"1,659",07 Mar 2018,8 JELEBU ROAD #13-03,Sub Sale,Strata,43,"17,860",-,Apartment,1,99 yrs from 04/01/2013,2017,HDB,677671,23,67,West Region,Bukit Panjang
NEEM TREE,"1,193,600",710.42,"1,680",07 Mar 2018,30 JALAN KEMAMAN #10-01,New Sale,Strata,66,"18,085",-,Apartment,1,Freehold,Uncompleted,Private,329341,12,32,Central Region,Novena
MARTIN MODERN,"2,111,240",764.24,"2,763",07 Mar 2018,10 MARTIN PLACE #03-14,New Sale,Strata,71,"29,736",-,Condominium,1,99 yrs from 28/09/2016,Uncompleted,Private,237963,09,23,Central Region,River Valley
THE SANTORINI,"920,000",914.94,"1,006",07 Mar 2018,31 TAMPINES STREET 86 #14-32,New Sale,Strata,85,"10,824",-,Condominium,1,99 yrs from 16/10/2013,2017,Private,528572,18,52,East Region,Tampines
THE MINTON,"1,300,000","1,216.33","1,069",07 Mar 2018,6B HOUGANG STREET 11 #11-17,Resale,Strata,113,"11,504",-,Condominium,1,99 yrs from 27/07/2007,2013,Private,534083,19,53,North East Region,Hougang
PARC BOTANNIA,"663,000",505.91,"1,311",07 Mar 2018,10 FERNVALE STREET #10-09,New Sale,Strata,47,"14,106",-,Condominium,1,99 yrs from 28/12/2016,Uncompleted,HDB,797390,28,79,North East Region,Sengkang
PARC CENTROS,"1,205,888","1,140.98","1,057",07 Mar 2018,88 PUNGGOL CENTRAL #03-18,Resale,Strata,106,"11,376",-,Condominium,1,99 yrs from 19/03/2012,2016,HDB,828721,19,82,North East Region,Punggol
FORTE SUITES,"1,367,000",678.13,"2,016",07 Mar 2018,88 MERGUI ROAD #19-05,New Sale,Strata,63,"21,698",-,Apartment,1,Freehold,2016,Private,219062,08,21,Central Region,Kallang
M21,"2,400,000","1,754.53","1,368",07 Mar 2018,21 MANDALAY ROAD #10-03,Resale,Strata,163,"14,724",-,Apartment,1,Freehold,2010,Private,308208,11,30,Central Region,Novena
DAKOTA RESIDENCES,"1,700,000","1,313.21","1,295",07 Mar 2018,34 DAKOTA CRESCENT #03-04,Resale,Strata,122,"13,934",-,Condominium,1,99 yrs from 11/09/2007,2010,Private,399936,14,39,Central Region,Geylang
MEADOWS @ PEIRCE,"2,480,000","2,583.36",960,07 Mar 2018,626 UPPER THOMSON ROAD #05-36,Resale,Strata,240,"10,333",-,Condominium,1,Freehold,2012,HDB,787130,26,78,North East Region,Ang Mo Kio
ARTRA,"1,678,300",828.83,"2,025",07 Mar 2018,10 ALEXANDRA VIEW #33-03,New Sale,Strata,77,"21,796",-,Apartment,1,99 yrs from 15/02/2016,Uncompleted,HDB,158745,03,15,Central Region,Bukit Merah
ONE AMBER,"2,448,000","1,334.74","1,834",07 Mar 2018,1 AMBER GARDENS #10-07,Resale,Strata,124,"19,742",-,Condominium,1,Freehold,2010,Private,439957,15,43,Central Region,Marine Parade
COMPASS HEIGHTS,"945,000","1,054.87",896,07 Mar 2018,9 SENGKANG SQUARE #10-15,Resale,Strata,98,"9,643",-,Apartment,1,99 yrs from 30/04/2000,2002,Private,545075,19,54,North East Region,Sengkang
CASA ROSA,"1,038,000","1,280.92",810,07 Mar 2018,35 LORONG ONG LYE #01-02,Resale,Strata,119,"8,723",-,Condominium,1,99 yrs from 02/02/1998,2001,HDB,536443,19,53,North East Region,Serangoon
MONTVIEW,"2,450,000","1,506.96","1,626",07 Mar 2018,63 MOUNT SINAI DRIVE #21-05,Resale,Strata,140,"17,500",-,Condominium,1,Freehold,2008,Private,277116,10,27,Central Region,Bukit Timah
HILLTOPS,"4,545,000","1,593.07","2,853",07 Mar 2018,101 CAIRNHILL CIRCLE #03-03,Resale,Strata,148,"30,709",-,Condominium,1,Freehold,2011,Private,229809,09,22,Central Region,Newton
THE TROPICA,"1,380,000","1,506.96",916,07 Mar 2018,57 TAMPINES AVENUE 1 #09-03,Resale,Strata,140,"9,857",-,Condominium,1,99 yrs from 04/12/1996,2000,Private,529774,18,52,East Region,Tampines
SIMS URBAN OASIS,"2,153,200","1,442.38","1,493",07 Mar 2018,6 SIMS DRIVE #16-25,New Sale,Strata,134,"16,069",-,Condominium,1,99 yrs from 29/07/2014,2017,Private,387388,14,38,Central Region,Geylang
ECHELON,"2,920,000","1,571.54","1,858",07 Mar 2018,7 ALEXANDRA VIEW #39-05,Resale,Strata,146,"20,000",-,Condominium,1,99 yrs from 06/03/2012,2016,Private,158741,03,15,Central Region,Bukit Merah
LA FIESTA,"1,440,000","1,194.8","1,205",07 Mar 2018,50 SENGKANG SQUARE #01-04,Resale,Strata,111,"12,973",-,Condominium,1,99 yrs from 03/09/2012,2016,HDB,544830,19,54,North East Region,Sengkang
PARC BLEU,"565,000",441.32,"1,280",07 Mar 2018,262 JOO CHIAT PLACE #02-01,Resale,Strata,41,"13,780",-,Apartment,1,Freehold,2013,HDB,427944,15,42,East Region,Bedok
LA FIESTA,"1,030,000",839.59,"1,227",07 Mar 2018,72 SENGKANG SQUARE #09-49,Resale,Strata,78,"13,205",-,Condominium,1,99 yrs from 03/09/2012,2016,HDB,544706,19,54,North East Region,Sengkang
KOVAN MELODY,"1,070,000",893.41,"1,198",07 Mar 2018,21 KOVAN ROAD #11-13,Resale,Strata,83,"12,892",-,Condominium,1,99 yrs from 20/01/2004,2006,Private,548192,19,54,North East Region,Hougang
WATERFRONT WAVES,"1,800,000","1,571.54","1,145",07 Mar 2018,760 BEDOK RESERVOIR ROAD #06-02,Resale,Strata,146,"12,329",-,Condominium,1,99 yrs from 31/10/2007,2011,Private,479245,16,47,East Region,Bedok
SANCTUARY @ 813,"1,020,000","1,022.58",997,07 Mar 2018,813 UPPER SERANGOON ROAD #05-02,Resale,Strata,95,"10,737",-,Apartment,1,Freehold,2011,Private,534085,19,53,North East Region,Hougang
RIVEREDGE,"2,027,000","1,593.07","1,272",07 Mar 2018,21 SAMPAN PLACE #07-10,Resale,Strata,148,"13,696",-,Condominium,1,99 yrs from 26/02/2004,2008,Private,436593,15,43,Central Region,Kallang
CALLIDORA VILLE,"875,555",742.72,"1,179",07 Mar 2018,19 LORONG N TELOK KURAU #02-01,Resale,Strata,69,"12,689",-,Apartment,1,Freehold,2009,Private,425145,15,42,East Region,Bedok
ROSEWOOD SUITES,"1,000,000","1,259.39",794,07 Mar 2018,65 ROSEWOOD DRIVE #03-28,Resale,Strata,117,"8,547",-,Condominium,1,99 yrs from 25/02/2008,2011,HDB,737875,25,73,North Region,Woodlands
BARTLEY RIDGE,"695,000",462.85,"1,502",07 Mar 2018,46 MOUNT VERNON ROAD #06-47,Resale,Strata,43,"16,163",-,Condominium,1,99 yrs from 16/04/2012,2016,Private,368063,13,36,Central Region,Toa Payoh
LEEDON RESIDENCE,"11,400,000","5,694.16","2,002",07 Mar 2018,16 LEEDON HEIGHTS #11-22,Resale,Strata,529,"21,550",-,Condominium,1,Freehold,2015,HDB,267937,10,26,Central Region,Bukit Timah
ARTRA,"2,216,400","1,227.1","1,806",07 Mar 2018,10 ALEXANDRA VIEW #33-02,New Sale,Strata,114,"19,442",-,Apartment,1,99 yrs from 15/02/2016,Uncompleted,Private,158745,03,15,Central Region,Bukit Merah
OLEANAS RESIDENCE,"2,540,000","1,668.42","1,522",07 Mar 2018,42 KIM YAM ROAD #17-02,Resale,Strata,155,"16,387",-,Condominium,1,Freehold,1999,Private,239347,09,23,Central Region,River Valley
IRIDIUM,"1,550,000",914.94,"1,694",07 Mar 2018,11 LINCOLN ROAD #16-02,Resale,Strata,85,"18,235",-,Apartment,1,Freehold,2009,Private,308349,11,30,Central Region,Novena
THE CREST,"2,106,000","1,022.58","2,059",07 Mar 2018,107 PRINCE CHARLES CRESCENT #05-20,Resale,Strata,95,"22,168",-,Condominium,1,99 yrs from 21/12/2012,2017,HDB,159020,03,15,Central Region,Bukit Merah
SOLEIL @ SINARAN,"1,730,000",936.47,"1,847",07 Mar 2018,6 SINARAN DRIVE #28-08,Resale,Strata,87,"19,885",-,Condominium,1,99 yrs from 23/10/2006,2011,HDB,307468,11,30,Central Region,Novena
WEMBLY RESIDENCES,"1,500,888","1,560.78",962,07 Mar 2018,28 YIO CHU KANG ROAD #01-08,Resale,Strata,145,"10,351",-,Apartment,1,Freehold,2011,Private,545678,19,54,North East Region,Hougang
AZALEA PARK CONDOMINIUM,"1,200,000","1,334.74",899,07 Mar 2018,14 FLORA ROAD #04-08,Resale,Strata,124,"9,677",-,Condominium,1,999 yrs from 12/10/1885,1996,Private,509731,17,50,East Region,Pasir Ris
THE SOUND,"1,400,000",904.18,"1,548",07 Mar 2018,547 EAST COAST ROAD #02-16,Resale,Strata,84,"16,667",-,Condominium,1,Freehold,2013,HDB,429073,15,42,East Region,Bedok
AZALEA PARK CONDOMINIUM,"1,438,000","1,679.18",856,07 Mar 2018,10 FLORA ROAD #01-06,Resale,Strata,156,"9,218",-,Condominium,1,999 yrs from 12/10/1885,1996,Private,509729,17,50,East Region,Pasir Ris
SUNSHINE PLAZA,"1,535,000","1,313.21","1,169",07 Mar 2018,10 PRINSEP LINK #05-11,Resale,Strata,122,"12,582",-,Apartment,1,99 yrs from 19/03/1997,2001,Private,187948,07,18,Central Region,Rochor
GEM RESIDENCES,"1,188,000",678.13,"1,752",07 Mar 2018,3 LORONG 5 TOA PAYOH #04-14,New Sale,Strata,63,"18,857",-,Condominium,1,99 yrs from 21/09/2015,Uncompleted,Private,319459,12,31,Central Region,Toa Payoh
SOPHIA HILLS,"2,769,000","1,313.21","2,109",07 Mar 2018,27 MOUNT SOPHIA #01-99,New Sale,Strata,122,"22,697",-,Condominium,1,99 yrs from 10/12/2013,Uncompleted,N.A,228478,09,22,Central Region,Rochor
SOPHIA RESIDENCE,"2,240,000","1,453.14","1,541",07 Mar 2018,15 SOPHIA ROAD #09-30,Resale,Strata,135,"16,593",-,Condominium,1,Freehold,2014,HDB,228196,09,22,Central Region,Rochor
TREVISTA,"1,270,000","1,140.98","1,113",07 Mar 2018,23 LORONG 3 TOA PAYOH #02-10,Resale,Strata,106,"11,981",-,Condominium,1,99 yrs from 15/07/2008,2011,Private,319582,12,31,Central Region,Toa Payoh
PARKSUITES,"1,752,275",785.77,"2,160",07 Mar 2018,26 HOLLAND GROVE ROAD #03-37,New Sale,Strata,73,"23,255","1,697,584",Apartment,1,110 yrs from 01/11/2017,Uncompleted,Private,278804,10,27,Central Region,Bukit Timah
HUME PARK II,"1,060,000",968.76,"1,094",08 Mar 2018,19 HUME AVENUE #10-04,Resale,Strata,90,"11,778",-,Condominium,1,Freehold,1997,Private,598727,21,59,West Region,Bukit Batok
WATERMARK ROBERTSON QUAY,"2,380,000","1,280.92","1,858",08 Mar 2018,3 RODYK STREET #06-17,Resale,Strata,119,"20,000",-,Apartment,1,Freehold,2008,HDB,238213,09,23,Central Region,Singapore River
SPRINGDALE CONDOMINIUM,"1,500,000","1,388.56","1,080",08 Mar 2018,49 HINDHEDE WALK #10-01,Resale,Strata,129,"11,628",-,Condominium,1,999 yrs from 21/06/1877,1998,Private,587976,21,58,West Region,Bukit Panjang
THE PALETTE,"920,000",893.41,"1,030",08 Mar 2018,105 PASIR RIS GROVE #12-09,Resale,Strata,83,"11,084",-,Condominium,1,99 yrs from 20/10/2010,2015,Private,518197,18,51,East Region,Pasir Ris
EAST MEADOWS,"1,280,000","1,345.5",951,08 Mar 2018,32 TANAH MERAH KECHIL ROAD #01-14,Resale,Strata,125,"10,240",-,Condominium,1,99 yrs from 02/03/1998,2002,Private,465559,16,46,East Region,Bedok
GUILIN VIEW,"755,000",861.12,877,08 Mar 2018,26 BUKIT BATOK STREET 52 #13-04,Resale,Strata,80,"9,438",-,Condominium,1,99 yrs from 24/04/1996,2000,Private,659247,23,65,West Region,Bukit Batok
SKYLINE RESIDENCES,"2,200,000","1,345.5","1,635",08 Mar 2018,610 TELOK BLANGAH ROAD #03-08,Resale,Strata,125,"17,600",-,Condominium,1,Freehold,2015,HDB,109025,04,10,Central Region,Bukit Merah
REFLECTIONS AT KEPPEL BAY,"2,485,000","1,625.36","1,529",08 Mar 2018,23 KEPPEL BAY VIEW #04-71,Resale,Strata,151,"16,457",-,Condominium,1,99 yrs from 15/03/2006,2011,Private,098414,04,09,Central Region,Bukit Merah
SOLEIL @ SINARAN,"1,640,000",936.47,"1,751",08 Mar 2018,2 SINARAN DRIVE #11-07,Resale,Strata,87,"18,851",-,Condominium,1,99 yrs from 23/10/2006,2011,Private,307467,11,30,Central Region,Novena
THE LINE @ TANJONG RHU,"993,280",430.56,"2,307",08 Mar 2018,6 TANJONG RHU ROAD #02-01,Resale,Strata,40,"24,832",-,Condominium,1,Freehold,2016,Private,436883,15,43,Central Region,Kallang
THE PALETTE,"1,100,000","1,151.75",955,08 Mar 2018,109 PASIR RIS GROVE #06-21,Resale,Strata,107,"10,280",-,Condominium,1,99 yrs from 20/10/2010,2015,Private,518199,18,51,East Region,Pasir Ris
MUTIARA CREST,"2,150,000","1,334.74","1,611",08 Mar 2018,2 JALAN MUTIARA #15-01,Resale,Strata,124,"17,339",-,Apartment,1,Freehold,2000,Private,249183,10,24,Central Region,Tanglin
THE PALETTE,"880,000",871.88,"1,009",08 Mar 2018,111 PASIR RIS GROVE #10-26,Resale,Strata,81,"10,864",-,Condominium,1,99 yrs from 20/10/2010,2015,HDB,518170,18,51,East Region,Pasir Ris
LATITUDE,"3,380,000","1,614.6","2,093",08 Mar 2018,35 JALAN MUTIARA #03-05,Resale,Strata,150,"22,533",-,Condominium,1,Freehold,2010,Private,249210,10,24,Central Region,Tanglin
CLEMENTIWOODS CONDOMINIUM,"688,000",559.73,"1,229",08 Mar 2018,78 WEST COAST ROAD #03-08,Resale,Strata,52,"13,231",-,Condominium,1,99 yrs from 07/02/2006,2010,HDB,126815,05,12,West Region,Clementi
THE SUITES AT CENTRAL,"4,050,000","1,808.35","2,240",08 Mar 2018,57B DEVONSHIRE ROAD #28-05,Resale,Strata,168,"24,107",-,Condominium,1,Freehold,2009,Private,239899,09,23,Central Region,River Valley
THE EBONY,"540,000",365.98,"1,476",08 Mar 2018,35 LORONG MARICAN #03-06,Sub Sale,Strata,34,"15,882",-,Apartment,1,Freehold,2016,HDB,417216,14,41,East Region,Bedok
HILLVIEW REGENCY,"820,000",968.76,846,08 Mar 2018,26 BUKIT BATOK EAST AVENUE 2 #03-04,Resale,Strata,90,"9,111",-,Condominium,1,99 yrs from 20/06/2000,2005,HDB,659920,23,65,West Region,Bukit Batok
ESPA,"1,268,008","1,087.16","1,166",08 Mar 2018,12 CASHEW ROAD #02-10,Resale,Strata,101,"12,555",-,Condominium,1,999 yrs from 25/09/1882,2009,HDB,679693,23,67,West Region,Bukit Panjang
THE PEAK @ CAIRNHILL I,"1,660,000",688.9,"2,410",08 Mar 2018,51 CAIRNHILL CIRCLE #04-03,Resale,Strata,64,"25,938",-,Apartment,1,Freehold,2014,Private,229784,09,22,Central Region,Newton
8 NAPIER,"6,300,000","2,012.87","3,130",08 Mar 2018,8 NAPIER ROAD #07-01,Resale,Strata,187,"33,690",-,Condominium,1,Freehold,2010,Private,258502,10,25,Central Region,Tanglin
THE ARTE,"2,700,000","2,680.24","1,007",08 Mar 2018,21 JALAN RAJA UDANG #31-03,Resale,Strata,249,"10,843",-,Condominium,1,Freehold,2010,Private,329215,12,32,Central Region,Novena
NINETEEN SHELFORD ROAD,"1,500,000",936.47,"1,602",08 Mar 2018,19 SHELFORD ROAD #02-31,Resale,Strata,87,"17,241",-,Condominium,1,Freehold,1997,Private,288408,11,28,Central Region,Bukit Timah
OXFORD SUITES,"980,000",678.13,"1,445",08 Mar 2018,21 OXFORD ROAD #13-04,Resale,Strata,63,"15,556",-,Apartment,1,Freehold,2010,Private,218817,08,21,Central Region,Kallang
ONE JERVOIS,"3,168,000","1,948.28","1,626",08 Mar 2018,5 JERVOIS CLOSE #12-10,Resale,Strata,181,"17,503",-,Condominium,1,Freehold,2009,Private,249101,10,24,Central Region,Tanglin
Q BAY RESIDENCES,"1,850,000","1,614.6","1,146",08 Mar 2018,11 TAMPINES STREET 86 #12-31,Resale,Strata,150,"12,333",-,Condominium,1,99 yrs from 21/08/2012,2016,HDB,528588,18,52,East Region,Tampines
THE LINE @ TANJONG RHU,"1,338,600",581.26,"2,303",08 Mar 2018,6 TANJONG RHU ROAD #02-03,Resale,Strata,54,"24,789",-,Condominium,1,Freehold,2016,Private,436883,15,43,Central Region,Kallang
THE ESTUARY,"1,350,000","1,453.14",929,08 Mar 2018,99 YISHUN AVENUE 1 #09-37,Resale,Strata,135,"10,000",-,Condominium,1,99 yrs from 25/06/2008,2013,Private,769139,27,76,North Region,Yishun
TOHO MANSIONS,"120,428,000","47,659.76","2,527",08 Mar 2018,"186,188ETC ENBLOC HOLLAND ROAD",Resale,Strata,"4,427.7","27,199",-,Apartment,32,Freehold,-,Private,278583,10,27,Central Region,Bukit Timah
THE BLOSSOMVALE,"1,335,000",839.59,"1,590",08 Mar 2018,900 DUNEARN ROAD #08-17,Resale,Strata,78,"17,115",-,Condominium,1,999 yrs from 15/08/1884,1998,HDB,589473,21,58,Central Region,Bukit Timah
ECO,"860,000",592.02,"1,453",08 Mar 2018,283 BEDOK SOUTH AVENUE 3 #13-43,Resale,Strata,55,"15,636",-,Condominium,1,99 yrs from 14/05/2012,2017,Private,465460,16,46,East Region,Bedok
PARC OLYMPIA,"1,190,000","1,808.35",658,08 Mar 2018,66 FLORA DRIVE #08-63,Resale,Strata,168,"7,083",-,Condominium,1,99 yrs from 25/01/2012,2015,HDB,506861,17,50,East Region,Pasir Ris
SUNSHINE PLAZA,"1,350,000","1,044.11","1,293",08 Mar 2018,10 PRINSEP LINK #10-18,Resale,Strata,97,"13,918",-,Apartment,1,99 yrs from 19/03/1997,2001,HDB,187948,07,18,Central Region,Rochor
GOODVIEW APARTMENTS,"822,000","1,140.98",720,08 Mar 2018,6 LORONG 8 GEYLANG #02-02,Resale,Strata,106,"7,755",-,Apartment,1,Freehold,1994,Private,399077,14,39,Central Region,Geylang
BAYWATER,"1,080,000","1,280.92",843,08 Mar 2018,810 BEDOK RESERVOIR ROAD #08-12,Resale,Strata,119,"9,076",-,Condominium,1,99 yrs from 19/03/2001,2006,Private,479241,16,47,East Region,Bedok
D'LEEDON,"2,000,000","1,248.62","1,602",08 Mar 2018,13 LEEDON HEIGHTS #06-46,Resale,Strata,116,"17,241",-,Condominium,1,99 yrs from 08/04/2010,2014,Private,266224,10,26,Central Region,Bukit Timah
DE CENTURION,"1,580,000","1,044.11","1,513",08 Mar 2018,6A TANJONG RHU ROAD #06-01,Resale,Strata,97,"16,289",-,Apartment,1,Freehold,2010,Private,436884,15,43,Central Region,Kallang
WATERTOWN,"775,000",592.02,"1,309",08 Mar 2018,73 PUNGGOL CENTRAL #03-65,Sub Sale,Strata,55,"14,091",-,Apartment,1,99 yrs from 18/05/2011,2017,Private,828756,19,82,North East Region,Punggol
MARTIN MODERN,"2,230,620",871.88,"2,558",08 Mar 2018,8 MARTIN PLACE #15-04,New Sale,Strata,81,"27,539",-,Condominium,1,99 yrs from 28/09/2016,Uncompleted,Private,237992,09,23,Central Region,River Valley
TREVISTA,"1,268,000",893.41,"1,419",08 Mar 2018,25 LORONG 3 TOA PAYOH #20-14,Resale,Strata,83,"15,277",-,Condominium,1,99 yrs from 15/07/2008,2011,Private,319583,12,31,Central Region,Toa Payoh
URBAN VISTA,"800,000",559.73,"1,429",08 Mar 2018,4 TANAH MERAH KECHIL LINK #06-06,Resale,Strata,52,"15,385",-,Condominium,1,99 yrs from 05/11/2012,2016,HDB,465418,16,46,East Region,Bedok
LEVENUE,"655,000",495.14,"1,323",08 Mar 2018,55 LENGKONG EMPAT #09-02,Resale,Strata,46,"14,239",-,Apartment,1,Freehold,2014,Private,417642,14,41,East Region,Bedok
ESPIRA RESIDENCE,"1,295,000","1,550.02",835,08 Mar 2018,80 LORONG K TELOK KURAU #05-04,Resale,Strata,144,"8,993",-,Apartment,1,Freehold,2009,Private,425710,15,42,East Region,Bedok
SUMMERHILL,"1,990,000","1,603.84","1,241",08 Mar 2018,52 HUME AVENUE #02-04,Resale,Strata,149,"13,356",-,Condominium,1,Freehold,2002,HDB,596230,21,59,West Region,Bukit Batok
SPOTTISWOODE RESIDENCES,"1,557,500",796.54,"1,955",08 Mar 2018,48 SPOTTISWOODE PARK ROAD #19-02,Resale,Strata,74,"21,047",-,Condominium,1,Freehold,2013,HDB,088660,02,08,Central Region,Bukit Merah
PARK NATURA,"2,080,000","1,819.12","1,143",08 Mar 2018,31 BUKIT BATOK EAST AVENUE 6 #03-03,Resale,Strata,169,"12,308",-,Condominium,1,Freehold,2011,Private,659763,23,65,Central Region,Bukit Timah
DUNMAN VIEW,"1,165,650","1,227.1",950,08 Mar 2018,102 HAIG ROAD #05-08,Resale,Strata,114,"10,225",-,Condominium,1,99 yrs from 24/10/1997,2004,Private,438798,15,43,Central Region,Geylang
THE CREST,"2,799,000","1,377.79","2,032",08 Mar 2018,111 PRINCE CHARLES CRESCENT #05-29,Resale,Strata,128,"21,867",-,Condominium,1,99 yrs from 21/12/2012,2017,Private,159022,03,15,Central Region,Bukit Merah
PARC BOTANNIA,"680,000",505.91,"1,344",08 Mar 2018,12 FERNVALE STREET #13-18,New Sale,Strata,47,"14,468",-,Condominium,1,99 yrs from 28/12/2016,Uncompleted,HDB,797391,28,79,North East Region,Sengkang
LE CRESCENDO,"1,420,000","1,184.04","1,199",08 Mar 2018,233 PAYA LEBAR ROAD #08-05,Resale,Strata,110,"12,909",-,Condominium,1,Freehold,2006,Private,409044,14,40,Central Region,Geylang
ICON,"1,060,000",570.49,"1,858",08 Mar 2018,10 GOPENG STREET #13-08,Resale,Strata,53,"20,000",-,Apartment,1,99 yrs from 29/01/2002,2007,HDB,078878,02,07,Central Region,Downtown Core
COTE D'AZUR,"1,355,000","1,108.69","1,222",08 Mar 2018,68 MARINE PARADE ROAD #07-24,Resale,Strata,103,"13,155",-,Condominium,1,99 yrs from 25/07/2001,2004,Private,449301,15,44,Central Region,Marine Parade
SEASIDE RESIDENCES,"2,015,000","1,259.39","1,600",08 Mar 2018,16 SIGLAP LINK #02-24,New Sale,Strata,117,"17,222",-,Apartment,1,99 yrs from 18/04/2016,Uncompleted,N.A,448872,15,44,East Region,Bedok
FOREST HILLS CONDOMINIUM,"838,000","1,044.11",803,08 Mar 2018,29 TRANSIT ROAD #05-15,Resale,Strata,97,"8,639",-,Condominium,1,99 yrs from 10/02/2000,2003,HDB,778905,26,77,North Region,Yishun
EIGHT RIVERSUITES,"1,570,000","1,194.8","1,314",08 Mar 2018,2 WHAMPOA EAST #19-07,Resale,Strata,111,"14,144",-,Condominium,1,99 yrs from 11/07/2011,2016,Private,338517,12,33,Central Region,Kallang
SKY VUE,"1,190,000",796.54,"1,494",08 Mar 2018,3 BISHAN STREET 15 #07-19,Resale,Strata,74,"16,081",-,Condominium,1,99 yrs from 04/03/2013,2016,Private,573911,20,57,Central Region,Bishan
V ON SHENTON,"2,800,000","1,216.33","2,302",08 Mar 2018,5A SHENTON WAY #47-21,New Sale,Strata,113,"24,779",-,Apartment,1,99 yrs from 29/11/2011,2017,Private,068814,01,06,Central Region,Downtown Core
BAYOU RESIDENCE,"960,000",904.18,"1,062",08 Mar 2018,349 UPPER PAYA LEBAR ROAD #03-02,Resale,Strata,84,"11,429",-,Apartment,1,Freehold,2008,HDB,534957,19,53,North East Region,Serangoon
EUNOS PARK,"1,580,000","1,679.18",941,08 Mar 2018,5 KAMPONG EUNOS #04-12,Resale,Strata,156,"10,128",-,Condominium,1,Freehold,1995,Private,417771,14,41,East Region,Bedok
THE JADE,"1,430,000","1,883.7",759,08 Mar 2018,9 BUKIT BATOK CENTRAL LINK #01-02,Resale,Strata,175,"8,171",-,Condominium,1,99 yrs from 02/10/2001,2004,HDB,658074,23,65,West Region,Bukit Batok
THE PETALS,"1,760,000","1,765.3",997,08 Mar 2018,93 HILLVIEW AVENUE #06-25,Resale,Strata,164,"10,732",-,Condominium,1,Freehold,2002,Private,669626,23,66,West Region,Bukit Batok
PARC RIVIERA,"1,320,000","1,184.04","1,115",08 Mar 2018,103 WEST COAST VALE #07-22,New Sale,Strata,110,"12,000",-,Condominium,1,99 yrs from 11/11/2015,Uncompleted,HDB,126754,05,12,West Region,Clementi
EAST MEADOWS,"888,000",861.12,"1,031",08 Mar 2018,30 TANAH MERAH KECHIL ROAD #04-12,Resale,Strata,80,"11,100",-,Condominium,1,99 yrs from 02/03/1998,2001,Private,465558,16,46,East Region,Bedok
SELETAR SPRINGS CONDOMINIUM,"933,000","1,334.74",699,08 Mar 2018,100 GERALD DRIVE #02-84,Resale,Strata,124,"7,524",-,Condominium,1,99 yrs from 12/08/1997,2000,HDB,798592,28,79,North East Region,Hougang
GUILIN VIEW,"1,388,000","1,700.71",816,08 Mar 2018,20 BUKIT BATOK STREET 52 #20-02,Resale,Strata,158,"8,785",-,Condominium,1,99 yrs from 24/04/1996,1999,Private,659244,23,65,West Region,Bukit Batok
RIVERBANK @ FERNVALE,"585,000",495.14,"1,181",08 Mar 2018,15 FERNVALE CLOSE #04-24,Sub Sale,Strata,46,"12,717",-,Condominium,1,99 yrs from 10/07/2013,2017,HDB,797477,28,79,North East Region,Sengkang
THE ORIENT,"1,820,750",990.29,"1,839",08 Mar 2018,251 PASIR PANJANG ROAD #03-06,New Sale,Strata,92,"19,791",-,Apartment,1,Freehold,2017,Private,118610,05,11,Central Region,Queenstown
INTERNATIONAL PLAZA,"1,070,000","1,033.34","1,035",08 Mar 2018,10 ANSON ROAD #38-03,Resale,Strata,96,"11,146",-,Apartment,1,99 yrs from 02/06/1970,1976,Private,079903,02,07,Central Region,Downtown Core
GOODLUCK GARDEN,"610,000,000","326,515.18","1,868",08 Mar 2018,"32,34,36ETC ENBLOC TOH TUCK ROAD #03-04",Resale,Strata,"30,334","20,109",-,Condominium,210,Freehold,1984,N.A,596719,21,59,Central Region,Bukit Timah
FORTUNE JADE,"1,520,000","1,097.93","1,384",08 Mar 2018,501 DUNMAN ROAD #04-02,Resale,Strata,102,"14,902",-,Apartment,1,Freehold,2003,Private,439193,15,43,Central Region,Geylang
THE ASANA,"1,574,000",570.49,"2,759",08 Mar 2018,17 QUEEN'S ROAD #02-01,New Sale,Strata,53,"29,698",-,Apartment,1,Freehold,2017,N.A,266744,10,26,Central Region,Bukit Timah
VILLA DE WEST,"1,780,000","1,754.53","1,015",08 Mar 2018,385 PASIR PANJANG ROAD #01-02,Resale,Strata,163,"10,920",-,Condominium,1,Freehold,1995,Private,118719,05,11,Central Region,Queenstown
LANDRIDGE CONDOMINIUM,"2,150,000","1,894.46","1,135",08 Mar 2018,202 PASIR PANJANG ROAD #03-13,Resale,Strata,176,"12,216",-,Condominium,1,Freehold,1993,Private,118572,05,11,Central Region,Queenstown
8 FARRER SUITES,"1,400,000",818.06,"1,711",08 Mar 2018,8 SING JOO WALK #05-01,Resale,Strata,76,"18,421",-,Apartment,1,Freehold,2015,Private,217820,08,21,Central Region,Kallang
PARKSUITES,"1,485,435",645.84,"2,232",08 Mar 2018,26 HOLLAND GROVE ROAD #03-33,New Sale,Strata,60,"24,024","1,441,418",Apartment,1,110 yrs from 01/11/2017,Uncompleted,Private,278804,10,27,Central Region,Bukit Timah
ST MICHAEL'S PLACE,"1,320,000","1,227.1","1,076",09 Mar 2018,1 JALAN TAMAN #09-02,Resale,Strata,114,"11,579",-,Apartment,1,Freehold,1997,Private,329022,12,32,Central Region,Kallang
LA SUISSE,"1,800,000","1,679.18","1,072",09 Mar 2018,1 SWISS VIEW #04-01,Resale,Strata,156,"11,538",-,Condominium,1,999 yrs from 10/08/1878,1993,HDB,288007,11,28,Central Region,Bukit Timah
MARTIN MODERN,"2,135,700",764.24,"2,795",09 Mar 2018,10 MARTIN PLACE #19-09,New Sale,Strata,71,"30,080",-,Condominium,1,99 yrs from 28/09/2016,Uncompleted,N.A,237963,09,23,Central Region,River Valley
REGENT HEIGHTS,"850,000","1,022.58",831,09 Mar 2018,50 BUKIT BATOK EAST AVENUE 5 #20-05,Resale,Strata,95,"8,947",-,Condominium,1,99 yrs from 07/11/1995,1999,HDB,659801,23,65,West Region,Bukit Batok
BISHAN PARK CONDOMINIUM,"1,330,000","1,550.02",858,09 Mar 2018,20 SIN MING WALK #02-08,Resale,Strata,144,"9,236",-,Condominium,1,99 yrs from 01/03/1991,1994,Private,575570,20,57,Central Region,Bishan
MARTIN MODERN,"2,038,500",764.24,"2,667",09 Mar 2018,8 MARTIN PLACE #21-05,New Sale,Strata,71,"28,711",-,Condominium,1,99 yrs from 28/09/2016,Uncompleted,N.A,237992,09,23,Central Region,River Valley
FERRARIA PARK CONDOMINIUM,"1,020,000","1,173.28",869,09 Mar 2018,18 FLORA DRIVE #06-30,Resale,Strata,109,"9,358",-,Condominium,1,Freehold,2009,HDB,506946,17,50,East Region,Pasir Ris
SYMPHONY HEIGHTS,"1,650,000","1,646.89","1,002",09 Mar 2018,37 HUME AVENUE #06-06,Resale,Strata,153,"10,784",-,Condominium,1,Freehold,1998,Private,598736,21,59,West Region,Bukit Batok
LA FLEUR,"532,000",419.8,"1,267",09 Mar 2018,8 LORONG 26 GEYLANG #04-06,Resale,Strata,39,"13,641",-,Apartment,1,Freehold,2014,Private,398483,14,39,Central Region,Geylang
THE VERMONT ON CAIRNHILL,"3,050,000","1,431.61","2,130",09 Mar 2018,12A CAIRNHILL RISE #09-06,Resale,Strata,133,"22,932",-,Apartment,1,Freehold,2013,Private,229746,09,22,Central Region,Newton
HILLINGTON GREEN,"1,480,000","1,356.26","1,091",09 Mar 2018,49 HILLVIEW AVENUE #06-02,Resale,Strata,126,"11,746",-,Condominium,1,999 yrs from 19/05/1883,2002,Private,669615,23,66,West Region,Bukit Batok
SIMS URBAN OASIS,"1,346,700",958,"1,406",09 Mar 2018,8 SIMS DRIVE #18-28,New Sale,Strata,89,"15,131",-,Condominium,1,99 yrs from 29/07/2014,2017,N.A,387389,14,38,Central Region,Geylang
CITY SQUARE RESIDENCES,"940,000",570.49,"1,648",09 Mar 2018,2 KITCHENER LINK #20-01,Resale,Strata,53,"17,736",-,Condominium,1,Freehold,2009,Private,207229,08,20,Central Region,Kallang
ONE BALMORAL,"4,977,000","2,314.26","2,151",09 Mar 2018,1A BALMORAL ROAD #12-07,Resale,Strata,215,"23,149",-,Condominium,1,Freehold,2016,Private,259821,10,25,Central Region,Tanglin
KINGSFORD WATERBAY,"1,172,000",861.12,"1,361",09 Mar 2018,68 UPPER SERANGOON VIEW #15-24,New Sale,Strata,80,"14,650",-,Apartment,1,99 yrs from 03/03/2014,Uncompleted,Private,533884,19,53,North East Region,Hougang
RICHMOND PARK,"2,800,000","1,011.82","2,767",09 Mar 2018,3 BIDEFORD ROAD #11-01,Resale,Strata,94,"29,787",-,Condominium,1,Freehold,1996,Private,229920,09,22,Central Region,Newton
SANCTUARY GREEN,"1,660,000","1,302.44","1,275",09 Mar 2018,183 TANJONG RHU ROAD #10-04,Resale,Strata,121,"13,719",-,Condominium,1,99 yrs from 17/03/1997,2004,Private,436923,15,43,Central Region,Kallang
KINGSFORD WATERBAY,"1,004,000",688.9,"1,457",09 Mar 2018,66 UPPER SERANGOON VIEW #05-13,New Sale,Strata,64,"15,688",-,Apartment,1,99 yrs from 03/03/2014,Uncompleted,Private,533885,19,53,North East Region,Hougang
GUILIN VIEW,"1,020,000","1,280.92",796,09 Mar 2018,22 BUKIT BATOK STREET 52 #20-01,Resale,Strata,119,"8,571",-,Condominium,1,99 yrs from 24/04/1996,1999,Private,659245,23,65,West Region,Bukit Batok
HEDGES PARK CONDOMINIUM,"1,200,000","1,345.5",892,09 Mar 2018,83 FLORA DRIVE #05-39,Resale,Strata,125,"9,600",-,Condominium,1,99 yrs from 28/07/2010,2015,HDB,506887,17,50,East Region,Pasir Ris
AQUARIUS BY THE PARK,"1,150,000","1,323.97",869,09 Mar 2018,19 BEDOK RESERVOIR VIEW #05-04,Resale,Strata,123,"9,350",-,Condominium,1,99 yrs from 12/06/1996,2000,Private,478935,16,47,East Region,Bedok
N.A.,"7,700,000","9,717.74",792,09 Mar 2018,"5A,5B,5C,5D JALAN HAJI SALAM",Resale,Land,902.8,"8,529",-,Apartment,4,Freehold,-,Private,468746,16,46,East Region,Bedok
ONE SHENTON,"1,138,888",527.44,"2,159",09 Mar 2018,1 SHENTON WAY #10-04,Resale,Strata,49,"23,243",-,Apartment,1,99 yrs from 14/10/2005,2011,Private,068803,01,06,Central Region,Downtown Core
MULBERRY TREE,"1,750,000","1,334.74","1,311",09 Mar 2018,167 MOULMEIN ROAD #05-07,Resale,Strata,124,"14,113",-,Apartment,1,Freehold,2010,HDB,308092,11,30,Central Region,Novena
EAST MEADOWS,"1,160,000","1,356.26",855,09 Mar 2018,34 TANAH MERAH KECHIL ROAD #02-26,Resale,Strata,126,"9,206",-,Condominium,1,99 yrs from 02/03/1998,2002,Private,465560,16,46,East Region,Bedok
KINGSFORD WATERBAY,"1,216,000",882.65,"1,378",09 Mar 2018,66 UPPER SERANGOON VIEW #02-12,New Sale,Strata,82,"14,829",-,Apartment,1,99 yrs from 03/03/2014,Uncompleted,HDB,533885,19,53,North East Region,Hougang
HILLTOPS,"5,153,000","1,711.48","3,011",09 Mar 2018,101 CAIRNHILL CIRCLE #08-14,Resale,Strata,159,"32,409",-,Condominium,1,Freehold,2011,Private,229809,09,22,Central Region,Newton
SUITES @ EASTCOAST,"560,000",365.98,"1,530",09 Mar 2018,173 UPPER EAST COAST ROAD #04-16,Resale,Strata,34,"16,471",-,Condominium,1,Freehold,2012,Private,455275,15,45,East Region,Bedok
BAYSHORE PARK,"1,380,000","1,291.68","1,068",09 Mar 2018,62 BAYSHORE ROAD #18-08,Resale,Strata,120,"11,500",-,Condominium,1,99 yrs from 17/03/1982,1986,Private,469983,16,46,East Region,Bedok
PARC PALAIS,"1,350,000","1,302.44","1,037",09 Mar 2018,51 HUME AVENUE #01-02,Resale,Strata,121,"11,157",-,Condominium,1,Freehold,1999,HDB,598750,21,59,West Region,Bukit Batok
CONCOURSE SKYLINE,"1,370,000",818.06,"1,675",09 Mar 2018,298 BEACH ROAD #09-11,Resale,Strata,76,"18,026",-,Apartment,1,99 yrs from 13/03/2008,2014,Private,199554,07,19,Central Region,Kallang
VISTA RESIDENCES,"1,700,000","1,205.57","1,410",09 Mar 2018,28 JALAN DATOH #06-10,Resale,Strata,112,"15,179",-,Condominium,1,Freehold,2013,Private,329426,12,32,Central Region,Novena
KINGSFORD WATERBAY,"1,215,000",882.65,"1,377",09 Mar 2018,74 UPPER SERANGOON VIEW #01-48,New Sale,Strata,82,"14,817",-,Apartment,1,99 yrs from 03/03/2014,Uncompleted,Private,533881,19,53,North East Region,Hougang
EASTPOINT GREEN,"773,000",958,807,09 Mar 2018,5 SIMEI STREET 3 #03-10,Resale,Strata,89,"8,685",-,Condominium,1,99 yrs from 24/04/1996,1999,HDB,529892,18,52,East Region,Tampines
VUE 8 RESIDENCE,"610,000",473.62,"1,288",09 Mar 2018,91 PASIR RIS HEIGHTS #05-20,Sub Sale,Strata,44,"13,864",-,Condominium,1,99 yrs from 10/09/2012,2017,Private,519287,18,51,East Region,Pasir Ris
HILLVIEW REGENCY,"800,000",904.18,885,09 Mar 2018,26 BUKIT BATOK EAST AVENUE 2 #05-08,Resale,Strata,84,"9,524",-,Condominium,1,99 yrs from 20/06/2000,2005,Private,659920,23,65,West Region,Bukit Batok
THE CREST,"2,022,000",947.23,"2,135",09 Mar 2018,107 PRINCE CHARLES CRESCENT #03-20,Resale,Strata,88,"22,977",-,Condominium,1,99 yrs from 21/12/2012,2017,Private,159020,03,15,Central Region,Bukit Merah
26 NEWTON,"1,596,400",613.55,"2,602",09 Mar 2018,26 NEWTON ROAD #20-07,Resale,Strata,57,"28,007",-,Apartment,1,Freehold,2016,HDB,307957,11,30,Central Region,Novena
THE DAFFODIL,"740,000",688.9,"1,074",09 Mar 2018,568 UPPER EAST COAST ROAD #04-06,Resale,Strata,64,"11,563",-,Apartment,1,Freehold,1998,HDB,466584,16,46,East Region,Bedok
VACANZA @ EAST,"1,880,000","1,915.99",981,09 Mar 2018,46 LENGKONG TUJOH #12-25,Resale,Strata,178,"10,562",-,Condominium,1,Freehold,2014,Private,417396,14,41,East Region,Bedok
WATERFRONT GOLD,"1,638,000","1,377.79","1,189",09 Mar 2018,756 BEDOK RESERVOIR ROAD #13-18,Resale,Strata,128,"12,797",-,Condominium,1,99 yrs from 26/11/2009,2014,Private,479259,16,47,East Region,Bedok
RIVER ISLES,"1,160,000","1,140.98","1,017",09 Mar 2018,58 EDGEDALE PLAINS #08-16,Resale,Strata,106,"10,943",-,Condominium,1,99 yrs from 06/02/2012,2015,HDB,828823,19,82,North East Region,Punggol
THE COSMOPOLITAN,"2,550,000","1,140.98","2,235",09 Mar 2018,202 KIM SENG ROAD #19-06,Resale,Strata,106,"24,057",-,Condominium,1,Freehold,2008,Private,239496,09,23,Central Region,Singapore River
PARC BOTANNIA,"657,000",505.91,"1,299",09 Mar 2018,10 FERNVALE STREET #08-09,New Sale,Strata,47,"13,979",-,Condominium,1,99 yrs from 28/12/2016,Uncompleted,HDB,797390,28,79,North East Region,Sengkang
MARTIN MODERN,"2,043,000",764.24,"2,673",09 Mar 2018,8 MARTIN PLACE #22-05,New Sale,Strata,71,"28,775",-,Condominium,1,99 yrs from 28/09/2016,Uncompleted,N.A,237992,09,23,Central Region,River Valley
TAIPAN GRAND,"1,700,000","1,227.1","1,385",09 Mar 2018,501 MARINE PARADE ROAD #06-02,Resale,Strata,114,"14,912",-,Apartment,1,Freehold,2005,Private,449303,15,44,East Region,Bedok
THE BAYSHORE,"1,100,000","1,184.04",929,09 Mar 2018,34 BAYSHORE ROAD #02-02,Resale,Strata,110,"10,000",-,Condominium,1,99 yrs from 31/05/1993,1997,Private,469976,16,46,East Region,Bedok
WATERBANK AT DAKOTA,"1,100,000",882.65,"1,246",09 Mar 2018,84 DAKOTA CRESCENT #02-32,Resale,Strata,82,"13,415",-,Condominium,1,99 yrs from 07/12/2009,2013,Private,399948,14,39,Central Region,Geylang
MARTIN NO 38,"2,945,000","1,130.22","2,606",09 Mar 2018,38 MARTIN ROAD #12-02,Resale,Strata,105,"28,048",-,Apartment,1,Freehold,2011,Private,239059,09,23,Central Region,River Valley
THE TRILINQ,"1,649,000","1,345.5","1,226",09 Mar 2018,28 JALAN LEMPENG #10-05,New Sale,Strata,125,"13,192",-,Condominium,1,99 yrs from 16/04/2012,2017,HDB,128807,05,12,West Region,Clementi
KINGSFORD WATERBAY,"1,157,000",850.36,"1,361",09 Mar 2018,72 UPPER SERANGOON VIEW #13-42,New Sale,Strata,79,"14,646",-,Apartment,1,99 yrs from 03/03/2014,Uncompleted,HDB,533882,19,53,North East Region,Hougang
SIMS URBAN OASIS,"1,346,700",958,"1,406",09 Mar 2018,6 SIMS DRIVE #18-23,New Sale,Strata,89,"15,131",-,Condominium,1,99 yrs from 29/07/2014,2017,HDB,387388,14,38,Central Region,Geylang
KINGSFORD WATERBAY,"1,138,000",850.36,"1,338",09 Mar 2018,78 UPPER SERANGOON VIEW #04-64,New Sale,Strata,79,"14,405",-,Apartment,1,99 yrs from 03/03/2014,Uncompleted,Private,533879,19,53,North East Region,Hougang
SANCTUARY GREEN,"1,650,000","1,399.32","1,179",09 Mar 2018,181 TANJONG RHU ROAD #06-10,Resale,Strata,130,"12,692",-,Condominium,1,99 yrs from 17/03/1997,2004,Private,436922,15,43,Central Region,Kallang
HILLTOPS,"3,506,000","1,248.62","2,808",09 Mar 2018,101 CAIRNHILL CIRCLE #04-07,Resale,Strata,116,"30,224",-,Condominium,1,Freehold,2011,Private,229809,09,22,Central Region,Newton
SKY VUE,"1,200,000",678.13,"1,770",09 Mar 2018,3 BISHAN STREET 15 #19-12,Resale,Strata,63,"19,048",-,Condominium,1,99 yrs from 04/03/2013,2016,Private,573911,20,57,Central Region,Bishan
UE SQUARE,"2,650,000","1,625.36","1,630",09 Mar 2018,205 RIVER VALLEY ROAD #05-62,Resale,Strata,151,"17,550",-,Apartment,1,929 yrs from 01/01/1953,1997,Private,238274,09,23,Central Region,Singapore River
NV RESIDENCES,"1,085,000","1,227.1",884,09 Mar 2018,85 PASIR RIS GROVE #05-11,Resale,Strata,114,"9,518",-,Condominium,1,99 yrs from 07/01/2008,2013,HDB,518212,18,51,East Region,Pasir Ris
LE CRESCENDO,"1,380,000","1,173.28","1,176",09 Mar 2018,233 PAYA LEBAR ROAD #05-03,Resale,Strata,109,"12,661",-,Condominium,1,Freehold,2006,HDB,409044,14,40,Central Region,Geylang
HILLSTA,"615,000",538.2,"1,143",09 Mar 2018,68 PHOENIX ROAD #13-14,Resale,Strata,50,"12,300",-,Condominium,1,99 yrs from 03/10/2011,2016,Private,668202,23,66,West Region,Bukit Batok
HILLTOPS,"4,046,000","1,334.74","3,031",09 Mar 2018,101 CAIRNHILL CIRCLE #09-10,Resale,Strata,124,"32,629",-,Condominium,1,Freehold,2011,Private,229809,09,22,Central Region,Newton
MEYER RESIDENCE,"1,580,000",904.18,"1,747",09 Mar 2018,3 MEYER PLACE #11-01,Resale,Strata,84,"18,810",-,Apartment,1,Freehold,2009,HDB,437991,15,43,Central Region,Marine Parade
STURDEE RESIDENCES,"2,248,000","1,302.44","1,726",09 Mar 2018,10 BEATTY ROAD #28-08,New Sale,Strata,121,"18,579",-,Condominium,1,99 yrs from 29/06/2015,Uncompleted,HDB,209955,08,20,Central Region,Kallang
J GATEWAY,"1,250,000",678.13,"1,843",09 Mar 2018,2 GATEWAY DRIVE #26-04,Resale,Strata,63,"19,841",-,Condominium,1,99 yrs from 28/08/2012,2016,Private,608533,22,60,West Region,Jurong East
RIVERSAILS,"843,000",850.36,991,09 Mar 2018,24 UPPER SERANGOON CRESCENT #15-58,Resale,Strata,79,"10,671",-,Condominium,1,99 yrs from 07/12/2011,2016,HDB,534024,19,53,North East Region,Hougang
THE INTERLACE,"4,450,000","3,735.11","1,191",09 Mar 2018,218 DEPOT ROAD #19-74,Resale,Strata,347,"12,824",-,Condominium,1,99 yrs from 11/02/2009,2013,Private,109703,04,10,Central Region,Bukit Merah
PARK NATURA,"2,120,000","1,776.06","1,194",09 Mar 2018,35 BUKIT BATOK EAST AVENUE 6 #03-11,Resale,Strata,165,"12,848",-,Condominium,1,Freehold,2011,HDB,659765,23,65,Central Region,Bukit Timah
AMARYLLIS VILLE,"1,470,000",979.52,"1,501",09 Mar 2018,20 NEWTON ROAD #07-01,Resale,Strata,91,"16,154",-,Condominium,1,99 yrs from 24/10/1997,2004,HDB,307953,11,30,Central Region,Novena
ONE-NORTH RESIDENCES,"980,000",602.78,"1,626",09 Mar 2018,9 ONE-NORTH GATEWAY #04-58,Resale,Strata,56,"17,500",-,Apartment,1,99 yrs from 15/09/2005,2009,HDB,138643,05,13,Central Region,Queenstown
THE LAKESHORE,"940,000",861.12,"1,092",09 Mar 2018,33 JURONG WEST STREET 41 #12-44,Resale,Strata,80,"11,750",-,Condominium,1,99 yrs from 22/11/2002,2007,HDB,649413,22,64,West Region,Jurong West
DOUBLE BAY RESIDENCES,"1,250,000","1,270.15",984,09 Mar 2018,19B SIMEI STREET 4 #03-28,Resale,Strata,118,"10,593",-,Condominium,1,99 yrs from 07/04/2008,2012,Private,528714,18,52,East Region,Tampines
STURDEE RESIDENCES,"1,516,000",947.23,"1,600",09 Mar 2018,10 BEATTY ROAD #26-12,New Sale,Strata,88,"17,227",-,Condominium,1,99 yrs from 29/06/2015,Uncompleted,N.A,209955,08,20,Central Region,Kallang
HILLTOPS,"5,289,000","1,711.48","3,090",09 Mar 2018,101 CAIRNHILL CIRCLE #09-14,Resale,Strata,159,"33,264",-,Condominium,1,Freehold,2011,Private,229809,09,22,Central Region,Newton
GRAMERCY PARK,"6,383,700","1,969.81","3,241",09 Mar 2018,57 GRANGE ROAD #19-06,Resale,Strata,183,"34,884",-,Condominium,1,Freehold,2016,Private,249569,10,24,Central Region,Tanglin
RIVER ISLES,"1,160,000","1,227.1",945,09 Mar 2018,68 EDGEDALE PLAINS #09-36,Resale,Strata,114,"10,175",-,Condominium,1,99 yrs from 06/02/2012,2015,HDB,828733,19,82,North East Region,Punggol
26 NEWTON,"1,683,017",613.55,"2,743",09 Mar 2018,26 NEWTON ROAD #19-07,Resale,Strata,57,"29,527",-,Apartment,1,Freehold,2016,Private,307957,11,30,Central Region,Novena
KINGSFORD WATERBAY,"1,212,000",882.65,"1,373",09 Mar 2018,72 UPPER SERANGOON VIEW #02-41,New Sale,Strata,82,"14,780",-,Apartment,1,99 yrs from 03/03/2014,Uncompleted,N.A,533882,19,53,North East Region,Hougang
MARTIN MODERN,"2,147,900",764.24,"2,810",09 Mar 2018,10 MARTIN PLACE #08-14,New Sale,Strata,71,"30,252",-,Condominium,1,99 yrs from 28/09/2016,Uncompleted,N.A,237963,09,23,Central Region,River Valley
KINGSFORD WATERBAY,"1,194,000",893.41,"1,336",09 Mar 2018,74 UPPER SERANGOON VIEW #10-52,New Sale,Strata,83,"14,386",-,Apartment,1,99 yrs from 03/03/2014,Uncompleted,HDB,533881,19,53,North East Region,Hougang
WATERFRONT KEY,"1,318,888","1,173.28","1,124",09 Mar 2018,772 BEDOK RESERVOIR ROAD #11-14,Resale,Strata,109,"12,100",-,Condominium,1,99 yrs from 31/10/2007,2012,Private,479251,16,47,East Region,Bedok
THE TAIPAN,"1,036,000",936.47,"1,106",09 Mar 2018,25 JALAN HAJIJAH #03-04,Resale,Strata,87,"11,908",-,Apartment,1,Freehold,2003,HDB,468721,16,46,East Region,Bedok
ESTELLA GARDENS,"590,000",656.6,899,09 Mar 2018,23 FLORA ROAD #01-10,Resale,Strata,61,"9,672",-,Condominium,1,Freehold,1999,HDB,509739,17,50,East Region,Pasir Ris
FIVENINE,"1,626,000","1,054.87","1,541",09 Mar 2018,59A LORONG K TELOK KURAU #04-03,New Sale,Strata,98,"16,592",-,Apartment,1,Freehold,Uncompleted,Private,423369,15,42,East Region,Bedok
8 @ MOUNT SOPHIA,"1,200,000",861.12,"1,394",09 Mar 2018,10 MOUNT SOPHIA #02-37,Resale,Strata,80,"15,000",-,Condominium,1,103 yrs from 28/11/2002,2007,HDB,228459,09,22,Central Region,Rochor
LE CRESCENDO,"2,915,000","3,649",799,09 Mar 2018,233 PAYA LEBAR ROAD #19-11,Resale,Strata,339,"8,599",-,Condominium,1,Freehold,2006,Private,409044,14,40,Central Region,Geylang
MON JERVOIS,"3,248,521","1,560.78","2,081",09 Mar 2018,47 JERVOIS ROAD #01-26,Resale,Strata,145,"22,404",-,Condominium,1,99 yrs from 07/05/2012,2016,Private,247656,10,24,Central Region,Tanglin
SEASCAPE,"4,500,000","2,163.56","2,080",09 Mar 2018,57 COVE WAY #02-04,Resale,Strata,201,"22,388",-,Condominium,1,99 yrs from 09/06/2007,2011,Private,098308,04,09,Central Region,Southern Islands
HILLTOPS,"4,153,000","1,334.74","3,111",09 Mar 2018,101 CAIRNHILL CIRCLE #12-08,Resale,Strata,124,"33,492",-,Condominium,1,Freehold,2011,Private,229809,09,22,Central Region,Newton
MARTIN MODERN,"2,136,620",764.24,"2,796",09 Mar 2018,10 MARTIN PLACE #07-14,New Sale,Strata,71,"30,093",-,Condominium,1,99 yrs from 28/09/2016,Uncompleted,Private,237963,09,23,Central Region,River Valley
BAYWATER,"1,367,100","1,302.44","1,050",09 Mar 2018,808 BEDOK RESERVOIR ROAD #08-07,Resale,Strata,121,"11,298",-,Condominium,1,99 yrs from 19/03/2001,2006,Private,479240,16,47,East Region,Bedok
76 SHENTON,"1,190,000",592.02,"2,010",09 Mar 2018,76 SHENTON WAY #35-06,Resale,Strata,55,"21,636",-,Apartment,1,99 yrs from 12/04/2007,2014,HDB,079119,02,07,Central Region,Downtown Core
MARTIN MODERN,"2,151,660",764.24,"2,815",09 Mar 2018,10 MARTIN PLACE #09-14,New Sale,Strata,71,"30,305",-,Condominium,1,99 yrs from 28/09/2016,Uncompleted,Private,237963,09,23,Central Region,River Valley
D'NEST,"1,000,000",968.76,"1,032",09 Mar 2018,147 PASIR RIS GROVE #06-73,Resale,Strata,90,"11,111",-,Condominium,1,99 yrs from 20/10/2010,2017,HDB,518138,18,51,East Region,Pasir Ris
CARISSA PARK CONDOMINIUM,"768,000",925.7,830,09 Mar 2018,2 FLORA DRIVE #06-21,Resale,Strata,86,"8,930",-,Condominium,1,Freehold,2001,Private,507025,17,50,East Region,Pasir Ris
SEASONS PARK,"1,158,000","1,291.68",897,09 Mar 2018,491 YIO CHU KANG ROAD #11-01,Resale,Strata,120,"9,650",-,Condominium,1,99 yrs from 01/03/1995,1997,HDB,787078,26,78,North East Region,Ang Mo Kio
THE CORNWALL,"1,200,000",635.08,"1,890",09 Mar 2018,2A CORNWALL GARDENS #02-15,Resale,Strata,59,"20,339",-,Condominium,1,Freehold,2005,HDB,269678,10,26,Central Region,Bukit Timah
THOMSON GRAND,"1,738,000","1,367.03","1,271",09 Mar 2018,25 SIN MING WALK #16-16,Resale,Strata,127,"13,685",-,Condominium,1,99 yrs from 08/02/2010,2015,Private,573917,20,57,Central Region,Bishan
THE CREST,"2,673,000","1,280.92","2,087",09 Mar 2018,111 PRINCE CHARLES CRESCENT #03-29,Resale,Strata,119,"22,462",-,Condominium,1,99 yrs from 21/12/2012,2017,Private,159022,03,15,Central Region,Bukit Merah
BOATHOUSE RESIDENCES,"1,150,000","1,108.69","1,037",09 Mar 2018,31 UPPER SERANGOON VIEW #15-20,Resale,Strata,103,"11,165",-,Condominium,1,99 yrs from 09/02/2011,2015,Private,534043,19,53,North East Region,Hougang
KINGSFORD WATERBAY,"995,000",688.9,"1,444",09 Mar 2018,80 UPPER SERANGOON VIEW #10-74,New Sale,Strata,64,"15,547",-,Apartment,1,99 yrs from 03/03/2014,Uncompleted,HDB,533878,19,53,North East Region,Hougang
MERALODGE,"1,700,000","1,776.06",957,09 Mar 2018,83 HILLVIEW AVENUE #05-09,Resale,Strata,165,"10,303",-,Condominium,1,Freehold,1997,Private,669583,23,66,West Region,Bukit Batok
RIVERSOUND RESIDENCE,"1,368,000","1,474.67",928,09 Mar 2018,9 SENGKANG EAST AVENUE #01-30,Resale,Strata,137,"9,985",-,Condominium,1,99 yrs from 26/08/2011,2015,Private,544742,19,54,North East Region,Sengkang
HILLTOPS,"3,466,000","1,248.62","2,776",09 Mar 2018,101 CAIRNHILL CIRCLE #02-07,Resale,Strata,116,"29,879",-,Condominium,1,Freehold,2011,Private,229809,09,22,Central Region,Newton
THE BAYSHORE,"1,000,000","1,011.82",988,09 Mar 2018,22 BAYSHORE ROAD #12-02,Resale,Strata,94,"10,638",-,Condominium,1,99 yrs from 31/05/1993,1996,HDB,469970,16,46,East Region,Bedok
EAST MEADOWS,"1,350,000","1,496.2",902,09 Mar 2018,34 TANAH MERAH KECHIL ROAD #03-30,Resale,Strata,139,"9,712",-,Condominium,1,99 yrs from 02/03/1998,2002,Private,465560,16,46,East Region,Bedok
GLENDALE PARK,"1,500,000","1,313.21","1,142",09 Mar 2018,25 HILLVIEW AVENUE #05-11,Resale,Strata,122,"12,295",-,Condominium,1,Freehold,2000,HDB,669558,23,66,West Region,Bukit Batok
THE BLOSSOMVALE,"1,362,000",839.59,"1,622",09 Mar 2018,900 DUNEARN ROAD #06-05,Resale,Strata,78,"17,462",-,Condominium,1,999 yrs from 15/08/1884,1998,Private,589473,21,58,Central Region,Bukit Timah
CASA ROSA,"908,000","1,130.22",803,09 Mar 2018,37 LORONG ONG LYE #02-23,Resale,Strata,105,"8,648",-,Condominium,1,99 yrs from 02/02/1998,2001,Private,536445,19,53,North East Region,Serangoon
HILLINGTON GREEN,"1,710,000","1,528.49","1,119",09 Mar 2018,57 HILLVIEW AVENUE #06-05,Resale,Strata,142,"12,042",-,Condominium,1,999 yrs from 19/05/1883,2002,Private,669568,23,66,West Region,Bukit Batok
THE PEAK @ CAIRNHILL II,"2,450,000",828.83,"2,956",09 Mar 2018,61 CAIRNHILL CIRCLE #15-02,Resale,Strata,77,"31,818",-,Apartment,1,Freehold,2015,Private,229789,09,22,Central Region,Newton
WATERFRONT KEY,"1,600,000","1,442.38","1,109",09 Mar 2018,772 BEDOK RESERVOIR ROAD #03-08,Resale,Strata,134,"11,940",-,Condominium,1,99 yrs from 31/10/2007,2012,HDB,479251,16,47,East Region,Bedok
N.A.,"1,830,000","1,130.22","1,619",09 Mar 2018,1A YONG SIAK STREET,Resale,Strata,105,"17,429",-,Apartment,1,9999 yrs from 01/06/1963,-,Private,168641,03,16,Central Region,Bukit Merah
NOVA 88,"935,000",710.42,"1,316",10 Mar 2018,8 BHAMO ROAD #13-03,Resale,Strata,66,"14,167",-,Apartment,1,Freehold,2012,HDB,329640,12,32,Central Region,Novena
THE CLEMENT CANOPY,"1,992,000","1,345.5","1,480",10 Mar 2018,16 CLEMENTI AVENUE 1 #14-01,New Sale,Strata,125,"15,936",-,Apartment,1,99 yrs from 09/03/2016,Uncompleted,HDB,129960,05,12,West Region,Clementi
KINGSFORD WATERBAY,"991,000",688.9,"1,439",10 Mar 2018,74 UPPER SERANGOON VIEW #04-49,New Sale,Strata,64,"15,484",-,Apartment,1,99 yrs from 03/03/2014,Uncompleted,HDB,533881,19,53,North East Region,Hougang
KINGSFORD WATERBAY,"1,170,000",861.12,"1,359",10 Mar 2018,68 UPPER SERANGOON VIEW #13-24,New Sale,Strata,80,"14,625",-,Apartment,1,99 yrs from 03/03/2014,Uncompleted,HDB,533884,19,53,North East Region,Hougang
THE CLEMENT CANOPY,"1,471,000",990.29,"1,485",10 Mar 2018,16 CLEMENTI AVENUE 1 #31-02,New Sale,Strata,92,"15,989",-,Apartment,1,99 yrs from 09/03/2016,Uncompleted,Private,129960,05,12,West Region,Clementi
SEASIDE RESIDENCES,"979,000",592.02,"1,654",10 Mar 2018,16 SIGLAP LINK #04-23,New Sale,Strata,55,"17,800",-,Apartment,1,99 yrs from 18/04/2016,Uncompleted,HDB,448872,15,44,East Region,Bedok
GRANDEUR PARK RESIDENCES,"1,313,000",893.41,"1,470",10 Mar 2018,3 BEDOK SOUTH AVENUE 3 #11-21,New Sale,Strata,83,"15,819",-,Condominium,1,99 yrs from 25/05/2016,Uncompleted,HDB,465462,16,46,East Region,Bedok
KALLANG RIVERSIDE,"1,324,138",516.67,"2,563",10 Mar 2018,51 KAMPONG BUGIS #20-04,New Sale,Strata,48,"27,586",-,Apartment,1,Freehold,Uncompleted,Private,338986,12,33,Central Region,Kallang
KINGSFORD WATERBAY,"978,000",678.13,"1,442",10 Mar 2018,80 UPPER SERANGOON VIEW #02-75,New Sale,Strata,63,"15,524",-,Apartment,1,99 yrs from 03/03/2014,Uncompleted,HDB,533878,19,53,North East Region,Hougang
WALLICH RESIDENCE,"2,800,000",861.12,"3,252",10 Mar 2018,3 WALLICH STREET #44-03,New Sale,Strata,80,"35,000",-,Apartment,1,99 yrs from 21/02/2011,2017,HDB,078882,02,07,Central Region,Downtown Core
KINGSFORD WATERBAY,"1,237,600",882.65,"1,402",10 Mar 2018,76 UPPER SERANGOON VIEW #13-59,New Sale,Strata,82,"15,093",-,Apartment,1,99 yrs from 03/03/2014,Uncompleted,HDB,533880,19,53,North East Region,Hougang
GRANDEUR PARK RESIDENCES,"1,275,000",893.41,"1,427",11 Mar 2018,3 BEDOK SOUTH AVENUE 3 #05-16,New Sale,Strata,83,"15,361",-,Condominium,1,99 yrs from 25/05/2016,Uncompleted,HDB,465462,16,46,East Region,Bedok
QUEENS PEAK,"1,629,000",861.12,"1,892",11 Mar 2018,3 DUNDEE ROAD #35-22,New Sale,Strata,80,"20,363",-,Condominium,1,99 yrs from 28/09/2015,Uncompleted,Private,149457,03,14,Central Region,Queenstown
KINGSFORD WATERBAY,"1,155,000",850.36,"1,358",11 Mar 2018,72 UPPER SERANGOON VIEW #11-42,New Sale,Strata,79,"14,620",-,Apartment,1,99 yrs from 03/03/2014,Uncompleted,Private,533882,19,53,North East Region,Hougang
THE NAVIAN,"1,394,112",904.18,"1,542",11 Mar 2018,178 JALAN EUNOS #02-02,New Sale,Strata,84,"16,597",-,Apartment,1,Freehold,Uncompleted,HDB,419530,14,41,East Region,Bedok
PARC BOTANNIA,"823,000",592.02,"1,390",11 Mar 2018,16 FERNVALE STREET #14-22,New Sale,Strata,55,"14,964",-,Condominium,1,99 yrs from 28/12/2016,Uncompleted,HDB,797393,28,79,North East Region,Sengkang
MARTIN MODERN,"2,226,860",871.88,"2,554",11 Mar 2018,8 MARTIN PLACE #14-04,New Sale,Strata,81,"27,492",-,Condominium,1,99 yrs from 28/09/2016,Uncompleted,Private,237992,09,23,Central Region,River Valley
KINGSFORD WATERBAY,"1,200,000",882.65,"1,360",11 Mar 2018,68 UPPER SERANGOON VIEW #02-23,New Sale,Strata,82,"14,634",-,Apartment,1,99 yrs from 03/03/2014,Uncompleted,Private,533884,19,53,North East Region,Hougang
QUEENS PEAK,"1,652,000",850.36,"1,943",11 Mar 2018,1 DUNDEE ROAD #39-09,New Sale,Strata,79,"20,911",-,Condominium,1,99 yrs from 28/09/2015,Uncompleted,Private,149456,03,14,Central Region,Queenstown
QUEENS PEAK,"1,569,000",807.3,"1,944",11 Mar 2018,1 DUNDEE ROAD #41-12,New Sale,Strata,75,"20,920",-,Condominium,1,99 yrs from 28/09/2015,Uncompleted,HDB,149456,03,14,Central Region,Queenstown
SEASIDE RESIDENCES,"1,683,000","1,087.16","1,548",11 Mar 2018,18 SIGLAP LINK #06-31,New Sale,Strata,101,"16,663",-,Apartment,1,99 yrs from 18/04/2016,Uncompleted,N.A,448873,15,44,East Region,Bedok
SEASIDE RESIDENCES,"972,000",559.73,"1,737",11 Mar 2018,18 SIGLAP LINK #03-36,New Sale,Strata,52,"18,692",-,Apartment,1,99 yrs from 18/04/2016,Uncompleted,N.A,448873,15,44,East Region,Bedok
REZI 35,"1,279,000",796.54,"1,606",11 Mar 2018,20 LORONG 35 GEYLANG #05-02,New Sale,Strata,74,"17,284",-,Apartment,1,Freehold,Uncompleted,Private,387949,14,38,Central Region,Geylang
GRANDEUR PARK RESIDENCES,"1,135,000",667.37,"1,701",11 Mar 2018,9 BEDOK SOUTH AVENUE 3 #08-39,New Sale,Strata,62,"18,306",-,Condominium,1,99 yrs from 25/05/2016,Uncompleted,Private,465465,16,46,East Region,Bedok
KINGSFORD WATERBAY,"1,293,000",958,"1,350",11 Mar 2018,80 UPPER SERANGOON VIEW #11-72,New Sale,Strata,89,"14,528",-,Apartment,1,99 yrs from 03/03/2014,Uncompleted,HDB,533878,19,53,North East Region,Hougang
SEASIDE RESIDENCES,"1,067,000",592.02,"1,802",11 Mar 2018,18 SIGLAP LINK #14-30,New Sale,Strata,55,"19,400",-,Apartment,1,99 yrs from 18/04/2016,Uncompleted,Private,448873,15,44,East Region,Bedok
DAHLIA PARK CONDOMINIUM,"980,000","1,291.68",759,12 Mar 2018,1 FLORA DRIVE #06-05,Resale,Strata,120,"8,167",-,Condominium,1,Freehold,2003,Private,507009,17,50,East Region,Pasir Ris
RIVERTREES RESIDENCES,"850,000",699.66,"1,215",12 Mar 2018,21 FERNVALE CLOSE #12-02,Sub Sale,Strata,65,"13,077",-,Apartment,1,99 yrs from 28/08/2013,2017,HDB,797460,28,79,North East Region,Sengkang
CARISSA PARK CONDOMINIUM,"2,180,000","3,013.92",723,12 Mar 2018,2 FLORA DRIVE #07-12,Resale,Strata,280,"7,786",-,Condominium,1,Freehold,2001,Private,507025,17,50,East Region,Pasir Ris
V ON SHENTON,"3,349,500","1,356.26","2,470",12 Mar 2018,5A SHENTON WAY #38-22,New Sale,Strata,126,"26,583",-,Apartment,1,99 yrs from 29/11/2011,2017,Private,068814,01,06,Central Region,Downtown Core
N.A.,"1,280,000","1,302.44",983,12 Mar 2018,345 TELOK KURAU ROAD,Resale,Strata,121,"10,579",-,Apartment,1,Freehold,1971,Private,423871,15,42,East Region,Bedok
CENTRA SUITES,"600,000",441.32,"1,360",12 Mar 2018,38 LORONG 25A GEYLANG #04-05,Resale,Strata,41,"14,634",-,Apartment,1,Freehold,2012,Private,388242,14,38,Central Region,Geylang
PARKVIEW APARTMENTS,"790,000","1,119.46",706,12 Mar 2018,1 BUKIT BATOK STREET 25 #06-21,Resale,Strata,104,"7,596",-,Apartment,1,99 yrs from 01/05/1994,1998,Private,658882,23,65,West Region,Bukit Batok
HILLTOPS,"3,560,000","1,184.04","3,007",12 Mar 2018,101 CAIRNHILL CIRCLE #12-04,Resale,Strata,110,"32,364",-,Condominium,1,Freehold,2011,Private,229809,09,22,Central Region,Newton
COSTA DEL SOL,"1,543,888","1,237.86","1,247",12 Mar 2018,80 BAYSHORE ROAD #07-25,Resale,Strata,115,"13,425",-,Condominium,1,99 yrs from 05/05/1997,2003,Private,469992,16,46,East Region,Bedok
V ON SHENTON,"1,050,000",484.38,"2,168",12 Mar 2018,5A SHENTON WAY #10-17,Sub Sale,Strata,45,"23,333",-,Apartment,1,99 yrs from 29/11/2011,2017,Private,068814,01,06,Central Region,Downtown Core
THE BROOKS I,"1,098,165",818.06,"1,342",12 Mar 2018,60 SPRINGSIDE WALK #03-05,Resale,Strata,76,"14,450",-,Apartment,1,Freehold,2016,HDB,786020,26,78,North Region,Yishun
THE MAYFAIR,"995,000","1,162.51",856,12 Mar 2018,1 JURONG EAST STREET 32 #04-04,Resale,Strata,108,"9,213",-,Condominium,1,99 yrs from 04/12/1996,2000,HDB,609477,22,60,West Region,Jurong East
A TREASURE TROVE,"1,390,000","1,334.74","1,041",12 Mar 2018,52 PUNGGOL WALK #04-07,Resale,Strata,124,"11,210",-,Condominium,1,99 yrs from 09/03/2011,2015,HDB,828831,19,82,North East Region,Punggol
MARTIN MODERN,"2,140,200",764.24,"2,800",12 Mar 2018,10 MARTIN PLACE #20-09,New Sale,Strata,71,"30,144",-,Condominium,1,99 yrs from 28/09/2016,Uncompleted,Private,237963,09,23,Central Region,River Valley
NEPTUNE COURT,"1,380,000","1,636.13",843,12 Mar 2018,5 MARINE VISTA #08-45,Resale,Strata,152,"9,079",-,Apartment,1,99 yrs from 01/11/1975,1975,Private,449029,15,44,East Region,Bedok
THE LAKEFRONT RESIDENCES,"1,450,000","1,388.56","1,044",12 Mar 2018,46 LAKESIDE DRIVE #02-17,Resale,Strata,129,"11,240",-,Condominium,1,99 yrs from 03/08/2010,2014,HDB,648324,22,64,West Region,Jurong West
THE SCALA,"1,300,000",904.18,"1,438",12 Mar 2018,130 SERANGOON AVENUE 3 #07-04,Resale,Strata,84,"15,476",-,Apartment,1,99 yrs from 06/01/2010,2013,Private,554479,19,55,North East Region,Serangoon
THE ESTUARY,"1,100,000","1,302.44",845,12 Mar 2018,93 YISHUN AVENUE 1 #03-20,Resale,Strata,121,"9,091",-,Condominium,1,99 yrs from 25/06/2008,2013,Private,769136,27,76,North Region,Yishun
UE SQUARE,"1,200,000",710.42,"1,689",12 Mar 2018,205 RIVER VALLEY ROAD #02-59,Resale,Strata,66,"18,182",-,Apartment,1,929 yrs from 01/01/1953,1997,Private,238274,09,23,Central Region,Singapore River
CASUARINA COVE,"1,800,000","1,388.56","1,296",12 Mar 2018,120 TANJONG RHU ROAD #12-01,Resale,Strata,129,"13,953",-,Condominium,1,99 yrs from 20/10/1993,1996,Private,436904,15,43,Central Region,Kallang
THE CREST,"1,952,000",968.76,"2,015",12 Mar 2018,111 PRINCE CHARLES CRESCENT #01-28,Resale,Strata,90,"21,689",-,Condominium,1,99 yrs from 21/12/2012,2017,Private,159022,03,15,Central Region,Bukit Merah
BLOSSOMS @ WOODLEIGH,"1,695,000","1,194.8","1,419",12 Mar 2018,10 WOODLEIGH CLOSE #11-02,Resale,Strata,111,"15,270",-,Condominium,1,Freehold,2007,HDB,357905,13,35,Central Region,Toa Payoh
A TREASURE TROVE,"1,688,900","1,657.66","1,019",12 Mar 2018,70 PUNGGOL WALK #01-44,Resale,Strata,154,"10,967",-,Condominium,1,99 yrs from 09/03/2011,2015,HDB,828785,19,82,North East Region,Punggol
RIVERBANK @ FERNVALE,"1,190,000","1,044.11","1,140",12 Mar 2018,11 FERNVALE CLOSE #19-09,Sub Sale,Strata,97,"12,268",-,Condominium,1,99 yrs from 10/07/2013,2017,Private,797475,28,79,North East Region,Sengkang
HERITAGE RESIDENCES,"545,000",441.32,"1,235",12 Mar 2018,101 LORONG L TELOK KURAU #02-05,Resale,Strata,41,"13,293",-,Apartment,1,Freehold,2008,HDB,425537,15,42,East Region,Bedok
COTE D'AZUR,"1,495,000","1,140.98","1,310",12 Mar 2018,68 MARINE PARADE ROAD #19-18,Resale,Strata,106,"14,104",-,Condominium,1,99 yrs from 25/07/2001,2004,Private,449301,15,44,Central Region,Marine Parade
SOLEIL @ SINARAN,"1,950,000","1,431.61","1,362",12 Mar 2018,2 SINARAN DRIVE #12-04,Resale,Strata,133,"14,662",-,Condominium,1,99 yrs from 23/10/2006,2011,Private,307467,11,30,Central Region,Novena
CRESCENDO PARK,"1,650,000","1,431.61","1,153",12 Mar 2018,6 JALAN TUA KONG #02-09,Resale,Strata,133,"12,406",-,Condominium,1,Freehold,1996,Private,457269,15,45,East Region,Bedok
SUNNY PALMS,"1,088,000","1,054.87","1,031",12 Mar 2018,65 LORONG G TELOK KURAU #02-07,Resale,Strata,98,"11,102",-,Condominium,1,Freehold,2004,Private,426323,15,42,East Region,Bedok
GARDENVISTA,"1,530,000","1,130.22","1,354",12 Mar 2018,956 DUNEARN ROAD #03-19,Resale,Strata,105,"14,571",-,Condominium,1,99 yrs from 09/09/1999,2006,Private,589484,21,58,Central Region,Bukit Timah
SKY VUE,"1,660,000","1,140.98","1,455",12 Mar 2018,1 BISHAN STREET 15 #06-02,Resale,Strata,106,"15,660",-,Condominium,1,99 yrs from 04/03/2013,2016,HDB,573910,20,57,Central Region,Bishan
WATERFRONT GOLD,"1,428,000","1,377.79","1,036",12 Mar 2018,756 BEDOK RESERVOIR ROAD #02-18,Resale,Strata,128,"11,156",-,Condominium,1,99 yrs from 26/11/2009,2014,HDB,479259,16,47,East Region,Bedok
GEM RESIDENCES,"1,600,000",936.47,"1,709",12 Mar 2018,1 LORONG 5 TOA PAYOH #29-07,New Sale,Strata,87,"18,391",-,Condominium,1,99 yrs from 21/09/2015,Uncompleted,HDB,319458,12,31,Central Region,Toa Payoh
MANDARIN GARDENS,"1,972,000","2,034.4",969,12 Mar 2018,5 SIGLAP ROAD #22-47,Resale,Strata,189,"10,434",-,Condominium,1,99 yrs from 08/03/1982,1986,HDB,448908,15,44,East Region,Bedok
LA FLEUR,"525,000",430.56,"1,219",12 Mar 2018,8 LORONG 26 GEYLANG #02-02,Resale,Strata,40,"13,125",-,Apartment,1,Freehold,2014,HDB,398483,14,39,Central Region,Geylang
ISUITES @ TANI,"720,000",592.02,"1,216",12 Mar 2018,2 JALAN TANI #02-05,Resale,Strata,55,"13,091",-,Apartment,1,999 yrs from 19/02/1883,2012,HDB,548540,19,54,North East Region,Hougang
THE WATERINA,"1,600,000","1,334.74","1,199",12 Mar 2018,73 LORONG 40 GEYLANG #04-60,Resale,Strata,124,"12,903",-,Apartment,1,Freehold,2005,Private,398089,14,39,Central Region,Geylang
EON SHENTON,"1,800,000",624.31,"2,883",12 Mar 2018,70 SHENTON WAY #30-14,Sub Sale,Strata,58,"31,034",-,Apartment,1,99 yrs from 06/10/2011,2017,HDB,079118,02,07,Central Region,Downtown Core
M21,"2,450,000","1,754.53","1,396",12 Mar 2018,21 MANDALAY ROAD #11-03,Resale,Strata,163,"15,031",-,Apartment,1,Freehold,2010,HDB,308208,11,30,Central Region,Novena
BEDOK RESIDENCES,"3,246,000","3,078.5","1,054",12 Mar 2018,20 BEDOK NORTH DRIVE #15-15,Resale,Strata,286,"11,350",-,Apartment,1,99 yrs from 21/11/2011,2015,Private,465496,16,46,East Region,Bedok
MIMOSA PARK,"1,520,000","1,754.53",866,12 Mar 2018,61 MIMOSA ROAD #04-67,Resale,Strata,163,"9,325",-,Condominium,1,Freehold,1979,Private,808015,28,80,North East Region,Serangoon
E MAISON,"1,518,336","1,151.75","1,318",12 Mar 2018,30 BRADDELL ROAD #01-13,Resale,Strata,107,"14,190",-,Apartment,1,Freehold,2016,HDB,359946,13,35,North East Region,Serangoon
GEM RESIDENCES,"1,987,000","1,313.21","1,513",12 Mar 2018,1 LORONG 5 TOA PAYOH #26-08,New Sale,Strata,122,"16,287",-,Condominium,1,99 yrs from 21/09/2015,Uncompleted,HDB,319458,12,31,Central Region,Toa Payoh
TANAMERA CREST,"1,470,000","1,991.34",738,12 Mar 2018,8 PARI DEDAP WALK #14-11,Resale,Strata,185,"7,946",-,Condominium,1,99 yrs from 20/06/2000,2004,Private,486061,16,48,East Region,Bedok
MARTIN NO 38,"3,040,000","1,130.22","2,690",12 Mar 2018,38 MARTIN ROAD #13-07,Resale,Strata,105,"28,952",-,Apartment,1,Freehold,2011,Private,239059,09,23,Central Region,River Valley
INTERNATIONAL PLAZA,"1,120,000","1,033.34","1,084",12 Mar 2018,10 ANSON ROAD #48-05,Resale,Strata,96,"11,667",-,Apartment,1,99 yrs from 02/06/1970,1976,Private,079903,02,07,Central Region,Downtown Core
ST REGIS RESIDENCES SINGAPORE,"3,680,000","1,506.96","2,442",12 Mar 2018,33 TANGLIN ROAD #13-07,Resale,Strata,140,"26,286",-,Apartment,1,999 yrs from 24/11/1995,2008,Private,247913,10,24,Central Region,Orchard
CARIBBEAN AT KEPPEL BAY,"2,150,000","1,334.74","1,611",12 Mar 2018,44 KEPPEL BAY DRIVE #03-123,Resale,Strata,124,"17,339",-,Condominium,1,99 yrs from 16/08/1999,2004,Private,098657,04,09,Central Region,Bukit Merah
SANCTUARY GREEN,"1,610,000","1,399.32","1,151",12 Mar 2018,181 TANJONG RHU ROAD #03-10,Resale,Strata,130,"12,385",-,Condominium,1,99 yrs from 17/03/1997,2004,Private,436922,15,43,Central Region,Kallang
MARTIN MODERN,"2,103,720",764.24,"2,753",12 Mar 2018,8 MARTIN PLACE #17-05,New Sale,Strata,71,"29,630",-,Condominium,1,99 yrs from 28/09/2016,Uncompleted,Private,237992,09,23,Central Region,River Valley
PARC RIVIERA,"1,564,000","1,184.04","1,321",12 Mar 2018,103 WEST COAST VALE #20-22,New Sale,Strata,110,"14,218",-,Condominium,1,99 yrs from 11/11/2015,Uncompleted,HDB,126754,05,12,West Region,Clementi
THE PANORAMA,"1,630,000","1,065.64","1,530",12 Mar 2018,18 ANG MO KIO AVENUE 2 #15-33,Sub Sale,Strata,99,"16,465",-,Condominium,1,99 yrs from 08/04/2013,2017,HDB,567700,20,56,North East Region,Ang Mo Kio
TANGLIN REGENCY,"1,218,000",850.36,"1,432",12 Mar 2018,381 TANGLIN ROAD #09-03,Resale,Strata,79,"15,418",-,Condominium,1,99 yrs from 01/05/1994,1998,Private,247965,10,24,Central Region,Bukit Merah
NORTHWOOD,"1,170,000","1,334.74",877,12 Mar 2018,60 JALAN MATA AYER #03-06,Resale,Strata,124,"9,435",-,Condominium,1,Freehold,2009,HDB,759158,27,75,North Region,Mandai
MERAWOODS,"1,310,000","1,345.5",974,12 Mar 2018,136 HILLVIEW AVENUE #04-06,Resale,Strata,125,"10,480",-,Condominium,1,999 yrs from 12/10/1885,1999,HDB,669598,23,66,West Region,Bukit Batok
SKY GREEN,"3,380,000","2,906.28","1,163",12 Mar 2018,568 MACPHERSON ROAD #15-03,Resale,Strata,270,"12,519",-,Condominium,1,Freehold,2015,Private,368236,13,36,Central Region,Geylang
SANCTUARY GREEN,"1,530,000","1,356.26","1,128",12 Mar 2018,191 TANJONG RHU ROAD #10-02,Resale,Strata,126,"12,143",-,Condominium,1,99 yrs from 17/03/1997,2003,Private,436927,15,43,Central Region,Kallang
WATERTOWN,"940,000",807.3,"1,164",12 Mar 2018,71 PUNGGOL CENTRAL #05-54,Sub Sale,Strata,75,"12,533",-,Apartment,1,99 yrs from 18/05/2011,2017,HDB,828755,19,82,North East Region,Punggol
D'NEST,"980,000",936.47,"1,046",12 Mar 2018,135 PASIR RIS GROVE #07-27,Resale,Strata,87,"11,264",-,Condominium,1,99 yrs from 20/10/2010,2017,Private,518132,18,51,East Region,Pasir Ris
THE SANTORINI,"1,109,000","1,108.69","1,000",12 Mar 2018,35 TAMPINES STREET 86 #13-41,New Sale,Strata,103,"10,767",-,Condominium,1,99 yrs from 16/10/2013,2017,Private,528574,18,52,East Region,Tampines
MARINA COLLECTION,"4,300,000","2,346.55","1,832",12 Mar 2018,13 COVE DRIVE #02-01,Resale,Strata,218,"19,725",-,Condominium,1,99 yrs from 03/01/2007,2011,Private,098327,04,09,Central Region,Southern Islands
LEEDON RESIDENCE,"12,342,000","7,007.36","1,761",12 Mar 2018,8 LEEDON HEIGHTS #11-08,Resale,Strata,651,"18,959",-,Condominium,1,Freehold,2015,Private,266216,10,26,Central Region,Bukit Timah
FABER CREST,"1,080,000","1,237.86",872,12 Mar 2018,50M FABER HEIGHTS #03-87,Resale,Strata,115,"9,391",-,Condominium,1,99 yrs from 12/06/1996,2001,HDB,129206,05,12,West Region,Clementi
CHANGI GREEN,"1,420,000","1,410.08","1,007",12 Mar 2018,716 UPPER CHANGI ROAD EAST #06-09,Resale,Strata,131,"10,840",-,Condominium,1,Freehold,1998,HDB,486847,16,48,East Region,Tampines
REFLECTIONS AT KEPPEL BAY,"3,337,180","1,765.3","1,890",12 Mar 2018,3 KEPPEL BAY VIEW #03-09,Resale,Strata,164,"20,349",-,Condominium,1,99 yrs from 15/03/2006,2011,Private,098403,04,09,Central Region,Bukit Merah
DUO RESIDENCES,"4,200,000","1,926.76","2,180",12 Mar 2018,1 FRASER STREET #40-11,New Sale,Strata,179,"23,464",-,Apartment,1,99 yrs from 01/07/2011,2017,Private,189350,07,18,Central Region,Downtown Core
SYMPHONY SUITES,"1,225,620","1,022.58","1,199",12 Mar 2018,13 YISHUN CLOSE #14-27,New Sale,Strata,95,"12,901",-,Condominium,1,99 yrs from 10/06/2014,Uncompleted,HDB,768010,27,76,North Region,Yishun
HILLTOPS,"2,690,000",828.83,"3,246",12 Mar 2018,101 CAIRNHILL CIRCLE #18-06,Resale,Strata,77,"34,935",-,Condominium,1,Freehold,2011,Private,229809,09,22,Central Region,Newton
NEPTUNE COURT,"1,100,000","1,270.15",866,12 Mar 2018,6 MARINE VISTA #05-21,Resale,Strata,118,"9,322",-,Apartment,1,99 yrs from 01/09/1976,1975,HDB,449030,15,44,East Region,Bedok
HILLTOPS,"3,375,000","1,184.04","2,850",12 Mar 2018,101 CAIRNHILL CIRCLE #06-04,Resale,Strata,110,"30,682",-,Condominium,1,Freehold,2011,Private,229809,09,22,Central Region,Newton
MARTIN NO 38,"2,620,000",968.76,"2,704",12 Mar 2018,38 MARTIN ROAD #08-06,Resale,Strata,90,"29,111",-,Apartment,1,Freehold,2011,Private,239059,09,23,Central Region,River Valley
NV RESIDENCES,"805,000",904.18,890,12 Mar 2018,87 PASIR RIS GROVE #03-17,Resale,Strata,84,"9,583",-,Condominium,1,99 yrs from 07/01/2008,2013,Private,518213,18,51,East Region,Pasir Ris
THE FORESTA @ MOUNT FABER,"1,580,000",947.23,"1,668",12 Mar 2018,100 WISHART ROAD #01-02,Resale,Strata,88,"17,955",-,Condominium,1,Freehold,2014,HDB,098748,04,09,Central Region,Bukit Merah
KENT RESIDENCES,"580,000",409.03,"1,418",12 Mar 2018,23 KENT ROAD #03-02,Resale,Strata,38,"15,263",-,Apartment,1,Freehold,2009,Private,219219,08,21,Central Region,Kallang
GARDENVISTA,"980,000",828.83,"1,182",12 Mar 2018,960 DUNEARN ROAD #01-25,Resale,Strata,77,"12,727",-,Condominium,1,99 yrs from 09/09/1999,2006,HDB,589486,21,58,Central Region,Bukit Timah
KANDIS RESIDENCE,"1,330,300","1,022.58","1,301",12 Mar 2018,10 KANDIS LINK #03-17,New Sale,Strata,95,"14,003",-,Condominium,1,99 yrs from 11/07/2016,Uncompleted,Private,756971,27,75,North Region,Sembawang
BEDOK RESIDENCES,"3,201,000","3,078.5","1,040",12 Mar 2018,26 BEDOK NORTH DRIVE #15-35,Resale,Strata,286,"11,192",-,Apartment,1,99 yrs from 21/11/2011,2015,Private,465499,16,46,East Region,Bedok
SANCTUARY GREEN,"1,250,000","1,140.98","1,096",12 Mar 2018,181 TANJONG RHU ROAD #11-19,Resale,Strata,106,"11,792",-,Condominium,1,99 yrs from 17/03/1997,2004,HDB,436922,15,43,Central Region,Kallang
ONEROBEY,"610,000",419.8,"1,453",12 Mar 2018,1 ROBEY CRESCENT #04-03,Resale,Strata,39,"15,641",-,Apartment,1,999 yrs from 27/12/1875,2014,HDB,546256,19,54,North East Region,Hougang
SERENITY PARK,"1,188,888","1,097.93","1,083",12 Mar 2018,157F TAMARIND ROAD #04-08,Resale,Strata,102,"11,656",-,Condominium,1,Freehold,1995,Private,806110,28,80,North East Region,Serangoon
WATTEN HILL,"3,088,888","2,669.47","1,157",12 Mar 2018,63A WATTEN ESTATE ROAD,Resale,Strata,248,"12,455",-,Condominium,1,Freehold,1979,Private,287539,11,28,Central Region,Bukit Timah
CRADELS,"1,350,000","1,033.34","1,306",12 Mar 2018,10 LORONG LIMAU #21-01,Resale,Strata,96,"14,063",-,Apartment,1,Freehold,2015,HDB,328754,12,32,Central Region,Novena
QUEENS PEAK,"1,576,000",807.3,"1,952",12 Mar 2018,1 DUNDEE ROAD #42-12,New Sale,Strata,75,"21,013",-,Condominium,1,99 yrs from 28/09/2015,Uncompleted,HDB,149456,03,14,Central Region,Queenstown
HILLTOPS,"2,268,000",807.3,"2,809",12 Mar 2018,101 CAIRNHILL CIRCLE #04-05,Resale,Strata,75,"30,240",-,Condominium,1,Freehold,2011,Private,229809,09,22,Central Region,Newton
THE COURTYARD,"1,380,000","1,259.39","1,096",12 Mar 2018,6 LIM AH PIN ROAD #01-06,Resale,Strata,117,"11,795",-,Apartment,1,Freehold,1995,Private,547822,19,54,North East Region,Hougang
HALLMARK RESIDENCES,"3,518,000","1,862.17","1,889",12 Mar 2018,17 EWE BOON ROAD #03-03,Resale,Strata,173,"20,335",-,Condominium,1,Freehold,2015,HDB,259325,10,25,Central Region,Tanglin
PATERSON SUITES,"4,110,000","1,679.18","2,448",12 Mar 2018,57 PATERSON ROAD #02-06,Resale,Strata,156,"26,346",-,Condominium,1,Freehold,2010,Private,238551,09,23,Central Region,River Valley
PARKVIEW APARTMENTS,"775,000","1,130.22",686,12 Mar 2018,1 BUKIT BATOK STREET 25 #03-25,Resale,Strata,105,"7,381",-,Apartment,1,99 yrs from 01/05/1994,1998,Private,658882,23,65,West Region,Bukit Batok
QUEENS PEAK,"1,649,340",850.36,"1,940",12 Mar 2018,3 DUNDEE ROAD #41-17,New Sale,Strata,79,"20,878",-,Condominium,1,99 yrs from 28/09/2015,Uncompleted,Private,149457,03,14,Central Region,Queenstown
ARTHUR 118,"1,398,000",893.41,"1,565",12 Mar 2018,118 ARTHUR ROAD #10-04,Resale,Strata,83,"16,843",-,Apartment,1,Freehold,2006,Private,439827,15,43,Central Region,Marine Parade
THE CREST,"2,143,000","1,033.34","2,074",12 Mar 2018,107 PRINCE CHARLES CRESCENT #05-21,Resale,Strata,96,"22,323",-,Condominium,1,99 yrs from 21/12/2012,2017,Private,159020,03,15,Central Region,Bukit Merah
RIPPLE BAY,"1,225,000","1,474.67",831,12 Mar 2018,4 PASIR RIS LINK #12-10,Resale,Strata,137,"8,942",-,Condominium,1,99 yrs from 10/08/2011,2015,HDB,518160,18,51,East Region,Pasir Ris
ECO SANCTUARY,"812,000",667.37,"1,217",12 Mar 2018,65 CHESTNUT AVENUE #03-20,Resale,Strata,62,"13,097",-,Condominium,1,99 yrs from 25/04/2012,2016,HDB,679524,23,67,West Region,Bukit Panjang
SYMPHONY SUITES,"1,211,000","1,022.58","1,184",12 Mar 2018,11 YISHUN CLOSE #11-23,New Sale,Strata,95,"12,747",-,Condominium,1,99 yrs from 10/06/2014,Uncompleted,HDB,768009,27,76,North Region,Yishun
GRANDEUR 8,"1,550,000","1,453.14","1,067",12 Mar 2018,16 ANG MO KIO CENTRAL 3 #11-25,Resale,Strata,135,"11,481",-,Condominium,1,99 yrs from 16/07/2002,2005,Private,567748,20,56,North East Region,Ang Mo Kio
GRAMERCY PARK,"6,405,840","1,959.05","3,270",12 Mar 2018,57 GRANGE ROAD #20-06,Resale,Strata,182,"35,197",-,Condominium,1,Freehold,2016,Private,249569,10,24,Central Region,Tanglin
EAST MEADOWS,"1,260,000","1,356.26",929,12 Mar 2018,34 TANAH MERAH KECHIL ROAD #12-26,Resale,Strata,126,"10,000",-,Condominium,1,99 yrs from 02/03/1998,2002,Private,465560,16,46,East Region,Bedok
VALLEY PARK,"1,940,000","1,173.28","1,653",13 Mar 2018,483 RIVER VALLEY ROAD #04-07,Resale,Strata,109,"17,798",-,Condominium,1,999 yrs from 21/06/1877,1997,HDB,248368,10,24,Central Region,Tanglin
NATURA@HILLVIEW,"1,050,000","1,044.11","1,006",13 Mar 2018,22 HILLVIEW TERRACE #10-21,Resale,Strata,97,"10,825",-,Apartment,1,Freehold,2015,HDB,669233,23,66,West Region,Bukit Batok
HILLTOPS,"8,792,000","2,378.84","3,696",13 Mar 2018,101 CAIRNHILL CIRCLE #17-13,Resale,Strata,221,"39,783",-,Condominium,1,Freehold,2011,Private,229809,09,22,Central Region,Newton
MARTIN MODERN,"2,115,000",764.24,"2,767",13 Mar 2018,10 MARTIN PLACE #04-14,New Sale,Strata,71,"29,789",-,Condominium,1,99 yrs from 28/09/2016,Uncompleted,Private,237963,09,23,Central Region,River Valley
WOODHAVEN,"650,000",624.31,"1,041",13 Mar 2018,77 WOODGROVE AVENUE #05-46,Resale,Strata,58,"11,207",-,Condominium,1,99 yrs from 07/02/2011,2015,Private,737811,25,73,North Region,Woodlands
REZI 35,"1,188,000",850.36,"1,397",13 Mar 2018,20 LORONG 35 GEYLANG #04-07,New Sale,Strata,79,"15,038",-,Apartment,1,Freehold,Uncompleted,Private,387949,14,38,Central Region,Geylang
UE SQUARE,"1,780,000","1,054.87","1,687",13 Mar 2018,205 RIVER VALLEY ROAD #15-51,Resale,Strata,98,"18,163",-,Apartment,1,929 yrs from 01/01/1953,1997,Private,238274,09,23,Central Region,Singapore River
EIGHT COURTYARDS,"828,000",861.12,962,13 Mar 2018,10 CANBERRA DRIVE #11-14,Resale,Strata,80,"10,350",-,Condominium,1,99 yrs from 20/09/2010,2014,HDB,768142,27,76,North Region,Yishun
MARTIN MODERN,"2,115,000",764.24,"2,767",13 Mar 2018,8 MARTIN PLACE #18-05,New Sale,Strata,71,"29,789",-,Condominium,1,99 yrs from 28/09/2016,Uncompleted,Private,237992,09,23,Central Region,River Valley
BURLINGTON SQUARE,"910,000",731.95,"1,243",13 Mar 2018,175B BENCOOLEN STREET #06-03,Resale,Strata,68,"13,382",-,Apartment,1,99 yrs from 10/06/1996,1998,HDB,189651,07,18,Central Region,Rochor
TANAMERA CREST,"970,000","1,205.57",805,13 Mar 2018,6 PARI DEDAP WALK #06-06,Resale,Strata,112,"8,661",-,Condominium,1,99 yrs from 20/06/2000,2004,HDB,486060,16,48,East Region,Bedok
MARTIN MODERN,"1,998,000",764.24,"2,614",13 Mar 2018,10 MARTIN PLACE #08-09,New Sale,Strata,71,"28,141",-,Condominium,1,99 yrs from 28/09/2016,Uncompleted,Private,237963,09,23,Central Region,River Valley
MARTIN MODERN,"2,129,100",764.24,"2,786",13 Mar 2018,10 MARTIN PLACE #06-14,New Sale,Strata,71,"29,987",-,Condominium,1,99 yrs from 28/09/2016,Uncompleted,Private,237963,09,23,Central Region,River Valley
MARTIN MODERN,"2,034,000",764.24,"2,661",13 Mar 2018,8 MARTIN PLACE #20-05,New Sale,Strata,71,"28,648",-,Condominium,1,99 yrs from 28/09/2016,Uncompleted,N.A,237992,09,23,Central Region,River Valley
SKIES MILTONIA,"790,000",742.72,"1,064",13 Mar 2018,27 MILTONIA CLOSE #06-14,Resale,Strata,69,"11,449",-,Condominium,1,99 yrs from 20/02/2012,2016,Private,768061,27,76,North Region,Yishun
THE BEVERLY,"1,490,000","1,130.22","1,318",13 Mar 2018,45 TOH TUCK ROAD #03-05,Resale,Strata,105,"14,190",-,Apartment,1,Freehold,2012,HDB,596720,21,59,Central Region,Bukit Timah
MARTIN MODERN,"2,155,420",764.24,"2,820",13 Mar 2018,10 MARTIN PLACE #10-14,New Sale,Strata,71,"30,358",-,Condominium,1,99 yrs from 28/09/2016,Uncompleted,Private,237963,09,23,Central Region,River Valley
MARTIN MODERN,"2,158,240",764.24,"2,824",13 Mar 2018,10 MARTIN PLACE #11-14,New Sale,Strata,71,"30,398",-,Condominium,1,99 yrs from 28/09/2016,Uncompleted,N.A,237963,09,23,Central Region,River Valley
CITYLIGHTS,"975,000",559.73,"1,742",13 Mar 2018,90 JELLICOE ROAD #35-29,Resale,Strata,52,"18,750",-,Condominium,1,99 yrs from 05/01/2004,2007,HDB,208749,08,20,Central Region,Kallang
SPOTTISWOODE 18,"1,260,000",656.6,"1,919",13 Mar 2018,18 SPOTTISWOODE PARK ROAD #19-04,Resale,Strata,61,"20,656",-,Apartment,1,Freehold,2014,HDB,088642,02,08,Central Region,Bukit Merah
RIVERSAILS,"805,000",882.65,912,13 Mar 2018,4 UPPER SERANGOON CRESCENT #03-10,Resale,Strata,82,"9,817",-,Condominium,1,99 yrs from 07/12/2011,2016,HDB,534034,19,53,North East Region,Hougang
OKIO,"888,000",592.02,"1,500",13 Mar 2018,262 BALESTIER ROAD #10-03,Resale,Strata,55,"16,145",-,Apartment,1,Freehold,2015,Private,329714,12,32,Central Region,Novena
SIMS EDGE,"600,000",409.03,"1,467",13 Mar 2018,1 GEYLANG EAST AVENUE 2 #03-04,Resale,Strata,38,"15,789",-,Apartment,1,Freehold,2014,HDB,389760,14,38,Central Region,Geylang
PARK RESIDENCES KOVAN,"560,000",355.21,"1,577",13 Mar 2018,831 UPPER SERANGOON ROAD #02-06,Resale,Strata,33,"16,970",-,Apartment,1,Freehold,2014,Private,534679,19,53,North East Region,Hougang
WATERFRONT KEY,"1,428,000","1,388.56","1,028",13 Mar 2018,770 BEDOK RESERVOIR ROAD #01-07,Resale,Strata,129,"11,070",-,Condominium,1,99 yrs from 31/10/2007,2012,HDB,479250,16,47,East Region,Bedok
AXIS @ SIGLAP,"1,250,000",968.76,"1,290",13 Mar 2018,59 EAST COAST TERRACE #04-10,Resale,Strata,90,"13,889",-,Apartment,1,Freehold,2009,Private,458950,15,45,East Region,Bedok
HUME PARK I,"1,200,000","1,270.15",945,13 Mar 2018,3 HUME AVENUE #02-03,Resale,Strata,118,"10,169",-,Condominium,1,Freehold,1995,HDB,598719,21,59,West Region,Bukit Batok
SIMS EDGE,"790,000",473.62,"1,668",13 Mar 2018,1 GEYLANG EAST AVENUE 2 #09-03,Resale,Strata,44,"17,955",-,Apartment,1,Freehold,2014,Private,389760,14,38,Central Region,Geylang
MARTIN MODERN,"2,131,200",764.24,"2,789",13 Mar 2018,10 MARTIN PLACE #18-09,New Sale,Strata,71,"30,017",-,Condominium,1,99 yrs from 28/09/2016,Uncompleted,Private,237963,09,23,Central Region,River Valley
THE QUARTZ,"1,160,000","1,162.51",998,14 Mar 2018,51 COMPASSVALE BOW #12-02,Resale,Strata,108,"10,741",-,Condominium,1,99 yrs from 18/04/2005,2009,HDB,544984,19,54,North East Region,Sengkang
RIVERSAILS,"630,000",505.91,"1,245",14 Mar 2018,2 UPPER SERANGOON CRESCENT #07-06,Resale,Strata,47,"13,404",-,Condominium,1,99 yrs from 07/12/2011,2016,Private,534035,19,53,North East Region,Hougang
NAUNG RESIDENCE,"1,145,000",979.52,"1,169",14 Mar 2018,1 JALAN NAUNG #05-05,Resale,Strata,91,"12,582",-,Apartment,1,999 yrs from 19/02/1883,2015,HDB,537670,19,53,North East Region,Hougang
WALLICH RESIDENCE,"6,600,000","1,722.24","3,832",14 Mar 2018,3 WALLICH STREET #57-05,New Sale,Strata,160,"41,250",-,Apartment,1,99 yrs from 21/02/2011,2017,Private,078882,02,07,Central Region,Downtown Core
SIMS URBAN OASIS,"1,852,200","1,323.97","1,399",14 Mar 2018,18 SIMS DRIVE #18-63,New Sale,Strata,123,"15,059",-,Condominium,1,99 yrs from 29/07/2014,2017,Private,387394,14,38,Central Region,Geylang
WATERVIEW,"850,000",979.52,868,14 Mar 2018,91 TAMPINES AVENUE 1 #01-38,Resale,Strata,91,"9,341",-,Condominium,1,99 yrs from 16/06/2010,2014,HDB,528690,18,52,East Region,Tampines
FIVENINE,"1,646,000","1,054.87","1,560",14 Mar 2018,59 LORONG K TELOK KURAU #04-02,New Sale,Strata,98,"16,796",-,Apartment,1,Freehold,Uncompleted,HDB,425669,15,42,East Region,Bedok
KALLANG RIVERSIDE,"3,138,207","1,431.61","2,192",14 Mar 2018,51 KAMPONG BUGIS #21-07,New Sale,Strata,133,"23,596",-,Apartment,1,Freehold,Uncompleted,HDB,338986,12,33,Central Region,Kallang
KALLANG RIVERSIDE,"2,738,428","1,140.98","2,400",14 Mar 2018,51 KAMPONG BUGIS #29-03,New Sale,Strata,106,"25,834",-,Apartment,1,Freehold,Uncompleted,Private,338986,12,33,Central Region,Kallang
THE GREENWICH,"743,000",602.78,"1,233",14 Mar 2018,7 SELETAR ROAD #05-23,Resale,Strata,56,"13,268",-,Condominium,1,99 yrs from 21/12/2009,2014,Private,807014,28,80,North East Region,Serangoon
WATERVIEW,"830,000",785.77,"1,056",14 Mar 2018,73 TAMPINES AVENUE 1 #14-01,Resale,Strata,73,"11,370",-,Condominium,1,99 yrs from 16/06/2010,2014,HDB,529780,18,52,East Region,Tampines
AVALON,"2,768,500","1,582.31","1,750",14 Mar 2018,25 ANDERSON ROAD #05-04,Resale,Strata,147,"18,833",-,Condominium,1,Freehold,1999,Private,259986,10,25,Central Region,Tanglin
PALM LOFT,"880,000",688.9,"1,277",14 Mar 2018,136 JOO CHIAT TERRACE #04-02,Resale,Strata,64,"13,750",-,Apartment,1,Freehold,2008,Private,427282,15,42,Central Region,Geylang
SEASIDE RESIDENCES,"1,898,000","1,087.16","1,746",14 Mar 2018,18 SIGLAP LINK #16-31,New Sale,Strata,101,"18,792",-,Apartment,1,99 yrs from 18/04/2016,Uncompleted,Private,448873,15,44,East Region,Bedok
QUEENS,"1,200,000",914.94,"1,312",14 Mar 2018,16 STIRLING ROAD #27-18,Resale,Strata,85,"14,118",-,Condominium,1,99 yrs from 16/02/1998,2002,Private,148957,03,14,Central Region,Queenstown
SERENITY PARK,"1,080,000","1,291.68",836,14 Mar 2018,157F TAMARIND ROAD #02-08,Resale,Strata,120,"9,000",-,Condominium,1,Freehold,1995,Private,806110,28,80,North East Region,Serangoon
SILVERSEA,"2,630,000","1,571.54","1,674",14 Mar 2018,50 MARINE PARADE ROAD #04-16,Resale,Strata,146,"18,014",-,Condominium,1,99 yrs from 20/07/2007,2014,Private,449307,15,44,Central Region,Marine Parade
THE PALETTE,"800,000",731.95,"1,093",14 Mar 2018,111 PASIR RIS GROVE #07-27,Resale,Strata,68,"11,765",-,Condominium,1,99 yrs from 20/10/2010,2015,Private,518170,18,51,East Region,Pasir Ris
DOUBLE BAY RESIDENCES,"1,388,888","1,313.21","1,058",14 Mar 2018,21A SIMEI STREET 4 #11-44,Resale,Strata,122,"11,384",-,Condominium,1,99 yrs from 07/04/2008,2012,HDB,528718,18,52,East Region,Tampines
GRANDEUR PARK RESIDENCES,"1,091,000",667.37,"1,635",14 Mar 2018,7 BEDOK SOUTH AVENUE 3 #12-31,New Sale,Strata,62,"17,597",-,Condominium,1,99 yrs from 25/05/2016,Uncompleted,Private,465464,16,46,East Region,Bedok
THE PARC CONDOMINIUM,"1,980,000","2,174.33",911,14 Mar 2018,9 WEST COAST WALK #24-18,Resale,Strata,202,"9,802",-,Condominium,1,Freehold,2010,HDB,127160,05,12,West Region,Clementi
CHANGI RISE CONDOMINIUM,"1,000,000","1,280.92",781,14 Mar 2018,16 SIMEI RISE #04-42,Resale,Strata,119,"8,403",-,Condominium,1,99 yrs from 29/11/2000,2004,Private,528807,18,52,East Region,Tampines
EASTPOINT GREEN,"1,630,000","2,098.98",777,14 Mar 2018,3 SIMEI STREET 3 #09-13,Resale,Strata,195,"8,359",-,Condominium,1,99 yrs from 24/04/1996,1999,Private,529891,18,52,East Region,Tampines
WOODHAVEN,"630,000",592.02,"1,064",14 Mar 2018,73 WOODGROVE AVENUE #02-26,Resale,Strata,55,"11,455",-,Condominium,1,99 yrs from 07/02/2011,2015,Private,737809,25,73,North Region,Woodlands
THE CREST,"2,996,000","1,539.25","1,946",14 Mar 2018,105 PRINCE CHARLES CRESCENT #19-18,Resale,Strata,143,"20,951",-,Condominium,1,99 yrs from 21/12/2012,2017,Private,159019,03,15,Central Region,Bukit Merah
ECO,"823,000",581.26,"1,416",14 Mar 2018,283 BEDOK SOUTH AVENUE 3 #08-57,Resale,Strata,54,"15,241",-,Condominium,1,99 yrs from 14/05/2012,2017,Private,465460,16,46,East Region,Bedok
VILLA MARINA,"1,680,000","2,012.87",835,14 Mar 2018,33 JALAN SEMPADAN #04-02,Resale,Strata,187,"8,984",-,Condominium,1,99 yrs from 13/02/1995,1999,Private,457404,15,45,East Region,Bedok
THE ALPS RESIDENCES,"1,152,000",936.47,"1,230",14 Mar 2018,115 TAMPINES STREET 86 #14-44,New Sale,Strata,87,"13,241",-,Condominium,1,99 yrs from 03/08/2015,Uncompleted,N.A,528537,18,52,East Region,Tampines
SUITES @ GUILLEMARD,"445,000",258.34,"1,723",14 Mar 2018,70 LIM AH WOO ROAD #03-11,Resale,Strata,24,"18,542",-,Apartment,1,Freehold,2014,HDB,438133,15,43,Central Region,Geylang
ONE SHENTON,"1,190,000",581.26,"2,047",14 Mar 2018,1 SHENTON WAY #37-04,Resale,Strata,54,"22,037",-,Apartment,1,99 yrs from 14/10/2005,2011,Private,068803,01,06,Central Region,Downtown Core
RIVERIA GARDENS,"1,900,000",968.76,"1,961",14 Mar 2018,8 RIVER VALLEY GROVE #07-01,Resale,Strata,90,"21,111",-,Apartment,1,Freehold,2010,Private,238406,09,23,Central Region,River Valley
N.A.,"1,100,000",979.52,"1,123",14 Mar 2018,184B JOO CHIAT PLACE,Resale,Strata,91,"12,088",-,Apartment,1,Freehold,-,Private,427896,15,42,Central Region,Geylang
RIVERVALE CREST,"830,000","1,184.04",701,14 Mar 2018,7 RIVERVALE CRESCENT #13-20,Resale,Strata,110,"7,545",-,Apartment,1,99 yrs from 06/12/1997,2002,HDB,545085,19,54,North East Region,Sengkang
THE MARBELLA,"3,760,000","2,949.34","1,275",14 Mar 2018,33 MOUNT SINAI RISE #24-11,Resale,Strata,274,"13,723",-,Condominium,1,Freehold,2005,Private,276954,10,27,Central Region,Bukit Timah
THE ARTE,"2,050,000","1,625.36","1,261",14 Mar 2018,23 JALAN RAJA UDANG #24-10,Resale,Strata,151,"13,576",-,Condominium,1,Freehold,2010,Private,329216,12,32,Central Region,Novena
KALLANG RIVERSIDE,"1,319,000",516.67,"2,553",14 Mar 2018,51 KAMPONG BUGIS #21-06,New Sale,Strata,48,"27,479",-,Apartment,1,Freehold,Uncompleted,Private,338986,12,33,Central Region,Kallang
THE HILLFORD,"480,000",398.27,"1,205",14 Mar 2018,172 JALAN JURONG KECHIL #02-17,Resale,Strata,37,"12,973",-,Apartment,1,60 yrs from 19/02/2013,2016,HDB,596182,21,59,Central Region,Bukit Timah
TREVISTA,"1,760,000","1,270.15","1,386",14 Mar 2018,23 LORONG 3 TOA PAYOH #24-11,Resale,Strata,118,"14,915",-,Condominium,1,99 yrs from 15/07/2008,2011,HDB,319582,12,31,Central Region,Toa Payoh
EIGHT RIVERSUITES,"999,900",699.66,"1,429",14 Mar 2018,10 WHAMPOA EAST #06-28,Resale,Strata,65,"15,383",-,Condominium,1,99 yrs from 11/07/2011,2016,Private,338521,12,33,Central Region,Kallang
THE TESSARINA,"2,600,000","1,646.89","1,579",14 Mar 2018,26 WILBY ROAD #01-31,Resale,Strata,153,"16,993",-,Condominium,1,Freehold,2003,Private,276308,10,27,Central Region,Bukit Timah
LEVENUE,"675,000",495.14,"1,363",15 Mar 2018,55 LENGKONG EMPAT #04-02,Resale,Strata,46,"14,674",-,Apartment,1,Freehold,2014,HDB,417642,14,41,East Region,Bedok
MARINE BLUE,"1,567,000",688.9,"2,275",15 Mar 2018,91 MARINE PARADE ROAD #08-07,Resale,Strata,64,"24,484",-,Condominium,1,Freehold,2016,Private,449314,15,44,Central Region,Marine Parade
QUEENS PEAK,"1,636,000",850.36,"1,924",15 Mar 2018,1 DUNDEE ROAD #37-09,New Sale,Strata,79,"20,709",-,Condominium,1,99 yrs from 28/09/2015,Uncompleted,HDB,149456,03,14,Central Region,Queenstown
CONCOURSE SKYLINE,"2,450,000","1,377.79","1,778",15 Mar 2018,298 BEACH ROAD #10-14,Resale,Strata,128,"19,141",-,Apartment,1,99 yrs from 13/03/2008,2014,Private,199554,07,19,Central Region,Kallang
SUNVILLE,"980,000",936.47,"1,046",15 Mar 2018,20 ST. MICHAEL'S ROAD #05-03,Resale,Strata,87,"11,264",-,Apartment,1,Freehold,2005,HDB,327979,12,32,Central Region,Kallang
FOREST WOODS,"1,200,000",753.48,"1,593",15 Mar 2018,15 LORONG LEW LIAN #12-24,New Sale,Strata,70,"17,143",-,Condominium,1,99 yrs from 05/02/2016,Uncompleted,HDB,533853,19,53,North East Region,Serangoon
SILVERSEA,"1,800,000",968.76,"1,858",15 Mar 2018,48 MARINE PARADE ROAD #09-08,Resale,Strata,90,"20,000",-,Condominium,1,99 yrs from 20/07/2007,2014,HDB,449306,15,44,Central Region,Marine Parade
VILLA MARINA,"1,370,000","1,539.25",890,15 Mar 2018,29 JALAN SEMPADAN #01-16,Resale,Strata,143,"9,580",-,Condominium,1,99 yrs from 13/02/1995,1999,Private,457402,15,45,East Region,Bedok
GEM RESIDENCES,"1,836,000","1,248.62","1,470",15 Mar 2018,3 LORONG 5 TOA PAYOH #09-15,New Sale,Strata,116,"15,828",-,Condominium,1,99 yrs from 21/09/2015,Uncompleted,Private,319459,12,31,Central Region,Toa Payoh
PALM ISLES,"805,000",807.3,997,15 Mar 2018,38 FLORA DRIVE #03-54,Resale,Strata,75,"10,733",-,Condominium,1,99 yrs from 14/09/2011,2015,HDB,506895,17,50,East Region,Pasir Ris
ISUITES @ PALM,"592,000",462.85,"1,279",15 Mar 2018,26 GLASGOW ROAD #03-13,Resale,Strata,43,"13,767",-,Apartment,1,999 yrs from 02/12/1878,2013,HDB,549345,19,54,North East Region,Hougang
PARC VERA,"790,000",785.77,"1,005",15 Mar 2018,10 HOUGANG STREET 32 #12-22,Resale,Strata,73,"10,822",-,Condominium,1,99 yrs from 20/12/2010,2014,HDB,534037,19,53,North East Region,Hougang
THE MAYFAIR,"1,085,000","1,227.1",884,15 Mar 2018,3 JURONG EAST STREET 32 #09-01,Resale,Strata,114,"9,518",-,Condominium,1,99 yrs from 04/12/1996,2000,Private,609478,22,60,West Region,Jurong East
GRANDEUR PARK RESIDENCES,"1,316,000",893.41,"1,473",15 Mar 2018,9 BEDOK SOUTH AVENUE 3 #01-36,New Sale,Strata,83,"15,855",-,Condominium,1,99 yrs from 25/05/2016,Uncompleted,HDB,465465,16,46,East Region,Bedok
VILLA DES FLORES,"2,950,000","2,174.33","1,357",15 Mar 2018,125 WHITLEY ROAD #01-09,Resale,Strata,202,"14,604",-,Condominium,1,Freehold,1985,Private,297820,11,29,Central Region,Novena
THE CREST,"2,860,000","1,571.54","1,820",15 Mar 2018,101 PRINCE CHARLES CRESCENT #04-03,Resale,Strata,146,"19,589",-,Condominium,1,99 yrs from 21/12/2012,2017,HDB,159017,03,15,Central Region,Bukit Merah
THE WARREN,"908,000","1,065.64",852,15 Mar 2018,47 CHOA CHU KANG LOOP #14-16,Resale,Strata,99,"9,172",-,Condominium,1,99 yrs from 21/06/2001,2004,Private,689680,23,68,West Region,Choa Chu Kang
ILLUMINAIRE ON DEVONSHIRE,"939,000",441.32,"2,128",15 Mar 2018,65 DEVONSHIRE ROAD #03-03,Resale,Strata,41,"22,902",-,Apartment,1,Freehold,2011,Private,239900,09,23,Central Region,River Valley
THE GARDENS AT BISHAN,"1,270,000","1,205.57","1,053",15 Mar 2018,9 SIN MING WALK #08-03,Resale,Strata,112,"11,339",-,Condominium,1,99 yrs from 22/03/1997,2004,HDB,575578,20,57,Central Region,Bishan
SPRINGDALE CONDOMINIUM,"1,247,500","1,119.46","1,114",15 Mar 2018,47 HINDHEDE WALK #07-10,Resale,Strata,104,"11,995",-,Condominium,1,999 yrs from 21/06/1877,1998,Private,587977,21,58,West Region,Bukit Panjang
THE SEA VIEW,"2,530,000","1,517.72","1,667",15 Mar 2018,39 AMBER ROAD #03-24,Resale,Strata,141,"17,943",-,Condominium,1,Freehold,2008,Private,439947,15,43,Central Region,Marine Parade
TROPICANA CONDOMINIUM,"1,350,000","1,442.38",936,15 Mar 2018,2 JALAN TIGA RATUS #01-09,Resale,Strata,134,"10,075",-,Condominium,1,999 yrs from 06/07/1885,1994,Private,488067,16,48,East Region,Tampines
WING FONG MANSIONS,"805,000",947.23,850,15 Mar 2018,12 LORONG 14 GEYLANG #02-14,Resale,Strata,88,"9,148",-,Apartment,1,Freehold,1997,Private,398924,14,39,Central Region,Geylang
THE PANORAMA,"1,950,000","1,323.97","1,473",15 Mar 2018,20 ANG MO KIO AVENUE 2 #16-36,Sub Sale,Strata,123,"15,854",-,Condominium,1,99 yrs from 08/04/2013,2017,Private,567701,20,56,North East Region,Ang Mo Kio
RV EDGE,"760,000",376.74,"2,017",15 Mar 2018,2 SHANGHAI ROAD #03-08,Resale,Strata,35,"21,714",-,Apartment,1,Freehold,2013,Private,248209,10,24,Central Region,Tanglin
R MAISON,"1,300,000","1,162.51","1,118",15 Mar 2018,1 SOMMERVILLE WALK #05-09,Resale,Strata,108,"12,037",-,Apartment,1,Freehold,2016,Private,357699,13,35,North East Region,Serangoon
GARDENVISTA,"970,000",893.41,"1,086",15 Mar 2018,958 DUNEARN ROAD #01-23,Resale,Strata,83,"11,687",-,Condominium,1,99 yrs from 09/09/1999,2006,Private,589485,21,58,Central Region,Bukit Timah
KATONG PARK TOWERS,"345,000,000","237,453.84","1,453",15 Mar 2018,"114A(ENBLOC) ARTHUR ROAD #01-02,03 ETC",Resale,Strata,"22,060","15,639",-,Condominium,118,99 yrs from 05/04/1982,1987,Private,439826,15,43,Central Region,Marine Parade
COMPASS HEIGHTS,"955,000","1,108.69",861,15 Mar 2018,9 SENGKANG SQUARE #11-12,Resale,Strata,103,"9,272",-,Apartment,1,99 yrs from 30/04/2000,2002,Private,545075,19,54,North East Region,Sengkang
THE CLEMENT CANOPY,"1,426,000",990.29,"1,440",15 Mar 2018,16 CLEMENTI AVENUE 1 #14-02,New Sale,Strata,92,"15,500",-,Apartment,1,99 yrs from 09/03/2016,Uncompleted,Private,129960,05,12,West Region,Clementi
REGENT PARK,"958,000",958,"1,000",15 Mar 2018,22 JALAN LEMPENG #05-06,Resale,Strata,89,"10,764",-,Condominium,1,99 yrs from 01/12/1993,1997,HDB,128803,05,12,West Region,Clementi
THE ESTA,"4,780,000","3,186.14","1,500",15 Mar 2018,37 AMBER GARDENS #21-13,Resale,Strata,296,"16,149",-,Condominium,1,Freehold,2008,Private,439969,15,43,Central Region,Marine Parade
DORSETT RESIDENCES,"1,000,000",484.38,"2,064",15 Mar 2018,331 NEW BRIDGE ROAD #06-11,Resale,Strata,45,"22,222",-,Apartment,1,99 yrs from 07/12/2009,2013,Private,088764,02,08,Central Region,Outram
SKY HABITAT,"2,094,900","1,517.72","1,380",15 Mar 2018,7 BISHAN STREET 15 #03-06,Resale,Strata,141,"14,857",-,Condominium,1,99 yrs from 30/05/2011,2015,Private,573908,20,57,Central Region,Bishan
THE CLEARWATER,"861,000",947.23,909,15 Mar 2018,8 BEDOK RESERVOIR VIEW #09-20,Resale,Strata,88,"9,784",-,Condominium,1,99 yrs from 18/07/1997,2001,Private,479235,16,47,East Region,Bedok
THE LAKESHORE,"1,180,000","1,108.69","1,064",15 Mar 2018,31 JURONG WEST STREET 41 #06-25,Resale,Strata,103,"11,456",-,Condominium,1,99 yrs from 22/11/2002,2007,HDB,649412,22,64,West Region,Jurong West
RIPPLE BAY,"767,000",785.77,976,15 Mar 2018,6 PASIR RIS LINK #05-22,Resale,Strata,73,"10,507",-,Condominium,1,99 yrs from 10/08/2011,2015,Private,518161,18,51,East Region,Pasir Ris
EVERGREEN PARK,"858,000","1,237.86",693,15 Mar 2018,37 HOUGANG AVENUE 7 #06-03,Resale,Strata,115,"7,461",-,Apartment,1,99 yrs from 01/10/1995,1999,HDB,538803,19,53,North East Region,Hougang
THE ALPS RESIDENCES,"1,150,000",936.47,"1,228",15 Mar 2018,111 TAMPINES STREET 86 #12-35,New Sale,Strata,87,"13,218",-,Condominium,1,99 yrs from 03/08/2015,Uncompleted,HDB,528535,18,52,East Region,Tampines
CENTRA SUITES,"600,000",441.32,"1,360",15 Mar 2018,38 LORONG 25A GEYLANG #05-05,Resale,Strata,41,"14,634",-,Apartment,1,Freehold,2012,Private,388242,14,38,Central Region,Geylang
RIVERBANK @ FERNVALE,"805,000",710.42,"1,133",15 Mar 2018,11 FERNVALE CLOSE #04-07,Sub Sale,Strata,66,"12,197",-,Condominium,1,99 yrs from 10/07/2013,2017,HDB,797475,28,79,North East Region,Sengkang
RIO VISTA,"940,000","1,248.62",753,15 Mar 2018,30 UPPER SERANGOON VIEW #03-40,Resale,Strata,116,"8,103",-,Condominium,1,99 yrs from 02/01/2001,2004,Private,534208,19,53,North East Region,Hougang
NINETEEN SHELFORD ROAD,"1,530,000",947.23,"1,615",15 Mar 2018,19 SHELFORD ROAD #03-37,Resale,Strata,88,"17,386",-,Condominium,1,Freehold,1997,HDB,288408,11,28,Central Region,Bukit Timah
TANAMERA CREST,"835,000",861.12,970,15 Mar 2018,10 PARI DEDAP WALK #12-18,Resale,Strata,80,"10,438",-,Condominium,1,99 yrs from 20/06/2000,2004,HDB,486062,16,48,East Region,Bedok
HEDGES PARK CONDOMINIUM,"945,888","1,087.16",870,15 Mar 2018,81 FLORA DRIVE #02-34,Resale,Strata,101,"9,365",-,Condominium,1,99 yrs from 28/07/2010,2015,Private,506886,17,50,East Region,Pasir Ris
BAYWATER,"1,320,000","1,399.32",943,15 Mar 2018,808 BEDOK RESERVOIR ROAD #03-08,Resale,Strata,130,"10,154",-,Condominium,1,99 yrs from 19/03/2001,2006,Private,479240,16,47,East Region,Bedok
MANDALE HEIGHTS,"2,010,001","1,453.14","1,383",15 Mar 2018,45 MANDALAY ROAD #02-01,Resale,Strata,135,"14,889",-,Apartment,1,Freehold,2004,HDB,308225,11,30,Central Region,Novena
WATERVIEW,"930,000",925.7,"1,005",15 Mar 2018,85 TAMPINES AVENUE 1 #08-25,Resale,Strata,86,"10,814",-,Condominium,1,99 yrs from 16/06/2010,2014,Private,528687,18,52,East Region,Tampines
WILKIE 80,"790,000",387.5,"2,039",15 Mar 2018,80 WILKIE ROAD #04-05,Resale,Strata,36,"21,944",-,Apartment,1,Freehold,2010,HDB,228079,09,22,Central Region,Rochor
ESPADA,"985,000",355.21,"2,773",15 Mar 2018,48 ST. THOMAS WALK #31-03,Resale,Strata,33,"29,848",-,Apartment,1,Freehold,2013,Private,238126,09,23,Central Region,River Valley
CASA ESPANIA,"1,538,000","1,668.42",922,15 Mar 2018,17 GAMBIR WALK #03-04,Resale,Strata,155,"9,923",-,Apartment,1,Freehold,1991,HDB,538977,19,53,North East Region,Serangoon
KOVAN MELODY,"1,065,000",904.18,"1,178",15 Mar 2018,29 KOVAN ROAD #09-33,Resale,Strata,84,"12,679",-,Condominium,1,99 yrs from 20/01/2004,2006,Private,545022,19,54,North East Region,Hougang
MERGUI MANSIONS,"1,330,000","1,388.56",958,15 Mar 2018,81 MERGUI ROAD #02-03,Resale,Strata,129,"10,310",-,Apartment,1,Freehold,1995,Private,219057,08,21,Central Region,Kallang
KANDIS RESIDENCE,"982,000",764.24,"1,285",16 Mar 2018,8 KANDIS LINK #07-11,New Sale,Strata,71,"13,831",-,Condominium,1,99 yrs from 11/07/2016,Uncompleted,HDB,756970,27,75,North Region,Sembawang
EUPHONY GARDENS,"828,000","1,194.8",693,16 Mar 2018,7 JALAN MATA AYER #03-32,Resale,Strata,111,"7,459",-,Condominium,1,99 yrs from 25/02/1998,2001,HDB,759152,27,75,North Region,Mandai
WALLICH RESIDENCE,"2,255,820",613.55,"3,677",16 Mar 2018,3 WALLICH STREET #48-04,New Sale,Strata,57,"39,576",-,Apartment,1,99 yrs from 21/02/2011,2017,Private,078882,02,07,Central Region,Downtown Core
ORCHARD SCOTTS,"3,450,000","2,174.33","1,587",16 Mar 2018,7 ANTHONY ROAD #04-27,Resale,Strata,202,"17,079",-,Condominium,1,99 yrs from 08/11/2001,2007,Private,229955,09,22,Central Region,Newton
BARTLEY RESIDENCES,"700,000",462.85,"1,512",16 Mar 2018,3 LORONG HOW SUN #07-10,Resale,Strata,43,"16,279",-,Apartment,1,99 yrs from 29/06/2011,2015,Private,536560,19,53,North East Region,Serangoon
8@WOODLEIGH,"1,700,000","1,313.21","1,295",16 Mar 2018,2 WOODLEIGH CLOSE #15-07,Resale,Strata,122,"13,934",-,Condominium,1,99 yrs from 22/09/2008,2012,Private,357900,13,35,Central Region,Toa Payoh
WATERVIEW,"970,000","1,184.04",819,16 Mar 2018,91 TAMPINES AVENUE 1 #01-39,Resale,Strata,110,"8,818",-,Condominium,1,99 yrs from 16/06/2010,2014,Private,528690,18,52,East Region,Tampines
NEPTUNE COURT,"1,120,000","1,270.15",882,16 Mar 2018,6 MARINE VISTA #06-19,Resale,Strata,118,"9,492",-,Apartment,1,99 yrs from 01/09/1976,1975,HDB,449030,15,44,East Region,Bedok
BELMOND GREEN,"1,780,000",979.52,"1,817",16 Mar 2018,15A BALMORAL ROAD #08-05,Resale,Strata,91,"19,560",-,Condominium,1,Freehold,2004,Private,259816,10,25,Central Region,Tanglin
LEICESTER SUITES,"730,000",452.09,"1,615",16 Mar 2018,10 LEICESTER ROAD #06-01,Resale,Strata,42,"17,381",-,Apartment,1,Freehold,2013,Private,358844,13,35,Central Region,Toa Payoh
THE CLEMENT CANOPY,"1,477,000",990.29,"1,491",16 Mar 2018,16 CLEMENTI AVENUE 1 #33-02,New Sale,Strata,92,"16,054",-,Apartment,1,99 yrs from 09/03/2016,Uncompleted,HDB,129960,05,12,West Region,Clementi
THE LUXURIE,"1,210,000","1,054.87","1,147",16 Mar 2018,19 COMPASSVALE ROAD #09-16,Resale,Strata,98,"12,347",-,Condominium,1,99 yrs from 15/06/2011,2015,HDB,544753,19,54,North East Region,Sengkang
ONE-NORTH RESIDENCES,"925,000",570.49,"1,621",16 Mar 2018,9 ONE-NORTH GATEWAY #05-57,Resale,Strata,53,"17,453",-,Apartment,1,99 yrs from 15/09/2005,2009,HDB,138643,05,13,Central Region,Queenstown
ESTELLA GARDENS,"1,050,000","1,291.68",813,16 Mar 2018,29 FLORA ROAD #07-12,Resale,Strata,120,"8,750",-,Condominium,1,Freehold,1999,HDB,509742,17,50,East Region,Pasir Ris
QUEENS,"2,450,000","2,389.61","1,025",16 Mar 2018,16 STIRLING ROAD #38-14,Resale,Strata,222,"11,036",-,Condominium,1,99 yrs from 16/02/1998,2002,Private,148957,03,14,Central Region,Queenstown
QUBE SUITES,"642,000",452.09,"1,420",16 Mar 2018,24 JALAN PUNAI #04-03,Resale,Strata,42,"15,286",-,Apartment,1,Freehold,2015,HDB,418804,14,41,East Region,Bedok
BOATHOUSE RESIDENCES,"930,000",914.94,"1,016",16 Mar 2018,23 UPPER SERANGOON VIEW #13-02,Resale,Strata,85,"10,941",-,Condominium,1,99 yrs from 09/02/2011,2015,HDB,534047,19,53,North East Region,Hougang
AMBER SKYE,"2,420,000","1,280.92","1,889",16 Mar 2018,8 AMBER ROAD #05-04,Resale,Strata,119,"20,336",-,Apartment,1,Freehold,2017,Private,439853,15,43,Central Region,Marine Parade
LANDBAY CONDOMINIUM,"1,218,000",968.76,"1,257",16 Mar 2018,9 JALAN HAJIJAH #04-06,Resale,Strata,90,"13,533",-,Condominium,1,Freehold,1996,Private,468704,16,46,East Region,Bedok
NEWTON SUITES,"2,500,000","1,237.86","2,020",16 Mar 2018,60 NEWTON ROAD #10-03,Resale,Strata,115,"21,739",-,Apartment,1,Freehold,2007,Private,307994,11,30,Central Region,Novena
NV RESIDENCES,"835,000",904.18,923,16 Mar 2018,95 PASIR RIS GROVE #08-41,Resale,Strata,84,"9,940",-,Condominium,1,99 yrs from 07/01/2008,2013,HDB,518192,18,51,East Region,Pasir Ris
SOUTHBANK,"1,480,000",958,"1,545",16 Mar 2018,881 NORTH BRIDGE ROAD #26-08,Resale,Strata,89,"16,629",-,Apartment,1,99 yrs from 27/01/2006,2010,Private,198784,07,19,Central Region,Kallang
PARC VERA,"1,150,000","1,130.22","1,018",16 Mar 2018,2 HOUGANG STREET 32 #09-02,Resale,Strata,105,"10,952",-,Condominium,1,99 yrs from 20/12/2010,2014,Private,534041,19,53,North East Region,Hougang
SKYSUITES@ANSON,"2,230,000",958,"2,328",16 Mar 2018,8 ENGGOR STREET #70-01,Resale,Strata,89,"25,056",-,Apartment,1,99 yrs from 18/02/2008,2014,HDB,079718,02,07,Central Region,Downtown Core
MI CASA,"950,000","1,119.46",849,16 Mar 2018,323 CHOA CHU KANG AVENUE 3 #09-25,Resale,Strata,104,"9,135",-,Condominium,1,99 yrs from 25/08/2008,2012,Private,689865,23,68,West Region,Choa Chu Kang
ICON,"1,100,000",581.26,"1,892",16 Mar 2018,10 GOPENG STREET #13-10,Resale,Strata,54,"20,370",-,Apartment,1,99 yrs from 29/01/2002,2007,HDB,078878,02,07,Central Region,Downtown Core
D'WEAVE,"970,000",936.47,"1,036",16 Mar 2018,5 LORONG 39 GEYLANG #08-05,Resale,Strata,87,"11,149",-,Apartment,1,Freehold,2014,Private,387866,14,38,Central Region,Geylang
BALESTIER PLAZA,"1,350,000","1,367.03",988,16 Mar 2018,400 BALESTIER ROAD #08-02,Resale,Strata,127,"10,630",-,Apartment,1,Freehold,1983,HDB,329802,12,32,Central Region,Novena
REGENT GROVE,"748,800","1,173.28",638,16 Mar 2018,54 CHOA CHU KANG NORTH 7 #08-36,Resale,Strata,109,"6,870",-,Condominium,1,99 yrs from 17/05/1997,2000,HDB,689529,23,68,West Region,Choa Chu Kang
THE FORD @ HOLLAND,"838,000",419.8,"1,996",16 Mar 2018,1 FORD AVENUE #02-10,Resale,Strata,39,"21,487",-,Condominium,1,Freehold,2009,Private,268685,10,26,Central Region,Bukit Timah
THE ALCOVE,"1,143,000","1,356.26",843,16 Mar 2018,10 LORONG 27 GEYLANG #02-10,Resale,Strata,126,"9,071",-,Apartment,1,99 yrs from 06/10/2000,2004,HDB,388199,14,38,Central Region,Geylang
CITY SUITES,"922,000",527.44,"1,748",16 Mar 2018,235 BALESTIER ROAD #07-01,New Sale,Strata,49,"18,816",-,Apartment,1,Freehold,2017,HDB,329699,12,32,Central Region,Novena
THE HILLIER,"1,080,000",839.59,"1,286",16 Mar 2018,6 HILLVIEW RISE #09-26,Resale,Strata,78,"13,846",-,Apartment,1,99 yrs from 01/08/2011,2016,HDB,667980,23,66,West Region,Bukit Batok
N.A.,"1,200,000","1,151.75","1,042",16 Mar 2018,32 PENHAS ROAD #02-07,Resale,Strata,107,"11,215",-,Apartment,1,Freehold,1999,HDB,208191,08,20,Central Region,Kallang
GUILLEMARD EDGE,"750,000",516.67,"1,452",16 Mar 2018,38 LORONG 30 GEYLANG #03-27,Resale,Strata,48,"15,625",-,Apartment,1,Freehold,2014,HDB,398371,14,39,Central Region,Geylang
EIGHT COURTYARDS,"1,050,000","1,151.75",912,16 Mar 2018,18 CANBERRA DRIVE #05-37,Resale,Strata,107,"9,813",-,Condominium,1,99 yrs from 20/09/2010,2014,Private,768098,27,76,North Region,Yishun
THE SEA VIEW,"1,040,000",559.73,"1,858",16 Mar 2018,31 AMBER ROAD #10-07,Resale,Strata,52,"20,000",-,Condominium,1,Freehold,2008,HDB,439943,15,43,Central Region,Marine Parade
BOATHOUSE RESIDENCES,"975,000",893.41,"1,091",16 Mar 2018,31 UPPER SERANGOON VIEW #10-21,Resale,Strata,83,"11,747",-,Condominium,1,99 yrs from 09/02/2011,2015,HDB,534043,19,53,North East Region,Hougang
GRANDEUR PARK RESIDENCES,"2,150,000","1,453.14","1,480",16 Mar 2018,5 BEDOK SOUTH AVENUE 3 #13-23,New Sale,Strata,135,"15,926",-,Condominium,1,99 yrs from 25/05/2016,Uncompleted,Private,465463,16,46,East Region,Bedok
EUHABITAT,"668,000",516.67,"1,293",16 Mar 2018,224 JALAN EUNOS #05-119,Resale,Strata,48,"13,917",-,Condominium,1,99 yrs from 06/12/2010,2015,HDB,415870,14,41,East Region,Bedok
TORIEVIEW MANSIONS,"1,000,000","1,356.26",737,16 Mar 2018,8 LORONG 29 GEYLANG #04-02,Resale,Strata,126,"7,937",-,Apartment,1,Freehold,1995,Private,388064,14,38,Central Region,Geylang
ST PATRICK'S RESIDENCES,"1,725,000","1,205.57","1,431",16 Mar 2018,52 ST. PATRICK'S ROAD #05-05,Resale,Strata,112,"15,402",-,Apartment,1,Freehold,2013,HDB,424217,15,42,East Region,Bedok
RIVERBANK @ FERNVALE,"840,000",753.48,"1,115",16 Mar 2018,13 FERNVALE CLOSE #01-18,Sub Sale,Strata,70,"12,000",-,Condominium,1,99 yrs from 10/07/2013,2017,Private,797476,28,79,North East Region,Sengkang
THE MINTON,"1,370,000","1,216.33","1,126",16 Mar 2018,2A HOUGANG STREET 11 #13-06,Resale,Strata,113,"12,124",-,Condominium,1,99 yrs from 27/07/2007,2013,HDB,538752,19,53,North East Region,Hougang
SCK VILLE,"1,248,000","1,334.74",935,16 Mar 2018,2 HAIG AVENUE #02-03,Resale,Strata,124,"10,065",-,Apartment,1,Freehold,1997,HDB,438840,15,43,Central Region,Marine Parade
FERRARIA PARK CONDOMINIUM,"1,023,000","1,173.28",872,16 Mar 2018,18 FLORA DRIVE #08-30,Resale,Strata,109,"9,385",-,Condominium,1,Freehold,2009,HDB,506946,17,50,East Region,Pasir Ris
MARINA ONE RESIDENCES,"3,553,530","1,517.72","2,341",16 Mar 2018,21 MARINA WAY #06-18,New Sale,Strata,141,"25,202",-,Apartment,1,99 yrs from 01/07/2011,2017,Private,018978,01,01,Central Region,Downtown Core
THE MEYERISE,"2,740,000","1,313.21","2,086",16 Mar 2018,97 MEYER ROAD #16-06,Resale,Strata,122,"22,459",-,Condominium,1,Freehold,2014,Private,437918,15,43,Central Region,Marine Parade
THE ORIENT,"1,380,300",721.19,"1,914",16 Mar 2018,251 PASIR PANJANG ROAD #03-10,New Sale,Strata,67,"20,601",-,Apartment,1,Freehold,2017,Private,118610,05,11,Central Region,Queenstown
RV EDGE,"828,000",473.62,"1,748",16 Mar 2018,2 SHANGHAI ROAD #02-15,Resale,Strata,44,"18,818",-,Apartment,1,Freehold,2013,HDB,248209,10,24,Central Region,Tanglin
GUILLEMARD EDGE,"625,000",409.03,"1,528",16 Mar 2018,38 LORONG 30 GEYLANG #06-01,Resale,Strata,38,"16,447",-,Apartment,1,Freehold,2014,HDB,398371,14,39,Central Region,Geylang
TAIPAN REGENCY,"1,188,000","1,162.51","1,022",16 Mar 2018,161 HAIG ROAD #01-01,Resale,Strata,108,"11,000",-,Apartment,1,Freehold,2002,HDB,438772,15,43,Central Region,Marine Parade
BLISS LOFT,"855,000",828.83,"1,032",16 Mar 2018,25 KIM KEAT CLOSE #03-01,Resale,Strata,77,"11,104",-,Apartment,1,Freehold,2012,Private,328933,12,32,Central Region,Novena
COSTA RHU,"3,168,000","2,217.38","1,429",16 Mar 2018,9 RHU CROSS #04-14,Resale,Strata,206,"15,379",-,Condominium,1,99 yrs from 30/05/1994,1997,Private,437436,15,43,Central Region,Kallang
THE SERENADE @ HOLLAND,"2,200,000","1,786.82","1,231",16 Mar 2018,371 HOLLAND ROAD #11-01,Resale,Strata,166,"13,253",-,Condominium,1,99 yrs from 05/06/2001,2004,Private,278698,10,27,Central Region,Bukit Timah
CENTRAL GROVE,"1,200,000","1,216.33",987,16 Mar 2018,3 GEYLANG EAST AVENUE 1 #15-14,Resale,Strata,113,"10,619",-,Condominium,1,99 yrs from 18/07/1997,2001,HDB,389779,14,38,Central Region,Geylang
LAKEHOLMZ,"1,161,888","1,248.62",931,16 Mar 2018,90 CORPORATION ROAD #05-20,Resale,Strata,116,"10,016",-,Condominium,1,99 yrs from 29/10/2001,2005,HDB,649824,22,64,West Region,Jurong West
HERITAGE EAST,"600,000",430.56,"1,394",16 Mar 2018,451 EAST COAST ROAD #02-07,Resale,Strata,40,"15,000",-,Apartment,1,Freehold,2012,Private,429024,15,42,East Region,Bedok
ONE JERVOIS,"1,900,000","1,065.64","1,783",16 Mar 2018,1 JERVOIS CLOSE #07-04,Resale,Strata,99,"19,192",-,Condominium,1,Freehold,2009,Private,249115,10,24,Central Region,Tanglin
HAIG COURT,"2,138,000","1,582.31","1,351",16 Mar 2018,156 HAIG ROAD #02-02,Resale,Strata,147,"14,544",-,Condominium,1,Freehold,2004,Private,438793,15,43,Central Region,Marine Parade
ASTON MANSIONS,"995,000","1,216.33",818,16 Mar 2018,3 LORONG 42 GEYLANG #01-11,Resale,Strata,113,"8,805",-,Apartment,1,99 yrs from 13/02/1995,1998,HDB,398026,14,39,Central Region,Geylang
CITYSCAPE @FARRER PARK,"1,370,000",990.29,"1,383",16 Mar 2018,101 MERGUI ROAD #02-07,Resale,Strata,92,"14,891",-,Condominium,1,Freehold,2014,HDB,219067,08,21,Central Region,Kallang
THE OCEANFRONT @ SENTOSA COVE,"2,120,000","1,216.33","1,743",16 Mar 2018,293 OCEAN DRIVE #09-15,Resale,Strata,113,"18,761",-,Condominium,1,99 yrs from 10/08/2005,2010,Private,098533,04,09,Central Region,Southern Islands
HILLVIEW HEIGHTS,"1,099,888",990.29,"1,111",16 Mar 2018,29 HILLVIEW AVENUE #02-08,Resale,Strata,92,"11,955",-,Condominium,1,Freehold,1996,HDB,669561,23,66,West Region,Bukit Batok
LOFT @ STEVENS,"1,250,000",764.24,"1,636",16 Mar 2018,68 STEVENS ROAD #05-04,Resale,Strata,71,"17,606",-,Apartment,1,Freehold,2013,Private,257856,10,25,Central Region,Tanglin
CARDIFF RESIDENCE,"565,000",441.32,"1,280",16 Mar 2018,101 CARDIFF GROVE #02-18,Resale,Strata,41,"13,780",-,Condominium,1,99 yrs from 04/11/2011,2014,HDB,558961,19,55,North East Region,Serangoon
SEASIDE RESIDENCES,"1,980,000","1,205.57","1,642",16 Mar 2018,12 SIGLAP LINK #06-15,New Sale,Strata,112,"17,679",-,Apartment,1,99 yrs from 18/04/2016,Uncompleted,Private,448870,15,44,East Region,Bedok
SELETAR SPRINGS CONDOMINIUM,"1,350,000","1,980.58",682,16 Mar 2018,108 GERALD DRIVE #04-38,Resale,Strata,184,"7,337",-,Condominium,1,99 yrs from 12/08/1997,2000,Private,799035,28,79,North East Region,Hougang
CANBERRA RESIDENCES,"1,150,000","1,603.84",717,16 Mar 2018,505 CANBERRA DRIVE #05-14,Resale,Strata,149,"7,718",-,Condominium,1,99 yrs from 08/09/2010,2013,HDB,768126,27,76,North Region,Sembawang
GRANDEUR PARK RESIDENCES,"1,086,000",667.37,"1,627",17 Mar 2018,7 BEDOK SOUTH AVENUE 3 #11-31,New Sale,Strata,62,"17,516",-,Condominium,1,99 yrs from 25/05/2016,Uncompleted,HDB,465464,16,46,East Region,Bedok
SEASIDE RESIDENCES,"1,652,000","1,022.58","1,616",17 Mar 2018,18 SIGLAP LINK #08-34,New Sale,Strata,95,"17,389",-,Apartment,1,99 yrs from 18/04/2016,Uncompleted,Private,448873,15,44,East Region,Bedok
SEASIDE RESIDENCES,"996,000",559.73,"1,779",17 Mar 2018,18 SIGLAP LINK #04-36,New Sale,Strata,52,"19,154",-,Apartment,1,99 yrs from 18/04/2016,Uncompleted,HDB,448873,15,44,East Region,Bedok
PACIFIC MANSION,"980,000,000","416,749.79","2,352",17 Mar 2018,"8,16,24,32  ENBLOC RIVER VALLEY CLOSE #13-22 ETC",Resale,Strata,"38,717","25,312",-,Apartment,290,Freehold,-,Private,238433,09,23,Central Region,River Valley
SIMS URBAN OASIS,"1,856,800","1,323.97","1,402",17 Mar 2018,18 SIMS DRIVE #18-62,New Sale,Strata,123,"15,096",-,Condominium,1,99 yrs from 29/07/2014,2017,Private,387394,14,38,Central Region,Geylang
FIVENINE,"1,626,000","1,054.87","1,541",17 Mar 2018,59 LORONG K TELOK KURAU #03-02,New Sale,Strata,98,"16,592",-,Apartment,1,Freehold,Uncompleted,N.A,425669,15,42,East Region,Bedok
GRANDEUR PARK RESIDENCES,"1,158,000",667.37,"1,735",17 Mar 2018,9 BEDOK SOUTH AVENUE 3 #11-38,New Sale,Strata,62,"18,677",-,Condominium,1,99 yrs from 25/05/2016,Uncompleted,HDB,465465,16,46,East Region,Bedok
FIVENINE,"1,869,000","1,302.44","1,435",18 Mar 2018,59A LORONG K TELOK KURAU #03-04,New Sale,Strata,121,"15,446",-,Apartment,1,Freehold,Uncompleted,HDB,423369,15,42,East Region,Bedok
GRANDEUR PARK RESIDENCES,"1,054,000",624.31,"1,688",18 Mar 2018,1 BEDOK SOUTH AVENUE 3 #01-14,New Sale,Strata,58,"18,172",-,Condominium,1,99 yrs from 25/05/2016,Uncompleted,HDB,465461,16,46,East Region,Bedok
THE NAVIAN,"1,476,000",893.41,"1,652",18 Mar 2018,178 JALAN EUNOS #05-07,New Sale,Strata,83,"17,783",-,Apartment,1,Freehold,Uncompleted,HDB,419530,14,41,East Region,Bedok
FOREST WOODS,"1,455,000",947.23,"1,536",18 Mar 2018,15 LORONG LEW LIAN #05-29,New Sale,Strata,88,"16,534",-,Condominium,1,99 yrs from 05/02/2016,Uncompleted,Private,533853,19,53,North East Region,Serangoon
QUEENS PEAK,"1,751,000","1,001.05","1,749",18 Mar 2018,1 DUNDEE ROAD #32-08,New Sale,Strata,93,"18,828",-,Condominium,1,99 yrs from 28/09/2015,Uncompleted,HDB,149456,03,14,Central Region,Queenstown
THE ALPS RESIDENCES,"1,121,000",936.47,"1,197",18 Mar 2018,111 TAMPINES STREET 86 #07-35,New Sale,Strata,87,"12,885",-,Condominium,1,99 yrs from 03/08/2015,Uncompleted,Private,528535,18,52,East Region,Tampines
SEASIDE RESIDENCES,"1,599,000","1,022.58","1,564",18 Mar 2018,18 SIGLAP LINK #05-34,New Sale,Strata,95,"16,832",-,Apartment,1,99 yrs from 18/04/2016,Uncompleted,N.A,448873,15,44,East Region,Bedok
THE ORIENT,"1,380,300",721.19,"1,914",18 Mar 2018,251 PASIR PANJANG ROAD #03-03,New Sale,Strata,67,"20,601",-,Apartment,1,Freehold,2017,HDB,118610,05,11,Central Region,Queenstown
GEM RESIDENCES,"1,646,000",979.52,"1,680",18 Mar 2018,1 LORONG 5 TOA PAYOH #38-04,New Sale,Strata,91,"18,088",-,Condominium,1,99 yrs from 21/09/2015,Uncompleted,Private,319458,12,31,Central Region,Toa Payoh
SEASIDE RESIDENCES,"1,876,000","1,087.16","1,726",18 Mar 2018,18 SIGLAP LINK #12-31,New Sale,Strata,101,"18,574",-,Apartment,1,99 yrs from 18/04/2016,Uncompleted,Private,448873,15,44,East Region,Bedok
GEM RESIDENCES,"2,014,000","1,248.62","1,613",18 Mar 2018,3 LORONG 5 TOA PAYOH #34-15,New Sale,Strata,116,"17,362",-,Condominium,1,99 yrs from 21/09/2015,Uncompleted,HDB,319459,12,31,Central Region,Toa Payoh
BARTLEY RESIDENCES,"1,210,000",807.3,"1,499",19 Mar 2018,7 LORONG HOW SUN #08-41,Resale,Strata,75,"16,133",-,Apartment,1,99 yrs from 29/06/2011,2015,HDB,536564,19,53,North East Region,Serangoon
PALM GARDENS,"738,000",958,770,19 Mar 2018,2D HONG SAN WALK #13-02,Resale,Strata,89,"8,292",-,Condominium,1,99 yrs from 12/08/1996,2000,Private,689050,23,68,West Region,Choa Chu Kang
KINGSFORD WATERBAY,"1,008,000",688.9,"1,463",19 Mar 2018,80 UPPER SERANGOON VIEW #09-74,New Sale,Strata,64,"15,750",-,Apartment,1,99 yrs from 03/03/2014,Uncompleted,HDB,533878,19,53,North East Region,Hougang
PALM GARDENS,"898,000","1,345.5",667,19 Mar 2018,2B HONG SAN WALK #04-10,Resale,Strata,125,"7,184",-,Condominium,1,99 yrs from 12/08/1996,2000,Private,689048,23,68,West Region,Choa Chu Kang
D'LEEDON,"1,908,000","1,216.33","1,569",19 Mar 2018,7 LEEDON HEIGHTS #24-17,Resale,Strata,113,"16,885",-,Condominium,1,99 yrs from 08/04/2010,2014,HDB,267953,10,26,Central Region,Bukit Timah
CITYVALE,"1,230,000",721.19,"1,706",19 Mar 2018,70 SOPHIA ROAD #03-03,Resale,Strata,67,"18,358",-,Apartment,1,Freehold,2002,Private,228153,09,22,Central Region,Rochor
THE ESTA,"1,720,000","1,001.05","1,718",19 Mar 2018,37 AMBER GARDENS #19-14,Resale,Strata,93,"18,495",-,Condominium,1,Freehold,2008,Private,439969,15,43,Central Region,Marine Parade
IVORY,"970,000",871.88,"1,113",19 Mar 2018,15 CEYLON LANE #03-02,Resale,Strata,81,"11,975",-,Apartment,1,Freehold,2009,Private,423468,15,42,Central Region,Geylang
WATERVIEW,"1,138,000","1,184.04",961,19 Mar 2018,73 TAMPINES AVENUE 1 #12-03,Resale,Strata,110,"10,345",-,Condominium,1,99 yrs from 16/06/2010,2014,HDB,529780,18,52,East Region,Tampines
D'NEST,"640,000",484.38,"1,321",19 Mar 2018,129 PASIR RIS GROVE #03-09,Resale,Strata,45,"14,222",-,Condominium,1,99 yrs from 20/10/2010,2017,Private,518179,18,51,East Region,Pasir Ris
CONCOURSE SKYLINE,"1,711,320",861.12,"1,987",19 Mar 2018,298 BEACH ROAD #24-16,Resale,Strata,80,"21,392",-,Apartment,1,99 yrs from 13/03/2008,2014,Private,199554,07,19,Central Region,Kallang
LIGHTHOUSE,"900,000","1,205.57",747,19 Mar 2018,161B JALAN LOYANG BESAR #02-14,Resale,Strata,112,"8,036",-,Condominium,1,99 yrs from 08/04/1993,2004,Private,509410,17,50,East Region,Pasir Ris
SOUTHAVEN I,"2,100,000","3,024.68",694,19 Mar 2018,41 HINDHEDE WALK #10-02,Resale,Strata,281,"7,473",-,Condominium,1,99 yrs from 01/08/1994,1997,Private,587972,21,58,West Region,Bukit Panjang
Q BAY RESIDENCES,"1,250,000","1,119.46","1,117",19 Mar 2018,5 TAMPINES STREET 86 #13-19,Resale,Strata,104,"12,019",-,Condominium,1,99 yrs from 21/08/2012,2016,Private,528585,18,52,East Region,Tampines
REGENT HEIGHTS,"800,000","1,022.58",782,19 Mar 2018,50 BUKIT BATOK EAST AVENUE 5 #19-04,Resale,Strata,95,"8,421",-,Condominium,1,99 yrs from 07/11/1995,1999,HDB,659801,23,65,West Region,Bukit Batok
PARC ROSEWOOD,"690,000",742.72,929,19 Mar 2018,87 ROSEWOOD DRIVE #01-86,Resale,Strata,69,"10,000",-,Condominium,1,99 yrs from 07/09/2011,2014,HDB,737791,25,73,North Region,Woodlands
THE ARCADIA,"6,600,000","7,502.51",880,19 Mar 2018,235 ARCADIA ROAD #10-01,Resale,Strata,697,"9,469",-,Condominium,1,99 yrs from 17/08/1979,1983,Private,289843,11,28,Central Region,Bukit Timah
THE DAFFODIL,"850,000",731.95,"1,161",19 Mar 2018,568 UPPER EAST COAST ROAD #04-14,Resale,Strata,68,"12,500",-,Apartment,1,Freehold,1998,HDB,466584,16,46,East Region,Bedok
KENTISH COURT,"1,220,000","1,259.39",969,19 Mar 2018,33 OXFORD ROAD #05-07,Resale,Strata,117,"10,427",-,Apartment,1,99 yrs from 01/03/1995,1999,Private,218816,08,21,Central Region,Kallang
HILLION RESIDENCES,"3,415,000","3,207.67","1,065",19 Mar 2018,10 JELEBU ROAD #22-13,New Sale,Strata,298,"11,460",-,Apartment,1,99 yrs from 04/01/2013,2017,N.A,677672,23,67,West Region,Bukit Panjang
KINGSFORD WATERBAY,"989,000",688.9,"1,436",19 Mar 2018,72 UPPER SERANGOON VIEW #04-40,New Sale,Strata,64,"15,453",-,Apartment,1,99 yrs from 03/03/2014,Uncompleted,HDB,533882,19,53,North East Region,Hougang
D'PAVILION,"2,128,000","1,948.28","1,092",19 Mar 2018,801 UPPER SERANGOON ROAD #05-02,Resale,Strata,181,"11,757",-,Apartment,1,Freehold,2010,Private,534671,19,53,North East Region,Hougang
KOVAN 81,"1,100,000","1,054.87","1,043",19 Mar 2018,81 KOVAN ROAD #03-03,Resale,Strata,98,"11,224",-,Apartment,1,999 yrs from 02/12/1878,2001,HDB,548173,19,54,North East Region,Hougang
QUEENS PEAK,"1,611,000",839.59,"1,919",19 Mar 2018,3 DUNDEE ROAD #36-23,New Sale,Strata,78,"20,654",-,Condominium,1,99 yrs from 28/09/2015,Uncompleted,Private,149457,03,14,Central Region,Queenstown
SUITES 28,"575,000",430.56,"1,335",19 Mar 2018,28 LORONG 30 GEYLANG #05-04,Resale,Strata,40,"14,375",-,Apartment,1,Freehold,2014,Private,398361,14,39,Central Region,Geylang
THE PALETTE,"1,155,000","1,173.28",984,19 Mar 2018,117 PASIR RIS GROVE #05-54,Resale,Strata,109,"10,596",-,Condominium,1,99 yrs from 20/10/2010,2015,HDB,518173,18,51,East Region,Pasir Ris
KINGSFORD WATERBAY,"1,170,000",893.41,"1,310",19 Mar 2018,66 UPPER SERANGOON VIEW #08-16,New Sale,Strata,83,"14,096",-,Apartment,1,99 yrs from 03/03/2014,Uncompleted,N.A,533885,19,53,North East Region,Hougang
THE SCALA,"1,180,000",850.36,"1,388",19 Mar 2018,130 SERANGOON AVENUE 3 #09-02,Resale,Strata,79,"14,937",-,Apartment,1,99 yrs from 06/01/2010,2013,Private,554479,19,55,North East Region,Serangoon
EURO-ASIA PARK,"1,450,841","1,420.85","1,021",19 Mar 2018,25 WOODLEIGH CLOSE #03-26,Resale,Strata,132,"10,991",-,Condominium,1,Freehold,1996,Private,357920,13,35,Central Region,Toa Payoh
BLOSSOM VIEW,"935,000","1,033.34",905,19 Mar 2018,31 LORONG 26 GEYLANG #03-01,Resale,Strata,96,"9,740",-,Apartment,1,Freehold,1997,HDB,398498,14,39,Central Region,Geylang
MARINA ONE RESIDENCES,"2,765,470","1,140.98","2,424",19 Mar 2018,21 MARINA WAY #21-02,New Sale,Strata,106,"26,089",-,Apartment,1,99 yrs from 01/07/2011,2017,Private,018978,01,01,Central Region,Downtown Core
ARDMORE PARK,"10,400,000","2,884.75","3,605",19 Mar 2018,11 ARDMORE PARK #17-01,Resale,Strata,268,"38,806",-,Condominium,1,Freehold,2001,Private,259957,10,25,Central Region,Newton
URBANA,"2,780,000","1,313.21","2,117",19 Mar 2018,1 RIVER VALLEY CLOSE #29-01,Resale,Strata,122,"22,787",-,Condominium,1,Freehold,2007,HDB,238427,09,23,Central Region,River Valley
PATERSON RESIDENCE,"3,100,000","1,313.21","2,361",19 Mar 2018,83 PATERSON ROAD #19-06,Resale,Strata,122,"25,410",-,Condominium,1,Freehold,2008,Private,238549,09,23,Central Region,River Valley
ONZE @ TANJONG PAGAR,"2,793,582","1,140.98","2,448",19 Mar 2018,11 KEE SENG STREET #16-04,Resale,Strata,106,"26,355",-,Apartment,1,Freehold,2017,HDB,089218,02,08,Central Region,Outram
CASA SARINA,"1,310,000","1,270.15","1,031",19 Mar 2018,101 LORONG SARINA #04-21,Resale,Strata,118,"11,102",-,Condominium,1,Freehold,1998,HDB,416729,14,41,East Region,Bedok
H2O RESIDENCES,"910,000",882.65,"1,031",19 Mar 2018,32 FERNVALE LINK #13-09,Resale,Strata,82,"11,098",-,Condominium,1,99 yrs from 10/05/2010,2015,HDB,797531,28,79,North East Region,Sengkang
PARC BOTANNIA,"667,000",505.91,"1,318",19 Mar 2018,12 FERNVALE STREET #12-10,New Sale,Strata,47,"14,191",-,Condominium,1,99 yrs from 28/12/2016,Uncompleted,HDB,797391,28,79,North East Region,Sengkang
SEASONS VIEW,"1,173,000","1,140.98","1,028",19 Mar 2018,7 PEMIMPIN DRIVE #02-06,Resale,Strata,106,"11,066",-,Condominium,1,99 yrs from 06/09/1996,2000,HDB,576150,20,57,Central Region,Bishan
ST PATRICK'S LOFT,"1,720,000","1,323.97","1,299",19 Mar 2018,41 ST. PATRICK'S ROAD #05-01,Resale,Strata,123,"13,984",-,Apartment,1,Freehold,2008,HDB,424164,15,42,East Region,Bedok
CASSIA VIEW,"2,600,000","2,314.26","1,123",19 Mar 2018,320 GUILLEMARD ROAD #19-02,Resale,Strata,215,"12,093",-,Apartment,1,Freehold,1998,Private,399746,14,39,Central Region,Geylang
76 SHENTON,"1,150,000",592.02,"1,943",19 Mar 2018,76 SHENTON WAY #15-01,Resale,Strata,55,"20,909",-,Apartment,1,99 yrs from 12/04/2007,2014,HDB,079119,02,07,Central Region,Downtown Core
E MAISON,"1,518,336","1,151.75","1,318",19 Mar 2018,32 BRADDELL ROAD #01-23,Resale,Strata,107,"14,190",-,Apartment,1,Freehold,2016,Private,359967,13,35,North East Region,Serangoon
MAPLE WOODS,"2,810,000","1,786.82","1,573",19 Mar 2018,991 BUKIT TIMAH ROAD #05-11,Resale,Strata,166,"16,928",-,Condominium,1,Freehold,1997,Private,589630,21,58,Central Region,Bukit Timah
RV SUITES,"958,000",548.96,"1,745",19 Mar 2018,396 RIVER VALLEY ROAD #02-04,Resale,Strata,51,"18,784",-,Apartment,1,Freehold,2012,HDB,248289,10,24,Central Region,Tanglin
REZI 35,"1,171,800",839.59,"1,396",19 Mar 2018,20 LORONG 35 GEYLANG #03-07,New Sale,Strata,78,"15,023",-,Apartment,1,Freehold,Uncompleted,Private,387949,14,38,Central Region,Geylang
REFLECTIONS AT KEPPEL BAY,"1,500,000","1,011.82","1,482",19 Mar 2018,23 KEPPEL BAY VIEW #04-70,Resale,Strata,94,"15,957",-,Condominium,1,99 yrs from 15/03/2006,2011,HDB,098414,04,09,Central Region,Bukit Merah
SEASONS PARK,"845,000","1,065.64",793,19 Mar 2018,491 YIO CHU KANG ROAD #03-04,Resale,Strata,99,"8,535",-,Condominium,1,99 yrs from 01/03/1995,1997,Private,787078,26,78,North East Region,Ang Mo Kio
PALM ISLES,"740,000",807.3,917,19 Mar 2018,38 FLORA DRIVE #02-55,Resale,Strata,75,"9,867",-,Condominium,1,99 yrs from 14/09/2011,2015,Private,506895,17,50,East Region,Pasir Ris
CASA MERAH,"1,750,000","1,539.25","1,137",19 Mar 2018,62 TANAH MERAH KECHIL AVENUE #11-23,Resale,Strata,143,"12,238",-,Apartment,1,99 yrs from 11/07/2006,2009,Private,465530,16,46,East Region,Bedok
CENTRAL GROVE,"1,080,000","1,216.33",888,19 Mar 2018,3 GEYLANG EAST AVENUE 1 #10-12,Resale,Strata,113,"9,558",-,Condominium,1,99 yrs from 18/07/1997,2001,HDB,389779,14,38,Central Region,Geylang
THE TRILINQ,"1,685,000","1,345.5","1,252",19 Mar 2018,28A JALAN LEMPENG #12-16,New Sale,Strata,125,"13,480",-,Condominium,1,99 yrs from 16/04/2012,2017,HDB,128808,05,12,West Region,Clementi
STRATFORD COURT,"1,270,000","1,733",733,19 Mar 2018,41A BEDOK RIA CRESCENT #04-36,Resale,Strata,161,"7,888",-,Condominium,1,99 yrs from 23/06/1995,1998,Private,489929,16,48,East Region,Bedok
CLOVER BY THE PARK,"1,800,000","1,603.84","1,122",19 Mar 2018,6 BISHAN STREET 25 #03-12,Resale,Strata,149,"12,081",-,Condominium,1,99 yrs from 10/09/2007,2011,HDB,573975,20,57,Central Region,Bishan
ARTHUR 118,"1,488,888",925.7,"1,608",19 Mar 2018,118 ARTHUR ROAD #09-01,Resale,Strata,86,"17,313",-,Apartment,1,Freehold,2006,HDB,439827,15,43,Central Region,Marine Parade
RIVER ISLES,"1,000,000","1,076.4",929,19 Mar 2018,60 EDGEDALE PLAINS #06-20,Resale,Strata,100,"10,000",-,Condominium,1,99 yrs from 06/02/2012,2015,Private,828729,19,82,North East Region,Punggol
TREVISTA,"620,000",462.85,"1,340",19 Mar 2018,21 LORONG 3 TOA PAYOH #04-02,Resale,Strata,43,"14,419",-,Condominium,1,99 yrs from 15/07/2008,2011,Private,319581,12,31,Central Region,Toa Payoh
AMBER RESIDENCES,"3,500,000","2,217.38","1,578",19 Mar 2018,50 AMBER ROAD #14-01,Resale,Strata,206,"16,990",-,Condominium,1,Freehold,2011,Private,439888,15,43,Central Region,Marine Parade
76 SHENTON,"1,190,000",592.02,"2,010",19 Mar 2018,76 SHENTON WAY #37-01,Resale,Strata,55,"21,636",-,Apartment,1,99 yrs from 12/04/2007,2014,Private,079119,02,07,Central Region,Downtown Core
SELETAR SPRINGS CONDOMINIUM,"930,000","1,302.44",714,19 Mar 2018,102 GERALD DRIVE #03-75,Resale,Strata,121,"7,686",-,Condominium,1,99 yrs from 12/08/1997,2000,HDB,798593,28,79,North East Region,Hougang
SUNSHINE PLAZA,"1,250,000","1,130.22","1,106",19 Mar 2018,10 PRINSEP LINK #05-06,Resale,Strata,105,"11,905",-,Apartment,1,99 yrs from 19/03/1997,2001,Private,187948,07,18,Central Region,Rochor
SUITES AT ORCHARD,"1,600,000",753.48,"2,123",19 Mar 2018,38 HANDY ROAD #04-14,Resale,Strata,70,"22,857",-,Apartment,1,99 yrs from 27/06/2007,2014,Private,229239,09,22,Central Region,Museum
THE SERENNIA,"1,150,000","1,022.58","1,125",19 Mar 2018,18 PULASAN ROAD #03-07,Resale,Strata,95,"12,105",-,Apartment,1,Freehold,2010,HDB,424385,15,42,Central Region,Marine Parade
THE GREENWICH,"848,000",882.65,961,19 Mar 2018,15 SELETAR ROAD #02-67,Resale,Strata,82,"10,341",-,Condominium,1,99 yrs from 21/12/2009,2014,Private,807018,28,80,North East Region,Serangoon
EDENZ SUITES,"600,000",473.62,"1,267",19 Mar 2018,21 LORONG 28 GEYLANG #06-03,Resale,Strata,44,"13,636",-,Apartment,1,Freehold,2015,HDB,398425,14,39,Central Region,Geylang
THE SAIL @ MARINA BAY,"1,250,000",678.13,"1,843",19 Mar 2018,6 MARINA BOULEVARD #23-17,Resale,Strata,63,"19,841",-,Apartment,1,99 yrs from 12/08/2002,2008,HDB,018985,01,01,Central Region,Downtown Core
SELETARIS,"1,000,000","1,453.14",688,19 Mar 2018,505 SEMBAWANG ROAD #01-38,Resale,Strata,135,"7,407",-,Condominium,1,Freehold,2001,Private,757708,27,75,North Region,Sembawang
D'LEEDON,"2,850,000","1,829.88","1,557",19 Mar 2018,5 LEEDON HEIGHTS #23-07,Resale,Strata,170,"16,765",-,Condominium,1,99 yrs from 08/04/2010,2014,Private,267952,10,26,Central Region,Bukit Timah
N.A.,"1,180,000","1,334.74",884,19 Mar 2018,2B FLANDERS SQUARE,Resale,Strata,124,"9,516",-,Apartment,1,Freehold,-,HDB,209295,08,20,Central Region,Kallang
SHELFORD SUITES,"2,042,000","1,270.15","1,608",19 Mar 2018,16 SHELFORD ROAD #04-08,Resale,Strata,118,"17,305",-,Condominium,1,Freehold,2011,Private,288383,11,28,Central Region,Bukit Timah
GRANDEUR PARK RESIDENCES,"1,145,000",667.37,"1,716",19 Mar 2018,9 BEDOK SOUTH AVENUE 3 #10-39,New Sale,Strata,62,"18,468",-,Condominium,1,99 yrs from 25/05/2016,Uncompleted,Private,465465,16,46,East Region,Bedok
368 THOMSON,"1,450,000",871.88,"1,663",19 Mar 2018,368 THOMSON ROAD #24-02,Resale,Strata,81,"17,901",-,Condominium,1,Freehold,2014,HDB,298127,11,29,Central Region,Novena
GEM RESIDENCES,"1,620,000",979.52,"1,654",19 Mar 2018,1 LORONG 5 TOA PAYOH #36-04,New Sale,Strata,91,"17,802",-,Condominium,1,99 yrs from 21/09/2015,Uncompleted,Private,319458,12,31,Central Region,Toa Payoh
EIGHT RIVERSUITES,"1,380,000",979.52,"1,409",19 Mar 2018,2 WHAMPOA EAST #13-03,Resale,Strata,91,"15,165",-,Condominium,1,99 yrs from 11/07/2011,2016,HDB,338517,12,33,Central Region,Kallang
GUILIN COURT,"930,000","1,162.51",800,19 Mar 2018,10 LORONG 26 GEYLANG #07-01,Resale,Strata,108,"8,611",-,Apartment,1,Freehold,1995,Private,398485,14,39,Central Region,Geylang
V ON SHENTON,"4,306,500","1,765.3","2,440",19 Mar 2018,5A SHENTON WAY #42-16,New Sale,Strata,164,"26,259",-,Apartment,1,99 yrs from 29/11/2011,2017,N.A,068814,01,06,Central Region,Downtown Core
76 SHENTON,"1,250,000",624.31,"2,002",19 Mar 2018,76 SHENTON WAY #31-04,Resale,Strata,58,"21,552",-,Apartment,1,99 yrs from 12/04/2007,2014,Private,079119,02,07,Central Region,Downtown Core
SAVANNAH CONDOPARK,"1,185,000","1,453.14",815,19 Mar 2018,37 SIMEI RISE #02-16,Resale,Strata,135,"8,778",-,Condominium,1,99 yrs from 29/11/2000,2005,HDB,528782,18,52,East Region,Tampines
THE METROPOLITAN CONDOMINIUM,"1,780,000","1,399.32","1,272",19 Mar 2018,8 ALEXANDRA VIEW #26-07,Resale,Strata,130,"13,692",-,Condominium,1,99 yrs from 17/02/2006,2009,HDB,158747,03,15,Central Region,Bukit Merah
THE TRILINQ,"1,726,000","1,345.5","1,283",20 Mar 2018,28 JALAN LEMPENG #22-05,New Sale,Strata,125,"13,808",-,Condominium,1,99 yrs from 16/04/2012,2017,HDB,128807,05,12,West Region,Clementi
PARC CENTROS,"1,150,000",990.29,"1,161",20 Mar 2018,90 PUNGGOL CENTRAL #09-24,Resale,Strata,92,"12,500",-,Condominium,1,99 yrs from 19/03/2012,2016,HDB,828722,19,82,North East Region,Punggol
THE TRILINQ,"1,679,000","1,345.5","1,248",20 Mar 2018,28 JALAN LEMPENG #14-05,New Sale,Strata,125,"13,432",-,Condominium,1,99 yrs from 16/04/2012,2017,HDB,128807,05,12,West Region,Clementi
8 NAPIER,"6,550,000","2,012.87","3,254",20 Mar 2018,8 NAPIER ROAD #08-01,Resale,Strata,187,"35,027",-,Condominium,1,Freehold,2010,Private,258502,10,25,Central Region,Tanglin
CLYDESVIEW,"2,880,000","2,411.14","1,194",20 Mar 2018,16A JERVOIS LANE #04-01,Resale,Strata,224,"12,857",-,Condominium,1,Freehold,1991,Private,159192,03,15,Central Region,Tanglin
E MAISON,"1,518,336","1,151.75","1,318",20 Mar 2018,32 BRADDELL ROAD #01-24,Resale,Strata,107,"14,190",-,Apartment,1,Freehold,2016,HDB,359967,13,35,North East Region,Serangoon
THE HILLIER,"760,000",559.73,"1,358",20 Mar 2018,6 HILLVIEW RISE #09-24,Resale,Strata,52,"14,615",-,Apartment,1,99 yrs from 01/08/2011,2016,HDB,667980,23,66,West Region,Bukit Batok
THE REGENCY AT TIONG BAHRU,"2,040,000","1,270.15","1,606",20 Mar 2018,36 CHAY YAN STREET #16-02,Resale,Strata,118,"17,288",-,Condominium,1,Freehold,2010,Private,169905,03,16,Central Region,Bukit Merah
TROPICAL SPRING,"1,200,000","1,334.74",899,20 Mar 2018,25 SIMEI STREET 4 #07-05,Resale,Strata,124,"9,677",-,Condominium,1,99 yrs from 06/12/1997,2002,HDB,529874,18,52,East Region,Tampines
EMERALD EAST,"1,450,000","1,087.16","1,334",20 Mar 2018,8D TANJONG RHU ROAD #05-04,Resale,Strata,101,"14,356",-,Apartment,1,Freehold,1999,Private,436892,15,43,Central Region,Kallang
ROSEWOOD,"838,000","1,173.28",714,20 Mar 2018,3 ROSEWOOD DRIVE #09-05,Resale,Strata,109,"7,688",-,Condominium,1,99 yrs from 20/06/2000,2003,Private,737935,25,73,North Region,Woodlands
A TREASURE TROVE,"878,000",775.01,"1,133",20 Mar 2018,64 PUNGGOL WALK #10-29,Resale,Strata,72,"12,194",-,Condominium,1,99 yrs from 09/03/2011,2015,HDB,828782,19,82,North East Region,Punggol
THE DAFFODIL,"980,000","1,001.05",979,20 Mar 2018,568 UPPER EAST COAST ROAD #04-12,Resale,Strata,93,"10,538",-,Apartment,1,Freehold,1998,Private,466584,16,46,East Region,Bedok
Q BAY RESIDENCES,"1,738,000","1,614.6","1,076",20 Mar 2018,11 TAMPINES STREET 86 #08-31,Resale,Strata,150,"11,587",-,Condominium,1,99 yrs from 21/08/2012,2016,Private,528588,18,52,East Region,Tampines
PARC REGENCY,"1,720,000","1,679.18","1,024",20 Mar 2018,315 PASIR PANJANG ROAD #01-04,Resale,Strata,156,"11,026",-,Apartment,1,Freehold,2002,HDB,118652,05,11,Central Region,Queenstown
GEM RESIDENCES,"1,880,000","1,248.62","1,506",20 Mar 2018,3 LORONG 5 TOA PAYOH #19-15,New Sale,Strata,116,"16,207",-,Condominium,1,99 yrs from 21/09/2015,Uncompleted,HDB,319459,12,31,Central Region,Toa Payoh
PALM GARDENS,"980,000","1,345.5",728,20 Mar 2018,2C HONG SAN WALK #07-07,Resale,Strata,125,"7,840",-,Condominium,1,99 yrs from 12/08/1996,2000,HDB,689049,23,68,West Region,Choa Chu Kang
COMPASS HEIGHTS,"705,000",667.37,"1,056",20 Mar 2018,9 SENGKANG SQUARE #10-21,Resale,Strata,62,"11,371",-,Apartment,1,99 yrs from 30/04/2000,2002,HDB,545075,19,54,North East Region,Sengkang
KINGSFORD WATERBAY,"981,000",688.9,"1,424",20 Mar 2018,76 UPPER SERANGOON VIEW #02-58,New Sale,Strata,64,"15,328",-,Apartment,1,99 yrs from 03/03/2014,Uncompleted,HDB,533880,19,53,North East Region,Hougang
BIJOU,"1,130,600",570.49,"1,971",20 Mar 2018,2 JALAN MAT JAMBOL #04-10,New Sale,Strata,53,"21,220","1,124,648",Apartment,1,Freehold,Uncompleted,Private,119554,05,11,Central Region,Queenstown
TIARA,"2,791,000","1,506.96","1,852",20 Mar 2018,1 KIM SENG WALK #18-04,Resale,Strata,140,"19,936",-,Condominium,1,Freehold,1995,HDB,239403,09,23,Central Region,Singapore River
GEM RESIDENCES,"1,833,480","1,248.62","1,468",20 Mar 2018,3 LORONG 5 TOA PAYOH #11-15,New Sale,Strata,116,"15,806",-,Condominium,1,99 yrs from 21/09/2015,Uncompleted,Private,319459,12,31,Central Region,Toa Payoh
PARC BOTANNIA,"1,102,112",871.88,"1,264",20 Mar 2018,12 FERNVALE STREET #06-12,New Sale,Strata,81,"13,606",-,Condominium,1,99 yrs from 28/12/2016,Uncompleted,Private,797391,28,79,North East Region,Sengkang
PALM GARDENS,"968,000","1,345.5",719,20 Mar 2018,2D HONG SAN WALK #13-03,Resale,Strata,125,"7,744",-,Condominium,1,99 yrs from 12/08/1996,2000,Private,689050,23,68,West Region,Choa Chu Kang
PARC BOTANNIA,"699,000",505.91,"1,382",20 Mar 2018,12 FERNVALE STREET #19-18,New Sale,Strata,47,"14,872",-,Condominium,1,99 yrs from 28/12/2016,Uncompleted,N.A,797391,28,79,North East Region,Sengkang
THE TROPICA,"980,000","1,237.86",792,20 Mar 2018,55 TAMPINES AVENUE 1 #05-03,Resale,Strata,115,"8,522",-,Condominium,1,99 yrs from 04/12/1996,2000,HDB,529773,18,52,East Region,Tampines
VALLEY PARK,"1,300,000",796.54,"1,632",20 Mar 2018,483 RIVER VALLEY ROAD #03-04,Resale,Strata,74,"17,568",-,Condominium,1,999 yrs from 21/06/1877,1997,Private,248368,10,24,Central Region,Tanglin
KINGSFORD WATERBAY,"958,000",688.9,"1,391",20 Mar 2018,68 UPPER SERANGOON VIEW #03-22,New Sale,Strata,64,"14,969",-,Apartment,1,99 yrs from 03/03/2014,Uncompleted,HDB,533884,19,53,North East Region,Hougang
GARDENVISTA,"1,610,000","1,345.5","1,197",20 Mar 2018,956 DUNEARN ROAD #04-16,Resale,Strata,125,"12,880",-,Condominium,1,99 yrs from 09/09/1999,2006,Private,589484,21,58,Central Region,Bukit Timah
TANAMERA CREST,"828,000",861.12,962,20 Mar 2018,10 PARI DEDAP WALK #11-16,Resale,Strata,80,"10,350",-,Condominium,1,99 yrs from 20/06/2000,2004,Private,486062,16,48,East Region,Bedok
EDEN VIEW,"1,048,000","1,054.87",993,20 Mar 2018,6 EDEN GROVE #02-03,Resale,Strata,98,"10,694",-,Apartment,1,Freehold,2006,HDB,539102,19,53,North East Region,Serangoon
GRANDEUR PARK RESIDENCES,"1,149,000",667.37,"1,722",20 Mar 2018,9 BEDOK SOUTH AVENUE 3 #11-39,New Sale,Strata,62,"18,532",-,Condominium,1,99 yrs from 25/05/2016,Uncompleted,Private,465465,16,46,East Region,Bedok
EIGHT COURTYARDS,"880,000",979.52,898,20 Mar 2018,16 CANBERRA DRIVE #06-34,Resale,Strata,91,"9,670",-,Condominium,1,99 yrs from 20/09/2010,2014,Private,768097,27,76,North Region,Yishun
VIBES @ EAST COAST,"592,000",419.8,"1,410",20 Mar 2018,308 TELOK KURAU ROAD #04-28,Resale,Strata,39,"15,179",-,Apartment,1,Freehold,2014,HDB,423858,15,42,East Region,Bedok
LAKE GRANDE,"1,130,000",882.65,"1,280",20 Mar 2018,10 JURONG LAKE LINK #01-42,New Sale,Strata,82,"13,780",-,Condominium,1,99 yrs from 09/06/2015,Uncompleted,HDB,648131,22,64,West Region,Jurong West
NATURALIS,"1,350,000","1,560.78",865,20 Mar 2018,2 LORONG M TELOK KURAU #05-09,Resale,Strata,145,"9,310",-,Apartment,1,Freehold,2011,Private,425279,15,42,East Region,Bedok
THE SUNNY SPRING,"1,120,000","1,065.64","1,051",20 Mar 2018,50 LORONG 40 GEYLANG #04-09,Resale,Strata,99,"11,313",-,Apartment,1,Freehold,1998,HDB,398074,14,39,Central Region,Geylang
THE LAKEFRONT RESIDENCES,"760,000",484.38,"1,569",20 Mar 2018,48 LAKESIDE DRIVE #04-35,Resale,Strata,45,"16,889",-,Condominium,1,99 yrs from 03/08/2010,2014,HDB,648305,22,64,West Region,Jurong West
PARC OASIS,"1,000,000","1,076.4",929,20 Mar 2018,53 JURONG EAST AVENUE 1 #11-03,Resale,Strata,100,"10,000",-,Condominium,1,99 yrs from 01/12/1991,1994,HDB,609783,22,60,West Region,Jurong East
TROPICAL SPRING,"1,168,000","1,334.74",875,20 Mar 2018,33 SIMEI STREET 4 #10-22,Resale,Strata,124,"9,419",-,Condominium,1,99 yrs from 06/12/1997,2002,Private,529878,18,52,East Region,Tampines
FLORIDIAN,"3,180,000","1,840.64","1,728",20 Mar 2018,971 BUKIT TIMAH ROAD #01-22,Resale,Strata,171,"18,596",-,Condominium,1,Freehold,2012,Private,589647,21,58,Central Region,Bukit Timah
THE SOLITAIRE,"2,200,000","1,237.86","1,777",20 Mar 2018,5B BALMORAL PARK #05-04,Resale,Strata,115,"19,130",-,Condominium,1,Freehold,2009,Private,259830,10,25,Central Region,Tanglin
WOODSVILLE 28,"1,133,000",828.83,"1,367",20 Mar 2018,28 WOODSVILLE CLOSE #17-05,Resale,Strata,77,"14,714",-,Apartment,1,99 yrs from 15/10/2007,2011,Private,357776,13,35,Central Region,Toa Payoh
COTE D'AZUR,"2,880,000","2,884.75",998,20 Mar 2018,62 MARINE PARADE ROAD #22-07,Resale,Strata,268,"10,746",-,Condominium,1,99 yrs from 25/07/2001,2004,Private,449298,15,44,Central Region,Marine Parade
NV RESIDENCES,"775,000",796.54,973,20 Mar 2018,89 PASIR RIS GROVE #06-22,Resale,Strata,74,"10,473",-,Condominium,1,99 yrs from 07/01/2008,2013,HDB,518214,18,51,East Region,Pasir Ris
MEIER SUITES,"3,600,000","2,206.62","1,631",20 Mar 2018,10 MARGATE ROAD #16-03,Resale,Strata,205,"17,561",-,Condominium,1,Freehold,2012,Private,438051,15,43,Central Region,Marine Parade
COMPASS HEIGHTS,"938,000","1,108.69",846,20 Mar 2018,11 SENGKANG SQUARE #10-33,Resale,Strata,103,"9,107",-,Apartment,1,99 yrs from 30/04/2000,2002,HDB,545076,19,54,North East Region,Sengkang
ARTRA,"1,563,800",785.77,"1,990",20 Mar 2018,10 ALEXANDRA VIEW #30-05,New Sale,Strata,73,"21,422",-,Apartment,1,99 yrs from 15/02/2016,Uncompleted,N.A,158745,03,15,Central Region,Bukit Merah
REGENT HEIGHTS,"810,000","1,173.28",690,20 Mar 2018,52 BUKIT BATOK EAST AVENUE 5 #02-07,Resale,Strata,109,"7,431",-,Condominium,1,99 yrs from 07/11/1995,1999,Private,659802,23,65,West Region,Bukit Batok
KOVAN MELODY,"1,320,000","1,227.1","1,076",20 Mar 2018,23 KOVAN ROAD #09-20,Resale,Strata,114,"11,579",-,Condominium,1,99 yrs from 20/01/2004,2006,HDB,548193,19,54,North East Region,Hougang
E MAISON,"1,643,392","1,184.04","1,388",20 Mar 2018,30 BRADDELL ROAD #01-12,Resale,Strata,110,"14,940",-,Apartment,1,Freehold,2016,Private,359946,13,35,North East Region,Serangoon
ICON,"1,280,000",785.77,"1,629",20 Mar 2018,10 GOPENG STREET #27-16,Resale,Strata,73,"17,534",-,Apartment,1,99 yrs from 29/01/2002,2007,Private,078878,02,07,Central Region,Downtown Core
THE ESTUARY,"936,000","1,119.46",836,20 Mar 2018,91 YISHUN AVENUE 1 #04-18,Resale,Strata,104,"9,000",-,Condominium,1,99 yrs from 25/06/2008,2013,Private,769135,27,76,North Region,Yishun
OASIS GARDEN,"1,168,888","1,388.56",842,21 Mar 2018,51 JALAN BUNGA RAMPAI #01-01,Resale,Strata,129,"9,061",-,Condominium,1,Freehold,2009,Private,538420,19,53,Central Region,Toa Payoh
THE PALETTE,"920,000",893.41,"1,030",21 Mar 2018,105 PASIR RIS GROVE #11-09,Resale,Strata,83,"11,084",-,Condominium,1,99 yrs from 20/10/2010,2015,Private,518197,18,51,East Region,Pasir Ris
URBAN VISTA,"815,000",548.96,"1,485",21 Mar 2018,2 TANAH MERAH KECHIL LINK #07-03,Resale,Strata,51,"15,980",-,Condominium,1,99 yrs from 05/11/2012,2016,Private,465417,16,46,East Region,Bedok
ROSEWOOD SUITES,"870,000","1,065.64",816,21 Mar 2018,65 ROSEWOOD DRIVE #03-27,Resale,Strata,99,"8,788",-,Condominium,1,99 yrs from 25/02/2008,2011,HDB,737875,25,73,North Region,Woodlands
A TREASURE TROVE,"1,280,000","1,205.57","1,062",21 Mar 2018,54 PUNGGOL WALK #15-12,Resale,Strata,112,"11,429",-,Condominium,1,99 yrs from 09/03/2011,2015,Private,828832,19,82,North East Region,Punggol
D'PAVILION,"1,080,000",968.76,"1,115",21 Mar 2018,801 UPPER SERANGOON ROAD #04-04,Resale,Strata,90,"12,000",-,Apartment,1,Freehold,2010,Private,534671,19,53,North East Region,Hougang
AALTO,"2,852,000","1,550.02","1,840",21 Mar 2018,191 MEYER ROAD #13-01,Resale,Strata,144,"19,806",-,Condominium,1,Freehold,2010,Private,437980,15,43,Central Region,Marine Parade
BAYSHORE PARK,"1,280,000","1,173.28","1,091",21 Mar 2018,60 BAYSHORE ROAD #25-01,Resale,Strata,109,"11,743",-,Condominium,1,99 yrs from 17/03/1982,1986,HDB,469982,16,46,East Region,Bedok
ARTRA,"1,657,000",828.83,"1,999",21 Mar 2018,10 ALEXANDRA VIEW #33-06,New Sale,Strata,77,"21,519",-,Apartment,1,99 yrs from 15/02/2016,Uncompleted,HDB,158745,03,15,Central Region,Bukit Merah
TURQUOISE,"3,600,000","2,411.14","1,493",21 Mar 2018,55 COVE DRIVE #04-10,Resale,Strata,224,"16,071",-,Condominium,1,99 yrs from 12/03/2007,2010,HDB,098395,04,09,Central Region,Southern Islands
ROSEWOOD,"880,000","1,173.28",750,21 Mar 2018,7 ROSEWOOD DRIVE #13-16,Resale,Strata,109,"8,073",-,Condominium,1,99 yrs from 20/06/2000,2003,HDB,737937,25,73,North Region,Woodlands
SIMS URBAN OASIS,"2,451,800","1,733","1,415",21 Mar 2018,8 SIMS DRIVE #07-26,New Sale,Strata,161,"15,229",-,Condominium,1,99 yrs from 29/07/2014,2017,Private,387389,14,38,Central Region,Geylang
THE CASCADIA,"1,500,000",990.29,"1,515",21 Mar 2018,925 BUKIT TIMAH ROAD #03-11,Resale,Strata,92,"16,304",-,Condominium,1,Freehold,2010,Private,589640,21,58,Central Region,Bukit Timah
TERRASSE,"1,280,000","1,108.69","1,155",21 Mar 2018,29 TERRASSE LANE #04-52,Resale,Strata,103,"12,427",-,Condominium,1,99 yrs from 23/08/2010,2014,Private,544778,19,54,North East Region,Hougang
MAKEWAY VIEW,"168,000,000","70,461.14","2,384",21 Mar 2018,"2 (ENBLOC) MAKEWAY AVENUE #04-03,02,01 ETC",Resale,Strata,"6,546","25,665",-,Apartment,32,Freehold,1989,Private,228599,09,22,Central Region,Novena
HILLVIEW HEIGHTS,"1,488,000","1,270.15","1,172",21 Mar 2018,29A HILLVIEW AVENUE #04-01,Resale,Strata,118,"12,610",-,Condominium,1,Freehold,1996,Private,669562,23,66,West Region,Bukit Batok
PARC BOTANNIA,"630,000",430.56,"1,463",21 Mar 2018,10 FERNVALE STREET #22-08,New Sale,Strata,40,"15,750",-,Condominium,1,99 yrs from 28/12/2016,Uncompleted,HDB,797390,28,79,North East Region,Sengkang
D'GALLERY,"1,130,000",968.76,"1,166",21 Mar 2018,15 JALAN MASJID #04-02,Resale,Strata,90,"12,556",-,Apartment,1,Freehold,2006,Private,418936,14,41,East Region,Bedok
SUN PLAZA,"900,000","1,367.03",658,21 Mar 2018,30 SEMBAWANG DRIVE #09-04,Resale,Strata,127,"7,087",-,Apartment,1,99 yrs from 26/06/1996,2000,HDB,757713,27,75,North Region,Sembawang
STRATUM,"820,000",818.06,"1,002",21 Mar 2018,100 ELIAS ROAD #04-67,Sub Sale,Strata,76,"10,789",-,Condominium,1,99 yrs from 11/07/2012,2016,HDB,519955,18,51,East Region,Pasir Ris
FOREST WOODS,"1,398,000",914.94,"1,528",21 Mar 2018,9 LORONG LEW LIAN #03-02,New Sale,Strata,85,"16,447",-,Condominium,1,99 yrs from 05/02/2016,Uncompleted,HDB,536494,19,53,North East Region,Serangoon
THE ELEGANCE @ CHANGI,"1,060,000","1,011.82","1,048",21 Mar 2018,30 LORONG 107 CHANGI #04-05,Resale,Strata,94,"11,277",-,Apartment,1,Freehold,2006,Private,426446,15,42,Central Region,Geylang
THE TEMBUSU,"1,350,000",753.48,"1,792",21 Mar 2018,107D TAMPINES ROAD #11-16,Resale,Strata,70,"19,286",-,Condominium,1,Freehold,2016,HDB,534006,19,53,North East Region,Hougang
THE TRILINQ,"1,702,000","1,345.5","1,265",21 Mar 2018,28A JALAN LEMPENG #14-16,New Sale,Strata,125,"13,616",-,Condominium,1,99 yrs from 16/04/2012,2017,Private,128808,05,12,West Region,Clementi
GRANDEUR PARK RESIDENCES,"1,140,000",667.37,"1,708",21 Mar 2018,9 BEDOK SOUTH AVENUE 3 #09-39,New Sale,Strata,62,"18,387",-,Condominium,1,99 yrs from 25/05/2016,Uncompleted,N.A,465465,16,46,East Region,Bedok
THE ARTE,"1,950,000","1,528.49","1,276",21 Mar 2018,21 JALAN RAJA UDANG #17-03,Resale,Strata,142,"13,732",-,Condominium,1,Freehold,2010,Private,329215,12,32,Central Region,Novena
WATER PLACE,"1,570,000","1,227.1","1,279",21 Mar 2018,179 TANJONG RHU ROAD #07-28,Resale,Strata,114,"13,772",-,Condominium,1,99 yrs from 02/03/1998,2004,Private,436608,15,43,Central Region,Kallang
THE OCEANFRONT @ SENTOSA COVE,"1,900,888","1,216.33","1,563",21 Mar 2018,293 OCEAN DRIVE #02-15,Resale,Strata,113,"16,822",-,Condominium,1,99 yrs from 10/08/2005,2010,Private,098533,04,09,Central Region,Southern Islands
ONE-NORTH RESIDENCES,"2,000,000","1,593.07","1,255",21 Mar 2018,7 ONE-NORTH GATEWAY #10-02,Resale,Strata,148,"13,514",-,Apartment,1,99 yrs from 15/09/2005,2009,Private,138642,05,13,Central Region,Queenstown
RIVERBANK @ FERNVALE,"585,000",495.14,"1,181",21 Mar 2018,13 FERNVALE CLOSE #03-16,Sub Sale,Strata,46,"12,717",-,Condominium,1,99 yrs from 10/07/2013,2017,HDB,797476,28,79,North East Region,Sengkang
CHANGI RISE CONDOMINIUM,"990,000","1,259.39",786,21 Mar 2018,6 SIMEI RISE #08-17,Resale,Strata,117,"8,462",-,Condominium,1,99 yrs from 29/11/2000,2004,Private,528802,18,52,East Region,Tampines
THE ADARA,"1,200,000",914.94,"1,312",21 Mar 2018,9 CHAPEL ROAD #02-01,Resale,Strata,85,"14,118",-,Apartment,1,Freehold,2010,HDB,429515,15,42,Central Region,Marine Parade
PARKVIEW APARTMENTS,"850,000","1,130.22",752,21 Mar 2018,1 BUKIT BATOK STREET 25 #07-16,Resale,Strata,105,"8,095",-,Apartment,1,99 yrs from 01/05/1994,1998,HDB,658882,23,65,West Region,Bukit Batok
RIVER ISLES,"1,300,000","1,420.85",915,21 Mar 2018,58 EDGEDALE PLAINS #01-15,Resale,Strata,132,"9,848",-,Condominium,1,99 yrs from 06/02/2012,2015,HDB,828823,19,82,North East Region,Punggol
EIGHT RIVERSUITES,"1,030,000",699.66,"1,472",21 Mar 2018,8 WHAMPOA EAST #10-17,Resale,Strata,65,"15,846",-,Condominium,1,99 yrs from 11/07/2011,2016,Private,338520,12,33,Central Region,Kallang
AMARYLLIS VILLE,"1,920,000","1,237.86","1,551",21 Mar 2018,20 NEWTON ROAD #27-02,Resale,Strata,115,"16,696",-,Condominium,1,99 yrs from 24/10/1997,2004,Private,307953,11,30,Central Region,Novena
INTERNATIONAL PLAZA,"1,750,000","1,603.84","1,091",21 Mar 2018,10 ANSON ROAD #39-01,Resale,Strata,149,"11,745",-,Apartment,1,99 yrs from 02/06/1970,1976,Private,079903,02,07,Central Region,Downtown Core
NOVA 48,"1,630,000","1,237.86","1,317",21 Mar 2018,10 PROME ROAD #08-03,Resale,Strata,115,"14,174",-,Apartment,1,Freehold,2011,Private,328318,12,32,Central Region,Novena
ONE EIGHTIES RESIDENCES,"1,800,000","1,280.92","1,405",21 Mar 2018,186 JOO CHIAT TERRACE #05-01,Resale,Strata,119,"15,126",-,Apartment,1,Freehold,2015,Private,427332,15,42,Central Region,Geylang
GOLDHILL TOWERS,"2,400,000","1,550.02","1,548",21 Mar 2018,38 GOLDHILL AVENUE #07-38,Resale,Strata,144,"16,667",-,Apartment,1,Freehold,1989,Private,309021,11,30,Central Region,Novena
PARC VISTA,"890,000","1,076.4",827,21 Mar 2018,450 CORPORATION ROAD #02-05,Resale,Strata,100,"8,900",-,Condominium,1,99 yrs from 01/03/1995,1998,HDB,649810,22,64,West Region,Jurong West
SELETAR SPRINGS CONDOMINIUM,"798,000","1,011.82",789,21 Mar 2018,110 GERALD DRIVE #02-45,Resale,Strata,94,"8,489",-,Condominium,1,99 yrs from 12/08/1997,2000,Private,799036,28,79,North East Region,Hougang
LAGUNA 88,"1,070,000","1,194.8",896,21 Mar 2018,46 EASTWOOD ROAD #03-04,Resale,Strata,111,"9,640",-,Condominium,1,99 yrs from 06/11/1995,2000,Private,486356,16,48,East Region,Bedok
WESTCOVE CONDOMINIUM,"940,000","1,108.69",848,21 Mar 2018,16 WEST COAST CRESCENT #06-09,Resale,Strata,103,"9,126",-,Condominium,1,99 yrs from 01/03/1995,1998,HDB,128044,05,12,West Region,Clementi
SUMMER VIEW,"958,000","1,496.2",640,21 Mar 2018,5 LORONG 12 GEYLANG #06-01,Resale,Strata,139,"6,892",-,Apartment,1,Freehold,1998,HDB,398986,14,39,Central Region,Geylang
HILLTOPS,"7,934,000","2,378.84","3,335",21 Mar 2018,101 CAIRNHILL CIRCLE #07-13,Resale,Strata,221,"35,900",-,Condominium,1,Freehold,2011,Private,229809,09,22,Central Region,Newton
MARTIN NO 38,"2,225,000",968.76,"2,297",21 Mar 2018,38 MARTIN ROAD #04-09,Resale,Strata,90,"24,722",-,Apartment,1,Freehold,2011,Private,239059,09,23,Central Region,River Valley
KOVAN REGENCY,"1,330,000",979.52,"1,358",21 Mar 2018,6 KOVAN RISE #03-15,Resale,Strata,91,"14,615",-,Condominium,1,99 yrs from 24/04/2012,2015,HDB,544736,19,54,North East Region,Hougang
TREE HOUSE,"1,250,000","1,248.62","1,001",21 Mar 2018,62 CHESTNUT AVENUE #04-09,Resale,Strata,116,"10,776",-,Condominium,1,99 yrs from 23/11/2009,2013,Private,679518,23,67,West Region,Bukit Panjang
A TREASURE TROVE,"925,000",914.94,"1,011",21 Mar 2018,54 PUNGGOL WALK #02-11,Resale,Strata,85,"10,882",-,Condominium,1,99 yrs from 09/03/2011,2015,HDB,828832,19,82,North East Region,Punggol
38 JERVOIS,"1,165,021",473.62,"2,460",22 Mar 2018,38 JERVOIS ROAD #01-03,New Sale,Strata,44,"26,478",-,Apartment,1,Freehold,Uncompleted,Private,249078,10,24,Central Region,Tanglin
H2O RESIDENCES,"1,320,000","1,194.8","1,105",22 Mar 2018,36 FERNVALE LINK #16-20,Resale,Strata,111,"11,892",-,Condominium,1,99 yrs from 10/05/2010,2015,HDB,797533,28,79,North East Region,Sengkang
KOVAN RESIDENCES,"1,138,000",893.41,"1,274",22 Mar 2018,1A KOVAN ROAD #08-06,Resale,Strata,83,"13,711",-,Condominium,1,99 yrs from 31/12/2007,2011,HDB,544916,19,54,North East Region,Hougang
CHANGI COURT,"945,000",925.7,"1,021",22 Mar 2018,702 UPPER CHANGI ROAD EAST #03-07,Resale,Strata,86,"10,988",-,Condominium,1,Freehold,1997,HDB,486832,16,48,East Region,Tampines
RIVER PLACE,"1,580,000","1,054.87","1,498",22 Mar 2018,60 HAVELOCK ROAD #09-22,Resale,Strata,98,"16,122",-,Condominium,1,99 yrs from 07/11/1995,2000,Private,169658,03,16,Central Region,Singapore River
LA FIESTA,"942,000",731.95,"1,287",22 Mar 2018,68 SENGKANG SQUARE #12-42,Resale,Strata,68,"13,853",-,Condominium,1,99 yrs from 03/09/2012,2016,Private,544704,19,54,North East Region,Sengkang
JERVOIS LODGE,"2,420,000","1,517.72","1,594",22 Mar 2018,32 JERVOIS ROAD #04-02,Resale,Strata,141,"17,163",-,Condominium,1,Freehold,1997,Private,249015,10,24,Central Region,Tanglin
ASCENTIA SKY,"1,935,000","1,474.67","1,312",22 Mar 2018,3 ALEXANDRA VIEW #27-11,Resale,Strata,137,"14,124",-,Condominium,1,99 yrs from 26/03/2008,2013,Private,158749,03,15,Central Region,Bukit Merah
PARC CENTENNIAL,"1,730,000","1,248.62","1,386",22 Mar 2018,100 KAMPONG JAVA ROAD #16-01,Resale,Strata,116,"14,914",-,Apartment,1,Freehold,2011,Private,228867,09,22,Central Region,Novena
RESIDENCES BOTANIQUE,"1,450,000","1,184.04","1,225",22 Mar 2018,30 YIO CHU KANG ROAD #03-03,Resale,Strata,110,"13,182",-,Condominium,1,Freehold,2012,Private,545550,19,54,North East Region,Hougang
MELOSA,"650,000",484.38,"1,342",22 Mar 2018,28 LORONG 28 GEYLANG #04-08,Resale,Strata,45,"14,444",-,Apartment,1,Freehold,2013,HDB,398432,14,39,Central Region,Geylang
FLORIDIAN,"1,580,000",893.41,"1,769",22 Mar 2018,965 BUKIT TIMAH ROAD #10-08,Resale,Strata,83,"19,036",-,Condominium,1,Freehold,2012,Private,589662,21,58,Central Region,Bukit Timah
QUEENS PEAK,"1,636,000",861.12,"1,900",22 Mar 2018,3 DUNDEE ROAD #36-22,New Sale,Strata,80,"20,450",-,Condominium,1,99 yrs from 28/09/2015,Uncompleted,Private,149457,03,14,Central Region,Queenstown
SAVANNAH CONDOPARK,"1,310,000","1,453.14",901,22 Mar 2018,49 SIMEI RISE #07-39,Resale,Strata,135,"9,704",-,Condominium,1,99 yrs from 29/11/2000,2005,Private,528788,18,52,East Region,Tampines
EVERGREEN PARK,"800,000","1,065.64",751,22 Mar 2018,31 HOUGANG AVENUE 7 #08-04,Resale,Strata,99,"8,081",-,Apartment,1,99 yrs from 01/10/1995,1999,HDB,538800,19,53,North East Region,Hougang
38 JERVOIS,"1,169,421",473.62,"2,469",22 Mar 2018,38 JERVOIS ROAD #01-01,New Sale,Strata,44,"26,578",-,Apartment,1,Freehold,Uncompleted,Private,249078,10,24,Central Region,Tanglin
THE TESSARINA,"1,500,000",990.29,"1,515",22 Mar 2018,30 WILBY ROAD #03-47,Resale,Strata,92,"16,304",-,Condominium,1,Freehold,2003,Private,276310,10,27,Central Region,Bukit Timah
MONTROSA,"1,128,000","1,184.04",953,22 Mar 2018,132A HILLVIEW AVENUE #09-02,Resale,Strata,110,"10,255",-,Condominium,1,999 yrs from 12/10/1885,1999,Private,669604,23,66,West Region,Bukit Batok
THE NAUTICAL,"530,000",441.32,"1,201",22 Mar 2018,93 JALAN SENDUDOK #03-22,Resale,Strata,41,"12,927",-,Condominium,1,99 yrs from 29/08/2011,2015,HDB,769472,27,76,North Region,Sembawang
PUBLIC MANSION,"1,740,000","1,959.05",888,22 Mar 2018,432 BALESTIER ROAD #07-432,Resale,Strata,182,"9,560",-,Apartment,1,Freehold,1974,Private,329813,12,32,Central Region,Novena
THE LUXURIE,"913,000",936.47,975,22 Mar 2018,23 COMPASSVALE ROAD #15-23,Resale,Strata,87,"10,494",-,Condominium,1,99 yrs from 15/06/2011,2015,Private,544755,19,54,North East Region,Sengkang
THE CITRINE,"1,430,000","1,280.92","1,116",22 Mar 2018,18 JALAN DATOH #06-03,Resale,Strata,119,"12,017",-,Apartment,1,Freehold,2008,Private,329415,12,32,Central Region,Novena
FLORIDIAN,"1,578,000",904.18,"1,745",22 Mar 2018,973 BUKIT TIMAH ROAD #03-25,Resale,Strata,84,"18,786",-,Condominium,1,Freehold,2012,Private,589648,21,58,Central Region,Bukit Timah
VACANZA @ EAST,"1,980,000","1,937.52","1,022",22 Mar 2018,36 LENGKONG TUJOH #12-01,Resale,Strata,180,"11,000",-,Condominium,1,Freehold,2014,HDB,417391,14,41,East Region,Bedok
PARVIS,"4,100,000","2,604.89","1,574",22 Mar 2018,18 HOLLAND HILL #02-15,Resale,Strata,242,"16,942",-,Condominium,1,Freehold,2012,Private,278746,10,27,Central Region,Bukit Timah
PARC ROSEWOOD,"565,000",505.91,"1,117",22 Mar 2018,75 ROSEWOOD DRIVE #01-25,Resale,Strata,47,"12,021",-,Condominium,1,99 yrs from 07/09/2011,2014,HDB,737785,25,73,North Region,Woodlands
THE BELVEDERE,"2,200,000","1,302.44","1,689",22 Mar 2018,51 MEYER ROAD #10-04,Resale,Strata,121,"18,182",-,Condominium,1,Freehold,2007,Private,437874,15,43,Central Region,Marine Parade
CLYDESVIEW,"2,850,000","2,411.14","1,182",22 Mar 2018,16A JERVOIS LANE #04-07,Resale,Strata,224,"12,723",-,Condominium,1,Freehold,1991,HDB,159192,03,15,Central Region,Tanglin
THE WATERSIDE,"3,675,000","2,174.33","1,690",22 Mar 2018,7 TANJONG RHU ROAD #20-01,Resale,Strata,202,"18,193",-,Condominium,1,Freehold,1992,Private,436887,15,43,Central Region,Kallang
EDELWEISS PARK CONDOMINIUM,"745,000",947.23,787,22 Mar 2018,92 FLORA ROAD #05-40,Resale,Strata,88,"8,466",-,Condominium,1,Freehold,2006,HDB,507005,17,50,East Region,Pasir Ris
THE ALPS RESIDENCES,"1,201,000",936.47,"1,282",22 Mar 2018,113 TAMPINES STREET 86 #12-38,New Sale,Strata,87,"13,805",-,Condominium,1,99 yrs from 03/08/2015,Uncompleted,Private,528536,18,52,East Region,Tampines
CONCOURSE SKYLINE,"4,418,232","2,152.8","2,052",22 Mar 2018,296 BEACH ROAD #24-03,Resale,Strata,200,"22,091",-,Apartment,1,99 yrs from 13/03/2008,2014,Private,199599,07,19,Central Region,Kallang
SERENITY PARK,"1,250,000","1,323.97",944,22 Mar 2018,157C TAMARIND ROAD #04-08,Resale,Strata,123,"10,163",-,Condominium,1,Freehold,1995,Private,806107,28,80,North East Region,Serangoon
SHERWOOD CONDOMINIUM,"1,280,000","1,237.86","1,034",22 Mar 2018,169 JALAN JURONG KECHIL #03-15,Resale,Strata,115,"11,130",-,Condominium,1,Freehold,1998,HDB,598669,21,59,Central Region,Bukit Timah
HIGH STREET CENTRE,"1,170,000",807.3,"1,449",22 Mar 2018,1 NORTH BRIDGE ROAD #26-03,Resale,Strata,75,"15,600",-,Apartment,1,99 yrs from 02/06/1969,2005,Private,179094,06,17,Central Region,Downtown Core
SEASIDE RESIDENCES,"1,081,000",592.02,"1,826",22 Mar 2018,18 SIGLAP LINK #13-30,New Sale,Strata,55,"19,655",-,Apartment,1,99 yrs from 18/04/2016,Uncompleted,HDB,448873,15,44,East Region,Bedok
LIIV RESIDENCES,"746,738",398.27,"1,875",22 Mar 2018,339 PASIR PANJANG ROAD #03-04,New Sale,Strata,37,"20,182",-,Apartment,1,Freehold,Uncompleted,Private,117368,05,11,Central Region,Queenstown
THE INTERLACE,"1,338,000","1,044.11","1,281",22 Mar 2018,194 DEPOT ROAD #11-29,Resale,Strata,97,"13,794",-,Condominium,1,99 yrs from 11/02/2009,2013,Private,109691,04,10,Central Region,Bukit Merah
ASTORIA PARK,"965,000",925.7,"1,042",22 Mar 2018,36 LORONG MYDIN #01-02,Resale,Strata,86,"11,221",-,Condominium,1,99 yrs from 01/05/1993,1995,Private,416828,14,41,East Region,Bedok
KALLANG RIVERSIDE,"2,231,945","1,033.34","2,160",22 Mar 2018,51 KAMPONG BUGIS #16-05,New Sale,Strata,96,"23,249",-,Apartment,1,Freehold,Uncompleted,HDB,338986,12,33,Central Region,Kallang
KINGSFORD WATERBAY,"642,000",484.38,"1,325",22 Mar 2018,76 UPPER SERANGOON VIEW #05-61,Sub Sale,Strata,45,"14,267",-,Apartment,1,99 yrs from 03/03/2014,Uncompleted,HDB,533880,19,53,North East Region,Hougang
KOVAN GRANDEUR,"1,100,000","1,388.56",792,22 Mar 2018,118 TAMPINES ROAD #05-10,Resale,Strata,129,"8,527",-,Apartment,1,99 yrs from 10/08/2010,2011,HDB,535193,19,53,North East Region,Hougang
PARC VERA,"850,000",871.88,975,22 Mar 2018,2 HOUGANG STREET 32 #04-08,Resale,Strata,81,"10,494",-,Condominium,1,99 yrs from 20/12/2010,2014,Private,534041,19,53,North East Region,Hougang
COCO PALMS,"1,654,400","1,259.39","1,314",22 Mar 2018,29 PASIR RIS GROVE #14-56,New Sale,Strata,117,"14,140",-,Condominium,1,99 yrs from 07/01/2008,2018,Private,518074,18,51,East Region,Pasir Ris
STARVILLE,"1,350,000","1,474.67",915,22 Mar 2018,66 LENGKONG TIGA #01-14,Resale,Strata,137,"9,854",-,Condominium,1,Freehold,2006,Private,417471,14,41,East Region,Bedok
38 JERVOIS,"1,528,461",645.84,"2,367",22 Mar 2018,38 JERVOIS ROAD #02-05,New Sale,Strata,60,"25,474",-,Apartment,1,Freehold,Uncompleted,N.A,249078,10,24,Central Region,Tanglin
A TREASURE TROVE,"870,000",775.01,"1,123",22 Mar 2018,76 PUNGGOL WALK #15-54,Resale,Strata,72,"12,083",-,Condominium,1,99 yrs from 09/03/2011,2015,HDB,828788,19,82,North East Region,Punggol
FIORENZA,"1,028,000",839.59,"1,224",22 Mar 2018,42 FLORENCE ROAD #04-04,Resale,Strata,78,"13,179",-,Apartment,1,Freehold,2011,HDB,549576,19,54,North East Region,Hougang
ORCHID PARK CONDOMINIUM,"1,070,000","1,571.54",681,22 Mar 2018,85 YISHUN STREET 81 #11-03,Resale,Strata,146,"7,329",-,Condominium,1,99 yrs from 01/09/1991,1994,HDB,768447,27,76,North Region,Yishun
BAYSHORE PARK,"870,000",936.47,929,22 Mar 2018,50 BAYSHORE ROAD #07-01,Resale,Strata,87,"10,000",-,Condominium,1,99 yrs from 17/03/1982,1986,Private,469977,16,46,East Region,Bedok
ST FRANCIS LODGE,"1,295,000","1,237.86","1,046",22 Mar 2018,98 ST. FRANCIS ROAD #03-03,Resale,Strata,115,"11,261",-,Apartment,1,Freehold,1998,HDB,328074,12,32,Central Region,Kallang
THE MAYFAIR,"1,000,000","1,162.51",860,22 Mar 2018,3 JURONG EAST STREET 32 #06-05,Resale,Strata,108,"9,259",-,Condominium,1,99 yrs from 04/12/1996,2000,Private,609478,22,60,West Region,Jurong East
NEW FUTURA,"4,212,000","1,367.03","3,081",22 Mar 2018,18 LEONIE HILL ROAD #05-04,Resale,Strata,127,"33,165",-,Condominium,1,Freehold,2017,HDB,239199,09,23,Central Region,River Valley
GRANDEUR PARK RESIDENCES,"999,000",581.26,"1,719",22 Mar 2018,1 BEDOK SOUTH AVENUE 3 #14-02,New Sale,Strata,54,"18,500",-,Condominium,1,99 yrs from 25/05/2016,Uncompleted,Private,465461,16,46,East Region,Bedok
PARC BOTANNIA,"649,000",505.91,"1,283",22 Mar 2018,10 FERNVALE STREET #06-01,New Sale,Strata,47,"13,809",-,Condominium,1,99 yrs from 28/12/2016,Uncompleted,HDB,797390,28,79,North East Region,Sengkang
PARC ROSEWOOD,"660,000",602.78,"1,095",22 Mar 2018,81 ROSEWOOD DRIVE #03-57,Resale,Strata,56,"11,786",-,Condominium,1,99 yrs from 07/09/2011,2014,HDB,737788,25,73,North Region,Woodlands
PALM HAVEN,"1,440,000","2,055.92",700,22 Mar 2018,18 PALM GROVE AVENUE #04-06,Resale,Strata,191,"7,539",-,Condominium,1,999 yrs from 01/09/1876,2002,Private,547312,19,54,North East Region,Hougang
BARTLEY RIDGE,"1,185,000",828.83,"1,430",22 Mar 2018,46 MOUNT VERNON ROAD #06-50,Resale,Strata,77,"15,390",-,Condominium,1,99 yrs from 16/04/2012,2016,HDB,368063,13,36,Central Region,Toa Payoh
EAST GALLERIA,"1,320,000",893.41,"1,477",22 Mar 2018,19 SEA AVENUE #03-02,Resale,Strata,83,"15,904",-,Apartment,1,Freehold,2007,Private,424239,15,42,Central Region,Marine Parade
THE RED HOUSE,"1,045,450",721.19,"1,450",22 Mar 2018,63 EAST COAST ROAD #02-20,New Sale,Strata,67,"15,604",-,Apartment,1,99 yrs from 06/01/2012,2016,Private,428776,15,42,Central Region,Marine Parade
CENTRAL IMPERIAL,"450,000",419.8,"1,072",22 Mar 2018,3 LORONG 14 GEYLANG #03-06,Resale,Strata,39,"11,538",-,Apartment,1,Freehold,2014,Private,398915,14,39,Central Region,Geylang
THE LINCOLN MODERN,"2,100,000","1,377.79","1,524",22 Mar 2018,20 LINCOLN ROAD #06-05,Resale,Strata,128,"16,406",-,Apartment,1,Freehold,2003,Private,308353,11,30,Central Region,Novena
CENTRAL GROVE,"1,160,000","1,184.04",980,23 Mar 2018,1 GEYLANG EAST AVENUE 1 #03-07,Resale,Strata,110,"10,545",-,Condominium,1,99 yrs from 18/07/1997,2001,Private,389778,14,38,Central Region,Geylang
THE SAIL @ MARINA BAY,"1,700,000",893.41,"1,903",23 Mar 2018,2 MARINA BOULEVARD #67-09,Resale,Strata,83,"20,482",-,Apartment,1,99 yrs from 12/08/2002,2008,HDB,018987,01,01,Central Region,Downtown Core
GOLD COAST CONDOMINIUM,"2,070,000","1,872.94","1,105",23 Mar 2018,360 PASIR PANJANG ROAD #04-14,Resale,Strata,174,"11,897",-,Condominium,1,Freehold,1994,Private,118699,05,11,Central Region,Queenstown
THE QUARTZ,"1,060,000","1,065.64",995,23 Mar 2018,59 COMPASSVALE BOW #14-17,Resale,Strata,99,"10,707",-,Condominium,1,99 yrs from 18/04/2005,2009,HDB,544988,19,54,North East Region,Sengkang
UP@ROBERTSON QUAY,"1,510,000",570.49,"2,647",23 Mar 2018,92 ROBERTSON QUAY #05-10,Resale,Strata,53,"28,491",-,Apartment,1,99 yrs from 07/06/2011,2015,HDB,238260,09,23,Central Region,Singapore River
WATERBANK AT DAKOTA,"825,000",484.38,"1,703",23 Mar 2018,70 DAKOTA CRESCENT #08-01,Resale,Strata,45,"18,333",-,Condominium,1,99 yrs from 07/12/2009,2013,Private,399941,14,39,Central Region,Geylang
THE SEAWIND,"1,153,228",645.84,"1,786",23 Mar 2018,76 LORONG M TELOK KURAU #05-15,Resale,Strata,60,"19,220",-,Condominium,1,Freehold,2015,HDB,425412,15,42,East Region,Bedok
THE NASSIM,"7,090,000","1,926.76","3,680",23 Mar 2018,18 NASSIM HILL #05-02,Resale,Strata,179,"39,609",-,Condominium,1,Freehold,2015,Private,258485,10,25,Central Region,Tanglin
BLOSSOMS @ WOODLEIGH,"2,390,000","2,680.24",892,23 Mar 2018,10 WOODLEIGH CLOSE #15-01,Resale,Strata,249,"9,598",-,Condominium,1,Freehold,2007,HDB,357905,13,35,Central Region,Toa Payoh
HAIG 162,"720,000",484.38,"1,486",23 Mar 2018,162 HAIG ROAD #05-09,Resale,Strata,45,"16,000",-,Apartment,1,Freehold,2013,Private,438773,15,43,Central Region,Marine Parade
THE TAPESTRY,"989,600",699.66,"1,414",23 Mar 2018,59 TAMPINES STREET 86 #08-33,New Sale,Strata,65,"15,225",-,Condominium,1,99 yrs from 31/07/2017,Uncompleted,HDB,528509,18,52,East Region,Tampines
CARISSA PARK CONDOMINIUM,"1,020,000","1,302.44",783,23 Mar 2018,6 FLORA DRIVE #06-69,Resale,Strata,121,"8,430",-,Condominium,1,Freehold,2001,HDB,507027,17,50,East Region,Pasir Ris
NV RESIDENCES,"1,050,000","1,227.1",856,23 Mar 2018,85 PASIR RIS GROVE #02-11,Resale,Strata,114,"9,211",-,Condominium,1,99 yrs from 07/01/2008,2013,Private,518212,18,51,East Region,Pasir Ris
THE TAPESTRY,"1,722,400","1,431.61","1,203",23 Mar 2018,57 TAMPINES STREET 86 #08-28,New Sale,Strata,133,"12,950",-,Condominium,1,99 yrs from 31/07/2017,Uncompleted,Private,528542,18,52,East Region,Tampines
VETRO,"578,000",473.62,"1,220",23 Mar 2018,22A MAR THOMA ROAD #05-01,Resale,Strata,44,"13,136",-,Apartment,1,999 yrs from 02/06/1882,2010,HDB,328703,12,32,Central Region,Kallang
MANDARIN GARDENS,"950,000",828.83,"1,146",23 Mar 2018,5 SIGLAP ROAD #08-41,Resale,Strata,77,"12,338",-,Condominium,1,99 yrs from 08/03/1982,1986,Private,448908,15,44,East Region,Bedok
H2O RESIDENCES,"890,000",882.65,"1,008",23 Mar 2018,32 FERNVALE LINK #09-09,Resale,Strata,82,"10,854",-,Condominium,1,99 yrs from 10/05/2010,2015,Private,797531,28,79,North East Region,Sengkang
ARTRA,"1,897,800","1,227.1","1,547",23 Mar 2018,10 ALEXANDRA VIEW #15-02,New Sale,Strata,114,"16,647",-,Apartment,1,99 yrs from 15/02/2016,Uncompleted,Private,158745,03,15,Central Region,Bukit Merah
THE COAST AT SENTOSA COVE,"3,650,000","2,023.63","1,804",23 Mar 2018,278 OCEAN DRIVE #05-19,Resale,Strata,188,"19,415",-,Condominium,1,99 yrs from 11/04/2006,2009,HDB,098450,04,09,Central Region,Southern Islands
THE CASCADIA,"980,000",570.49,"1,718",23 Mar 2018,921 BUKIT TIMAH ROAD #09-02,Resale,Strata,53,"18,491",-,Condominium,1,Freehold,2010,Private,589624,21,58,Central Region,Bukit Timah
THE CALROSE,"1,655,000","1,237.86","1,337",23 Mar 2018,511 YIO CHU KANG ROAD #02-09,Resale,Strata,115,"14,391",-,Condominium,1,Freehold,2007,HDB,787066,26,78,North East Region,Ang Mo Kio
A TREASURE TROVE,"860,000",775.01,"1,110",23 Mar 2018,76 PUNGGOL WALK #05-54,Resale,Strata,72,"11,944",-,Condominium,1,99 yrs from 09/03/2011,2015,Private,828788,19,82,North East Region,Punggol
THE TAPESTRY,"959,200",699.66,"1,371",23 Mar 2018,63 TAMPINES STREET 86 #05-54,New Sale,Strata,65,"14,757",-,Condominium,1,99 yrs from 31/07/2017,Uncompleted,N.A,528511,18,52,East Region,Tampines
HAZEL PARK CONDOMINIUM,"2,800,000","2,734.06","1,024",23 Mar 2018,21 HAZEL PARK TERRACE #19-01,Resale,Strata,254,"11,024",-,Condominium,1,999 yrs from 25/09/1882,2000,Private,678946,23,67,West Region,Bukit Panjang
PARC PALAIS,"1,050,000",958,"1,096",23 Mar 2018,49 HUME AVENUE #05-03,Resale,Strata,89,"11,798",-,Condominium,1,Freehold,1999,Private,598749,21,59,West Region,Bukit Batok
THE SUNNY SPRING,"1,250,000","1,194.8","1,046",23 Mar 2018,50 LORONG 40 GEYLANG #08-41,Resale,Strata,111,"11,261",-,Apartment,1,Freehold,1998,Private,398074,14,39,Central Region,Geylang
CROWN CENTRE,"2,750,000","2,647.94","1,039",23 Mar 2018,557 BUKIT TIMAH ROAD #03-03,Resale,Strata,246,"11,179",-,Apartment,1,Freehold,1984,HDB,269694,10,26,Central Region,Bukit Timah
FERRARIA PARK CONDOMINIUM,"1,068,888","1,216.33",879,23 Mar 2018,10 FLORA DRIVE #02-08,Resale,Strata,113,"9,459",-,Condominium,1,Freehold,2009,Private,506942,17,50,East Region,Pasir Ris
WOODHAVEN,"850,000",850.36,"1,000",23 Mar 2018,77 WOODGROVE AVENUE #02-45,Resale,Strata,79,"10,759",-,Condominium,1,99 yrs from 07/02/2011,2015,Private,737811,25,73,North Region,Woodlands
SKYLINE RESIDENCES,"1,480,000",828.83,"1,786",23 Mar 2018,612 TELOK BLANGAH ROAD #07-11,Resale,Strata,77,"19,221",-,Condominium,1,Freehold,2015,Private,109026,04,10,Central Region,Bukit Merah
BARTLEY RESIDENCES,"1,410,000","1,097.93","1,284",23 Mar 2018,5 LORONG HOW SUN #16-26,Resale,Strata,102,"13,824",-,Apartment,1,99 yrs from 29/06/2011,2015,Private,536562,19,53,North East Region,Serangoon
AXIS @ SIGLAP,"1,350,000","1,517.72",889,23 Mar 2018,59 EAST COAST TERRACE #05-03,Resale,Strata,141,"9,574",-,Apartment,1,Freehold,2009,Private,458950,15,45,East Region,Bedok
JIA,"2,150,000","1,657.66","1,297",23 Mar 2018,65 WILKIE ROAD #04-01,Resale,Strata,154,"13,961",-,Apartment,1,Freehold,2011,Private,228068,09,22,Central Region,Rochor
NORTHVALE,"756,000","1,033.34",732,23 Mar 2018,71 CHOA CHU KANG LOOP #06-03,Resale,Strata,96,"7,875",-,Apartment,1,99 yrs from 01/03/1995,1998,Private,689673,23,68,West Region,Choa Chu Kang
MARTIN PLACE RESIDENCES,"3,800,000","1,722.24","2,206",23 Mar 2018,2 MARTIN PLACE #23-03,Resale,Strata,160,"23,750",-,Condominium,1,Freehold,2011,Private,237988,09,23,Central Region,River Valley
GRANDEUR PARK RESIDENCES,"2,116,000","1,453.14","1,456",23 Mar 2018,5 BEDOK SOUTH AVENUE 3 #08-23,New Sale,Strata,135,"15,674",-,Condominium,1,99 yrs from 25/05/2016,Uncompleted,N.A,465463,16,46,East Region,Bedok
THE TAPESTRY,"836,800",602.78,"1,388",23 Mar 2018,63 TAMPINES STREET 86 #03-51,New Sale,Strata,56,"14,943",-,Condominium,1,99 yrs from 31/07/2017,Uncompleted,Private,528511,18,52,East Region,Tampines
THE INTERLACE,"4,341,000","4,122.61","1,053",23 Mar 2018,188 DEPOT ROAD #19-17,Resale,Strata,383,"11,334",-,Condominium,1,99 yrs from 11/02/2009,2013,Private,109688,04,10,Central Region,Bukit Merah
THE ARTE,"3,400,000","4,014.97",847,23 Mar 2018,21 JALAN RAJA UDANG #34-06,Resale,Strata,373,"9,115",-,Condominium,1,Freehold,2010,Private,329215,12,32,Central Region,Novena
SOUTHAVEN II,"1,540,000","1,442.38","1,068",23 Mar 2018,33 HINDHEDE WALK #06-10,Resale,Strata,134,"11,493",-,Condominium,1,999 yrs from 21/06/1877,1999,Private,587968,21,58,West Region,Bukit Panjang
RIO VISTA,"965,000","1,248.62",773,23 Mar 2018,18 UPPER SERANGOON VIEW #04-15,Resale,Strata,116,"8,319",-,Condominium,1,99 yrs from 02/01/2001,2004,HDB,534202,19,53,North East Region,Hougang
SUNGLADE,"1,250,000","1,108.69","1,127",23 Mar 2018,7 SERANGOON AVENUE 2 #01-15,Resale,Strata,103,"12,136",-,Condominium,1,99 yrs from 09/10/2000,2003,HDB,556133,19,55,North East Region,Serangoon
THE TAPESTRY,"2,172,800","1,765.3","1,231",23 Mar 2018,55 TAMPINES STREET 86 #08-23,New Sale,Strata,164,"13,249",-,Condominium,1,99 yrs from 31/07/2017,Uncompleted,HDB,528541,18,52,East Region,Tampines
THE ALCOVE,"1,042,000","1,291.68",807,23 Mar 2018,10 LORONG 27 GEYLANG #06-09,Resale,Strata,120,"8,683",-,Apartment,1,99 yrs from 06/10/2000,2004,HDB,388199,14,38,Central Region,Geylang
THE TAPESTRY,"656,800",441.32,"1,488",23 Mar 2018,61 TAMPINES STREET 86 #09-45,New Sale,Strata,41,"16,020",-,Condominium,1,99 yrs from 31/07/2017,Uncompleted,HDB,528510,18,52,East Region,Tampines
GOLDENHILL PARK CONDOMINIUM,"2,038,000","1,334.74","1,527",23 Mar 2018,66 MEI HWAN DRIVE #12-09,Resale,Strata,124,"16,435",-,Condominium,1,Freehold,2004,Private,568429,20,56,North East Region,Serangoon
THE CALROSE,"1,700,000","1,302.44","1,305",23 Mar 2018,511 YIO CHU KANG ROAD #01-18,Resale,Strata,121,"14,050",-,Condominium,1,Freehold,2007,Private,787066,26,78,North East Region,Ang Mo Kio
THE TRIZON,"2,680,000","1,550.02","1,729",23 Mar 2018,8 RIDGEWOOD CLOSE #12-13,Resale,Strata,144,"18,611",-,Condominium,1,Freehold,2012,Private,276698,10,27,Central Region,Bukit Timah
THE TAPESTRY,"848,540",602.78,"1,408",23 Mar 2018,51 TAMPINES STREET 86 #08-11,New Sale,Strata,56,"15,153",-,Condominium,1,99 yrs from 31/07/2017,Uncompleted,N.A,528539,18,52,East Region,Tampines
THE TAPESTRY,"2,235,200","1,765.3","1,266",23 Mar 2018,55 TAMPINES STREET 86 #14-23,New Sale,Strata,164,"13,629",-,Condominium,1,99 yrs from 31/07/2017,Uncompleted,Private,528541,18,52,East Region,Tampines
THE GARDENS AT BISHAN,"1,930,000","1,700.71","1,135",23 Mar 2018,3 SIN MING WALK #20-21,Resale,Strata,158,"12,215",-,Condominium,1,99 yrs from 22/03/1997,2004,Private,575575,20,57,Central Region,Bishan
WESTCOVE CONDOMINIUM,"1,000,000","1,205.57",829,23 Mar 2018,10 WEST COAST CRESCENT #06-01,Resale,Strata,112,"8,929",-,Condominium,1,99 yrs from 01/03/1995,1998,HDB,128041,05,12,West Region,Clementi
VILLE ROYALE,"1,805,000","1,119.46","1,612",23 Mar 2018,312 RIVER VALLEY ROAD #02-02,Resale,Strata,104,"17,356",-,Condominium,1,Freehold,1993,Private,238352,09,23,Central Region,River Valley
THE TAPESTRY,"1,720,800","1,431.61","1,202",23 Mar 2018,57 TAMPINES STREET 86 #13-27,New Sale,Strata,133,"12,938",-,Condominium,1,99 yrs from 31/07/2017,Uncompleted,Private,528542,18,52,East Region,Tampines
CASPIAN,"950,000",936.47,"1,014",23 Mar 2018,50 LAKESIDE DRIVE #04-04,Resale,Strata,87,"10,920",-,Condominium,1,99 yrs from 17/03/2008,2012,HDB,648315,22,64,West Region,Jurong West
CLOVER BY THE PARK,"1,760,000","1,571.54","1,120",23 Mar 2018,6 BISHAN STREET 25 #03-09,Resale,Strata,146,"12,055",-,Condominium,1,99 yrs from 10/09/2007,2011,HDB,573975,20,57,Central Region,Bishan
SIMSVILLE,"968,000",968.76,999,23 Mar 2018,2 GEYLANG EAST AVENUE 2 #09-05,Resale,Strata,90,"10,756",-,Condominium,1,99 yrs from 01/12/1994,1998,Private,389754,14,38,Central Region,Geylang
THE LAKESHORE,"1,190,000","1,108.69","1,073",23 Mar 2018,31 JURONG WEST STREET 41 #13-29,Resale,Strata,103,"11,553",-,Condominium,1,99 yrs from 22/11/2002,2007,Private,649412,22,64,West Region,Jurong West
EUHABITAT,"665,000",516.67,"1,287",23 Mar 2018,228 JALAN EUNOS #02-134,Resale,Strata,48,"13,854",-,Condominium,1,99 yrs from 06/12/2010,2015,HDB,415868,14,41,East Region,Bedok
THE TAPESTRY,"660,000",441.32,"1,495",23 Mar 2018,61 TAMPINES STREET 86 #08-43,New Sale,Strata,41,"16,098",-,Condominium,1,99 yrs from 31/07/2017,Uncompleted,HDB,528510,18,52,East Region,Tampines
THE HILLIER,"870,000",613.55,"1,418",23 Mar 2018,2 HILLVIEW RISE #12-04,Resale,Strata,57,"15,263",-,Apartment,1,99 yrs from 01/08/2011,2016,Private,667978,23,66,West Region,Bukit Batok
CHANGI COURT,"1,390,000","1,388.56","1,001",23 Mar 2018,698 UPPER CHANGI ROAD EAST #04-01,Resale,Strata,129,"10,775",-,Condominium,1,Freehold,1997,Private,486828,16,48,East Region,Tampines
THE TAPESTRY,"1,040,800",818.06,"1,272",24 Mar 2018,63 TAMPINES STREET 86 #15-54,New Sale,Strata,76,"13,695",-,Condominium,1,99 yrs from 31/07/2017,Uncompleted,HDB,528511,18,52,East Region,Tampines
THE TAPESTRY,"660,000",441.32,"1,495",24 Mar 2018,61 TAMPINES STREET 86 #08-46,New Sale,Strata,41,"16,098",-,Condominium,1,99 yrs from 31/07/2017,Uncompleted,HDB,528510,18,52,East Region,Tampines
THE TAPESTRY,"874,400",602.78,"1,451",24 Mar 2018,61 TAMPINES STREET 86 #03-41,New Sale,Strata,56,"15,614",-,Condominium,1,99 yrs from 31/07/2017,Uncompleted,HDB,528510,18,52,East Region,Tampines
THE TAPESTRY,"686,400",473.62,"1,449",24 Mar 2018,51 TAMPINES STREET 86 #11-12,New Sale,Strata,44,"15,600",-,Condominium,1,99 yrs from 31/07/2017,Uncompleted,N.A,528539,18,52,East Region,Tampines
THE TAPESTRY,"650,400",441.32,"1,474",24 Mar 2018,61 TAMPINES STREET 86 #07-45,New Sale,Strata,41,"15,863",-,Condominium,1,99 yrs from 31/07/2017,Uncompleted,HDB,528510,18,52,East Region,Tampines
THE TAPESTRY,"632,800",441.32,"1,434",24 Mar 2018,51 TAMPINES STREET 86 #07-09,New Sale,Strata,41,"15,434",-,Condominium,1,99 yrs from 31/07/2017,Uncompleted,N.A,528539,18,52,East Region,Tampines
THE TAPESTRY,"1,588,800","1,345.5","1,181",24 Mar 2018,59 TAMPINES STREET 86 #15-32,New Sale,Strata,125,"12,710",-,Condominium,1,99 yrs from 31/07/2017,Uncompleted,HDB,528509,18,52,East Region,Tampines
THE TAPESTRY,"931,200",699.66,"1,331",24 Mar 2018,63 TAMPINES STREET 86 #01-55,New Sale,Strata,65,"14,326",-,Condominium,1,99 yrs from 31/07/2017,Uncompleted,Private,528511,18,52,East Region,Tampines
THE TAPESTRY,"654,400",473.62,"1,382",24 Mar 2018,51 TAMPINES STREET 86 #04-03,New Sale,Strata,44,"14,873",-,Condominium,1,99 yrs from 31/07/2017,Uncompleted,HDB,528539,18,52,East Region,Tampines
THE TAPESTRY,"1,714,400","1,431.61","1,198",24 Mar 2018,57 TAMPINES STREET 86 #12-27,New Sale,Strata,133,"12,890",-,Condominium,1,99 yrs from 31/07/2017,Uncompleted,HDB,528542,18,52,East Region,Tampines
THE NAVIAN,"1,438,000",904.18,"1,590",24 Mar 2018,178 JALAN EUNOS #04-05,New Sale,Strata,84,"17,119",-,Apartment,1,Freehold,Uncompleted,HDB,419530,14,41,East Region,Bedok
THE TAPESTRY,"690,400",473.62,"1,458",24 Mar 2018,61 TAMPINES STREET 86 #05-40,New Sale,Strata,44,"15,691",-,Condominium,1,99 yrs from 31/07/2017,Uncompleted,N.A,528510,18,52,East Region,Tampines
THE TAPESTRY,"676,800",473.62,"1,429",24 Mar 2018,51 TAMPINES STREET 86 #11-01,New Sale,Strata,44,"15,382",-,Condominium,1,99 yrs from 31/07/2017,Uncompleted,HDB,528539,18,52,East Region,Tampines
THE TAPESTRY,"852,000",602.78,"1,413",24 Mar 2018,51 TAMPINES STREET 86 #01-10,New Sale,Strata,56,"15,214",-,Condominium,1,99 yrs from 31/07/2017,Uncompleted,HDB,528539,18,52,East Region,Tampines
THE TAPESTRY,"1,224,000",925.7,"1,322",24 Mar 2018,55 TAMPINES STREET 86 #10-22,New Sale,Strata,86,"14,233",-,Condominium,1,99 yrs from 31/07/2017,Uncompleted,HDB,528541,18,52,East Region,Tampines
THE TAPESTRY,"951,200",699.66,"1,360",24 Mar 2018,63 TAMPINES STREET 86 #03-54,New Sale,Strata,65,"14,634",-,Condominium,1,99 yrs from 31/07/2017,Uncompleted,HDB,528511,18,52,East Region,Tampines
THE TAPESTRY,"848,800",602.78,"1,408",24 Mar 2018,51 TAMPINES STREET 86 #01-11,New Sale,Strata,56,"15,157",-,Condominium,1,99 yrs from 31/07/2017,Uncompleted,HDB,528539,18,52,East Region,Tampines
KINGSFORD WATERBAY,"1,016,000",688.9,"1,475",24 Mar 2018,80 UPPER SERANGOON VIEW #06-74,New Sale,Strata,64,"15,875",-,Apartment,1,99 yrs from 03/03/2014,Uncompleted,HDB,533878,19,53,North East Region,Hougang
THE TAPESTRY,"716,000",473.62,"1,512",24 Mar 2018,61 TAMPINES STREET 86 #13-39,New Sale,Strata,44,"16,273",-,Condominium,1,99 yrs from 31/07/2017,Uncompleted,Private,528510,18,52,East Region,Tampines
THE TAPESTRY,"654,400",473.62,"1,382",24 Mar 2018,51 TAMPINES STREET 86 #02-13,New Sale,Strata,44,"14,873",-,Condominium,1,99 yrs from 31/07/2017,Uncompleted,HDB,528539,18,52,East Region,Tampines
THE TAPESTRY,"944,000",699.66,"1,349",24 Mar 2018,63 TAMPINES STREET 86 #08-55,New Sale,Strata,65,"14,523",-,Condominium,1,99 yrs from 31/07/2017,Uncompleted,Private,528511,18,52,East Region,Tampines
THE TAPESTRY,"690,400",473.62,"1,458",24 Mar 2018,61 TAMPINES STREET 86 #05-39,New Sale,Strata,44,"15,691",-,Condominium,1,99 yrs from 31/07/2017,Uncompleted,HDB,528510,18,52,East Region,Tampines
THE TAPESTRY,"651,200",473.62,"1,375",24 Mar 2018,51 TAMPINES STREET 86 #03-03,New Sale,Strata,44,"14,800",-,Condominium,1,99 yrs from 31/07/2017,Uncompleted,HDB,528539,18,52,East Region,Tampines
THE TAPESTRY,"687,200",473.62,"1,451",24 Mar 2018,61 TAMPINES STREET 86 #04-50,New Sale,Strata,44,"15,618",-,Condominium,1,99 yrs from 31/07/2017,Uncompleted,HDB,528510,18,52,East Region,Tampines
THE TAPESTRY,"979,200",699.66,"1,400",24 Mar 2018,63 TAMPINES STREET 86 #10-54,New Sale,Strata,65,"15,065",-,Condominium,1,99 yrs from 31/07/2017,Uncompleted,HDB,528511,18,52,East Region,Tampines
THE TAPESTRY,"703,200",473.62,"1,485",24 Mar 2018,61 TAMPINES STREET 86 #09-40,New Sale,Strata,44,"15,982",-,Condominium,1,99 yrs from 31/07/2017,Uncompleted,N.A,528510,18,52,East Region,Tampines
THE TAPESTRY,"885,600",602.78,"1,469",24 Mar 2018,51 TAMPINES STREET 86 #09-11,New Sale,Strata,56,"15,814",-,Condominium,1,99 yrs from 31/07/2017,Uncompleted,Private,528539,18,52,East Region,Tampines
THE TAPESTRY,"906,400",602.78,"1,504",24 Mar 2018,61 TAMPINES STREET 86 #11-41,New Sale,Strata,56,"16,186",-,Condominium,1,99 yrs from 31/07/2017,Uncompleted,Private,528510,18,52,East Region,Tampines
THE TAPESTRY,"687,200",473.62,"1,451",24 Mar 2018,61 TAMPINES STREET 86 #04-40,New Sale,Strata,44,"15,618",-,Condominium,1,99 yrs from 31/07/2017,Uncompleted,HDB,528510,18,52,East Region,Tampines
THE TAPESTRY,"680,800",473.62,"1,437",24 Mar 2018,61 TAMPINES STREET 86 #02-40,New Sale,Strata,44,"15,473",-,Condominium,1,99 yrs from 31/07/2017,Uncompleted,Private,528510,18,52,East Region,Tampines
THE TAPESTRY,"1,059,200",818.06,"1,295",24 Mar 2018,59 TAMPINES STREET 86 #15-33,New Sale,Strata,76,"13,937",-,Condominium,1,99 yrs from 31/07/2017,Uncompleted,Private,528509,18,52,East Region,Tampines
THE TAPESTRY,"848,800",602.78,"1,408",24 Mar 2018,61 TAMPINES STREET 86 #06-48,New Sale,Strata,56,"15,157",-,Condominium,1,99 yrs from 31/07/2017,Uncompleted,HDB,528510,18,52,East Region,Tampines
THE TAPESTRY,"667,200",473.62,"1,409",24 Mar 2018,51 TAMPINES STREET 86 #06-13,New Sale,Strata,44,"15,164",-,Condominium,1,99 yrs from 31/07/2017,Uncompleted,HDB,528539,18,52,East Region,Tampines
THE TAPESTRY,"649,600",441.32,"1,472",24 Mar 2018,61 TAMPINES STREET 86 #01-46,New Sale,Strata,41,"15,844",-,Condominium,1,99 yrs from 31/07/2017,Uncompleted,HDB,528510,18,52,East Region,Tampines
THE TAPESTRY,"1,741,600","1,431.61","1,217",24 Mar 2018,57 TAMPINES STREET 86 #11-28,New Sale,Strata,133,"13,095",-,Condominium,1,99 yrs from 31/07/2017,Uncompleted,Private,528542,18,52,East Region,Tampines
THE TAPESTRY,"595,200",441.32,"1,349",24 Mar 2018,51 TAMPINES STREET 86 #02-06,New Sale,Strata,41,"14,517",-,Condominium,1,99 yrs from 31/07/2017,Uncompleted,HDB,528539,18,52,East Region,Tampines
THE TAPESTRY,"865,600",602.78,"1,436",24 Mar 2018,51 TAMPINES STREET 86 #04-11,New Sale,Strata,56,"15,457",-,Condominium,1,99 yrs from 31/07/2017,Uncompleted,HDB,528539,18,52,East Region,Tampines
THE TAPESTRY,"1,426,400","1,130.22","1,262",24 Mar 2018,63 TAMPINES STREET 86 #05-53,New Sale,Strata,105,"13,585",-,Condominium,1,99 yrs from 31/07/2017,Uncompleted,Private,528511,18,52,East Region,Tampines
THE TAPESTRY,"600,800",441.32,"1,361",24 Mar 2018,51 TAMPINES STREET 86 #03-06,New Sale,Strata,41,"14,654",-,Condominium,1,99 yrs from 31/07/2017,Uncompleted,HDB,528539,18,52,East Region,Tampines
THE TAPESTRY,"932,000",699.66,"1,332",24 Mar 2018,63 TAMPINES STREET 86 #05-55,New Sale,Strata,65,"14,338",-,Condominium,1,99 yrs from 31/07/2017,Uncompleted,Private,528511,18,52,East Region,Tampines
THE TAPESTRY,"651,200",473.62,"1,375",24 Mar 2018,51 TAMPINES STREET 86 #03-01,New Sale,Strata,44,"14,800",-,Condominium,1,99 yrs from 31/07/2017,Uncompleted,HDB,528539,18,52,East Region,Tampines
THE TAPESTRY,"1,484,800","1,130.22","1,314",24 Mar 2018,59 TAMPINES STREET 86 #08-32,New Sale,Strata,105,"14,141",-,Condominium,1,99 yrs from 31/07/2017,Uncompleted,HDB,528509,18,52,East Region,Tampines
THE TAPESTRY,"639,200",441.32,"1,448",24 Mar 2018,51 TAMPINES STREET 86 #09-09,New Sale,Strata,41,"15,590",-,Condominium,1,99 yrs from 31/07/2017,Uncompleted,Private,528539,18,52,East Region,Tampines
THE TAPESTRY,"673,600",473.62,"1,422",24 Mar 2018,51 TAMPINES STREET 86 #07-12,New Sale,Strata,44,"15,309",-,Condominium,1,99 yrs from 31/07/2017,Uncompleted,Private,528539,18,52,East Region,Tampines
THE TAPESTRY,"667,200",473.62,"1,409",24 Mar 2018,51 TAMPINES STREET 86 #08-03,New Sale,Strata,44,"15,164",-,Condominium,1,99 yrs from 31/07/2017,Uncompleted,N.A,528539,18,52,East Region,Tampines
THE TAPESTRY,"975,200",688.9,"1,416",24 Mar 2018,53 TAMPINES STREET 86 #06-18,New Sale,Strata,64,"15,238",-,Condominium,1,99 yrs from 31/07/2017,Uncompleted,N.A,528540,18,52,East Region,Tampines
THE TAPESTRY,"1,454,400","1,130.22","1,287",24 Mar 2018,63 TAMPINES STREET 86 #10-53,New Sale,Strata,105,"13,851",-,Condominium,1,99 yrs from 31/07/2017,Uncompleted,HDB,528511,18,52,East Region,Tampines
THE TAPESTRY,"995,200",699.66,"1,422",24 Mar 2018,63 TAMPINES STREET 86 #14-54,New Sale,Strata,65,"15,311",-,Condominium,1,99 yrs from 31/07/2017,Uncompleted,HDB,528511,18,52,East Region,Tampines
THE TAPESTRY,"644,000",441.32,"1,459",24 Mar 2018,61 TAMPINES STREET 86 #05-45,New Sale,Strata,41,"15,707",-,Condominium,1,99 yrs from 31/07/2017,Uncompleted,HDB,528510,18,52,East Region,Tampines
THE TAPESTRY,"840,000",602.78,"1,394",24 Mar 2018,59 TAMPINES STREET 86 #06-30,New Sale,Strata,56,"15,000",-,Condominium,1,99 yrs from 31/07/2017,Uncompleted,HDB,528509,18,52,East Region,Tampines
THE TAPESTRY,"1,229,600",925.7,"1,328",24 Mar 2018,55 TAMPINES STREET 86 #11-22,New Sale,Strata,86,"14,298",-,Condominium,1,99 yrs from 31/07/2017,Uncompleted,HDB,528541,18,52,East Region,Tampines
THE TAPESTRY,"634,400",441.32,"1,437",24 Mar 2018,61 TAMPINES STREET 86 #02-45,New Sale,Strata,41,"15,473",-,Condominium,1,99 yrs from 31/07/2017,Uncompleted,Private,528510,18,52,East Region,Tampines
THE TAPESTRY,"709,600",473.62,"1,498",24 Mar 2018,61 TAMPINES STREET 86 #09-38,New Sale,Strata,44,"16,127",-,Condominium,1,99 yrs from 31/07/2017,Uncompleted,Private,528510,18,52,East Region,Tampines
PARC BOTANNIA,"699,000",505.91,"1,382",24 Mar 2018,18 FERNVALE STREET #19-27,New Sale,Strata,47,"14,872",-,Condominium,1,99 yrs from 28/12/2016,Uncompleted,HDB,797394,28,79,North East Region,Sengkang
THE TAPESTRY,"1,728,800","1,431.61","1,208",24 Mar 2018,57 TAMPINES STREET 86 #09-28,New Sale,Strata,133,"12,998",-,Condominium,1,99 yrs from 31/07/2017,Uncompleted,Private,528542,18,52,East Region,Tampines
THE TAPESTRY,"655,200",473.62,"1,383",24 Mar 2018,51 TAMPINES STREET 86 #01-01,New Sale,Strata,44,"14,891",-,Condominium,1,99 yrs from 31/07/2017,Uncompleted,Private,528539,18,52,East Region,Tampines
THE TAPESTRY,"706,400",473.62,"1,492",24 Mar 2018,61 TAMPINES STREET 86 #10-39,New Sale,Strata,44,"16,055",-,Condominium,1,99 yrs from 31/07/2017,Uncompleted,HDB,528510,18,52,East Region,Tampines
THE TAPESTRY,"673,600",473.62,"1,422",24 Mar 2018,51 TAMPINES STREET 86 #08-13,New Sale,Strata,44,"15,309",-,Condominium,1,99 yrs from 31/07/2017,Uncompleted,HDB,528539,18,52,East Region,Tampines
THE TAPESTRY,"1,228,000",990.29,"1,240",24 Mar 2018,63 TAMPINES STREET 86 #05-56,New Sale,Strata,92,"13,348",-,Condominium,1,99 yrs from 31/07/2017,Uncompleted,HDB,528511,18,52,East Region,Tampines
THE TAPESTRY,"893,600",602.78,"1,482",24 Mar 2018,51 TAMPINES STREET 86 #11-11,New Sale,Strata,56,"15,957",-,Condominium,1,99 yrs from 31/07/2017,Uncompleted,N.A,528539,18,52,East Region,Tampines
THE TAPESTRY,"955,200",699.66,"1,365",24 Mar 2018,63 TAMPINES STREET 86 #04-54,New Sale,Strata,65,"14,695",-,Condominium,1,99 yrs from 31/07/2017,Uncompleted,HDB,528511,18,52,East Region,Tampines
THE TAPESTRY,"643,200",441.32,"1,457",24 Mar 2018,61 TAMPINES STREET 86 #01-44,New Sale,Strata,41,"15,688",-,Condominium,1,99 yrs from 31/07/2017,Uncompleted,HDB,528510,18,52,East Region,Tampines
THE TAPESTRY,"684,000",473.62,"1,444",24 Mar 2018,61 TAMPINES STREET 86 #03-50,New Sale,Strata,44,"15,545",-,Condominium,1,99 yrs from 31/07/2017,Uncompleted,HDB,528510,18,52,East Region,Tampines
THE TAPESTRY,"657,600",473.62,"1,388",24 Mar 2018,51 TAMPINES STREET 86 #05-01,New Sale,Strata,44,"14,945",-,Condominium,1,99 yrs from 31/07/2017,Uncompleted,HDB,528539,18,52,East Region,Tampines
THE TAPESTRY,"1,785,600","1,614.6","1,106",24 Mar 2018,57 TAMPINES STREET 86 #15-27,New Sale,Strata,150,"11,904",-,Condominium,1,99 yrs from 31/07/2017,Uncompleted,HDB,528542,18,52,East Region,Tampines
GRANDEUR PARK RESIDENCES,"1,117,000",667.37,"1,674",24 Mar 2018,9 BEDOK SOUTH AVENUE 3 #01-38,New Sale,Strata,62,"18,016",-,Condominium,1,99 yrs from 25/05/2016,Uncompleted,N.A,465465,16,46,East Region,Bedok
THE TAPESTRY,"872,800",602.78,"1,448",24 Mar 2018,51 TAMPINES STREET 86 #10-10,New Sale,Strata,56,"15,586",-,Condominium,1,99 yrs from 31/07/2017,Uncompleted,HDB,528539,18,52,East Region,Tampines
THE TAPESTRY,"964,000",699.66,"1,378",24 Mar 2018,63 TAMPINES STREET 86 #13-55,New Sale,Strata,65,"14,831",-,Condominium,1,99 yrs from 31/07/2017,Uncompleted,HDB,528511,18,52,East Region,Tampines
THE TAPESTRY,"1,290,400",990.29,"1,303",24 Mar 2018,59 TAMPINES STREET 86 #14-35,New Sale,Strata,92,"14,026",-,Condominium,1,99 yrs from 31/07/2017,Uncompleted,HDB,528509,18,52,East Region,Tampines
THE TAPESTRY,"670,400",473.62,"1,415",24 Mar 2018,51 TAMPINES STREET 86 #09-01,New Sale,Strata,44,"15,236",-,Condominium,1,99 yrs from 31/07/2017,Uncompleted,HDB,528539,18,52,East Region,Tampines
THE TAPESTRY,"688,000",473.62,"1,453",24 Mar 2018,61 TAMPINES STREET 86 #01-40,New Sale,Strata,44,"15,636",-,Condominium,1,99 yrs from 31/07/2017,Uncompleted,HDB,528510,18,52,East Region,Tampines
THE TAPESTRY,"1,428,000","1,130.22","1,263",24 Mar 2018,63 TAMPINES STREET 86 #09-52,New Sale,Strata,105,"13,600",-,Condominium,1,99 yrs from 31/07/2017,Uncompleted,Private,528511,18,52,East Region,Tampines
THE TAPESTRY,"700,000",473.62,"1,478",24 Mar 2018,61 TAMPINES STREET 86 #06-38,New Sale,Strata,44,"15,909",-,Condominium,1,99 yrs from 31/07/2017,Uncompleted,HDB,528510,18,52,East Region,Tampines
THE TAPESTRY,"670,400",473.62,"1,415",24 Mar 2018,51 TAMPINES STREET 86 #07-13,New Sale,Strata,44,"15,236",-,Condominium,1,99 yrs from 31/07/2017,Uncompleted,Private,528539,18,52,East Region,Tampines
THE TAPESTRY,"1,437,600","1,130.22","1,272",24 Mar 2018,63 TAMPINES STREET 86 #07-53,New Sale,Strata,105,"13,691",-,Condominium,1,99 yrs from 31/07/2017,Uncompleted,Private,528511,18,52,East Region,Tampines
THE TAPESTRY,"890,400",602.78,"1,477",24 Mar 2018,61 TAMPINES STREET 86 #07-41,New Sale,Strata,56,"15,900",-,Condominium,1,99 yrs from 31/07/2017,Uncompleted,HDB,528510,18,52,East Region,Tampines
THE TAPESTRY,"607,200",441.32,"1,376",24 Mar 2018,51 TAMPINES STREET 86 #05-06,New Sale,Strata,41,"14,810",-,Condominium,1,99 yrs from 31/07/2017,Uncompleted,HDB,528539,18,52,East Region,Tampines
THE TAPESTRY,"1,448,800","1,130.22","1,282",24 Mar 2018,63 TAMPINES STREET 86 #09-53,New Sale,Strata,105,"13,798",-,Condominium,1,99 yrs from 31/07/2017,Uncompleted,N.A,528511,18,52,East Region,Tampines
THE TAPESTRY,"719,200",473.62,"1,519",24 Mar 2018,61 TAMPINES STREET 86 #14-40,New Sale,Strata,44,"16,345",-,Condominium,1,99 yrs from 31/07/2017,Uncompleted,HDB,528510,18,52,East Region,Tampines
THE TAPESTRY,"997,600",699.66,"1,426",24 Mar 2018,59 TAMPINES STREET 86 #10-33,New Sale,Strata,65,"15,348",-,Condominium,1,99 yrs from 31/07/2017,Uncompleted,HDB,528509,18,52,East Region,Tampines
THE TAPESTRY,"610,400",441.32,"1,383",24 Mar 2018,51 TAMPINES STREET 86 #04-08,New Sale,Strata,41,"14,888",-,Condominium,1,99 yrs from 31/07/2017,Uncompleted,HDB,528539,18,52,East Region,Tampines
THE TAPESTRY,"1,760,800","1,431.61","1,230",24 Mar 2018,57 TAMPINES STREET 86 #14-28,New Sale,Strata,133,"13,239",-,Condominium,1,99 yrs from 31/07/2017,Uncompleted,N.A,528542,18,52,East Region,Tampines
THE TAPESTRY,"963,200",699.66,"1,377",24 Mar 2018,63 TAMPINES STREET 86 #06-54,New Sale,Strata,65,"14,818",-,Condominium,1,99 yrs from 31/07/2017,Uncompleted,HDB,528511,18,52,East Region,Tampines
THE TAPESTRY,"767,200",602.78,"1,273",24 Mar 2018,61 TAMPINES STREET 86 #15-39,New Sale,Strata,56,"13,700",-,Condominium,1,99 yrs from 31/07/2017,Uncompleted,HDB,528510,18,52,East Region,Tampines
THE TAPESTRY,"653,600",441.32,"1,481",24 Mar 2018,61 TAMPINES STREET 86 #06-43,New Sale,Strata,41,"15,941",-,Condominium,1,99 yrs from 31/07/2017,Uncompleted,N.A,528510,18,52,East Region,Tampines
THE TAPESTRY,"655,200",473.62,"1,383",24 Mar 2018,51 TAMPINES STREET 86 #01-03,New Sale,Strata,44,"14,891",-,Condominium,1,99 yrs from 31/07/2017,Uncompleted,HDB,528539,18,52,East Region,Tampines
THE TAPESTRY,"719,200",473.62,"1,519",24 Mar 2018,61 TAMPINES STREET 86 #12-38,New Sale,Strata,44,"16,345",-,Condominium,1,99 yrs from 31/07/2017,Uncompleted,HDB,528510,18,52,East Region,Tampines
THE TAPESTRY,"657,600",473.62,"1,388",24 Mar 2018,51 TAMPINES STREET 86 #03-13,New Sale,Strata,44,"14,945",-,Condominium,1,99 yrs from 31/07/2017,Uncompleted,Private,528539,18,52,East Region,Tampines
THE TAPESTRY,"654,400",473.62,"1,382",24 Mar 2018,51 TAMPINES STREET 86 #04-01,New Sale,Strata,44,"14,873",-,Condominium,1,99 yrs from 31/07/2017,Uncompleted,N.A,528539,18,52,East Region,Tampines
THE TAPESTRY,"664,000",473.62,"1,402",24 Mar 2018,51 TAMPINES STREET 86 #07-01,New Sale,Strata,44,"15,091",-,Condominium,1,99 yrs from 31/07/2017,Uncompleted,HDB,528539,18,52,East Region,Tampines
THE TAPESTRY,"1,758,400","1,485.43","1,184",24 Mar 2018,55 TAMPINES STREET 86 #01-24,New Sale,Strata,138,"12,742",-,Condominium,1,99 yrs from 31/07/2017,Uncompleted,N.A,528541,18,52,East Region,Tampines
THE TAPESTRY,"647,200",441.32,"1,466",24 Mar 2018,61 TAMPINES STREET 86 #06-44,New Sale,Strata,41,"15,785",-,Condominium,1,99 yrs from 31/07/2017,Uncompleted,HDB,528510,18,52,East Region,Tampines
THE TAPESTRY,"973,600",699.66,"1,392",24 Mar 2018,59 TAMPINES STREET 86 #04-33,New Sale,Strata,65,"14,978",-,Condominium,1,99 yrs from 31/07/2017,Uncompleted,Private,528509,18,52,East Region,Tampines
SEASIDE RESIDENCES,"993,000",592.02,"1,677",24 Mar 2018,16 SIGLAP LINK #03-23,New Sale,Strata,55,"18,055",-,Apartment,1,99 yrs from 18/04/2016,Uncompleted,Private,448872,15,44,East Region,Bedok
THE TAPESTRY,"1,237,600",990.29,"1,250",24 Mar 2018,53 TAMPINES STREET 86 #09-20,New Sale,Strata,92,"13,452",-,Condominium,1,99 yrs from 31/07/2017,Uncompleted,N.A,528540,18,52,East Region,Tampines
PARC BOTANNIA,"1,517,000","1,248.62","1,215",24 Mar 2018,16 FERNVALE STREET #04-25,New Sale,Strata,116,"13,078",-,Condominium,1,99 yrs from 28/12/2016,Uncompleted,HDB,797393,28,79,North East Region,Sengkang
THE TAPESTRY,"716,000",473.62,"1,512",24 Mar 2018,61 TAMPINES STREET 86 #13-40,New Sale,Strata,44,"16,273",-,Condominium,1,99 yrs from 31/07/2017,Uncompleted,HDB,528510,18,52,East Region,Tampines
THE TAPESTRY,"696,000",473.62,"1,470",24 Mar 2018,51 TAMPINES STREET 86 #14-12,New Sale,Strata,44,"15,818",-,Condominium,1,99 yrs from 31/07/2017,Uncompleted,N.A,528539,18,52,East Region,Tampines
THE TAPESTRY,"864,800",602.78,"1,435",24 Mar 2018,63 TAMPINES STREET 86 #10-58,New Sale,Strata,56,"15,443",-,Condominium,1,99 yrs from 31/07/2017,Uncompleted,HDB,528511,18,52,East Region,Tampines
THE TAPESTRY,"852,800",602.78,"1,415",24 Mar 2018,63 TAMPINES STREET 86 #07-51,New Sale,Strata,56,"15,229",-,Condominium,1,99 yrs from 31/07/2017,Uncompleted,HDB,528511,18,52,East Region,Tampines
THE TAPESTRY,"1,405,600","1,130.22","1,244",24 Mar 2018,63 TAMPINES STREET 86 #05-52,New Sale,Strata,105,"13,387",-,Condominium,1,99 yrs from 31/07/2017,Uncompleted,HDB,528511,18,52,East Region,Tampines
THE TAPESTRY,"650,400",441.32,"1,474",24 Mar 2018,61 TAMPINES STREET 86 #05-46,New Sale,Strata,41,"15,863",-,Condominium,1,99 yrs from 31/07/2017,Uncompleted,Private,528510,18,52,East Region,Tampines
THE TAPESTRY,"944,800",699.66,"1,350",24 Mar 2018,59 TAMPINES STREET 86 #07-34,New Sale,Strata,65,"14,535",-,Condominium,1,99 yrs from 31/07/2017,Uncompleted,N.A,528509,18,52,East Region,Tampines
THE TAPESTRY,"712,800",473.62,"1,505",24 Mar 2018,61 TAMPINES STREET 86 #12-40,New Sale,Strata,44,"16,200",-,Condominium,1,99 yrs from 31/07/2017,Uncompleted,Private,528510,18,52,East Region,Tampines
THE TAPESTRY,"1,207,200",925.7,"1,304",24 Mar 2018,55 TAMPINES STREET 86 #07-25,New Sale,Strata,86,"14,037",-,Condominium,1,99 yrs from 31/07/2017,Uncompleted,HDB,528541,18,52,East Region,Tampines
THE TAPESTRY,"663,200",441.32,"1,503",24 Mar 2018,61 TAMPINES STREET 86 #11-45,New Sale,Strata,41,"16,176",-,Condominium,1,99 yrs from 31/07/2017,Uncompleted,Private,528510,18,52,East Region,Tampines
THE TAPESTRY,"878,400",602.78,"1,457",24 Mar 2018,61 TAMPINES STREET 86 #04-41,New Sale,Strata,56,"15,686",-,Condominium,1,99 yrs from 31/07/2017,Uncompleted,HDB,528510,18,52,East Region,Tampines
THE TAPESTRY,"940,800",699.66,"1,345",24 Mar 2018,59 TAMPINES STREET 86 #06-34,New Sale,Strata,65,"14,474",-,Condominium,1,99 yrs from 31/07/2017,Uncompleted,Private,528509,18,52,East Region,Tampines
THE TAPESTRY,"1,727,200","1,431.61","1,206",24 Mar 2018,57 TAMPINES STREET 86 #14-27,New Sale,Strata,133,"12,986",-,Condominium,1,99 yrs from 31/07/2017,Uncompleted,N.A,528542,18,52,East Region,Tampines
THE TAPESTRY,"840,000",602.78,"1,394",24 Mar 2018,61 TAMPINES STREET 86 #01-42,New Sale,Strata,56,"15,000",-,Condominium,1,99 yrs from 31/07/2017,Uncompleted,Private,528510,18,52,East Region,Tampines
THE TAPESTRY,"694,400",473.62,"1,466",24 Mar 2018,61 TAMPINES STREET 86 #01-38,New Sale,Strata,44,"15,782",-,Condominium,1,99 yrs from 31/07/2017,Uncompleted,Private,528510,18,52,East Region,Tampines
THE TAPESTRY,"828,000",602.78,"1,374",24 Mar 2018,59 TAMPINES STREET 86 #03-30,New Sale,Strata,56,"14,786",-,Condominium,1,99 yrs from 31/07/2017,Uncompleted,HDB,528509,18,52,East Region,Tampines
THE TAPESTRY,"1,001,600",699.66,"1,432",24 Mar 2018,59 TAMPINES STREET 86 #11-33,New Sale,Strata,65,"15,409",-,Condominium,1,99 yrs from 31/07/2017,Uncompleted,Private,528509,18,52,East Region,Tampines
THE TAPESTRY,"1,460,000","1,130.22","1,292",24 Mar 2018,63 TAMPINES STREET 86 #11-53,New Sale,Strata,105,"13,905",-,Condominium,1,99 yrs from 31/07/2017,Uncompleted,HDB,528511,18,52,East Region,Tampines
THE TAPESTRY,"856,800",602.78,"1,421",24 Mar 2018,61 TAMPINES STREET 86 #08-48,New Sale,Strata,56,"15,300",-,Condominium,1,99 yrs from 31/07/2017,Uncompleted,HDB,528510,18,52,East Region,Tampines
THE TAPESTRY,"664,000",473.62,"1,402",24 Mar 2018,51 TAMPINES STREET 86 #05-13,New Sale,Strata,44,"15,091",-,Condominium,1,99 yrs from 31/07/2017,Uncompleted,HDB,528539,18,52,East Region,Tampines
THE TAPESTRY,"936,000",699.66,"1,338",24 Mar 2018,59 TAMPINES STREET 86 #01-34,New Sale,Strata,65,"14,400",-,Condominium,1,99 yrs from 31/07/2017,Uncompleted,HDB,528509,18,52,East Region,Tampines
THE TAPESTRY,"1,424,000","1,130.22","1,260",24 Mar 2018,53 TAMPINES STREET 86 #11-15,New Sale,Strata,105,"13,562",-,Condominium,1,99 yrs from 31/07/2017,Uncompleted,HDB,528540,18,52,East Region,Tampines
THE TAPESTRY,"975,200",699.66,"1,394",24 Mar 2018,63 TAMPINES STREET 86 #09-54,New Sale,Strata,65,"15,003",-,Condominium,1,99 yrs from 31/07/2017,Uncompleted,Private,528511,18,52,East Region,Tampines
THE TAPESTRY,"1,476,800","1,130.22","1,307",24 Mar 2018,63 TAMPINES STREET 86 #14-53,New Sale,Strata,105,"14,065",-,Condominium,1,99 yrs from 31/07/2017,Uncompleted,N.A,528511,18,52,East Region,Tampines
THE TAPESTRY,"709,600",473.62,"1,498",24 Mar 2018,61 TAMPINES STREET 86 #11-50,New Sale,Strata,44,"16,127",-,Condominium,1,99 yrs from 31/07/2017,Uncompleted,N.A,528510,18,52,East Region,Tampines
THE TAPESTRY,"852,800",602.78,"1,415",24 Mar 2018,61 TAMPINES STREET 86 #07-48,New Sale,Strata,56,"15,229",-,Condominium,1,99 yrs from 31/07/2017,Uncompleted,HDB,528510,18,52,East Region,Tampines
THE TAPESTRY,"684,000",473.62,"1,444",24 Mar 2018,61 TAMPINES STREET 86 #03-39,New Sale,Strata,44,"15,545",-,Condominium,1,99 yrs from 31/07/2017,Uncompleted,Private,528510,18,52,East Region,Tampines
THE TAPESTRY,"987,200",699.66,"1,411",24 Mar 2018,63 TAMPINES STREET 86 #12-54,New Sale,Strata,65,"15,188",-,Condominium,1,99 yrs from 31/07/2017,Uncompleted,Private,528511,18,52,East Region,Tampines
THE TAPESTRY,"1,262,400",990.29,"1,275",24 Mar 2018,59 TAMPINES STREET 86 #09-35,New Sale,Strata,92,"13,722",-,Condominium,1,99 yrs from 31/07/2017,Uncompleted,HDB,528509,18,52,East Region,Tampines
THE TAPESTRY,"993,600",699.66,"1,420",24 Mar 2018,59 TAMPINES STREET 86 #09-33,New Sale,Strata,65,"15,286",-,Condominium,1,99 yrs from 31/07/2017,Uncompleted,Private,528509,18,52,East Region,Tampines
THE TAPESTRY,"642,400",441.32,"1,456",24 Mar 2018,51 TAMPINES STREET 86 #08-08,New Sale,Strata,41,"15,668",-,Condominium,1,99 yrs from 31/07/2017,Uncompleted,HDB,528539,18,52,East Region,Tampines
THE TAPESTRY,"860,800",602.78,"1,428",24 Mar 2018,63 TAMPINES STREET 86 #09-51,New Sale,Strata,56,"15,371",-,Condominium,1,99 yrs from 31/07/2017,Uncompleted,HDB,528511,18,52,East Region,Tampines
THE TAPESTRY,"800,800",602.78,"1,329",24 Mar 2018,51 TAMPINES STREET 86 #06-05,New Sale,Strata,56,"14,300",-,Condominium,1,99 yrs from 31/07/2017,Uncompleted,Private,528539,18,52,East Region,Tampines
THE TAPESTRY,"684,000",473.62,"1,444",24 Mar 2018,61 TAMPINES STREET 86 #03-40,New Sale,Strata,44,"15,545",-,Condominium,1,99 yrs from 31/07/2017,Uncompleted,HDB,528510,18,52,East Region,Tampines
THE NAVIAN,"1,068,000",656.6,"1,627",24 Mar 2018,178 JALAN EUNOS #04-06,New Sale,Strata,61,"17,508",-,Apartment,1,Freehold,Uncompleted,Private,419530,14,41,East Region,Bedok
THE TAPESTRY,"650,400",441.32,"1,474",24 Mar 2018,61 TAMPINES STREET 86 #05-43,New Sale,Strata,41,"15,863",-,Condominium,1,99 yrs from 31/07/2017,Uncompleted,N.A,528510,18,52,East Region,Tampines
THE TAPESTRY,"1,244,800",990.29,"1,257",24 Mar 2018,63 TAMPINES STREET 86 #08-56,New Sale,Strata,92,"13,530",-,Condominium,1,99 yrs from 31/07/2017,Uncompleted,HDB,528511,18,52,East Region,Tampines
THE TAPESTRY,"967,200",699.66,"1,382",24 Mar 2018,63 TAMPINES STREET 86 #07-54,New Sale,Strata,65,"14,880",-,Condominium,1,99 yrs from 31/07/2017,Uncompleted,N.A,528511,18,52,East Region,Tampines
THE TAPESTRY,"1,432,000","1,130.22","1,267",24 Mar 2018,63 TAMPINES STREET 86 #06-53,New Sale,Strata,105,"13,638",-,Condominium,1,99 yrs from 31/07/2017,Uncompleted,HDB,528511,18,52,East Region,Tampines
THE TAPESTRY,"910,400",602.78,"1,510",24 Mar 2018,61 TAMPINES STREET 86 #12-41,New Sale,Strata,56,"16,257",-,Condominium,1,99 yrs from 31/07/2017,Uncompleted,HDB,528510,18,52,East Region,Tampines
THE TAPESTRY,"1,273,600",990.29,"1,286",24 Mar 2018,59 TAMPINES STREET 86 #11-35,New Sale,Strata,92,"13,843",-,Condominium,1,99 yrs from 31/07/2017,Uncompleted,HDB,528509,18,52,East Region,Tampines
THE TAPESTRY,"706,400",473.62,"1,492",24 Mar 2018,61 TAMPINES STREET 86 #08-38,New Sale,Strata,44,"16,055",-,Condominium,1,99 yrs from 31/07/2017,Uncompleted,HDB,528510,18,52,East Region,Tampines
THE TAPESTRY,"673,600",473.62,"1,422",24 Mar 2018,51 TAMPINES STREET 86 #10-03,New Sale,Strata,44,"15,309",-,Condominium,1,99 yrs from 31/07/2017,Uncompleted,Private,528539,18,52,East Region,Tampines
THE TAPESTRY,"979,200",688.9,"1,421",24 Mar 2018,53 TAMPINES STREET 86 #07-18,New Sale,Strata,64,"15,300",-,Condominium,1,99 yrs from 31/07/2017,Uncompleted,HDB,528540,18,52,East Region,Tampines
THE TAPESTRY,"706,400",473.62,"1,492",24 Mar 2018,61 TAMPINES STREET 86 #10-40,New Sale,Strata,44,"16,055",-,Condominium,1,99 yrs from 31/07/2017,Uncompleted,Private,528510,18,52,East Region,Tampines
THE TAPESTRY,"848,000",602.78,"1,407",24 Mar 2018,53 TAMPINES STREET 86 #08-14,New Sale,Strata,56,"15,143",-,Condominium,1,99 yrs from 31/07/2017,Uncompleted,HDB,528540,18,52,East Region,Tampines
THE TAPESTRY,"690,400",473.62,"1,458",24 Mar 2018,61 TAMPINES STREET 86 #03-38,New Sale,Strata,44,"15,691",-,Condominium,1,99 yrs from 31/07/2017,Uncompleted,HDB,528510,18,52,East Region,Tampines
THE TAPESTRY,"1,288,000",990.29,"1,301",24 Mar 2018,53 TAMPINES STREET 86 #07-19,New Sale,Strata,92,"14,000",-,Condominium,1,99 yrs from 31/07/2017,Uncompleted,Private,528540,18,52,East Region,Tampines
THE TAPESTRY,"667,200",473.62,"1,409",24 Mar 2018,51 TAMPINES STREET 86 #05-12,New Sale,Strata,44,"15,164",-,Condominium,1,99 yrs from 31/07/2017,Uncompleted,N.A,528539,18,52,East Region,Tampines
THE TAPESTRY,"640,800",441.32,"1,452",24 Mar 2018,61 TAMPINES STREET 86 #04-45,New Sale,Strata,41,"15,629",-,Condominium,1,99 yrs from 31/07/2017,Uncompleted,HDB,528510,18,52,East Region,Tampines
THE TAPESTRY,"676,800",473.62,"1,429",24 Mar 2018,51 TAMPINES STREET 86 #09-13,New Sale,Strata,44,"15,382",-,Condominium,1,99 yrs from 31/07/2017,Uncompleted,N.A,528539,18,52,East Region,Tampines
THE TAPESTRY,"1,429,600","1,130.22","1,265",24 Mar 2018,53 TAMPINES STREET 86 #12-15,New Sale,Strata,105,"13,615",-,Condominium,1,99 yrs from 31/07/2017,Uncompleted,HDB,528540,18,52,East Region,Tampines
THE TAPESTRY,"610,400",441.32,"1,383",24 Mar 2018,51 TAMPINES STREET 86 #01-08,New Sale,Strata,41,"14,888",-,Condominium,1,99 yrs from 31/07/2017,Uncompleted,N.A,528539,18,52,East Region,Tampines
THE TAPESTRY,"1,013,600",699.66,"1,449",24 Mar 2018,59 TAMPINES STREET 86 #14-33,New Sale,Strata,65,"15,594",-,Condominium,1,99 yrs from 31/07/2017,Uncompleted,Private,528509,18,52,East Region,Tampines
THE TAPESTRY,"882,400",602.78,"1,464",24 Mar 2018,61 TAMPINES STREET 86 #05-41,New Sale,Strata,56,"15,757",-,Condominium,1,99 yrs from 31/07/2017,Uncompleted,HDB,528510,18,52,East Region,Tampines
THE TAPESTRY,"952,000",699.66,"1,361",24 Mar 2018,63 TAMPINES STREET 86 #10-55,New Sale,Strata,65,"14,646",-,Condominium,1,99 yrs from 31/07/2017,Uncompleted,N.A,528511,18,52,East Region,Tampines
GEM RESIDENCES,"1,965,000","1,313.21","1,496",24 Mar 2018,1 LORONG 5 TOA PAYOH #19-08,New Sale,Strata,122,"16,107",-,Condominium,1,99 yrs from 21/09/2015,Uncompleted,Private,319458,12,31,Central Region,Toa Payoh
THE TAPESTRY,"664,800",473.62,"1,404",24 Mar 2018,51 TAMPINES STREET 86 #01-12,New Sale,Strata,44,"15,109",-,Condominium,1,99 yrs from 31/07/2017,Uncompleted,N.A,528539,18,52,East Region,Tampines
THE TAPESTRY,"696,800",473.62,"1,471",24 Mar 2018,61 TAMPINES STREET 86 #07-40,New Sale,Strata,44,"15,836",-,Condominium,1,99 yrs from 31/07/2017,Uncompleted,Private,528510,18,52,East Region,Tampines
THE TAPESTRY,"971,200",699.66,"1,388",24 Mar 2018,63 TAMPINES STREET 86 #08-54,New Sale,Strata,65,"14,942",-,Condominium,1,99 yrs from 31/07/2017,Uncompleted,Private,528511,18,52,East Region,Tampines
THE TAPESTRY,"700,000",473.62,"1,478",24 Mar 2018,61 TAMPINES STREET 86 #08-39,New Sale,Strata,44,"15,909",-,Condominium,1,99 yrs from 31/07/2017,Uncompleted,HDB,528510,18,52,East Region,Tampines
THE CLEMENT CANOPY,"1,623,000","1,108.69","1,464",24 Mar 2018,18 CLEMENTI AVENUE 1 #26-11,New Sale,Strata,103,"15,757",-,Apartment,1,99 yrs from 09/03/2016,Uncompleted,N.A,129961,05,12,West Region,Clementi
THE TAPESTRY,"840,800",602.78,"1,395",24 Mar 2018,61 TAMPINES STREET 86 #05-42,New Sale,Strata,56,"15,014",-,Condominium,1,99 yrs from 31/07/2017,Uncompleted,Private,528510,18,52,East Region,Tampines
THE TAPESTRY,"936,800",699.66,"1,339",24 Mar 2018,59 TAMPINES STREET 86 #05-34,New Sale,Strata,65,"14,412",-,Condominium,1,99 yrs from 31/07/2017,Uncompleted,Private,528509,18,52,East Region,Tampines
THE TAPESTRY,"1,240,800",925.7,"1,340",24 Mar 2018,57 TAMPINES STREET 86 #11-26,New Sale,Strata,86,"14,428",-,Condominium,1,99 yrs from 31/07/2017,Uncompleted,Private,528542,18,52,East Region,Tampines
THE TAPESTRY,"968,800",699.66,"1,385",24 Mar 2018,59 TAMPINES STREET 86 #13-34,New Sale,Strata,65,"14,905",-,Condominium,1,99 yrs from 31/07/2017,Uncompleted,HDB,528509,18,52,East Region,Tampines
THE TAPESTRY,"836,800",602.78,"1,388",24 Mar 2018,63 TAMPINES STREET 86 #03-58,New Sale,Strata,56,"14,943",-,Condominium,1,99 yrs from 31/07/2017,Uncompleted,Private,528511,18,52,East Region,Tampines
THE TAPESTRY,"637,600",441.32,"1,445",24 Mar 2018,61 TAMPINES STREET 86 #03-45,New Sale,Strata,41,"15,551",-,Condominium,1,99 yrs from 31/07/2017,Uncompleted,N.A,528510,18,52,East Region,Tampines
THE TAPESTRY,"660,000",441.32,"1,495",24 Mar 2018,61 TAMPINES STREET 86 #10-45,New Sale,Strata,41,"16,098",-,Condominium,1,99 yrs from 31/07/2017,Uncompleted,HDB,528510,18,52,East Region,Tampines
THE TAPESTRY,"1,233,600",990.29,"1,246",24 Mar 2018,63 TAMPINES STREET 86 #06-56,New Sale,Strata,92,"13,409",-,Condominium,1,99 yrs from 31/07/2017,Uncompleted,HDB,528511,18,52,East Region,Tampines
THE TAPESTRY,"971,200",688.9,"1,410",24 Mar 2018,53 TAMPINES STREET 86 #05-18,New Sale,Strata,64,"15,175",-,Condominium,1,99 yrs from 31/07/2017,Uncompleted,Private,528540,18,52,East Region,Tampines
THE TAPESTRY,"660,000",441.32,"1,495",24 Mar 2018,61 TAMPINES STREET 86 #10-44,New Sale,Strata,41,"16,098",-,Condominium,1,99 yrs from 31/07/2017,Uncompleted,HDB,528510,18,52,East Region,Tampines
THE TAPESTRY,"860,800",602.78,"1,428",24 Mar 2018,51 TAMPINES STREET 86 #07-10,New Sale,Strata,56,"15,371",-,Condominium,1,99 yrs from 31/07/2017,Uncompleted,HDB,528539,18,52,East Region,Tampines
THE TAPESTRY,"688,000",473.62,"1,453",24 Mar 2018,61 TAMPINES STREET 86 #01-39,New Sale,Strata,44,"15,636",-,Condominium,1,99 yrs from 31/07/2017,Uncompleted,N.A,528510,18,52,East Region,Tampines
THE TAPESTRY,"844,800",602.78,"1,401",24 Mar 2018,61 TAMPINES STREET 86 #05-48,New Sale,Strata,56,"15,086",-,Condominium,1,99 yrs from 31/07/2017,Uncompleted,HDB,528510,18,52,East Region,Tampines
THE TAPESTRY,"676,000",441.32,"1,532",24 Mar 2018,61 TAMPINES STREET 86 #15-45,New Sale,Strata,41,"16,488",-,Condominium,1,99 yrs from 31/07/2017,Uncompleted,HDB,528510,18,52,East Region,Tampines
THE TAPESTRY,"1,507,200","1,130.22","1,334",24 Mar 2018,59 TAMPINES STREET 86 #12-32,New Sale,Strata,105,"14,354",-,Condominium,1,99 yrs from 31/07/2017,Uncompleted,HDB,528509,18,52,East Region,Tampines
THE TAPESTRY,"987,200",688.9,"1,433",24 Mar 2018,53 TAMPINES STREET 86 #09-18,New Sale,Strata,64,"15,425",-,Condominium,1,99 yrs from 31/07/2017,Uncompleted,HDB,528540,18,52,East Region,Tampines
THE TAPESTRY,"634,400",441.32,"1,437",24 Mar 2018,61 TAMPINES STREET 86 #02-44,New Sale,Strata,41,"15,473",-,Condominium,1,99 yrs from 31/07/2017,Uncompleted,HDB,528510,18,52,East Region,Tampines
THE TAPESTRY,"629,600",441.32,"1,427",24 Mar 2018,51 TAMPINES STREET 86 #06-09,New Sale,Strata,41,"15,356",-,Condominium,1,99 yrs from 31/07/2017,Uncompleted,HDB,528539,18,52,East Region,Tampines
THE TAPESTRY,"1,420,000","1,130.22","1,256",24 Mar 2018,63 TAMPINES STREET 86 #04-53,New Sale,Strata,105,"13,524",-,Condominium,1,99 yrs from 31/07/2017,Uncompleted,HDB,528511,18,52,East Region,Tampines
THE TAPESTRY,"848,800",602.78,"1,408",24 Mar 2018,63 TAMPINES STREET 86 #06-58,New Sale,Strata,56,"15,157",-,Condominium,1,99 yrs from 31/07/2017,Uncompleted,HDB,528511,18,52,East Region,Tampines
THE TAPESTRY,"1,443,200","1,130.22","1,277",24 Mar 2018,63 TAMPINES STREET 86 #08-53,New Sale,Strata,105,"13,745",-,Condominium,1,99 yrs from 31/07/2017,Uncompleted,N.A,528511,18,52,East Region,Tampines
THE TAPESTRY,"928,800",699.66,"1,328",24 Mar 2018,59 TAMPINES STREET 86 #03-34,New Sale,Strata,65,"14,289",-,Condominium,1,99 yrs from 31/07/2017,Uncompleted,Private,528509,18,52,East Region,Tampines
THE TAPESTRY,"983,200",699.66,"1,405",24 Mar 2018,63 TAMPINES STREET 86 #11-54,New Sale,Strata,65,"15,126",-,Condominium,1,99 yrs from 31/07/2017,Uncompleted,HDB,528511,18,52,East Region,Tampines
THE TAPESTRY,"977,600",699.66,"1,397",24 Mar 2018,59 TAMPINES STREET 86 #05-33,New Sale,Strata,65,"15,040",-,Condominium,1,99 yrs from 31/07/2017,Uncompleted,Private,528509,18,52,East Region,Tampines
THE TAPESTRY,"629,600",441.32,"1,427",24 Mar 2018,51 TAMPINES STREET 86 #06-06,New Sale,Strata,41,"15,356",-,Condominium,1,99 yrs from 31/07/2017,Uncompleted,N.A,528539,18,52,East Region,Tampines
THE TAPESTRY,"680,000",473.62,"1,436",24 Mar 2018,51 TAMPINES STREET 86 #09-12,New Sale,Strata,44,"15,455",-,Condominium,1,99 yrs from 31/07/2017,Uncompleted,Private,528539,18,52,East Region,Tampines
THE TAPESTRY,"1,412,800","1,130.22","1,250",24 Mar 2018,53 TAMPINES STREET 86 #09-15,New Sale,Strata,105,"13,455",-,Condominium,1,99 yrs from 31/07/2017,Uncompleted,HDB,528540,18,52,East Region,Tampines
THE TAPESTRY,"687,200",473.62,"1,451",24 Mar 2018,61 TAMPINES STREET 86 #02-38,New Sale,Strata,44,"15,618",-,Condominium,1,99 yrs from 31/07/2017,Uncompleted,HDB,528510,18,52,East Region,Tampines
THE TAPESTRY,"1,299,200",990.29,"1,312",24 Mar 2018,53 TAMPINES STREET 86 #09-19,New Sale,Strata,92,"14,122",-,Condominium,1,99 yrs from 31/07/2017,Uncompleted,Private,528540,18,52,East Region,Tampines
THE TAPESTRY,"1,701,600","1,431.61","1,189",24 Mar 2018,57 TAMPINES STREET 86 #10-27,New Sale,Strata,133,"12,794",-,Condominium,1,99 yrs from 31/07/2017,Uncompleted,Private,528542,18,52,East Region,Tampines
THE TAPESTRY,"1,708,000","1,431.61","1,193",24 Mar 2018,57 TAMPINES STREET 86 #11-27,New Sale,Strata,133,"12,842",-,Condominium,1,99 yrs from 31/07/2017,Uncompleted,Private,528542,18,52,East Region,Tampines
THE TAPESTRY,"683,200",473.62,"1,443",24 Mar 2018,51 TAMPINES STREET 86 #11-13,New Sale,Strata,44,"15,527",-,Condominium,1,99 yrs from 31/07/2017,Uncompleted,HDB,528539,18,52,East Region,Tampines
THE TAPESTRY,"1,473,600","1,130.22","1,304",24 Mar 2018,59 TAMPINES STREET 86 #06-32,New Sale,Strata,105,"14,034",-,Condominium,1,99 yrs from 31/07/2017,Uncompleted,HDB,528509,18,52,East Region,Tampines
THE TAPESTRY,"788,800",602.78,"1,309",24 Mar 2018,51 TAMPINES STREET 86 #03-04,New Sale,Strata,56,"14,086",-,Condominium,1,99 yrs from 31/07/2017,Uncompleted,Private,528539,18,52,East Region,Tampines
THE TAPESTRY,"936,000",699.66,"1,338",24 Mar 2018,63 TAMPINES STREET 86 #06-55,New Sale,Strata,65,"14,400",-,Condominium,1,99 yrs from 31/07/2017,Uncompleted,HDB,528511,18,52,East Region,Tampines
THE TAPESTRY,"983,200",688.9,"1,427",24 Mar 2018,53 TAMPINES STREET 86 #08-18,New Sale,Strata,64,"15,363",-,Condominium,1,99 yrs from 31/07/2017,Uncompleted,Private,528540,18,52,East Region,Tampines
THE TAPESTRY,"673,600",473.62,"1,422",24 Mar 2018,51 TAMPINES STREET 86 #10-01,New Sale,Strata,44,"15,309",-,Condominium,1,99 yrs from 31/07/2017,Uncompleted,HDB,528539,18,52,East Region,Tampines
THE TAPESTRY,"832,000",602.78,"1,380",24 Mar 2018,59 TAMPINES STREET 86 #04-30,New Sale,Strata,56,"14,857",-,Condominium,1,99 yrs from 31/07/2017,Uncompleted,HDB,528509,18,52,East Region,Tampines
THE TAPESTRY,"676,800",473.62,"1,429",24 Mar 2018,51 TAMPINES STREET 86 #08-12,New Sale,Strata,44,"15,382",-,Condominium,1,99 yrs from 31/07/2017,Uncompleted,N.A,528539,18,52,East Region,Tampines
THE TAPESTRY,"600,800",441.32,"1,361",24 Mar 2018,51 TAMPINES STREET 86 #03-09,New Sale,Strata,41,"14,654",-,Condominium,1,99 yrs from 31/07/2017,Uncompleted,HDB,528539,18,52,East Region,Tampines
THE TAPESTRY,"653,600",441.32,"1,481",24 Mar 2018,61 TAMPINES STREET 86 #08-45,New Sale,Strata,41,"15,941",-,Condominium,1,99 yrs from 31/07/2017,Uncompleted,HDB,528510,18,52,East Region,Tampines
THE TAPESTRY,"856,800",602.78,"1,421",24 Mar 2018,63 TAMPINES STREET 86 #08-51,New Sale,Strata,56,"15,300",-,Condominium,1,99 yrs from 31/07/2017,Uncompleted,HDB,528511,18,52,East Region,Tampines
THE TAPESTRY,"716,000",473.62,"1,512",24 Mar 2018,61 TAMPINES STREET 86 #11-38,New Sale,Strata,44,"16,273",-,Condominium,1,99 yrs from 31/07/2017,Uncompleted,HDB,528510,18,52,East Region,Tampines
THE TAPESTRY,"856,800",602.78,"1,421",24 Mar 2018,59 TAMPINES STREET 86 #09-37,New Sale,Strata,56,"15,300",-,Condominium,1,99 yrs from 31/07/2017,Uncompleted,Private,528509,18,52,East Region,Tampines
THE TAPESTRY,"844,800",602.78,"1,401",24 Mar 2018,51 TAMPINES STREET 86 #03-10,New Sale,Strata,56,"15,086",-,Condominium,1,99 yrs from 31/07/2017,Uncompleted,Private,528539,18,52,East Region,Tampines
THE TAPESTRY,"798,400",602.78,"1,325",24 Mar 2018,53 TAMPINES STREET 86 #03-14,New Sale,Strata,56,"14,257",-,Condominium,1,99 yrs from 31/07/2017,Uncompleted,HDB,528540,18,52,East Region,Tampines
THE TAPESTRY,"656,800",441.32,"1,488",24 Mar 2018,61 TAMPINES STREET 86 #07-43,New Sale,Strata,41,"16,020",-,Condominium,1,99 yrs from 31/07/2017,Uncompleted,HDB,528510,18,52,East Region,Tampines
THE TAPESTRY,"964,800",699.66,"1,379",24 Mar 2018,59 TAMPINES STREET 86 #12-34,New Sale,Strata,65,"14,843",-,Condominium,1,99 yrs from 31/07/2017,Uncompleted,HDB,528509,18,52,East Region,Tampines
THE TAPESTRY,"667,200",473.62,"1,409",24 Mar 2018,51 TAMPINES STREET 86 #08-01,New Sale,Strata,44,"15,164",-,Condominium,1,99 yrs from 31/07/2017,Uncompleted,Private,528539,18,52,East Region,Tampines
THE TAPESTRY,"894,400",602.78,"1,484",24 Mar 2018,61 TAMPINES STREET 86 #08-41,New Sale,Strata,56,"15,971",-,Condominium,1,99 yrs from 31/07/2017,Uncompleted,HDB,528510,18,52,East Region,Tampines
THE TAPESTRY,"956,800",699.66,"1,368",24 Mar 2018,59 TAMPINES STREET 86 #10-34,New Sale,Strata,65,"14,720",-,Condominium,1,99 yrs from 31/07/2017,Uncompleted,N.A,528509,18,52,East Region,Tampines
THE TAPESTRY,"868,800",602.78,"1,441",24 Mar 2018,61 TAMPINES STREET 86 #12-42,New Sale,Strata,56,"15,514",-,Condominium,1,99 yrs from 31/07/2017,Uncompleted,HDB,528510,18,52,East Region,Tampines
THE TAPESTRY,"889,600",602.78,"1,476",24 Mar 2018,51 TAMPINES STREET 86 #10-11,New Sale,Strata,56,"15,886",-,Condominium,1,99 yrs from 31/07/2017,Uncompleted,N.A,528539,18,52,East Region,Tampines
THE TAPESTRY,"985,600",699.66,"1,409",24 Mar 2018,59 TAMPINES STREET 86 #07-33,New Sale,Strata,65,"15,163",-,Condominium,1,99 yrs from 31/07/2017,Uncompleted,HDB,528509,18,52,East Region,Tampines
THE TAPESTRY,"924,000",699.66,"1,321",24 Mar 2018,63 TAMPINES STREET 86 #03-55,New Sale,Strata,65,"14,215",-,Condominium,1,99 yrs from 31/07/2017,Uncompleted,HDB,528511,18,52,East Region,Tampines
THE TAPESTRY,"653,600",441.32,"1,481",24 Mar 2018,61 TAMPINES STREET 86 #06-46,New Sale,Strata,41,"15,941",-,Condominium,1,99 yrs from 31/07/2017,Uncompleted,HDB,528510,18,52,East Region,Tampines
THE TAPESTRY,"848,000",602.78,"1,407",24 Mar 2018,59 TAMPINES STREET 86 #08-30,New Sale,Strata,56,"15,143",-,Condominium,1,99 yrs from 31/07/2017,Uncompleted,Private,528509,18,52,East Region,Tampines
THE TAPESTRY,"1,479,200","1,130.22","1,309",24 Mar 2018,59 TAMPINES STREET 86 #07-32,New Sale,Strata,105,"14,088",-,Condominium,1,99 yrs from 31/07/2017,Uncompleted,HDB,528509,18,52,East Region,Tampines
THE TAPESTRY,"952,800",699.66,"1,362",24 Mar 2018,59 TAMPINES STREET 86 #09-34,New Sale,Strata,65,"14,658",-,Condominium,1,99 yrs from 31/07/2017,Uncompleted,HDB,528509,18,52,East Region,Tampines
THE TAPESTRY,"1,688,800","1,431.61","1,180",24 Mar 2018,57 TAMPINES STREET 86 #08-27,New Sale,Strata,133,"12,698",-,Condominium,1,99 yrs from 31/07/2017,Uncompleted,HDB,528542,18,52,East Region,Tampines
THE TAPESTRY,"696,800",473.62,"1,471",24 Mar 2018,61 TAMPINES STREET 86 #05-38,New Sale,Strata,44,"15,836",-,Condominium,1,99 yrs from 31/07/2017,Uncompleted,HDB,528510,18,52,East Region,Tampines
THE TAPESTRY,"873,600",602.78,"1,449",24 Mar 2018,51 TAMPINES STREET 86 #06-11,New Sale,Strata,56,"15,600",-,Condominium,1,99 yrs from 31/07/2017,Uncompleted,HDB,528539,18,52,East Region,Tampines
THE TAPESTRY,"877,600",602.78,"1,456",24 Mar 2018,51 TAMPINES STREET 86 #07-11,New Sale,Strata,56,"15,671",-,Condominium,1,99 yrs from 31/07/2017,Uncompleted,N.A,528539,18,52,East Region,Tampines
THE TAPESTRY,"1,464,800","1,130.22","1,296",24 Mar 2018,63 TAMPINES STREET 86 #12-53,New Sale,Strata,105,"13,950",-,Condominium,1,99 yrs from 31/07/2017,Uncompleted,HDB,528511,18,52,East Region,Tampines
THE TAPESTRY,"860,800",602.78,"1,428",24 Mar 2018,61 TAMPINES STREET 86 #09-48,New Sale,Strata,56,"15,371",-,Condominium,1,99 yrs from 31/07/2017,Uncompleted,HDB,528510,18,52,East Region,Tampines
THE TAPESTRY,"848,800",602.78,"1,408",24 Mar 2018,63 TAMPINES STREET 86 #06-51,New Sale,Strata,56,"15,157",-,Condominium,1,99 yrs from 31/07/2017,Uncompleted,Private,528511,18,52,East Region,Tampines
THE TAPESTRY,"643,200",441.32,"1,457",24 Mar 2018,61 TAMPINES STREET 86 #01-45,New Sale,Strata,41,"15,688",-,Condominium,1,99 yrs from 31/07/2017,Uncompleted,HDB,528510,18,52,East Region,Tampines
THE TAPESTRY,"660,800",473.62,"1,395",24 Mar 2018,51 TAMPINES STREET 86 #04-13,New Sale,Strata,44,"15,018",-,Condominium,1,99 yrs from 31/07/2017,Uncompleted,HDB,528539,18,52,East Region,Tampines
THE TAPESTRY,"1,005,600",699.66,"1,437",24 Mar 2018,59 TAMPINES STREET 86 #12-33,New Sale,Strata,65,"15,471",-,Condominium,1,99 yrs from 31/07/2017,Uncompleted,Private,528509,18,52,East Region,Tampines
THE TAPESTRY,"960,000",699.66,"1,372",24 Mar 2018,63 TAMPINES STREET 86 #12-55,New Sale,Strata,65,"14,769",-,Condominium,1,99 yrs from 31/07/2017,Uncompleted,Private,528511,18,52,East Region,Tampines
THE TAPESTRY,"636,000",441.32,"1,441",24 Mar 2018,51 TAMPINES STREET 86 #06-08,New Sale,Strata,41,"15,512",-,Condominium,1,99 yrs from 31/07/2017,Uncompleted,HDB,528539,18,52,East Region,Tampines
THE TAPESTRY,"876,800",602.78,"1,455",24 Mar 2018,63 TAMPINES STREET 86 #13-51,New Sale,Strata,56,"15,657",-,Condominium,1,99 yrs from 31/07/2017,Uncompleted,HDB,528511,18,52,East Region,Tampines
THE TAPESTRY,"844,800",602.78,"1,401",24 Mar 2018,63 TAMPINES STREET 86 #05-51,New Sale,Strata,56,"15,086",-,Condominium,1,99 yrs from 31/07/2017,Uncompleted,HDB,528511,18,52,East Region,Tampines
THE TAPESTRY,"852,800",602.78,"1,415",24 Mar 2018,61 TAMPINES STREET 86 #08-42,New Sale,Strata,56,"15,229",-,Condominium,1,99 yrs from 31/07/2017,Uncompleted,N.A,528510,18,52,East Region,Tampines
THE TAPESTRY,"660,800",473.62,"1,395",24 Mar 2018,51 TAMPINES STREET 86 #06-01,New Sale,Strata,44,"15,018",-,Condominium,1,99 yrs from 31/07/2017,Uncompleted,N.A,528539,18,52,East Region,Tampines
THE TAPESTRY,"680,800",473.62,"1,437",24 Mar 2018,61 TAMPINES STREET 86 #02-39,New Sale,Strata,44,"15,473",-,Condominium,1,99 yrs from 31/07/2017,Uncompleted,N.A,528510,18,52,East Region,Tampines
THE TAPESTRY,"836,000",602.78,"1,387",24 Mar 2018,59 TAMPINES STREET 86 #05-30,New Sale,Strata,56,"14,929",-,Condominium,1,99 yrs from 31/07/2017,Uncompleted,HDB,528509,18,52,East Region,Tampines
THE TAPESTRY,"1,009,600",699.66,"1,443",24 Mar 2018,59 TAMPINES STREET 86 #13-33,New Sale,Strata,65,"15,532",-,Condominium,1,99 yrs from 31/07/2017,Uncompleted,HDB,528509,18,52,East Region,Tampines
THE TAPESTRY,"660,800",473.62,"1,395",24 Mar 2018,51 TAMPINES STREET 86 #03-12,New Sale,Strata,44,"15,018",-,Condominium,1,99 yrs from 31/07/2017,Uncompleted,Private,528539,18,52,East Region,Tampines
THE TAPESTRY,"626,400",441.32,"1,419",24 Mar 2018,51 TAMPINES STREET 86 #05-09,New Sale,Strata,41,"15,278",-,Condominium,1,99 yrs from 31/07/2017,Uncompleted,HDB,528539,18,52,East Region,Tampines
THE TAPESTRY,"648,000",473.62,"1,368",24 Mar 2018,51 TAMPINES STREET 86 #02-03,New Sale,Strata,44,"14,727",-,Condominium,1,99 yrs from 31/07/2017,Uncompleted,Private,528539,18,52,East Region,Tampines
THE TAPESTRY,"693,600",473.62,"1,464",24 Mar 2018,61 TAMPINES STREET 86 #04-38,New Sale,Strata,44,"15,764",-,Condominium,1,99 yrs from 31/07/2017,Uncompleted,Private,528510,18,52,East Region,Tampines
THE TAPESTRY,"683,200",473.62,"1,443",24 Mar 2018,51 TAMPINES STREET 86 #13-01,New Sale,Strata,44,"15,527",-,Condominium,1,99 yrs from 31/07/2017,Uncompleted,HDB,528539,18,52,East Region,Tampines
THE TAPESTRY,"658,400",441.32,"1,492",24 Mar 2018,51 TAMPINES STREET 86 #13-08,New Sale,Strata,41,"16,059",-,Condominium,1,99 yrs from 31/07/2017,Uncompleted,HDB,528539,18,52,East Region,Tampines
THE TAPESTRY,"1,235,200",925.7,"1,334",24 Mar 2018,55 TAMPINES STREET 86 #12-22,New Sale,Strata,86,"14,363",-,Condominium,1,99 yrs from 31/07/2017,Uncompleted,HDB,528541,18,52,East Region,Tampines
THE TAPESTRY,"1,396,800","1,130.22","1,236",24 Mar 2018,59 TAMPINES STREET 86 #06-31,New Sale,Strata,105,"13,303",-,Condominium,1,99 yrs from 31/07/2017,Uncompleted,N.A,528509,18,52,East Region,Tampines
THE TAPESTRY,"1,415,200","1,130.22","1,252",24 Mar 2018,63 TAMPINES STREET 86 #03-53,New Sale,Strata,105,"13,478",-,Condominium,1,99 yrs from 31/07/2017,Uncompleted,HDB,528511,18,52,East Region,Tampines
THE TAPESTRY,"690,400",473.62,"1,458",24 Mar 2018,61 TAMPINES STREET 86 #05-50,New Sale,Strata,44,"15,691",-,Condominium,1,99 yrs from 31/07/2017,Uncompleted,N.A,528510,18,52,East Region,Tampines
THE TAPESTRY,"804,800",602.78,"1,335",24 Mar 2018,51 TAMPINES STREET 86 #07-04,New Sale,Strata,56,"14,371",-,Condominium,1,99 yrs from 31/07/2017,Uncompleted,HDB,528539,18,52,East Region,Tampines
THE TAPESTRY,"837,600",602.78,"1,390",24 Mar 2018,51 TAMPINES STREET 86 #02-11,New Sale,Strata,56,"14,957",-,Condominium,1,99 yrs from 31/07/2017,Uncompleted,HDB,528539,18,52,East Region,Tampines
THE TAPESTRY,"961,600",688.9,"1,396",24 Mar 2018,53 TAMPINES STREET 86 #14-17,New Sale,Strata,64,"15,025",-,Condominium,1,99 yrs from 31/07/2017,Uncompleted,HDB,528540,18,52,East Region,Tampines
THE TAPESTRY,"960,800",699.66,"1,373",24 Mar 2018,59 TAMPINES STREET 86 #11-34,New Sale,Strata,65,"14,782",-,Condominium,1,99 yrs from 31/07/2017,Uncompleted,Private,528509,18,52,East Region,Tampines
THE TAPESTRY,"712,800",473.62,"1,505",24 Mar 2018,61 TAMPINES STREET 86 #12-39,New Sale,Strata,44,"16,200",-,Condominium,1,99 yrs from 31/07/2017,Uncompleted,HDB,528510,18,52,East Region,Tampines
THE TAPESTRY,"940,000",699.66,"1,344",24 Mar 2018,63 TAMPINES STREET 86 #07-55,New Sale,Strata,65,"14,462",-,Condominium,1,99 yrs from 31/07/2017,Uncompleted,N.A,528511,18,52,East Region,Tampines
THE TAPESTRY,"683,200",473.62,"1,443",24 Mar 2018,51 TAMPINES STREET 86 #10-12,New Sale,Strata,44,"15,527",-,Condominium,1,99 yrs from 31/07/2017,Uncompleted,N.A,528539,18,52,East Region,Tampines
THE TAPESTRY,"948,000",699.66,"1,355",24 Mar 2018,63 TAMPINES STREET 86 #09-55,New Sale,Strata,65,"14,585",-,Condominium,1,99 yrs from 31/07/2017,Uncompleted,HDB,528511,18,52,East Region,Tampines
THE TAPESTRY,"991,200",688.9,"1,439",24 Mar 2018,53 TAMPINES STREET 86 #10-18,New Sale,Strata,64,"15,488",-,Condominium,1,99 yrs from 31/07/2017,Uncompleted,Private,528540,18,52,East Region,Tampines
THE TAPESTRY,"1,745,600","1,485.43","1,175",24 Mar 2018,55 TAMPINES STREET 86 #07-24,New Sale,Strata,138,"12,649",-,Condominium,1,99 yrs from 31/07/2017,Uncompleted,Private,528541,18,52,East Region,Tampines
THE TAPESTRY,"647,200",441.32,"1,466",24 Mar 2018,61 TAMPINES STREET 86 #06-45,New Sale,Strata,41,"15,785",-,Condominium,1,99 yrs from 31/07/2017,Uncompleted,HDB,528510,18,52,East Region,Tampines
THE TAPESTRY,"689,600",473.62,"1,456",24 Mar 2018,51 TAMPINES STREET 86 #12-12,New Sale,Strata,44,"15,673",-,Condominium,1,99 yrs from 31/07/2017,Uncompleted,HDB,528539,18,52,East Region,Tampines
THE TAPESTRY,"703,200",473.62,"1,485",24 Mar 2018,61 TAMPINES STREET 86 #07-38,New Sale,Strata,44,"15,982",-,Condominium,1,99 yrs from 31/07/2017,Uncompleted,HDB,528510,18,52,East Region,Tampines
THE TAPESTRY,"604,000",441.32,"1,369",24 Mar 2018,51 TAMPINES STREET 86 #01-09,New Sale,Strata,41,"14,732",-,Condominium,1,99 yrs from 31/07/2017,Uncompleted,HDB,528539,18,52,East Region,Tampines
THE TAPESTRY,"693,600",473.62,"1,464",24 Mar 2018,61 TAMPINES STREET 86 #06-40,New Sale,Strata,44,"15,764",-,Condominium,1,99 yrs from 31/07/2017,Uncompleted,HDB,528510,18,52,East Region,Tampines
THE TAPESTRY,"963,200",688.9,"1,398",24 Mar 2018,53 TAMPINES STREET 86 #03-18,New Sale,Strata,64,"15,050",-,Condominium,1,99 yrs from 31/07/2017,Uncompleted,N.A,528540,18,52,East Region,Tampines
THE TAPESTRY,"956,000",699.66,"1,366",24 Mar 2018,63 TAMPINES STREET 86 #11-55,New Sale,Strata,65,"14,708",-,Condominium,1,99 yrs from 31/07/2017,Uncompleted,HDB,528511,18,52,East Region,Tampines
THE TAPESTRY,"1,304,800",990.29,"1,318",24 Mar 2018,53 TAMPINES STREET 86 #10-19,New Sale,Strata,92,"14,183",-,Condominium,1,99 yrs from 31/07/2017,Uncompleted,N.A,528540,18,52,East Region,Tampines
THE TAPESTRY,"687,200",473.62,"1,451",24 Mar 2018,61 TAMPINES STREET 86 #04-39,New Sale,Strata,44,"15,618",-,Condominium,1,99 yrs from 31/07/2017,Uncompleted,HDB,528510,18,52,East Region,Tampines
THE TAPESTRY,"703,200",473.62,"1,485",24 Mar 2018,61 TAMPINES STREET 86 #09-39,New Sale,Strata,44,"15,982",-,Condominium,1,99 yrs from 31/07/2017,Uncompleted,HDB,528510,18,52,East Region,Tampines
THE TAPESTRY,"650,400",441.32,"1,474",24 Mar 2018,61 TAMPINES STREET 86 #07-44,New Sale,Strata,41,"15,863",-,Condominium,1,99 yrs from 31/07/2017,Uncompleted,N.A,528510,18,52,East Region,Tampines
THE TAPESTRY,"1,282,400",990.29,"1,295",24 Mar 2018,53 TAMPINES STREET 86 #06-19,New Sale,Strata,92,"13,939",-,Condominium,1,99 yrs from 31/07/2017,Uncompleted,Private,528540,18,52,East Region,Tampines
THE TAPESTRY,"693,600",473.62,"1,464",24 Mar 2018,61 TAMPINES STREET 86 #06-39,New Sale,Strata,44,"15,764",-,Condominium,1,99 yrs from 31/07/2017,Uncompleted,HDB,528510,18,52,East Region,Tampines
THE TAPESTRY,"836,800",602.78,"1,388",24 Mar 2018,61 TAMPINES STREET 86 #03-48,New Sale,Strata,56,"14,943",-,Condominium,1,99 yrs from 31/07/2017,Uncompleted,Private,528510,18,52,East Region,Tampines
THE TAPESTRY,"642,400",441.32,"1,456",24 Mar 2018,51 TAMPINES STREET 86 #10-09,New Sale,Strata,41,"15,668",-,Condominium,1,99 yrs from 31/07/2017,Uncompleted,N.A,528539,18,52,East Region,Tampines
THE TAPESTRY,"1,276,800",990.29,"1,289",24 Mar 2018,53 TAMPINES STREET 86 #05-19,New Sale,Strata,92,"13,878",-,Condominium,1,99 yrs from 31/07/2017,Uncompleted,N.A,528540,18,52,East Region,Tampines
THE TAPESTRY,"663,200",441.32,"1,503",24 Mar 2018,61 TAMPINES STREET 86 #09-43,New Sale,Strata,41,"16,176",-,Condominium,1,99 yrs from 31/07/2017,Uncompleted,HDB,528510,18,52,East Region,Tampines
THE TAPESTRY,"595,200",441.32,"1,349",24 Mar 2018,51 TAMPINES STREET 86 #02-09,New Sale,Strata,41,"14,517",-,Condominium,1,99 yrs from 31/07/2017,Uncompleted,HDB,528539,18,52,East Region,Tampines
THE TAPESTRY,"1,490,400","1,130.22","1,319",24 Mar 2018,59 TAMPINES STREET 86 #09-32,New Sale,Strata,105,"14,194",-,Condominium,1,99 yrs from 31/07/2017,Uncompleted,N.A,528509,18,52,East Region,Tampines
THE TAPESTRY,"604,000",441.32,"1,369",24 Mar 2018,51 TAMPINES STREET 86 #04-09,New Sale,Strata,41,"14,732",-,Condominium,1,99 yrs from 31/07/2017,Uncompleted,HDB,528539,18,52,East Region,Tampines
THE TAPESTRY,"709,600",473.62,"1,498",24 Mar 2018,61 TAMPINES STREET 86 #11-40,New Sale,Strata,44,"16,127",-,Condominium,1,99 yrs from 31/07/2017,Uncompleted,HDB,528510,18,52,East Region,Tampines
THE TAPESTRY,"1,212,800",925.7,"1,310",24 Mar 2018,55 TAMPINES STREET 86 #08-22,New Sale,Strata,86,"14,102",-,Condominium,1,99 yrs from 31/07/2017,Uncompleted,HDB,528541,18,52,East Region,Tampines
THE TAPESTRY,"868,800",602.78,"1,441",24 Mar 2018,63 TAMPINES STREET 86 #11-51,New Sale,Strata,56,"15,514",-,Condominium,1,99 yrs from 31/07/2017,Uncompleted,Private,528511,18,52,East Region,Tampines
THE TAPESTRY,"898,400",602.78,"1,490",24 Mar 2018,61 TAMPINES STREET 86 #09-41,New Sale,Strata,56,"16,043",-,Condominium,1,99 yrs from 31/07/2017,Uncompleted,HDB,528510,18,52,East Region,Tampines
THE TAPESTRY,"948,800",699.66,"1,356",24 Mar 2018,59 TAMPINES STREET 86 #08-34,New Sale,Strata,65,"14,597",-,Condominium,1,99 yrs from 31/07/2017,Uncompleted,N.A,528509,18,52,East Region,Tampines
THE TAPESTRY,"886,400",602.78,"1,471",24 Mar 2018,61 TAMPINES STREET 86 #06-41,New Sale,Strata,56,"15,829",-,Condominium,1,99 yrs from 31/07/2017,Uncompleted,HDB,528510,18,52,East Region,Tampines
THE TAPESTRY,"965,600",699.66,"1,380",24 Mar 2018,59 TAMPINES STREET 86 #02-33,New Sale,Strata,65,"14,855",-,Condominium,1,99 yrs from 31/07/2017,Uncompleted,N.A,528509,18,52,East Region,Tampines
THE TAPESTRY,"696,800",473.62,"1,471",24 Mar 2018,61 TAMPINES STREET 86 #07-39,New Sale,Strata,44,"15,836",-,Condominium,1,99 yrs from 31/07/2017,Uncompleted,HDB,528510,18,52,East Region,Tampines
THE TAPESTRY,"1,235,200",925.7,"1,334",24 Mar 2018,55 TAMPINES STREET 86 #12-25,New Sale,Strata,86,"14,363",-,Condominium,1,99 yrs from 31/07/2017,Uncompleted,HDB,528541,18,52,East Region,Tampines
THE TAPESTRY,"991,200",699.66,"1,417",24 Mar 2018,63 TAMPINES STREET 86 #13-54,New Sale,Strata,65,"15,249",-,Condominium,1,99 yrs from 31/07/2017,Uncompleted,HDB,528511,18,52,East Region,Tampines
THE TAPESTRY,"607,200",441.32,"1,376",24 Mar 2018,51 TAMPINES STREET 86 #03-08,New Sale,Strata,41,"14,810",-,Condominium,1,99 yrs from 31/07/2017,Uncompleted,HDB,528539,18,52,East Region,Tampines
PARC BOTANNIA,"1,173,112",871.88,"1,345",24 Mar 2018,18 FERNVALE STREET #11-29,New Sale,Strata,81,"14,483",-,Condominium,1,99 yrs from 28/12/2016,Uncompleted,HDB,797394,28,79,North East Region,Sengkang
THE TAPESTRY,"712,800",473.62,"1,505",24 Mar 2018,61 TAMPINES STREET 86 #10-38,New Sale,Strata,44,"16,200",-,Condominium,1,99 yrs from 31/07/2017,Uncompleted,HDB,528510,18,52,East Region,Tampines
THE TAPESTRY,"670,400",473.62,"1,415",24 Mar 2018,51 TAMPINES STREET 86 #06-12,New Sale,Strata,44,"15,236",-,Condominium,1,99 yrs from 31/07/2017,Uncompleted,Private,528539,18,52,East Region,Tampines
THE TAPESTRY,"1,408,800","1,130.22","1,246",24 Mar 2018,59 TAMPINES STREET 86 #08-31,New Sale,Strata,105,"13,417",-,Condominium,1,99 yrs from 31/07/2017,Uncompleted,Private,528509,18,52,East Region,Tampines
THE TAPESTRY,"604,000",441.32,"1,369",24 Mar 2018,51 TAMPINES STREET 86 #04-06,New Sale,Strata,41,"14,732",-,Condominium,1,99 yrs from 31/07/2017,Uncompleted,N.A,528539,18,52,East Region,Tampines
THE TAPESTRY,"1,293,600",990.29,"1,306",24 Mar 2018,53 TAMPINES STREET 86 #08-19,New Sale,Strata,92,"14,061",-,Condominium,1,99 yrs from 31/07/2017,Uncompleted,HDB,528540,18,52,East Region,Tampines
THE TAPESTRY,"852,800",602.78,"1,415",24 Mar 2018,63 TAMPINES STREET 86 #07-58,New Sale,Strata,56,"15,229",-,Condominium,1,99 yrs from 31/07/2017,Uncompleted,Private,528511,18,52,East Region,Tampines
THE TAPESTRY,"653,600",441.32,"1,481",24 Mar 2018,61 TAMPINES STREET 86 #08-44,New Sale,Strata,41,"15,941",-,Condominium,1,99 yrs from 31/07/2017,Uncompleted,Private,528510,18,52,East Region,Tampines
THE TAPESTRY,"972,800",699.66,"1,390",24 Mar 2018,59 TAMPINES STREET 86 #14-34,New Sale,Strata,65,"14,966",-,Condominium,1,99 yrs from 31/07/2017,Uncompleted,HDB,528509,18,52,East Region,Tampines
THE TAPESTRY,"644,000",441.32,"1,459",24 Mar 2018,61 TAMPINES STREET 86 #03-46,New Sale,Strata,41,"15,707",-,Condominium,1,99 yrs from 31/07/2017,Uncompleted,HDB,528510,18,52,East Region,Tampines
THE TAPESTRY,"644,000",441.32,"1,459",24 Mar 2018,61 TAMPINES STREET 86 #03-43,New Sale,Strata,41,"15,707",-,Condominium,1,99 yrs from 31/07/2017,Uncompleted,HDB,528510,18,52,East Region,Tampines
THE TAPESTRY,"649,600",441.32,"1,472",24 Mar 2018,61 TAMPINES STREET 86 #01-43,New Sale,Strata,41,"15,844",-,Condominium,1,99 yrs from 31/07/2017,Uncompleted,HDB,528510,18,52,East Region,Tampines
THE TAPESTRY,"836,000",602.78,"1,387",24 Mar 2018,53 TAMPINES STREET 86 #05-14,New Sale,Strata,56,"14,929",-,Condominium,1,99 yrs from 31/07/2017,Uncompleted,Private,528540,18,52,East Region,Tampines
THE TAPESTRY,"680,000",473.62,"1,436",24 Mar 2018,51 TAMPINES STREET 86 #10-13,New Sale,Strata,44,"15,455",-,Condominium,1,99 yrs from 31/07/2017,Uncompleted,HDB,528539,18,52,East Region,Tampines
THE TAPESTRY,"981,600",699.66,"1,403",24 Mar 2018,59 TAMPINES STREET 86 #06-33,New Sale,Strata,65,"15,102",-,Condominium,1,99 yrs from 31/07/2017,Uncompleted,HDB,528509,18,52,East Region,Tampines
THE TAPESTRY,"852,000",602.78,"1,413",24 Mar 2018,59 TAMPINES STREET 86 #09-30,New Sale,Strata,56,"15,214",-,Condominium,1,99 yrs from 31/07/2017,Uncompleted,Private,528509,18,52,East Region,Tampines
THE TAPESTRY,"709,600",473.62,"1,498",24 Mar 2018,61 TAMPINES STREET 86 #11-39,New Sale,Strata,44,"16,127",-,Condominium,1,99 yrs from 31/07/2017,Uncompleted,HDB,528510,18,52,East Region,Tampines
THE TAPESTRY,"702,270",473.62,"1,483",25 Mar 2018,61 TAMPINES STREET 86 #06-50,New Sale,Strata,44,"15,961",-,Condominium,1,99 yrs from 31/07/2017,Uncompleted,Private,528510,18,52,East Region,Tampines
THE TAPESTRY,"936,360",699.66,"1,338",25 Mar 2018,59 TAMPINES STREET 86 #02-34,New Sale,Strata,65,"14,406",-,Condominium,1,99 yrs from 31/07/2017,Uncompleted,HDB,528509,18,52,East Region,Tampines
THE TAPESTRY,"1,197,600",990.29,"1,209",25 Mar 2018,63 TAMPINES STREET 86 #06-57,New Sale,Strata,92,"13,017",-,Condominium,1,99 yrs from 31/07/2017,Uncompleted,HDB,528511,18,52,East Region,Tampines
THE TAPESTRY,"665,820",473.62,"1,406",25 Mar 2018,51 TAMPINES STREET 86 #05-03,New Sale,Strata,44,"15,132",-,Condominium,1,99 yrs from 31/07/2017,Uncompleted,HDB,528539,18,52,East Region,Tampines
HIGHLINE RESIDENCES,"4,125,000","2,174.33","1,897",25 Mar 2018,9 KIM TIAN ROAD #35-16,New Sale,Strata,202,"20,421",-,Condominium,1,99 yrs from 22/07/2013,2018,N.A,168593,03,16,Central Region,Bukit Merah
THE TAPESTRY,"1,756,890","1,431.61","1,227",25 Mar 2018,57 TAMPINES STREET 86 #10-28,New Sale,Strata,133,"13,210",-,Condominium,1,99 yrs from 31/07/2017,Uncompleted,Private,528542,18,52,East Region,Tampines
THE TAPESTRY,"969,600",699.66,"1,386",25 Mar 2018,59 TAMPINES STREET 86 #03-33,New Sale,Strata,65,"14,917",-,Condominium,1,99 yrs from 31/07/2017,Uncompleted,Private,528509,18,52,East Region,Tampines
THE TAPESTRY,"1,531,710","1,130.22","1,355",25 Mar 2018,59 TAMPINES STREET 86 #13-32,New Sale,Strata,105,"14,588",-,Condominium,1,99 yrs from 31/07/2017,Uncompleted,Private,528509,18,52,East Region,Tampines
GRANDEUR PARK RESIDENCES,"2,137,000","1,453.14","1,471",25 Mar 2018,5 BEDOK SOUTH AVENUE 3 #11-23,New Sale,Strata,135,"15,830",-,Condominium,1,99 yrs from 25/05/2016,Uncompleted,Private,465463,16,46,East Region,Bedok
ARTRA,"1,873,800","1,119.46","1,674",25 Mar 2018,10 ALEXANDRA VIEW #08-11,New Sale,Strata,104,"18,017",-,Apartment,1,99 yrs from 15/02/2016,Uncompleted,N.A,158745,03,15,Central Region,Bukit Merah
THE CLEMENT CANOPY,"1,408,000",990.29,"1,422",25 Mar 2018,16 CLEMENTI AVENUE 1 #03-05,New Sale,Strata,92,"15,304",-,Apartment,1,99 yrs from 09/03/2016,Uncompleted,Private,129960,05,12,West Region,Clementi
GRANDEUR PARK RESIDENCES,"1,108,000",667.37,"1,660",25 Mar 2018,9 BEDOK SOUTH AVENUE 3 #01-39,New Sale,Strata,62,"17,871",-,Condominium,1,99 yrs from 25/05/2016,Uncompleted,HDB,465465,16,46,East Region,Bedok
FIVENINE,"1,650,000","1,054.87","1,564",25 Mar 2018,59 LORONG K TELOK KURAU #03-01,New Sale,Strata,98,"16,837",-,Apartment,1,Freehold,Uncompleted,Private,425669,15,42,East Region,Bedok
THE SHELFORD,"3,375,500","2,411.14","1,400",25 Mar 2018,1D SHELFORD ROAD #05-27,Resale,Strata,224,"15,069",-,Condominium,1,Freehold,2005,Private,286889,11,28,Central Region,Bukit Timah
GRANDEUR PARK RESIDENCES,"1,737,000","1,130.22","1,537",25 Mar 2018,9 BEDOK SOUTH AVENUE 3 #14-37,New Sale,Strata,105,"16,543",-,Condominium,1,99 yrs from 25/05/2016,Uncompleted,HDB,465465,16,46,East Region,Bedok
THE TAPESTRY,"925,600",688.9,"1,344",25 Mar 2018,53 TAMPINES STREET 86 #05-17,New Sale,Strata,64,"14,463",-,Condominium,1,99 yrs from 31/07/2017,Uncompleted,HDB,528540,18,52,East Region,Tampines
SIMS URBAN OASIS,"2,260,600","1,442.38","1,567",25 Mar 2018,6 SIMS DRIVE #13-25,New Sale,Strata,134,"16,870",-,Condominium,1,99 yrs from 29/07/2014,2017,HDB,387388,14,38,Central Region,Geylang
ARTRA,"1,857,200","1,119.46","1,659",25 Mar 2018,10 ALEXANDRA VIEW #07-11,New Sale,Strata,104,"17,858",-,Apartment,1,99 yrs from 15/02/2016,Uncompleted,Private,158745,03,15,Central Region,Bukit Merah
70@TRURO,"919,908",495.14,"1,858",25 Mar 2018,70 TRURO ROAD #04-03,New Sale,Strata,46,"19,998",-,Apartment,1,Freehold,Uncompleted,HDB,217618,08,21,Central Region,Kallang
LAKEHOLMZ,"1,385,000","1,496.2",926,26 Mar 2018,82 CORPORATION ROAD #12-06,Resale,Strata,139,"9,964",-,Condominium,1,99 yrs from 29/10/2001,2005,Private,649820,22,64,West Region,Jurong West
PARC ELEGANCE,"545,000",398.27,"1,368",26 Mar 2018,15 TELOK KURAU ROAD #04-21,Resale,Strata,37,"14,730",-,Apartment,1,Freehold,2013,HDB,423762,15,42,East Region,Bedok
CITY SUITES,"932,000",527.44,"1,767",26 Mar 2018,235 BALESTIER ROAD #08-01,New Sale,Strata,49,"19,020",-,Apartment,1,Freehold,2017,N.A,329699,12,32,Central Region,Novena
GRANDEUR PARK RESIDENCES,"1,363,000",893.41,"1,526",26 Mar 2018,3 BEDOK SOUTH AVENUE 3 #01-20,New Sale,Strata,83,"16,422",-,Condominium,1,99 yrs from 25/05/2016,Uncompleted,HDB,465462,16,46,East Region,Bedok
THE TRILINQ,"1,635,000","1,345.5","1,215",26 Mar 2018,28A JALAN LEMPENG #04-16,New Sale,Strata,125,"13,080",-,Condominium,1,99 yrs from 16/04/2012,2017,Private,128808,05,12,West Region,Clementi
THE TREVOSE,"1,910,000","1,474.67","1,295",26 Mar 2018,56 TREVOSE CRESCENT #04-04,Resale,Strata,137,"13,942",-,Condominium,1,99 yrs from 14/12/1996,2001,Private,298088,11,29,Central Region,Novena
FLO RESIDENCE,"848,000",936.47,906,26 Mar 2018,7 PUNGGOL FIELD WALK #04-15,Resale,Strata,87,"9,747",-,Condominium,1,99 yrs from 05/12/2011,2016,Private,828742,19,82,North East Region,Punggol
KINGSFORD WATERBAY,"1,199,000",893.41,"1,342",26 Mar 2018,70 UPPER SERANGOON VIEW #07-34,New Sale,Strata,83,"14,446",-,Apartment,1,99 yrs from 03/03/2014,Uncompleted,Private,533883,19,53,North East Region,Hougang
SIMS RESIDENCES,"1,050,000","1,216.33",863,26 Mar 2018,8 LORONG 39 GEYLANG #05-05,Resale,Strata,113,"9,292",-,Apartment,1,99 yrs from 11/08/1997,2002,Private,387882,14,38,Central Region,Geylang
RIPPLE BAY,"808,000",775.01,"1,043",26 Mar 2018,8 PASIR RIS LINK #08-38,Resale,Strata,72,"11,222",-,Condominium,1,99 yrs from 10/08/2011,2015,Private,518162,18,51,East Region,Pasir Ris
THE CLAYMORE,"8,398,000","3,347.6","2,509",26 Mar 2018,25 CLAYMORE ROAD #12-02,Resale,Strata,311,"27,003",-,Condominium,1,Freehold,1985,Private,229543,09,22,Central Region,Newton
ARTRA,"1,840,500","1,119.46","1,644",26 Mar 2018,10 ALEXANDRA VIEW #05-11,New Sale,Strata,104,"17,697",-,Apartment,1,99 yrs from 15/02/2016,Uncompleted,HDB,158745,03,15,Central Region,Bukit Merah
THE ASANA,"1,703,000",635.08,"2,682",26 Mar 2018,19 QUEEN'S ROAD #01-06,New Sale,Strata,59,"28,864",-,Apartment,1,Freehold,2017,N.A,266745,10,26,Central Region,Bukit Timah
KINGSFORD WATERBAY,"1,171,000",861.12,"1,360",26 Mar 2018,68 UPPER SERANGOON VIEW #14-24,New Sale,Strata,80,"14,638",-,Apartment,1,99 yrs from 03/03/2014,Uncompleted,HDB,533884,19,53,North East Region,Hougang
THE TAPESTRY,"1,326,780",990.29,"1,340",26 Mar 2018,53 TAMPINES STREET 86 #11-19,New Sale,Strata,92,"14,422",-,Condominium,1,99 yrs from 31/07/2017,Uncompleted,Private,528540,18,52,East Region,Tampines
KINGSFORD WATERBAY,"1,259,000",914.94,"1,376",26 Mar 2018,64 UPPER SERANGOON VIEW #04-03,New Sale,Strata,85,"14,812",-,Apartment,1,99 yrs from 03/03/2014,Uncompleted,HDB,533886,19,53,North East Region,Hougang
KINGSFORD WATERBAY,"996,000",688.9,"1,446",26 Mar 2018,68 UPPER SERANGOON VIEW #04-22,New Sale,Strata,64,"15,563",-,Apartment,1,99 yrs from 03/03/2014,Uncompleted,Private,533884,19,53,North East Region,Hougang
THE LINCOLN RESIDENCES,"3,480,000","1,840.64","1,891",26 Mar 2018,28 SURREY ROAD #13-02,Resale,Strata,171,"20,351",-,Condominium,1,Freehold,2011,Private,307762,11,30,Central Region,Novena
VARSITY PARK CONDOMINIUM,"2,000,000","1,797.59","1,113",26 Mar 2018,68 WEST COAST ROAD #01-89,Resale,Strata,167,"11,976",-,Condominium,1,99 yrs from 03/05/2004,2008,Private,126830,05,12,West Region,Clementi
LIVIA,"820,000",914.94,896,26 Mar 2018,73 PASIR RIS GROVE #05-24,Resale,Strata,85,"9,647",-,Condominium,1,99 yrs from 07/01/2008,2011,HDB,518206,18,51,East Region,Pasir Ris
BULLION PARK,"1,268,888","1,237.86","1,025",26 Mar 2018,168 LENTOR LOOP #08-04,Resale,Strata,115,"11,034",-,Condominium,1,Freehold,1993,HDB,789098,26,78,North East Region,Ang Mo Kio
GRANDEUR PARK RESIDENCES,"1,086,112",624.31,"1,740",26 Mar 2018,1 BEDOK SOUTH AVENUE 3 #11-14,New Sale,Strata,58,"18,726",-,Condominium,1,99 yrs from 25/05/2016,Uncompleted,Private,465461,16,46,East Region,Bedok
CASA MERAH,"1,480,000","1,334.74","1,109",26 Mar 2018,70 TANAH MERAH KECHIL AVENUE #05-39,Resale,Strata,124,"11,935",-,Apartment,1,99 yrs from 11/07/2006,2009,Private,465534,16,46,East Region,Bedok
PARC SEABREEZE,"2,710,000","1,593.07","1,701",26 Mar 2018,532 JOO CHIAT ROAD #08-01,Resale,Strata,148,"18,311",-,Apartment,1,Freehold,2012,Private,427711,15,42,Central Region,Marine Parade
A TREASURE TROVE,"1,328,000","1,205.57","1,102",26 Mar 2018,72 PUNGGOL WALK #07-47,Resale,Strata,112,"11,857",-,Condominium,1,99 yrs from 09/03/2011,2015,Private,828786,19,82,North East Region,Punggol
SCOTTS 28,"3,380,000","1,636.13","2,066",26 Mar 2018,28 SCOTTS ROAD #05-03,Resale,Strata,152,"22,237",-,Condominium,1,Freehold,1998,Private,228223,09,22,Central Region,Newton
SPRING GARDENS,"1,450,000","1,270.15","1,142",26 Mar 2018,141 HAIG ROAD #02-02,Resale,Strata,118,"12,288",-,Apartment,1,Freehold,2000,Private,438769,15,43,Central Region,Marine Parade
SIMS URBAN OASIS,"2,161,600","1,539.25","1,404",26 Mar 2018,16 SIMS DRIVE #18-59,New Sale,Strata,143,"15,116",-,Condominium,1,99 yrs from 29/07/2014,2017,HDB,387393,14,38,Central Region,Geylang
MAYSPRINGS,"778,000",818.06,951,26 Mar 2018,6 PETIR ROAD #13-01,Resale,Strata,76,"10,237",-,Apartment,1,99 yrs from 01/12/1994,1998,HDB,678267,23,67,West Region,Bukit Panjang
HOLLAND HILL PARK,"2,100,000","1,431.61","1,467",26 Mar 2018,7A HOLLAND HILL #03-09,Resale,Strata,133,"15,789",-,Condominium,1,Freehold,1992,Private,278732,10,27,Central Region,Bukit Timah
N.A.,"1,550,000","1,377.79","1,125",26 Mar 2018,7B BINJAI PARK,Resale,Strata,128,"12,109",-,Apartment,1,999 yrs from 01/06/1875,-,HDB,589821,21,58,Central Region,Bukit Timah
EUPHONY GARDENS,"830,000","1,194.8",695,26 Mar 2018,7 JALAN MATA AYER #03-30,Resale,Strata,111,"7,477",-,Condominium,1,99 yrs from 25/02/1998,2001,HDB,759152,27,75,North Region,Mandai
HEDGES PARK CONDOMINIUM,"1,300,000","1,539.25",845,26 Mar 2018,83 FLORA DRIVE #02-47,Resale,Strata,143,"9,091",-,Condominium,1,99 yrs from 28/07/2010,2015,HDB,506887,17,50,East Region,Pasir Ris
FERRARIA PARK CONDOMINIUM,"820,000",979.52,837,26 Mar 2018,28 FLORA DRIVE #01-55,Resale,Strata,91,"9,011",-,Condominium,1,Freehold,2009,HDB,506951,17,50,East Region,Pasir Ris
D'NEST,"1,510,000","1,410.08","1,071",26 Mar 2018,139 PASIR RIS GROVE #04-42,Resale,Strata,131,"11,527",-,Condominium,1,99 yrs from 20/10/2010,2017,Private,518134,18,51,East Region,Pasir Ris
MARINA ONE RESIDENCES,"5,528,000","2,249.68","2,457",26 Mar 2018,21 MARINA WAY #07-08,New Sale,Strata,209,"26,450",-,Apartment,1,99 yrs from 01/07/2011,2017,Private,018978,01,01,Central Region,Downtown Core
PARC ROSEWOOD,"553,000",516.67,"1,070",26 Mar 2018,93 ROSEWOOD DRIVE #01-118,Resale,Strata,48,"11,521",-,Condominium,1,99 yrs from 07/09/2011,2014,HDB,737794,25,73,North Region,Woodlands
PARKVIEW APARTMENTS,"728,000",979.52,743,26 Mar 2018,1 BUKIT BATOK STREET 25 #09-02,Resale,Strata,91,"8,000",-,Apartment,1,99 yrs from 01/05/1994,1998,HDB,658882,23,65,West Region,Bukit Batok
SIXTH AVENUE VILLE,"1,670,000","1,184.04","1,410",26 Mar 2018,43 SIXTH AVENUE #02-06,Resale,Strata,110,"15,182",-,Condominium,1,Freehold,1999,HDB,276484,10,27,Central Region,Bukit Timah
THE SAIL @ MARINA BAY,"1,100,000",592.02,"1,858",26 Mar 2018,2 MARINA BOULEVARD #05-10,Resale,Strata,55,"20,000",-,Apartment,1,99 yrs from 12/08/2002,2008,HDB,018987,01,01,Central Region,Downtown Core
THE SCALA,"1,265,600",904.18,"1,400",26 Mar 2018,136 SERANGOON AVENUE 3 #12-21,Resale,Strata,84,"15,067",-,Apartment,1,99 yrs from 06/01/2010,2013,HDB,554476,19,55,North East Region,Serangoon
ARCHIPELAGO,"1,525,000","1,184.04","1,288",26 Mar 2018,511 BEDOK RESERVOIR ROAD #03-44,Resale,Strata,110,"13,864",-,Condominium,1,99 yrs from 01/06/2011,2015,Private,479272,16,47,East Region,Bedok
CITYSCAPE @FARRER PARK,"1,700,000","1,345.5","1,263",26 Mar 2018,101 MERGUI ROAD #11-06,Resale,Strata,125,"13,600",-,Condominium,1,Freehold,2014,HDB,219067,08,21,Central Region,Kallang
CENTRA HEIGHTS,"660,000",430.56,"1,533",26 Mar 2018,455 SIMS AVENUE #05-05,Resale,Strata,40,"16,500",-,Apartment,1,Freehold,2014,HDB,387607,14,38,Central Region,Geylang
CHANGI COURT,"1,450,000","1,388.56","1,044",26 Mar 2018,698 UPPER CHANGI ROAD EAST #03-01,Resale,Strata,129,"11,240",-,Condominium,1,Freehold,1997,Private,486828,16,48,East Region,Tampines
PINNACLE 16,"890,000",581.26,"1,531",26 Mar 2018,16 SHAN ROAD #13-02,Resale,Strata,54,"16,481",-,Apartment,1,Freehold,2006,HDB,328107,12,32,Central Region,Novena
THE WARREN,"1,050,000","1,216.33",863,26 Mar 2018,41 CHOA CHU KANG LOOP #09-12,Resale,Strata,113,"9,292",-,Condominium,1,99 yrs from 21/06/2001,2004,HDB,689677,23,68,West Region,Choa Chu Kang
SKY HABITAT,"1,860,100","1,291.68","1,440",26 Mar 2018,7 BISHAN STREET 15 #06-04,Resale,Strata,120,"15,501",-,Condominium,1,99 yrs from 30/05/2011,2015,HDB,573908,20,57,Central Region,Bishan
KJ MANSION,"1,450,000","1,539.25",942,26 Mar 2018,7 ROSYTH ROAD #01-02,Resale,Strata,143,"10,140",-,Apartment,1,999 yrs from 01/01/1886,2003,Private,546144,19,54,North East Region,Hougang
REFLECTIONS AT KEPPEL BAY,"1,500,000","1,011.82","1,482",26 Mar 2018,33 KEPPEL BAY VIEW #04-98,Resale,Strata,94,"15,957",-,Condominium,1,99 yrs from 15/03/2006,2011,Private,098419,04,09,Central Region,Bukit Merah
LAKEHOLMZ,"928,000","1,033.34",898,26 Mar 2018,86 CORPORATION ROAD #04-12,Resale,Strata,96,"9,667",-,Condominium,1,99 yrs from 29/10/2001,2005,Private,649822,22,64,West Region,Jurong West
ESPADA,"1,488,000",656.6,"2,266",26 Mar 2018,48 ST. THOMAS WALK #32-07,Resale,Strata,61,"24,393",-,Apartment,1,Freehold,2013,HDB,238126,09,23,Central Region,River Valley
COSTA RHU,"1,100,000",990.29,"1,111",26 Mar 2018,3 RHU CROSS #02-06,Resale,Strata,92,"11,957",-,Condominium,1,99 yrs from 30/05/1994,1997,Private,437433,15,43,Central Region,Kallang
CANBERRA RESIDENCES,"683,000",613.55,"1,113",26 Mar 2018,507 CANBERRA DRIVE #04-17,Resale,Strata,57,"11,982",-,Condominium,1,99 yrs from 08/09/2010,2013,Private,768127,27,76,North Region,Sembawang
J GATEWAY,"865,000",527.44,"1,640",26 Mar 2018,6 GATEWAY DRIVE #10-16,Resale,Strata,49,"17,653",-,Condominium,1,99 yrs from 28/08/2012,2016,HDB,608535,22,60,West Region,Jurong East
BRADDELL VIEW,"1,600,000","1,700.71",941,26 Mar 2018,10F BRADDELL HILL #06-21,Resale,Strata,158,"10,127",-,Apartment,1,102 yrs from 01/02/1978,1981,Private,579725,20,57,Central Region,Toa Payoh
THE CLEARWATER,"1,070,000","1,194.8",896,26 Mar 2018,12 BEDOK RESERVOIR VIEW #11-36,Resale,Strata,111,"9,640",-,Condominium,1,99 yrs from 18/07/1997,2001,HDB,479237,16,47,East Region,Bedok
KINGSFORD WATERBAY,"1,182,000",893.41,"1,323",26 Mar 2018,74 UPPER SERANGOON VIEW #08-52,New Sale,Strata,83,"14,241",-,Apartment,1,99 yrs from 03/03/2014,Uncompleted,HDB,533881,19,53,North East Region,Hougang
GARDENVISTA,"996,888",871.88,"1,143",26 Mar 2018,952 DUNEARN ROAD #10-09,Resale,Strata,81,"12,307",-,Condominium,1,99 yrs from 09/09/1999,2006,Private,589482,21,58,Central Region,Bukit Timah
LIBERTE,"1,788,000",742.72,"2,407",26 Mar 2018,5 SARKIES ROAD #05-01,Resale,Strata,69,"25,913",-,Apartment,1,Freehold,2015,Private,258125,10,25,Central Region,Newton
THE CALROSE,"2,100,000","2,217.38",947,26 Mar 2018,511 YIO CHU KANG ROAD #05-09,Resale,Strata,206,"10,194",-,Condominium,1,Freehold,2007,Private,787066,26,78,North East Region,Ang Mo Kio
PARC BOTANNIA,"682,000",505.91,"1,348",26 Mar 2018,12 FERNVALE STREET #17-10,New Sale,Strata,47,"14,511",-,Condominium,1,99 yrs from 28/12/2016,Uncompleted,N.A,797391,28,79,North East Region,Sengkang
SAVANNAH CONDOPARK,"1,280,000","1,453.14",881,26 Mar 2018,55 SIMEI RISE #07-50,Resale,Strata,135,"9,481",-,Condominium,1,99 yrs from 29/11/2000,2005,Private,528791,18,52,East Region,Tampines
70@TRURO,"914,908",495.14,"1,848",26 Mar 2018,70 TRURO ROAD #03-04,New Sale,Strata,46,"19,889",-,Apartment,1,Freehold,Uncompleted,Private,217618,08,21,Central Region,Kallang
SYMPHONY HEIGHTS,"1,360,000","1,280.92","1,062",26 Mar 2018,33 HUME AVENUE #04-01,Resale,Strata,119,"11,429",-,Condominium,1,Freehold,1998,Private,598734,21,59,West Region,Bukit Batok
GEM RESIDENCES,"1,447,380",979.52,"1,478",26 Mar 2018,1 LORONG 5 TOA PAYOH #14-04,New Sale,Strata,91,"15,905",-,Condominium,1,99 yrs from 21/09/2015,Uncompleted,N.A,319458,12,31,Central Region,Toa Payoh
BLU CORAL,"2,050,000","2,088.22",982,26 Mar 2018,127A LORONG L TELOK KURAU #05-09,Resale,Strata,194,"10,567",-,Condominium,1,Freehold,2009,Private,425602,15,42,East Region,Bedok
ROBERTSON BLUE,"2,700,000","1,237.86","2,181",26 Mar 2018,88 ROBERTSON QUAY #06-07,Resale,Strata,115,"23,478",-,Apartment,1,Freehold,2006,Private,238247,09,23,Central Region,Singapore River
ONE-NORTH RESIDENCES,"1,980,000","1,323.97","1,495",26 Mar 2018,7 ONE-NORTH GATEWAY #11-23,Resale,Strata,123,"16,098",-,Apartment,1,99 yrs from 15/09/2005,2009,Private,138642,05,13,Central Region,Queenstown
THE BROOKS I,"953,175",710.42,"1,342",26 Mar 2018,60 SPRINGSIDE WALK #03-04,Resale,Strata,66,"14,442",-,Apartment,1,Freehold,2016,HDB,786020,26,78,North Region,Yishun
QUEENS,"1,440,000","1,184.04","1,216",26 Mar 2018,12 STIRLING ROAD #36-13,Resale,Strata,110,"13,091",-,Condominium,1,99 yrs from 16/02/1998,2002,HDB,148955,03,14,Central Region,Queenstown
CLEMENTI PARK,"1,780,000","1,625.36","1,095",26 Mar 2018,135 SUNSET WAY #09-03,Resale,Strata,151,"11,788",-,Condominium,1,Freehold,1985,Private,597158,21,59,West Region,Clementi
EVERGREEN PARK,"788,000","1,087.16",725,26 Mar 2018,31 HOUGANG AVENUE 7 #04-09,Resale,Strata,101,"7,802",-,Apartment,1,99 yrs from 01/10/1995,1999,Private,538800,19,53,North East Region,Hougang
THE REGALIA,"2,180,000","1,216.33","1,792",26 Mar 2018,2 RIVER VALLEY CLOSE #16-04,Resale,Strata,113,"19,292",-,Apartment,1,Freehold,1993,Private,238428,09,23,Central Region,River Valley
ORCHID PARK CONDOMINIUM,"720,000",958,752,26 Mar 2018,87 YISHUN STREET 81 #07-03,Resale,Strata,89,"8,090",-,Condominium,1,99 yrs from 01/09/1991,1994,HDB,768448,27,76,North Region,Yishun
PALM GARDENS,"810,000","1,205.57",672,26 Mar 2018,2C HONG SAN WALK #14-12,Resale,Strata,112,"7,232",-,Condominium,1,99 yrs from 12/08/1996,2000,HDB,689049,23,68,West Region,Choa Chu Kang
STARLIGHT SUITES,"1,780,660",775.01,"2,298",26 Mar 2018,11 RIVER VALLEY CLOSE #26-03,Resale,Strata,72,"24,731",-,Apartment,1,Freehold,2014,Private,238437,09,23,Central Region,River Valley
NEW FUTURA,"6,018,000","1,829.88","3,289",26 Mar 2018,18 LEONIE HILL ROAD #16-06,Resale,Strata,170,"35,400",-,Condominium,1,Freehold,2017,Private,239199,09,23,Central Region,River Valley
QUBE SUITES,"640,000",430.56,"1,486",26 Mar 2018,24 JALAN PUNAI #04-04,Resale,Strata,40,"16,000",-,Apartment,1,Freehold,2015,HDB,418804,14,41,East Region,Bedok
REGENT PARK,"900,000",958,939,26 Mar 2018,26 JALAN LEMPENG #02-05,Resale,Strata,89,"10,112",-,Condominium,1,99 yrs from 01/12/1993,1997,HDB,128805,05,12,West Region,Clementi
THE NAVIAN,"1,063,000",656.6,"1,619",26 Mar 2018,178 JALAN EUNOS #03-06,New Sale,Strata,61,"17,426",-,Apartment,1,Freehold,Uncompleted,Private,419530,14,41,East Region,Bedok
ORCHID PARK CONDOMINIUM,"708,000",958,739,26 Mar 2018,85 YISHUN STREET 81 #02-02,Resale,Strata,89,"7,955",-,Condominium,1,99 yrs from 01/09/1991,1994,HDB,768447,27,76,North Region,Yishun
PARC ELEGANCE,"895,000",699.66,"1,279",27 Mar 2018,13 TELOK KURAU ROAD #03-01,Resale,Strata,65,"13,769",-,Apartment,1,Freehold,2013,Private,423912,15,42,East Region,Bedok
THE VIRIDIAN,"720,000",505.91,"1,423",27 Mar 2018,6 JALAN AMPAS #12-04,Resale,Strata,47,"15,319",-,Apartment,1,Freehold,2015,Private,329507,12,32,Central Region,Novena
BARTLEY RESIDENCES,"1,480,000","1,065.64","1,389",27 Mar 2018,7 LORONG HOW SUN #16-36,Resale,Strata,99,"14,949",-,Apartment,1,99 yrs from 29/06/2011,2015,HDB,536564,19,53,North East Region,Serangoon
CITY SQUARE RESIDENCES,"1,880,000","1,216.33","1,546",27 Mar 2018,6 KITCHENER LINK #05-12,Resale,Strata,113,"16,637",-,Condominium,1,Freehold,2009,Private,207227,08,20,Central Region,Kallang
THE HILLFORD,"599,000",505.91,"1,184",27 Mar 2018,176 JALAN JURONG KECHIL #06-33,Resale,Strata,47,"12,745",-,Apartment,1,60 yrs from 19/02/2013,2016,Private,596184,21,59,Central Region,Bukit Timah
THE MINTON,"1,268,000","1,216.33","1,042",27 Mar 2018,14 HOUGANG STREET 11 #02-69,Resale,Strata,113,"11,221",-,Condominium,1,99 yrs from 27/07/2007,2013,Private,534071,19,53,North East Region,Hougang
WATERTOWN,"830,000",570.49,"1,455",27 Mar 2018,69 PUNGGOL CENTRAL #09-34,Sub Sale,Strata,53,"15,660",-,Apartment,1,99 yrs from 18/05/2011,2017,HDB,828754,19,82,North East Region,Punggol
FORESQUE RESIDENCES,"1,680,000","1,270.15","1,323",27 Mar 2018,107 PETIR ROAD #22-17,Resale,Strata,118,"14,237",-,Condominium,1,99 yrs from 10/01/2011,2014,Private,678275,23,67,West Region,Bukit Panjang
GOLDENHILL PARK CONDOMINIUM,"3,900,000","2,701.76","1,444",27 Mar 2018,68 MEI HWAN DRIVE #20-16,Resale,Strata,251,"15,538",-,Condominium,1,Freehold,2004,Private,568430,20,56,North East Region,Serangoon
THE MINTON,"975,000",979.52,995,27 Mar 2018,2 HOUGANG STREET 11 #07-03,Resale,Strata,91,"10,714",-,Condominium,1,99 yrs from 27/07/2007,2013,HDB,538751,19,53,North East Region,Hougang
PALMERA EAST,"640,000",430.56,"1,486",27 Mar 2018,29 LORONG MELAYU #03-08,Resale,Strata,40,"16,000",-,Apartment,1,Freehold,2012,Private,416914,14,41,East Region,Bedok
SPRINGDALE CONDOMINIUM,"1,060,000",925.7,"1,145",27 Mar 2018,45 HINDHEDE WALK #05-12,Resale,Strata,86,"12,326",-,Condominium,1,999 yrs from 21/06/1877,1998,HDB,587978,21,58,West Region,Bukit Panjang
ESTELLA GARDENS,"998,000","1,140.98",875,27 Mar 2018,27 FLORA ROAD #05-03,Resale,Strata,106,"9,415",-,Condominium,1,Freehold,1999,Private,509741,17,50,East Region,Pasir Ris
SIXTH AVENUE VILLE,"3,650,000","2,540.3","1,437",27 Mar 2018,43 SIXTH AVENUE #04-13,Resale,Strata,236,"15,466",-,Condominium,1,Freehold,1999,Private,276484,10,27,Central Region,Bukit Timah
AVILA GARDENS,"1,055,000","1,302.44",810,27 Mar 2018,15 FLORA ROAD #07-01,Resale,Strata,121,"8,719",-,Condominium,1,Freehold,1995,HDB,509734,17,50,East Region,Pasir Ris
SHANGHAI ONE,"1,320,000",882.65,"1,495",27 Mar 2018,1 SHANGHAI ROAD #05-03,Resale,Strata,82,"16,098",-,Apartment,1,Freehold,2007,Private,248180,10,24,Central Region,Tanglin
PARC RIVIERA,"1,287,000",990.29,"1,300",27 Mar 2018,103 WEST COAST VALE #04-17,New Sale,Strata,92,"13,989",-,Condominium,1,99 yrs from 11/11/2015,Uncompleted,HDB,126754,05,12,West Region,Clementi
V ON SHENTON,"1,048,000",473.62,"2,213",27 Mar 2018,5A SHENTON WAY #12-14,Sub Sale,Strata,44,"23,818",-,Apartment,1,99 yrs from 29/11/2011,2017,Private,068814,01,06,Central Region,Downtown Core
PARC CENTROS,"650,000",462.85,"1,404",27 Mar 2018,92 PUNGGOL CENTRAL #08-25,Resale,Strata,43,"15,116",-,Condominium,1,99 yrs from 19/03/2012,2016,HDB,828723,19,82,North East Region,Punggol
26 NEWTON,"2,058,000",775.01,"2,655",27 Mar 2018,26 NEWTON ROAD #22-03,Resale,Strata,72,"28,583",-,Apartment,1,Freehold,2016,HDB,307957,11,30,Central Region,Novena
GEM RESIDENCES,"1,816,000","1,248.62","1,454",27 Mar 2018,3 LORONG 5 TOA PAYOH #06-15,New Sale,Strata,116,"15,655",-,Condominium,1,99 yrs from 21/09/2015,Uncompleted,N.A,319459,12,31,Central Region,Toa Payoh
PUBLIC MANSION,"1,620,000","1,883.7",860,27 Mar 2018,432 BALESTIER ROAD #05-444,Resale,Strata,175,"9,257",-,Apartment,1,Freehold,1974,Private,329813,12,32,Central Region,Novena
RIVIERA RESIDENCES,"1,723,000","1,237.86","1,392",27 Mar 2018,15 RIVIERA DRIVE #09-18,Resale,Strata,115,"14,983",-,Condominium,1,Freehold,2007,Private,467205,16,46,East Region,Bedok
SEASIDE RESIDENCES,"987,000",592.02,"1,667",27 Mar 2018,16 SIGLAP LINK #02-23,New Sale,Strata,55,"17,945",-,Apartment,1,99 yrs from 18/04/2016,Uncompleted,Private,448872,15,44,East Region,Bedok
SIMS URBAN OASIS,"2,222,200","1,442.38","1,541",27 Mar 2018,6 SIMS DRIVE #05-25,New Sale,Strata,134,"16,584",-,Condominium,1,99 yrs from 29/07/2014,2017,HDB,387388,14,38,Central Region,Geylang
GARDENVISTA,"1,375,000","1,130.22","1,217",27 Mar 2018,956 DUNEARN ROAD #02-19,Resale,Strata,105,"13,095",-,Condominium,1,99 yrs from 09/09/1999,2006,Private,589484,21,58,Central Region,Bukit Timah
KHEAM HOCK GARDENS,"2,450,000","1,937.52","1,265",27 Mar 2018,38 KHEAM HOCK ROAD #04-04,Resale,Strata,180,"13,611",-,Condominium,1,Freehold,1988,Private,298808,11,29,Central Region,Novena
CASCATA,"938,000",979.52,958,27 Mar 2018,7 TEO KIM ENG ROAD #05-02,Resale,Strata,91,"10,308",-,Apartment,1,Freehold,2005,HDB,416378,14,41,East Region,Bedok
70@TRURO,"909,909",495.14,"1,838",27 Mar 2018,70 TRURO ROAD #02-03,New Sale,Strata,46,"19,781",-,Apartment,1,Freehold,Uncompleted,N.A,217618,08,21,Central Region,Kallang
CARABELLE,"1,630,000","1,259.39","1,294",27 Mar 2018,63 WEST COAST WAY #10-25,Resale,Strata,117,"13,932",-,Condominium,1,956 yrs from 27/05/1928,2009,Private,127021,05,12,West Region,Clementi
EAST SHINE,"1,120,000","1,054.87","1,062",27 Mar 2018,57 LORONG MELAYU #02-04,Resale,Strata,98,"11,429",-,Apartment,1,Freehold,2004,Private,417026,14,41,East Region,Bedok
RIVER PLACE,"2,300,000","1,722.24","1,335",27 Mar 2018,60 HAVELOCK ROAD #09-18,Resale,Strata,160,"14,375",-,Condominium,1,99 yrs from 07/11/1995,2000,HDB,169658,03,16,Central Region,Singapore River
JARDIN,"2,770,000","1,776.06","1,560",27 Mar 2018,966 DUNEARN ROAD #01-10,Resale,Strata,165,"16,788",-,Condominium,1,Freehold,2012,Private,589488,21,58,Central Region,Bukit Timah
BAYSHORE PARK,"905,000",936.47,966,27 Mar 2018,62 BAYSHORE ROAD #15-07,Resale,Strata,87,"10,402",-,Condominium,1,99 yrs from 17/03/1982,1986,Private,469983,16,46,East Region,Bedok
PALMERA EAST,"790,000",559.73,"1,411",27 Mar 2018,29 LORONG MELAYU #02-07,Resale,Strata,52,"15,192",-,Apartment,1,Freehold,2012,Private,416914,14,41,East Region,Bedok
THE JADE,"1,070,000","1,011.82","1,058",27 Mar 2018,9 BUKIT BATOK CENTRAL LINK #10-01,Resale,Strata,94,"11,383",-,Condominium,1,99 yrs from 02/10/2001,2004,Private,658074,23,65,West Region,Bukit Batok
WATER PLACE,"2,050,000","1,560.78","1,313",27 Mar 2018,177 TANJONG RHU ROAD #09-18,Resale,Strata,145,"14,138",-,Condominium,1,99 yrs from 02/03/1998,2004,Private,436607,15,43,Central Region,Kallang
CARIBBEAN AT KEPPEL BAY,"3,630,000","2,098.98","1,729",27 Mar 2018,38 KEPPEL BAY DRIVE #04-88,Resale,Strata,195,"18,615",-,Condominium,1,99 yrs from 16/08/1999,2004,Private,098654,04,09,Central Region,Bukit Merah
HUNDRED TREES,"1,000,000",914.94,"1,093",27 Mar 2018,87 WEST COAST DRIVE #09-15,Resale,Strata,85,"11,765",-,Condominium,1,956 yrs from 27/05/1928,2013,Private,128015,05,12,West Region,Clementi
MARYMOUNT VIEW,"1,200,000",893.41,"1,343",27 Mar 2018,11 PEMIMPIN DRIVE #05-01,Resale,Strata,83,"14,458",-,Condominium,1,Freehold,1992,HDB,576148,20,57,Central Region,Bishan
THE MINTON,"1,850,000","1,657.66","1,116",27 Mar 2018,10A HOUGANG STREET 11 #12-35,Resale,Strata,154,"12,013",-,Condominium,1,99 yrs from 27/07/2007,2013,Private,534079,19,53,North East Region,Hougang
HILLVIEW HEIGHTS,"1,080,000",990.29,"1,091",27 Mar 2018,29 HILLVIEW AVENUE #03-08,Resale,Strata,92,"11,739",-,Condominium,1,Freehold,1996,Private,669561,23,66,West Region,Bukit Batok
CHANGI GREEN,"980,000","1,033.34",948,27 Mar 2018,712A UPPER CHANGI ROAD EAST #03-09,Resale,Strata,96,"10,208",-,Condominium,1,Freehold,1998,Private,486843,16,48,East Region,Tampines
MILL POINT,"993,000",527.44,"1,883",27 Mar 2018,3 ZION CLOSE #15-11,Resale,Strata,49,"20,265",-,Apartment,1,999 yrs from 21/06/1877,2004,HDB,247813,10,24,Central Region,Tanglin
FLAMINGO VALLEY,"2,300,000","1,593.07","1,444",27 Mar 2018,478 SIGLAP ROAD #04-59,Resale,Strata,148,"15,541",-,Condominium,1,Freehold,2014,Private,454852,15,45,East Region,Bedok
EAST SHINE,"1,118,000",979.52,"1,141",27 Mar 2018,57 LORONG MELAYU #04-05,Resale,Strata,91,"12,286",-,Apartment,1,Freehold,2004,HDB,417026,14,41,East Region,Bedok
THE ARCADIA,"3,560,000","4,671.58",762,27 Mar 2018,235 ARCADIA ROAD #01-06,Resale,Strata,434,"8,203",-,Condominium,1,99 yrs from 17/08/1979,1983,Private,289843,11,28,Central Region,Bukit Timah
BEAVERTON COURT,"4,300,000","3,229.2","1,332",27 Mar 2018,45 MOUNT SINAI RISE #05-01,Resale,Strata,300,"14,333",-,Condominium,1,Freehold,1984,Private,276958,10,27,Central Region,Bukit Timah
ARTRA,"1,580,800",785.77,"2,012",27 Mar 2018,10 ALEXANDRA VIEW #32-05,New Sale,Strata,73,"21,655",-,Apartment,1,99 yrs from 15/02/2016,Uncompleted,Private,158745,03,15,Central Region,Bukit Merah
KALLANG RIVERSIDE,"3,054,200","1,431.61","2,133",27 Mar 2018,51 KAMPONG BUGIS #15-07,New Sale,Strata,133,"22,964",-,Apartment,1,Freehold,Uncompleted,HDB,338986,12,33,Central Region,Kallang
AMPAS APARTMENTS,"95,000,000","60,612.08","1,567",27 Mar 2018,"5(ENBLOC) JALAN AMPAS #02-01,02,03 ETC",Resale,Strata,"5,631","16,871",-,Apartment,43,Freehold,1990,Private,329506,12,32,Central Region,Novena
QUEENS PEAK,"3,357,000","2,002.1","1,677",27 Mar 2018,3 DUNDEE ROAD #42-18,New Sale,Strata,186,"18,048",-,Condominium,1,99 yrs from 28/09/2015,Uncompleted,N.A,149457,03,14,Central Region,Queenstown
ORCHID PARK CONDOMINIUM,"620,000",871.88,711,27 Mar 2018,95 YISHUN STREET 81 #03-06,Resale,Strata,81,"7,654",-,Condominium,1,99 yrs from 01/09/1991,1994,HDB,768452,27,76,North Region,Yishun
KELLETT COURT,"1,508,888","1,011.82","1,491",27 Mar 2018,21 SHELFORD ROAD #04-07,Resale,Strata,94,"16,052",-,Condominium,1,Freehold,1997,Private,288411,11,28,Central Region,Bukit Timah
THE VISION,"1,080,000",818.06,"1,320",27 Mar 2018,79 WEST COAST CRESCENT #30-03,Resale,Strata,76,"14,211",-,Condominium,1,99 yrs from 25/06/2008,2014,Private,126793,05,12,West Region,Clementi
GRANDEUR PARK RESIDENCES,"1,450,000",968.76,"1,497",27 Mar 2018,7 BEDOK SOUTH AVENUE 3 #03-32,New Sale,Strata,90,"16,111",-,Condominium,1,99 yrs from 25/05/2016,Uncompleted,Private,465464,16,46,East Region,Bedok
BALLOTA PARK CONDOMINIUM,"1,050,000","1,442.38",728,27 Mar 2018,156 MARIAM WAY #02-08,Resale,Strata,134,"7,836",-,Condominium,1,Freehold,2000,HDB,507082,17,50,East Region,Pasir Ris
THE ESPIRA,"1,260,000","1,140.98","1,104",27 Mar 2018,130 LORONG L TELOK KURAU #03-10,Resale,Strata,106,"11,887",-,Apartment,1,Freehold,2009,HDB,425566,15,42,East Region,Bedok
EUHABITAT,"660,000",527.44,"1,251",27 Mar 2018,226 JALAN EUNOS #03-126,Resale,Strata,49,"13,469",-,Condominium,1,99 yrs from 06/12/2010,2015,HDB,415869,14,41,East Region,Bedok
ATRIUM RESIDENCES,"1,350,000","2,228.15",606,27 Mar 2018,7 LORONG 28 GEYLANG #04-11,Resale,Strata,207,"6,522",-,Apartment,1,Freehold,2008,Private,398412,14,39,Central Region,Geylang
FIVENINE,"1,850,000","1,291.68","1,432",27 Mar 2018,59A LORONG K TELOK KURAU #05-04,New Sale,Strata,120,"15,417",-,Apartment,1,Freehold,Uncompleted,Private,423369,15,42,East Region,Bedok
WATERFRONT GOLD,"725,000",581.26,"1,247",27 Mar 2018,754 BEDOK RESERVOIR ROAD #08-12,Resale,Strata,54,"13,426",-,Condominium,1,99 yrs from 26/11/2009,2014,HDB,479258,16,47,East Region,Bedok
QUEENS,"1,500,000","1,194.8","1,255",27 Mar 2018,16 STIRLING ROAD #24-15,Resale,Strata,111,"13,514",-,Condominium,1,99 yrs from 16/02/1998,2002,HDB,148957,03,14,Central Region,Queenstown
YISHUN SAPPHIRE,"975,000","1,506.96",647,27 Mar 2018,42 CANBERRA DRIVE #01-08,Resale,Strata,140,"6,964",-,Condominium,1,99 yrs from 16/02/1998,2001,Private,768434,27,76,North Region,Yishun
THE NAVIAN,"1,071,000",656.6,"1,631",27 Mar 2018,178 JALAN EUNOS #02-11,New Sale,Strata,61,"17,557",-,Apartment,1,Freehold,Uncompleted,Private,419530,14,41,East Region,Bedok
BULLION PARK,"915,000",807.3,"1,133",27 Mar 2018,166 LENTOR LOOP #10-02,Resale,Strata,75,"12,200",-,Condominium,1,Freehold,1993,Private,789097,26,78,North East Region,Ang Mo Kio
ECHELON,"1,500,000",861.12,"1,742",27 Mar 2018,9 ALEXANDRA VIEW #07-11,Resale,Strata,80,"18,750",-,Condominium,1,99 yrs from 06/03/2012,2016,HDB,158742,03,15,Central Region,Bukit Merah
QUEENS,"1,430,000","1,184.04","1,208",27 Mar 2018,12 STIRLING ROAD #24-11,Resale,Strata,110,"13,000",-,Condominium,1,99 yrs from 16/02/1998,2002,HDB,148955,03,14,Central Region,Queenstown
MI CASA,"965,000","1,119.46",862,28 Mar 2018,323 CHOA CHU KANG AVENUE 3 #11-25,Resale,Strata,104,"9,279",-,Condominium,1,99 yrs from 25/08/2008,2012,HDB,689865,23,68,West Region,Choa Chu Kang
BLISS@KOVAN,"1,600,000","1,162.51","1,376",28 Mar 2018,6B SIMON LANE #02-28,Resale,Strata,108,"14,815",-,Condominium,1,Freehold,2015,Private,546057,19,54,North East Region,Hougang
PARC ROSEWOOD,"532,000",430.56,"1,236",28 Mar 2018,93 ROSEWOOD DRIVE #03-110,Resale,Strata,40,"13,300",-,Condominium,1,99 yrs from 07/09/2011,2014,HDB,737794,25,73,North Region,Woodlands
THE QUARTZ,"1,180,000","1,130.22","1,044",28 Mar 2018,53 COMPASSVALE BOW #18-08,Resale,Strata,105,"11,238",-,Condominium,1,99 yrs from 18/04/2005,2009,HDB,544985,19,54,North East Region,Sengkang
COTE D'AZUR,"1,880,000","1,313.21","1,432",28 Mar 2018,68 MARINE PARADE ROAD #06-20,Resale,Strata,122,"15,410",-,Condominium,1,99 yrs from 25/07/2001,2004,Private,449301,15,44,Central Region,Marine Parade
NAUNG RESIDENCE,"1,185,000","1,001.05","1,184",28 Mar 2018,1 JALAN NAUNG #01-04,Resale,Strata,93,"12,742",-,Apartment,1,999 yrs from 19/02/1883,2015,HDB,537670,19,53,North East Region,Hougang
EDELWEISS PARK CONDOMINIUM,"860,000","1,033.34",832,28 Mar 2018,88 FLORA ROAD #05-29,Resale,Strata,96,"8,958",-,Condominium,1,Freehold,2006,Private,507003,17,50,East Region,Pasir Ris
MONTEREY PARK CONDOMINIUM,"1,550,000","1,313.21","1,180",28 Mar 2018,27 WEST COAST RISE #11-09,Resale,Strata,122,"12,705",-,Condominium,1,999 yrs from 21/02/1885,2005,HDB,127470,05,12,West Region,Clementi
PARC BOTANNIA,"627,000",505.91,"1,239",28 Mar 2018,12 FERNVALE STREET #04-10,New Sale,Strata,47,"13,340",-,Condominium,1,99 yrs from 28/12/2016,Uncompleted,HDB,797391,28,79,North East Region,Sengkang
ECO SANCTUARY,"880,000",667.37,"1,319",28 Mar 2018,61 CHESTNUT AVENUE #11-05,Resale,Strata,62,"14,194",-,Condominium,1,99 yrs from 25/04/2012,2016,HDB,679522,23,67,West Region,Bukit Panjang
SAVANNAH CONDOPARK,"1,428,888","2,045.16",699,28 Mar 2018,41 SIMEI RISE #01-24,Resale,Strata,190,"7,520",-,Condominium,1,99 yrs from 29/11/2000,2005,HDB,528784,18,52,East Region,Tampines
KOVAN RESIDENCES,"1,645,000","1,442.38","1,140",28 Mar 2018,7A KOVAN ROAD #06-32,Resale,Strata,134,"12,276",-,Condominium,1,99 yrs from 31/12/2007,2011,Private,544897,19,54,North East Region,Hougang
THE INTERLACE,"2,600,000","2,055.92","1,265",28 Mar 2018,182 DEPOT ROAD #06-06,Resale,Strata,191,"13,613",-,Condominium,1,99 yrs from 11/02/2009,2013,Private,109685,04,10,Central Region,Bukit Merah
BALLOTA PARK CONDOMINIUM,"1,300,000","1,829.88",710,28 Mar 2018,156 MARIAM WAY #01-08,Resale,Strata,170,"7,647",-,Condominium,1,Freehold,2000,HDB,507082,17,50,East Region,Pasir Ris
EIGHT RIVERSUITES,"729,000",441.32,"1,652",28 Mar 2018,2 WHAMPOA EAST #11-05,Resale,Strata,41,"17,780",-,Condominium,1,99 yrs from 11/07/2011,2016,Private,338517,12,33,Central Region,Kallang
SPOTTISWOODE PARK,"915,000","1,270.15",720,28 Mar 2018,105 SPOTTISWOODE PARK ROAD #15-130,Resale,Strata,118,"7,754",-,Apartment,1,99 yrs from 01/08/1976,-,Private,080105,02,08,Central Region,Bukit Merah
AVILA GARDENS,"1,008,800","1,280.92",788,28 Mar 2018,19 FLORA ROAD #07-06,Resale,Strata,119,"8,477",-,Condominium,1,Freehold,1995,Private,509736,17,50,East Region,Pasir Ris
THE AZZURO,"990,000",861.12,"1,150",28 Mar 2018,113 LORONG H TELOK KURAU #04-04,Resale,Strata,80,"12,375",-,Apartment,1,Freehold,2011,Private,426140,15,42,East Region,Bedok
MARTIN PLACE RESIDENCES,"2,950,000","1,420.85","2,076",28 Mar 2018,6 MARTIN PLACE #11-11,Resale,Strata,132,"22,348",-,Condominium,1,Freehold,2011,Private,237990,09,23,Central Region,River Valley
REGENT GROVE,"745,000","1,194.8",624,28 Mar 2018,50 CHOA CHU KANG NORTH 7 #03-03,Resale,Strata,111,"6,712",-,Condominium,1,99 yrs from 17/05/1997,2000,HDB,689527,23,68,West Region,Choa Chu Kang
PEBBLE BAY,"3,000,000","1,894.46","1,584",28 Mar 2018,130 TANJONG RHU ROAD #13-16,Resale,Strata,176,"17,045",-,Condominium,1,99 yrs from 09/03/1994,1997,Private,436918,15,43,Central Region,Kallang
THE HILLSIDE,"1,550,000","1,571.54",986,28 Mar 2018,345 UPPER BUKIT TIMAH ROAD #01-09,Resale,Strata,146,"10,616",-,Condominium,1,Freehold,2001,Private,588197,21,58,West Region,Bukit Batok
PASIR VIEW PARK,"1,600,000","1,334.74","1,199",28 Mar 2018,200 PASIR PANJANG ROAD #02-18,Resale,Strata,124,"12,903",-,Condominium,1,Freehold,1994,Private,118571,05,11,Central Region,Queenstown
TROPIKA EAST,"1,400,888","1,151.75","1,216",28 Mar 2018,3 FOO KIM LIN ROAD #02-16,Resale,Strata,107,"13,092",-,Condominium,1,Freehold,2016,HDB,419679,14,41,East Region,Bedok
ORCHARD TOWERS,"2,480,000","1,969.81","1,259",28 Mar 2018,1 CLAYMORE DRIVE #18-03,Resale,Strata,183,"13,552",-,Apartment,1,Freehold,1975,Private,229594,09,22,Central Region,Orchard
THE ESTUARY,"858,000",925.7,927,28 Mar 2018,93 YISHUN AVENUE 1 #13-24,Resale,Strata,86,"9,977",-,Condominium,1,99 yrs from 25/06/2008,2013,Private,769136,27,76,North Region,Yishun
ARTRA,"1,666,600",828.83,"2,011",28 Mar 2018,10 ALEXANDRA VIEW #31-03,New Sale,Strata,77,"21,644",-,Apartment,1,99 yrs from 15/02/2016,Uncompleted,HDB,158745,03,15,Central Region,Bukit Merah
SEA ESTA,"1,300,000","1,377.79",944,28 Mar 2018,30 PASIR RIS LINK #01-29,Resale,Strata,128,"10,156",-,Condominium,1,99 yrs from 09/01/2012,2015,Private,518147,18,51,East Region,Pasir Ris
THE TRILINQ,"1,828,000","1,700.71","1,075",28 Mar 2018,28A JALAN LEMPENG #02-16,New Sale,Strata,158,"11,570",-,Condominium,1,99 yrs from 16/04/2012,2017,Private,128808,05,12,West Region,Clementi
BOTANNIA,"1,850,000","1,550.02","1,194",28 Mar 2018,33A WEST COAST PARK #02-40,Resale,Strata,144,"12,847",-,Condominium,1,956 yrs from 27/05/1928,2009,Private,127727,05,12,West Region,Clementi
LLOYD SIXTYFIVE,"1,648,000",592.02,"2,784",28 Mar 2018,65 LLOYD ROAD #06-04,Resale,Strata,55,"29,964",-,Apartment,1,Freehold,2016,Private,239114,09,23,Central Region,River Valley
BOATHOUSE RESIDENCES,"885,000",839.59,"1,054",28 Mar 2018,27 UPPER SERANGOON VIEW #15-12,Resale,Strata,78,"11,346",-,Condominium,1,99 yrs from 09/02/2011,2015,Private,534045,19,53,North East Region,Hougang
ONE SHENTON,"1,850,000","1,097.93","1,685",28 Mar 2018,1 SHENTON WAY #40-08,Resale,Strata,102,"18,137",-,Apartment,1,99 yrs from 14/10/2005,2011,Private,068803,01,06,Central Region,Downtown Core
HILLVIEW GREEN,"1,550,000","1,582.31",980,28 Mar 2018,73 HUME AVENUE #05-05,Resale,Strata,147,"10,544",-,Condominium,1,999 yrs from 19/05/1883,1998,Private,598747,21,59,West Region,Bukit Batok
WATERMARK ROBERTSON QUAY,"2,350,000","1,323.97","1,775",28 Mar 2018,3 RODYK STREET #05-19,Resale,Strata,123,"19,106",-,Apartment,1,Freehold,2008,Private,238213,09,23,Central Region,Singapore River
CASPIAN,"1,345,000","1,205.57","1,116",28 Mar 2018,60 LAKESIDE DRIVE #17-44,Resale,Strata,112,"12,009",-,Condominium,1,99 yrs from 17/03/2008,2012,Private,648320,22,64,West Region,Jurong West
WATER PLACE,"1,558,000","1,216.33","1,281",28 Mar 2018,171 TANJONG RHU ROAD #14-01,Resale,Strata,113,"13,788",-,Condominium,1,99 yrs from 02/03/1998,2004,Private,436931,15,43,Central Region,Kallang
BREEZE BY THE EAST,"2,850,000","2,540.3","1,122",28 Mar 2018,320 UPPER EAST COAST ROAD #01-09,Resale,Strata,236,"12,076",-,Condominium,1,Freehold,2011,Private,466452,16,46,East Region,Bedok
R MAISON,"2,123,528","1,636.13","1,298",28 Mar 2018,1 SOMMERVILLE WALK #05-08,Resale,Strata,152,"13,971",-,Apartment,1,Freehold,2016,HDB,357699,13,35,North East Region,Serangoon
MELVILLE PARK,"820,000","1,162.51",705,28 Mar 2018,20 SIMEI STREET 1 #02-12,Resale,Strata,108,"7,593",-,Condominium,1,99 yrs from 01/09/1992,1996,Private,529944,18,52,East Region,Tampines
PARK 1 SUITES,"1,393,000","1,097.93","1,269",28 Mar 2018,8 LORONG 40 GEYLANG #04-03,New Sale,Strata,102,"13,657",-,Apartment,1,Freehold,2017,Private,398054,14,39,Central Region,Geylang
GUILLEMARD EDGE,"860,000",624.31,"1,378",28 Mar 2018,38 LORONG 30 GEYLANG #03-23,Resale,Strata,58,"14,828",-,Apartment,1,Freehold,2014,Private,398371,14,39,Central Region,Geylang
THE INFLORA,"548,000",462.85,"1,184",28 Mar 2018,53 FLORA DRIVE #07-12,Resale,Strata,43,"12,744",-,Condominium,1,99 yrs from 25/05/2012,2016,HDB,506863,17,50,East Region,Pasir Ris
WATERVIEW,"1,260,000","1,130.22","1,115",28 Mar 2018,77 TAMPINES AVENUE 1 #10-12,Resale,Strata,105,"12,000",-,Condominium,1,99 yrs from 16/06/2010,2014,Private,529782,18,52,East Region,Tampines
ROSEWOOD,"980,000","1,420.85",690,28 Mar 2018,9 ROSEWOOD DRIVE #15-17,Resale,Strata,132,"7,424",-,Condominium,1,99 yrs from 20/06/2000,2003,HDB,737938,25,73,North Region,Woodlands
THE CHERRYWOOD,"975,000",818.06,"1,192",28 Mar 2018,120 LORONG L TELOK KURAU #03-01,Resale,Strata,76,"12,829",-,Apartment,1,Freehold,2013,Private,425553,15,42,East Region,Bedok
ARTRA,"1,811,100","1,044.11","1,735",28 Mar 2018,10 ALEXANDRA VIEW #23-10,New Sale,Strata,97,"18,671",-,Apartment,1,99 yrs from 15/02/2016,Uncompleted,HDB,158745,03,15,Central Region,Bukit Merah
PARC HAVEN,"1,588,888","1,388.56","1,144",28 Mar 2018,16 LORONG LIMAU #01-12,Resale,Strata,129,"12,317",-,Apartment,1,Freehold,2004,Private,328743,12,32,Central Region,Novena
SPOTTISWOODE 18,"970,000",505.91,"1,917",28 Mar 2018,18 SPOTTISWOODE PARK ROAD #08-01,Resale,Strata,47,"20,638",-,Apartment,1,Freehold,2014,HDB,088642,02,08,Central Region,Bukit Merah
ESPIRA SUITES,"690,000",495.14,"1,394",28 Mar 2018,99A LORONG H TELOK KURAU #04-05,Resale,Strata,46,"15,000",-,Apartment,1,Freehold,2012,Private,426121,15,42,East Region,Bedok
HEDGES PARK CONDOMINIUM,"765,000",871.88,877,28 Mar 2018,89 FLORA DRIVE #05-71,Resale,Strata,81,"9,444",-,Condominium,1,99 yrs from 28/07/2010,2015,Private,506890,17,50,East Region,Pasir Ris
PANDAN VALLEY,"1,330,000","1,173.28","1,134",28 Mar 2018,2 PANDAN VALLEY #03-207,Resale,Strata,109,"12,202",-,Condominium,1,Freehold,1978,Private,597626,21,59,Central Region,Bukit Timah
KINGSFORD . HILLVIEW PEAK,"790,000",548.96,"1,439",28 Mar 2018,101 HILLVIEW RISE #25-05,Sub Sale,Strata,51,"15,490",-,Condominium,1,99 yrs from 04/06/2012,2017,Private,667981,23,66,West Region,Bukit Batok
CRADELS,"700,000",441.32,"1,586",28 Mar 2018,10 LORONG LIMAU #20-03,Resale,Strata,41,"17,073",-,Apartment,1,Freehold,2015,Private,328754,12,32,Central Region,Novena
SKY HABITAT,"5,215,120","2,734.06","1,907",28 Mar 2018,9 BISHAN STREET 15 #36-11,Resale,Strata,254,"20,532",-,Condominium,1,99 yrs from 30/05/2011,2015,Private,573909,20,57,Central Region,Bishan
AZALEA PARK CONDOMINIUM,"1,210,000","1,506.96",803,28 Mar 2018,10 FLORA ROAD #05-03,Resale,Strata,140,"8,643",-,Condominium,1,999 yrs from 12/10/1885,1996,Private,509729,17,50,East Region,Pasir Ris
MARINA ONE RESIDENCES,"2,636,964","1,130.22","2,333",28 Mar 2018,21 MARINA WAY #24-01,New Sale,Strata,105,"25,114",-,Apartment,1,99 yrs from 01/07/2011,2017,Private,018978,01,01,Central Region,Downtown Core
WATERBANK AT DAKOTA,"1,865,000","1,151.75","1,619",28 Mar 2018,72 DAKOTA CRESCENT #10-10,Resale,Strata,107,"17,430",-,Condominium,1,99 yrs from 07/12/2009,2013,Private,399942,14,39,Central Region,Geylang
SKYSUITES@ANSON,"2,262,000",958,"2,361",28 Mar 2018,8 ENGGOR STREET #65-01,Resale,Strata,89,"25,416",-,Apartment,1,99 yrs from 18/02/2008,2014,HDB,079718,02,07,Central Region,Downtown Core
THE INTERWEAVE,"940,000",688.9,"1,365",28 Mar 2018,21 KIM KEAT ROAD #17-03,Resale,Strata,64,"14,688",-,Apartment,1,Freehold,2014,HDB,328805,12,32,Central Region,Novena
MARINA ONE RESIDENCES,"2,770,999","1,140.98","2,429",28 Mar 2018,21 MARINA WAY #25-02,New Sale,Strata,106,"26,142",-,Apartment,1,99 yrs from 01/07/2011,2017,N.A,018978,01,01,Central Region,Downtown Core
THE ARTE,"2,270,000","1,872.94","1,212",28 Mar 2018,23 JALAN RAJA UDANG #06-08,Resale,Strata,174,"13,046",-,Condominium,1,Freehold,2010,Private,329216,12,32,Central Region,Novena
KENTVIEW PARK,"1,500,000","1,313.21","1,142",28 Mar 2018,87 PASIR PANJANG HILL #03-06,Resale,Strata,122,"12,295",-,Condominium,1,Freehold,1994,HDB,118892,05,11,Central Region,Queenstown
PARC PALAIS,"1,290,000","1,237.86","1,042",28 Mar 2018,47 HUME AVENUE #06-09,Resale,Strata,115,"11,217",-,Condominium,1,Freehold,1999,Private,598748,21,59,West Region,Bukit Batok
MARINA ONE RESIDENCES,"2,755,789","1,140.98","2,415",28 Mar 2018,21 MARINA WAY #24-02,New Sale,Strata,106,"25,998",-,Apartment,1,99 yrs from 01/07/2011,2017,Private,018978,01,01,Central Region,Downtown Core
SKY HABITAT,"2,104,800","1,517.72","1,387",28 Mar 2018,7 BISHAN STREET 15 #05-06,Resale,Strata,141,"14,928",-,Condominium,1,99 yrs from 30/05/2011,2015,Private,573908,20,57,Central Region,Bishan
KOVAN REGENCY,"1,318,000",979.52,"1,346",28 Mar 2018,42 KOVAN RISE #03-25,Resale,Strata,91,"14,484",-,Condominium,1,99 yrs from 24/04/2012,2015,Private,544729,19,54,North East Region,Hougang
PARC EMILY,"1,660,000",904.18,"1,836",28 Mar 2018,15 MOUNT EMILY ROAD #04-37,Resale,Strata,84,"19,762",-,Condominium,1,Freehold,2008,Private,228495,09,22,Central Region,Rochor
WATERSCAPE AT CAVENAGH,"1,058,888",581.26,"1,822",28 Mar 2018,65 CAVENAGH ROAD #06-01,Resale,Strata,54,"19,609",-,Apartment,1,Freehold,2014,Private,229619,09,22,Central Region,Newton
THE BEVERLY,"1,720,000","1,388.56","1,239",28 Mar 2018,45 TOH TUCK ROAD #03-07,Resale,Strata,129,"13,333",-,Apartment,1,Freehold,2012,Private,596720,21,59,Central Region,Bukit Timah
TREE HOUSE,"1,250,000","1,248.62","1,001",28 Mar 2018,66 CHESTNUT AVENUE #13-14,Resale,Strata,116,"10,776",-,Condominium,1,99 yrs from 23/11/2009,2013,Private,679520,23,67,West Region,Bukit Panjang
GEM RESIDENCES,"1,981,000","1,313.21","1,509",28 Mar 2018,1 LORONG 5 TOA PAYOH #24-08,New Sale,Strata,122,"16,238",-,Condominium,1,99 yrs from 21/09/2015,Uncompleted,HDB,319458,12,31,Central Region,Toa Payoh
CENTRINA,"910,000",753.48,"1,208",28 Mar 2018,11 EVERITT ROAD NORTH #04-01,Resale,Strata,70,"13,000",-,Apartment,1,Freehold,2011,HDB,428524,15,42,Central Region,Geylang
BANYAN CONDOMINIUM,"1,900,000","1,582.31","1,201",28 Mar 2018,7 CHWEE CHIAN ROAD #02-11,Resale,Strata,147,"12,925",-,Condominium,1,Freehold,1995,Private,119749,05,11,Central Region,Queenstown
BELMOND GREEN,"2,050,000","1,065.64","1,924",28 Mar 2018,15A BALMORAL ROAD #07-07,Resale,Strata,99,"20,707",-,Condominium,1,Freehold,2004,HDB,259816,10,25,Central Region,Tanglin
HEDGES PARK CONDOMINIUM,"1,025,000","1,184.04",866,28 Mar 2018,73 FLORA DRIVE #02-09,Resale,Strata,110,"9,318",-,Condominium,1,99 yrs from 28/07/2010,2015,HDB,506882,17,50,East Region,Pasir Ris
CHANGI RISE CONDOMINIUM,"802,000","1,022.58",784,28 Mar 2018,20 SIMEI RISE #02-52,Resale,Strata,95,"8,442",-,Condominium,1,99 yrs from 29/11/2000,2004,HDB,528809,18,52,East Region,Tampines
HILLSTA,"668,000",570.49,"1,171",28 Mar 2018,66 PHOENIX ROAD #19-04,Resale,Strata,53,"12,604",-,Condominium,1,99 yrs from 03/10/2011,2016,HDB,668201,23,66,West Region,Bukit Batok
FLO RESIDENCE,"990,000","1,044.11",948,28 Mar 2018,13 PUNGGOL FIELD WALK #19-28,Resale,Strata,97,"10,206",-,Condominium,1,99 yrs from 05/12/2011,2016,Private,828745,19,82,North East Region,Punggol
CASTLE GREEN,"1,022,000","1,173.28",871,28 Mar 2018,483 YIO CHU KANG ROAD #13-13,Resale,Strata,109,"9,376",-,Condominium,1,99 yrs from 01/12/1993,1997,HDB,787057,26,78,North East Region,Ang Mo Kio
BEDOK RESIDENCES,"1,660,000","1,076.4","1,542",28 Mar 2018,18 BEDOK NORTH DRIVE #12-08,Resale,Strata,100,"16,600",-,Apartment,1,99 yrs from 21/11/2011,2015,HDB,465495,16,46,East Region,Bedok
THE SUNNY SPRING,"1,130,000","1,097.93","1,029",28 Mar 2018,50 LORONG 40 GEYLANG #02-47,Resale,Strata,102,"11,078",-,Apartment,1,Freehold,1998,Private,398074,14,39,Central Region,Geylang
H2O RESIDENCES,"860,000",850.36,"1,011",28 Mar 2018,34 FERNVALE LINK #09-15,Resale,Strata,79,"10,886",-,Condominium,1,99 yrs from 10/05/2010,2015,HDB,797532,28,79,North East Region,Sengkang
SPRINGVALE,"1,030,000",914.94,"1,126",28 Mar 2018,907 EAST COAST ROAD #02-11,Resale,Strata,85,"12,118",-,Apartment,1,Freehold,1995,Private,459107,15,45,East Region,Bedok
THE SEA VIEW,"1,070,000",559.73,"1,912",28 Mar 2018,37 AMBER ROAD #21-20,Resale,Strata,52,"20,577",-,Condominium,1,Freehold,2008,HDB,439946,15,43,Central Region,Marine Parade
MOUNTBATTEN SUITES,"1,200,000","1,044.11","1,149",28 Mar 2018,861 MOUNTBATTEN ROAD #02-05,Resale,Strata,97,"12,371",-,Apartment,1,Freehold,2012,Private,437842,15,43,Central Region,Marine Parade
THE FOLIAGE,"1,280,000",958,"1,336",28 Mar 2018,370 PASIR PANJANG ROAD #03-06,Resale,Strata,89,"14,382",-,Condominium,1,Freehold,2008,Private,118707,05,11,Central Region,Queenstown
HAZEL PARK CONDOMINIUM,"1,420,000","1,377.79","1,031",28 Mar 2018,27 HAZEL PARK TERRACE #06-07,Resale,Strata,128,"11,094",-,Condominium,1,999 yrs from 25/09/1882,2000,HDB,678949,23,67,West Region,Bukit Panjang
THE ANCHORAGE,"1,931,200","1,420.85","1,359",28 Mar 2018,370E ALEXANDRA ROAD #03-04,Resale,Strata,132,"14,630",-,Condominium,1,Freehold,1997,Private,159958,03,15,Central Region,Queenstown
THE TROPICA,"1,390,000","1,711.48",812,28 Mar 2018,63 TAMPINES AVENUE 1 #01-04,Resale,Strata,159,"8,742",-,Condominium,1,99 yrs from 04/12/1996,2000,HDB,529777,18,52,East Region,Tampines
THE CREST,"1,938,000",947.23,"2,046",28 Mar 2018,107 PRINCE CHARLES CRESCENT #01-21,Resale,Strata,88,"22,023",-,Condominium,1,99 yrs from 21/12/2012,2017,HDB,159020,03,15,Central Region,Bukit Merah
SIMS URBAN OASIS,"1,767,000","1,205.57","1,466",28 Mar 2018,16 SIMS DRIVE #04-56,New Sale,Strata,112,"15,777",-,Condominium,1,99 yrs from 29/07/2014,2017,N.A,387393,14,38,Central Region,Geylang
THE GARDENS AT BISHAN,"1,360,000","1,227.1","1,108",28 Mar 2018,9 SIN MING WALK #17-05,Resale,Strata,114,"11,930",-,Condominium,1,99 yrs from 22/03/1997,2004,HDB,575578,20,57,Central Region,Bishan
SIGNATURE PARK,"1,235,000","1,054.87","1,171",28 Mar 2018,50A TOH TUCK ROAD #03-08,Resale,Strata,98,"12,602",-,Condominium,1,Freehold,1998,Private,596742,21,59,Central Region,Bukit Timah
BOATHOUSE RESIDENCES,"740,000",710.42,"1,042",28 Mar 2018,33 UPPER SERANGOON VIEW #06-27,Resale,Strata,66,"11,212",-,Condominium,1,99 yrs from 09/02/2011,2015,HDB,534042,19,53,North East Region,Hougang
BULLION PARK,"1,388,000","1,259.39","1,102",28 Mar 2018,166 LENTOR LOOP #13-06,Resale,Strata,117,"11,863",-,Condominium,1,Freehold,1993,Private,789097,26,78,North East Region,Ang Mo Kio
LIVIA,"1,048,000","1,323.97",792,28 Mar 2018,71 PASIR RIS GROVE #03-20,Resale,Strata,123,"8,520",-,Condominium,1,99 yrs from 07/01/2008,2011,Private,518205,18,51,East Region,Pasir Ris
THE INTERLACE,"1,200,000",807.3,"1,486",28 Mar 2018,184 DEPOT ROAD #12-08,Resale,Strata,75,"16,000",-,Condominium,1,99 yrs from 11/02/2009,2013,HDB,109686,04,10,Central Region,Bukit Merah
MONTROSA,"1,050,000","1,205.57",871,29 Mar 2018,132 HILLVIEW AVENUE #06-03,Resale,Strata,112,"9,375",-,Condominium,1,999 yrs from 12/10/1885,1999,HDB,669597,23,66,West Region,Bukit Batok
TERRASSE,"1,700,000","1,646.89","1,032",29 Mar 2018,31 TERRASSE LANE #01-58,Resale,Strata,153,"11,111",-,Condominium,1,99 yrs from 23/08/2010,2014,HDB,544779,19,54,North East Region,Hougang
NORTHWOOD,"1,425,000","1,636.13",871,29 Mar 2018,62 JALAN MATA AYER #02-15,Resale,Strata,152,"9,375",-,Condominium,1,Freehold,2009,HDB,759159,27,75,North Region,Mandai
D'GALLERY,"730,000",527.44,"1,384",29 Mar 2018,15 JALAN MASJID #04-03,Resale,Strata,49,"14,898",-,Apartment,1,Freehold,2006,Private,418936,14,41,East Region,Bedok
THE ELYSIA,"906,000",818.06,"1,107",29 Mar 2018,6 MAR THOMA ROAD #05-03,Resale,Strata,76,"11,921",-,Apartment,1,999 yrs from 02/06/1882,2005,Private,328688,12,32,Central Region,Kallang
CASABELLA,"2,158,120","1,323.97","1,630",29 Mar 2018,176 DUCHESS AVENUE #02-04,Resale,Strata,123,"17,546",-,Condominium,1,Freehold,2005,HDB,269187,10,26,Central Region,Bukit Timah
CHARMING GARDEN,"3,560,000","2,475.72","1,438",29 Mar 2018,138 KING'S ROAD #03-03,Resale,Strata,230,"15,478",-,Condominium,1,999 yrs from 27/12/1875,1987,Private,268156,10,26,Central Region,Bukit Timah
CAIRNHILL HEIGHTS,"72,588,888","23,497.81","3,089",29 Mar 2018,16 ENBLOC CAIRNHILL RISE #08-02 ETC,Resale,Strata,"2,183","33,252",-,Apartment,19,Freehold,1985,Private,229744,09,22,Central Region,Newton
PARC MONDRIAN,"1,520,000","1,184.04","1,284",29 Mar 2018,21 WOODLEIGH CLOSE #04-03,Resale,Strata,110,"13,818",-,Apartment,1,Freehold,2010,HDB,357916,13,35,Central Region,Toa Payoh
PINNACLE 16,"1,400,000",925.7,"1,512",29 Mar 2018,16 SHAN ROAD #16-03,Resale,Strata,86,"16,279",-,Apartment,1,Freehold,2006,Private,328107,12,32,Central Region,Novena
HAIG COURT,"1,430,000","1,076.4","1,329",29 Mar 2018,152 HAIG ROAD #05-05,Resale,Strata,100,"14,300",-,Condominium,1,Freehold,2004,Private,438791,15,43,Central Region,Marine Parade
NOVA 88,"780,000",548.96,"1,421",29 Mar 2018,8 BHAMO ROAD #14-05,Resale,Strata,51,"15,294",-,Apartment,1,Freehold,2012,HDB,329640,12,32,Central Region,Novena
THE MKZ,"1,428,000",850.36,"1,679",29 Mar 2018,131 MACKENZIE ROAD #05-02,Resale,Strata,79,"18,076",-,Apartment,1,Freehold,2014,HDB,228714,09,22,Central Region,Newton
THE TREVOSE,"1,910,000","1,463.9","1,305",29 Mar 2018,60 TREVOSE CRESCENT #02-32,Resale,Strata,136,"14,044",-,Condominium,1,99 yrs from 14/12/1996,2001,Private,298090,11,29,Central Region,Novena
OASIS @ ELIAS,"890,000","1,205.57",738,29 Mar 2018,60 ELIAS ROAD #06-03,Resale,Strata,112,"7,946",-,Condominium,1,99 yrs from 17/03/2008,2011,Private,519938,18,51,East Region,Pasir Ris
TANJONG RIA CONDOMINIUM,"875,000",807.3,"1,084",29 Mar 2018,121 TANJONG RHU ROAD #02-24,Resale,Strata,75,"11,667",-,Condominium,1,99 yrs from 31/05/1993,1997,Private,436914,15,43,Central Region,Kallang
WATERFRONT KEY,"1,390,000","1,248.62","1,113",29 Mar 2018,770 BEDOK RESERVOIR ROAD #09-03,Resale,Strata,116,"11,983",-,Condominium,1,99 yrs from 31/10/2007,2012,HDB,479250,16,47,East Region,Bedok
PARC CENTROS,"650,000",462.85,"1,404",29 Mar 2018,92 PUNGGOL CENTRAL #14-32,Resale,Strata,43,"15,116",-,Condominium,1,99 yrs from 19/03/2012,2016,Private,828723,19,82,North East Region,Punggol
CENTRO RESIDENCES,"1,400,000",925.7,"1,512",29 Mar 2018,59 ANG MO KIO AVENUE 8 #25-06,Resale,Strata,86,"16,279",-,Condominium,1,99 yrs from 11/12/2007,2014,HDB,567752,20,56,North East Region,Ang Mo Kio
SAVANNAH CONDOPARK,"988,000","1,227.1",805,29 Mar 2018,51 SIMEI RISE #03-44,Resale,Strata,114,"8,667",-,Condominium,1,99 yrs from 29/11/2000,2005,Private,528789,18,52,East Region,Tampines
NEPTUNE COURT,"1,420,000","1,636.13",868,29 Mar 2018,4 MARINE VISTA #09-55,Resale,Strata,152,"9,342",-,Apartment,1,99 yrs from 01/11/1975,1975,HDB,449028,15,44,East Region,Bedok
BEACON HEIGHTS,"1,318,000","1,108.69","1,189",29 Mar 2018,8 MAR THOMA ROAD #20-02,Resale,Strata,103,"12,796",-,Condominium,1,999 yrs from 02/06/1882,2012,Private,328689,12,32,Central Region,Kallang
THE EQUATORIAL,"1,980,000","1,248.62","1,586",29 Mar 2018,151 STEVENS ROAD #06-08,Resale,Strata,116,"17,069",-,Condominium,1,Freehold,2001,Private,257872,10,25,Central Region,Tanglin
SOUTHAVEN II,"1,530,000","1,410.08","1,085",29 Mar 2018,31 HINDHEDE WALK #09-01,Resale,Strata,131,"11,679",-,Condominium,1,999 yrs from 21/06/1877,1999,Private,587967,21,58,West Region,Bukit Panjang
EASTERN LAGOON,"990,000",753.48,"1,314",29 Mar 2018,202 UPPER EAST COAST ROAD #06-02,Resale,Strata,70,"14,143",-,Condominium,1,Freehold,1985,Private,455284,15,45,East Region,Bedok
N.A.,"1,500,000","1,205.57","1,244",29 Mar 2018,2B STANGEE PLACE,Resale,Strata,112,"13,393",-,Apartment,1,Freehold,-,Private,424065,15,42,Central Region,Marine Parade
D'CHATEAU @ SHELFORD,"1,830,000","1,367.03","1,339",29 Mar 2018,25A SHELFORD ROAD #05-05,Resale,Strata,127,"14,409",-,Apartment,1,Freehold,2010,Private,288416,11,28,Central Region,Bukit Timah
SIMS RESIDENCES,"1,320,000","1,646.89",802,29 Mar 2018,8 LORONG 39 GEYLANG #01-11,Resale,Strata,153,"8,627",-,Apartment,1,99 yrs from 11/08/1997,2002,HDB,387882,14,38,Central Region,Geylang
THE GREENWICH,"1,100,000","1,076.4","1,022",29 Mar 2018,11 SELETAR ROAD #04-53,Resale,Strata,100,"11,000",-,Condominium,1,99 yrs from 21/12/2009,2014,Private,807016,28,80,North East Region,Serangoon
WU DE BUILDING,"1,118,000","1,259.39",888,29 Mar 2018,6A BEATTY ROAD #04-04,Resale,Strata,117,"9,556",-,Apartment,1,Freehold,1990,Private,209946,08,20,Central Region,Kallang
PAVILION 11,"2,088,000","1,485.43","1,406",29 Mar 2018,25 AKYAB ROAD #09-05,Resale,Strata,138,"15,130",-,Condominium,1,Freehold,2009,Private,309979,11,30,Central Region,Novena
THE TAPESTRY,"611,550",441.32,"1,386",29 Mar 2018,51 TAMPINES STREET 86 #01-06,New Sale,Strata,41,"14,916",-,Condominium,1,99 yrs from 31/07/2017,Uncompleted,N.A,528539,18,52,East Region,Tampines
MEADOWS @ PEIRCE,"1,380,000","1,216.33","1,135",29 Mar 2018,626 UPPER THOMSON ROAD #04-07,Resale,Strata,113,"12,212",-,Condominium,1,Freehold,2012,Private,787130,26,78,North East Region,Ang Mo Kio
HUNDRED TREES,"1,250,000",914.94,"1,366",29 Mar 2018,83 WEST COAST DRIVE #08-08,Resale,Strata,85,"14,706",-,Condominium,1,956 yrs from 27/05/1928,2013,HDB,127999,05,12,West Region,Clementi
WILKIE 48,"1,210,000",893.41,"1,354",29 Mar 2018,48 WILKIE ROAD #06-03,Resale,Strata,83,"14,578",-,Apartment,1,Freehold,1998,HDB,228059,09,22,Central Region,Rochor
CASTLE GREEN,"990,000","1,216.33",814,29 Mar 2018,481 YIO CHU KANG ROAD #06-15,Resale,Strata,113,"8,761",-,Condominium,1,99 yrs from 01/12/1993,1997,HDB,787056,26,78,North East Region,Ang Mo Kio
COSTA RHU,"1,300,000","1,011.82","1,285",29 Mar 2018,5 RHU CROSS #14-15,Resale,Strata,94,"13,830",-,Condominium,1,99 yrs from 30/05/1994,1997,HDB,437434,15,43,Central Region,Kallang
ARCHIPELAGO,"1,250,000",979.52,"1,276",29 Mar 2018,515 BEDOK RESERVOIR ROAD #05-59,Resale,Strata,91,"13,736",-,Condominium,1,99 yrs from 01/06/2011,2015,HDB,479274,16,47,East Region,Bedok
HUME PARK I,"1,275,000","1,356.26",940,29 Mar 2018,9 HUME AVENUE #06-02,Resale,Strata,126,"10,119",-,Condominium,1,Freehold,1995,Private,598722,21,59,West Region,Bukit Batok
ONE AMBER,"2,390,000","1,270.15","1,882",29 Mar 2018,7 AMBER GARDENS #19-17,Resale,Strata,118,"20,254",-,Condominium,1,Freehold,2010,Private,439974,15,43,Central Region,Marine Parade
ECO SANCTUARY,"800,000",667.37,"1,199",29 Mar 2018,61 CHESTNUT AVENUE #04-04,Resale,Strata,62,"12,903",-,Condominium,1,99 yrs from 25/04/2012,2016,Private,679522,23,67,West Region,Bukit Panjang
D'LEEDON,"1,650,000","1,011.82","1,631",29 Mar 2018,13 LEEDON HEIGHTS #10-44,Resale,Strata,94,"17,553",-,Condominium,1,99 yrs from 08/04/2010,2014,Private,266224,10,26,Central Region,Bukit Timah
CLOVER BY THE PARK,"1,828,000","1,280.92","1,427",29 Mar 2018,6 BISHAN STREET 25 #37-14,Resale,Strata,119,"15,361",-,Condominium,1,99 yrs from 10/09/2007,2011,Private,573975,20,57,Central Region,Bishan
CITY SUITES,"933,570",527.44,"1,770",29 Mar 2018,235 BALESTIER ROAD #10-01,New Sale,Strata,49,"19,052",-,Apartment,1,Freehold,2017,Private,329699,12,32,Central Region,Novena
SOPHIA HILLS,"2,430,000","1,130.22","2,150",29 Mar 2018,5 MOUNT SOPHIA #01-08,New Sale,Strata,105,"23,143",-,Condominium,1,99 yrs from 10/12/2013,2018,Private,228453,09,22,Central Region,Rochor
SENNETT RESIDENCE,"1,200,000",828.83,"1,448",29 Mar 2018,33 PHENG GECK AVENUE #16-10,Resale,Strata,77,"15,584",-,Condominium,1,99 yrs from 28/11/2011,2016,HDB,348228,13,34,Central Region,Toa Payoh
VA RESIDENCES,"930,000",624.31,"1,490",29 Mar 2018,9 BOON TECK ROAD #09-02,New Sale,Strata,58,"16,034",-,Apartment,1,Freehold,2016,Private,329583,12,32,Central Region,Novena
NOMU,"1,160,000",473.62,"2,449",29 Mar 2018,20 HANDY ROAD #06-04,Resale,Strata,44,"26,364",-,Apartment,1,Freehold,2009,HDB,229236,09,22,Central Region,Museum
MANDARIN GARDENS,"888,000",731.95,"1,213",29 Mar 2018,5 SIGLAP ROAD #08-39,Resale,Strata,68,"13,059",-,Condominium,1,99 yrs from 08/03/1982,1986,Private,448908,15,44,East Region,Bedok
THE PEAK@BALMEG,"2,028,000","1,711.48","1,185",29 Mar 2018,11 BALMEG HILL #01-23,Resale,Strata,159,"12,755",-,Condominium,1,Freehold,2011,Private,119916,05,11,Central Region,Queenstown
WEMBLY RESIDENCES,"1,558,000","1,560.78",998,29 Mar 2018,28 YIO CHU KANG ROAD #05-07,Resale,Strata,145,"10,745",-,Apartment,1,Freehold,2011,Private,545678,19,54,North East Region,Hougang
ONE-NORTH RESIDENCES,"1,450,000","1,011.82","1,433",29 Mar 2018,7 ONE-NORTH GATEWAY #08-11,Resale,Strata,94,"15,426",-,Apartment,1,99 yrs from 15/09/2005,2009,Private,138642,05,13,Central Region,Queenstown
THE STELLAR,"1,700,000","1,420.85","1,196",29 Mar 2018,10 WEST COAST ROAD #02-10,Resale,Strata,132,"12,879",-,Condominium,1,Freehold,2008,Private,126822,05,12,West Region,Clementi
THE CREST,"2,406,000","1,248.62","1,927",29 Mar 2018,105 PRINCE CHARLES CRESCENT #19-13,Resale,Strata,116,"20,741",-,Condominium,1,99 yrs from 21/12/2012,2017,Private,159019,03,15,Central Region,Bukit Merah
THE NAUTICAL,"870,000",979.52,888,29 Mar 2018,97 JALAN SENDUDOK #03-80,Resale,Strata,91,"9,560",-,Condominium,1,99 yrs from 29/08/2011,2015,HDB,769474,27,76,North Region,Sembawang
VALLEY PARK,"2,050,000","1,216.33","1,685",29 Mar 2018,473 RIVER VALLEY ROAD #15-07,Resale,Strata,113,"18,142",-,Condominium,1,999 yrs from 21/06/1877,1997,HDB,248358,10,24,Central Region,Tanglin
MARTIN PLACE RESIDENCES,"3,200,000","1,420.85","2,252",29 Mar 2018,6 MARTIN PLACE #29-11,Resale,Strata,132,"24,242",-,Condominium,1,Freehold,2011,Private,237990,09,23,Central Region,River Valley
A TREASURE TROVE,"850,000",893.41,951,29 Mar 2018,74 PUNGGOL WALK #01-49,Resale,Strata,83,"10,241",-,Condominium,1,99 yrs from 09/03/2011,2015,Private,828787,19,82,North East Region,Punggol
ARTRA,"1,648,600",828.83,"1,989",29 Mar 2018,10 ALEXANDRA VIEW #32-06,New Sale,Strata,77,"21,410",-,Apartment,1,99 yrs from 15/02/2016,Uncompleted,HDB,158745,03,15,Central Region,Bukit Merah
STRATUM,"1,645,000","1,819.12",904,29 Mar 2018,86 ELIAS ROAD #01-22,Sub Sale,Strata,169,"9,734",-,Condominium,1,99 yrs from 11/07/2012,2016,HDB,519948,18,51,East Region,Pasir Ris
PARC RIVIERA,"1,240,680",990.29,"1,253",29 Mar 2018,103 WEST COAST VALE #35-17,New Sale,Strata,92,"13,486",-,Condominium,1,99 yrs from 11/11/2015,Uncompleted,N.A,126754,05,12,West Region,Clementi
HILLVIEW HEIGHTS,"1,070,000",958,"1,117",29 Mar 2018,27 HILLVIEW AVENUE #07-05,Resale,Strata,89,"12,022",-,Condominium,1,Freehold,1996,Private,669559,23,66,West Region,Bukit Batok
ARTRA,"2,499,400","1,410.08","1,773",29 Mar 2018,10 ALEXANDRA VIEW #32-01,New Sale,Strata,131,"19,079",-,Apartment,1,99 yrs from 15/02/2016,Uncompleted,HDB,158745,03,15,Central Region,Bukit Merah
EASTERN LAGOON,"1,780,000","1,377.79","1,292",29 Mar 2018,202 UPPER EAST COAST ROAD #11-05,Resale,Strata,128,"13,906",-,Condominium,1,Freehold,1985,Private,455284,15,45,East Region,Bedok
LINCOLN SUITES,"1,230,000",527.44,"2,332",29 Mar 2018,3 KHIANG GUAN AVENUE #15-04,Resale,Strata,49,"25,102",-,Condominium,1,Freehold,2014,Private,308381,11,30,Central Region,Novena
SYMPHONY SUITES,"710,000",688.9,"1,031",29 Mar 2018,5 YISHUN CLOSE #01-09,Sub Sale,Strata,64,"11,094",-,Condominium,1,99 yrs from 10/06/2014,Uncompleted,HDB,768006,27,76,North Region,Yishun
A TREASURE TROVE,"1,291,000","1,205.57","1,071",29 Mar 2018,52 PUNGGOL WALK #04-08,Resale,Strata,112,"11,527",-,Condominium,1,99 yrs from 09/03/2011,2015,HDB,828831,19,82,North East Region,Punggol
SEASONS VIEW,"1,250,000","1,140.98","1,096",29 Mar 2018,5 PEMIMPIN DRIVE #11-05,Resale,Strata,106,"11,792",-,Condominium,1,99 yrs from 06/09/1996,2000,Private,576149,20,57,Central Region,Bishan
SAVANNAH CONDOPARK,"950,000","1,227.1",774,29 Mar 2018,41 SIMEI RISE #03-23,Resale,Strata,114,"8,333",-,Condominium,1,99 yrs from 29/11/2000,2005,Private,528784,18,52,East Region,Tampines
GRANDEUR PARK RESIDENCES,"2,213,000","1,453.14","1,523",29 Mar 2018,5 BEDOK SOUTH AVENUE 3 #13-24,New Sale,Strata,135,"16,393",-,Condominium,1,99 yrs from 25/05/2016,Uncompleted,Private,465463,16,46,East Region,Bedok
VILLA MARINA,"1,800,000","2,314.26",778,29 Mar 2018,25 JALAN SEMPADAN #04-14,Resale,Strata,215,"8,372",-,Condominium,1,99 yrs from 13/02/1995,1999,Private,457400,15,45,East Region,Bedok
ASTOR,"775,000",871.88,889,29 Mar 2018,51C LENGKONG EMPAT #04-05,Resale,Strata,81,"9,568",-,Apartment,1,99 yrs from 12/08/2002,2006,Private,417660,14,41,East Region,Bedok
ESTELLA GARDENS,"1,360,000","1,593.07",854,29 Mar 2018,27 FLORA ROAD #02-07,Resale,Strata,148,"9,189",-,Condominium,1,Freehold,1999,Private,509741,17,50,East Region,Pasir Ris
HILLSTA,"653,000",570.49,"1,145",29 Mar 2018,66 PHOENIX ROAD #19-05,Resale,Strata,53,"12,321",-,Condominium,1,99 yrs from 03/10/2011,2016,Private,668201,23,66,West Region,Bukit Batok
THE OCTET,"540,000",398.27,"1,356",29 Mar 2018,23 LORONG 24 GEYLANG #04-02,Sub Sale,Strata,37,"14,595",-,Apartment,1,Freehold,2016,HDB,398628,14,39,Central Region,Geylang
THE SPECTRUM,"1,100,000",958,"1,148",29 Mar 2018,501 PASIR PANJANG ROAD #03-01,Resale,Strata,89,"12,360",-,Condominium,1,Freehold,2005,HDB,117506,05,11,Central Region,Queenstown
BRADDELL VIEW,"1,279,760","1,700.71",752,29 Mar 2018,10H BRADDELL HILL #23-29,Resale,Strata,158,"8,100",-,Apartment,1,103 yrs from 01/08/1977,1981,Private,579727,20,57,Central Region,Toa Payoh
HEJI GARDENS,"1,889,000","2,443.43",773,29 Mar 2018,73 LORONG K TELOK KURAU #03-02,Resale,Strata,227,"8,322",-,Apartment,1,Freehold,1983,Private,425692,15,42,East Region,Bedok
GRANDEUR 8,"1,350,000","1,259.39","1,072",29 Mar 2018,18 ANG MO KIO CENTRAL 3 #15-29,Resale,Strata,117,"11,538",-,Condominium,1,99 yrs from 16/07/2002,2005,HDB,567749,20,56,North East Region,Ang Mo Kio
J GATEWAY,"1,435,000",947.23,"1,515",29 Mar 2018,2 GATEWAY DRIVE #23-08,Resale,Strata,88,"16,307",-,Condominium,1,99 yrs from 28/08/2012,2016,Private,608533,22,60,West Region,Jurong East
THOMSON GRAND,"1,795,000","1,367.03","1,313",29 Mar 2018,17 SIN MING WALK #13-08,Resale,Strata,127,"14,134",-,Condominium,1,99 yrs from 08/02/2010,2015,HDB,573913,20,57,Central Region,Bishan
AVILA GARDENS,"1,030,000","1,302.44",791,29 Mar 2018,13 FLORA ROAD #02-01,Resale,Strata,121,"8,512",-,Condominium,1,Freehold,1995,HDB,509733,17,50,East Region,Pasir Ris
PARC SEABREEZE,"2,190,000","1,291.68","1,695",29 Mar 2018,532 JOO CHIAT ROAD #06-06,Resale,Strata,120,"18,250",-,Apartment,1,Freehold,2012,Private,427711,15,42,Central Region,Marine Parade
WATER PLACE,"1,530,000","1,216.33","1,258",29 Mar 2018,175 TANJONG RHU ROAD #10-09,Resale,Strata,113,"13,540",-,Condominium,1,99 yrs from 02/03/1998,2004,HDB,436606,15,43,Central Region,Kallang
EIGHT RIVERSUITES,"1,200,000",807.3,"1,486",29 Mar 2018,8 WHAMPOA EAST #14-19,Resale,Strata,75,"16,000",-,Condominium,1,99 yrs from 11/07/2011,2016,HDB,338520,12,33,Central Region,Kallang
DAKOTA RESIDENCES,"2,230,000","1,743.77","1,279",29 Mar 2018,36 DAKOTA CRESCENT #01-07,Resale,Strata,162,"13,765",-,Condominium,1,99 yrs from 11/09/2007,2010,Private,399937,14,39,Central Region,Geylang
TOMLINSON HEIGHTS,"11,736,300","4,047.26","2,900",29 Mar 2018,31 TOMLINSON ROAD #16-01,Resale,Strata,376,"31,214",-,Condominium,1,Freehold,2014,Private,247855,10,24,Central Region,River Valley
GUILLEMARD EDGE,"645,000",419.8,"1,536",29 Mar 2018,38 LORONG 30 GEYLANG #06-22,Resale,Strata,39,"16,538",-,Apartment,1,Freehold,2014,HDB,398371,14,39,Central Region,Geylang
H2O RESIDENCES,"1,251,000","1,194.8","1,047",29 Mar 2018,38 FERNVALE LINK #07-22,Resale,Strata,111,"11,270",-,Condominium,1,99 yrs from 10/05/2010,2015,HDB,797534,28,79,North East Region,Sengkang
KANDIS RESIDENCE,"1,183,600",936.47,"1,264",30 Mar 2018,6 KANDIS LINK #06-07,New Sale,Strata,87,"13,605",-,Condominium,1,99 yrs from 11/07/2016,Uncompleted,HDB,756969,27,75,North Region,Sembawang
GEM RESIDENCES,"1,862,000","1,248.62","1,491",30 Mar 2018,3 LORONG 5 TOA PAYOH #14-15,New Sale,Strata,116,"16,052",-,Condominium,1,99 yrs from 21/09/2015,Uncompleted,Private,319459,12,31,Central Region,Toa Payoh
THE TAPESTRY,"672,300",473.62,"1,420",30 Mar 2018,51 TAMPINES STREET 86 #04-12,New Sale,Strata,44,"15,280",-,Condominium,1,99 yrs from 31/07/2017,Uncompleted,Private,528539,18,52,East Region,Tampines
THE TAPESTRY,"656,910",441.32,"1,488",30 Mar 2018,51 TAMPINES STREET 86 #12-09,New Sale,Strata,41,"16,022",-,Condominium,1,99 yrs from 31/07/2017,Uncompleted,HDB,528539,18,52,East Region,Tampines
SEASIDE RESIDENCES,"989,000",505.91,"1,955",30 Mar 2018,12 SIGLAP LINK #25-13,New Sale,Strata,47,"21,043",-,Apartment,1,99 yrs from 18/04/2016,Uncompleted,N.A,448870,15,44,East Region,Bedok
THE TAPESTRY,"980,100",699.66,"1,401",30 Mar 2018,63 TAMPINES STREET 86 #14-55,New Sale,Strata,65,"15,078",-,Condominium,1,99 yrs from 31/07/2017,Uncompleted,HDB,528511,18,52,East Region,Tampines
SEASIDE RESIDENCES,"991,000",559.73,"1,771",30 Mar 2018,16 SIGLAP LINK #03-25,New Sale,Strata,52,"19,058",-,Apartment,1,99 yrs from 18/04/2016,Uncompleted,HDB,448872,15,44,East Region,Bedok
THE TAPESTRY,"694,980",473.62,"1,467",30 Mar 2018,51 TAMPINES STREET 86 #12-13,New Sale,Strata,44,"15,795",-,Condominium,1,99 yrs from 31/07/2017,Uncompleted,N.A,528539,18,52,East Region,Tampines
FIVENINE,"1,596,000","1,054.87","1,513",30 Mar 2018,59A LORONG K TELOK KURAU #02-03,New Sale,Strata,98,"16,286",-,Apartment,1,Freehold,Uncompleted,Private,423369,15,42,East Region,Bedok
SEASIDE RESIDENCES,"1,832,000","1,087.16","1,685",30 Mar 2018,18 SIGLAP LINK #09-31,New Sale,Strata,101,"18,139",-,Apartment,1,99 yrs from 18/04/2016,Uncompleted,Private,448873,15,44,East Region,Bedok
THE TAPESTRY,"688,500",473.62,"1,454",30 Mar 2018,51 TAMPINES STREET 86 #12-01,New Sale,Strata,44,"15,648",-,Condominium,1,99 yrs from 31/07/2017,Uncompleted,Private,528539,18,52,East Region,Tampines
THE TAPESTRY,"698,220",473.62,"1,474",30 Mar 2018,51 TAMPINES STREET 86 #13-13,New Sale,Strata,44,"15,869",-,Condominium,1,99 yrs from 31/07/2017,Uncompleted,Private,528539,18,52,East Region,Tampines
PARC BOTANNIA,"654,000",505.91,"1,293",31 Mar 2018,10 FERNVALE STREET #07-01,New Sale,Strata,47,"13,915",-,Condominium,1,99 yrs from 28/12/2016,Uncompleted,HDB,797390,28,79,North East Region,Sengkang
8 HULLET,"1,898,200",538.2,"3,527",31 Mar 2018,8 HULLET ROAD #08-04,New Sale,Strata,50,"37,964",-,Apartment,1,Freehold,Uncompleted,HDB,229160,09,22,Central Region,Newton
PARC BOTANNIA,"1,127,112",861.12,"1,309",31 Mar 2018,18 FERNVALE STREET #05-29,New Sale,Strata,80,"14,089",-,Condominium,1,99 yrs from 28/12/2016,Uncompleted,Private,797394,28,79,North East Region,Sengkang
8 HULLET,"1,883,200",538.2,"3,499",31 Mar 2018,8 HULLET ROAD #07-04,New Sale,Strata,50,"37,664",-,Apartment,1,Freehold,Uncompleted,N.A,229160,09,22,Central Region,Newton
8 HULLET,"2,251,780",667.37,"3,374",31 Mar 2018,8 HULLET ROAD #05-02,New Sale,Strata,62,"36,319",-,Apartment,1,Freehold,Uncompleted,Private,229160,09,22,Central Region,Newton
FIVENINE,"1,616,000","1,054.87","1,532",31 Mar 2018,59 LORONG K TELOK KURAU #02-02,New Sale,Strata,98,"16,490",-,Apartment,1,Freehold,Uncompleted,HDB,425669,15,42,East Region,Bedok
THE TAPESTRY,"1,486,350","1,130.22","1,315",31 Mar 2018,59 TAMPINES STREET 86 #05-32,New Sale,Strata,105,"14,156",-,Condominium,1,99 yrs from 31/07/2017,Uncompleted,Private,528509,18,52,East Region,Tampines
8 HULLET,"2,316,780",667.37,"3,472",31 Mar 2018,8 HULLET ROAD #09-02,New Sale,Strata,62,"37,367",-,Apartment,1,Freehold,Uncompleted,Private,229160,09,22,Central Region,Newton
PARC BOTANNIA,"646,000",505.91,"1,277",31 Mar 2018,10 FERNVALE STREET #05-01,New Sale,Strata,47,"13,745",-,Condominium,1,99 yrs from 28/12/2016,Uncompleted,N.A,797390,28,79,North East Region,Sengkang
8 HULLET,"2,336,780",667.37,"3,501",31 Mar 2018,8 HULLET ROAD #10-02,New Sale,Strata,62,"37,690",-,Apartment,1,Freehold,Uncompleted,Private,229160,09,22,Central Region,Newton
8 HULLET,"2,810,100",796.54,"3,528",31 Mar 2018,8 HULLET ROAD #11-03,New Sale,Strata,74,"37,974",-,Apartment,1,Freehold,Uncompleted,Private,229160,09,22,Central Region,Newton
8 HULLET,"2,780,100",796.54,"3,490",31 Mar 2018,8 HULLET ROAD #10-03,New Sale,Strata,74,"37,569",-,Apartment,1,Freehold,Uncompleted,Private,229160,09,22,Central Region,Newton
8 HULLET,"2,266,780",667.37,"3,397",31 Mar 2018,8 HULLET ROAD #06-02,New Sale,Strata,62,"36,561",-,Apartment,1,Freehold,Uncompleted,N.A,229160,09,22,Central Region,Newton
8 HULLET,"2,376,780",667.37,"3,561",31 Mar 2018,8 HULLET ROAD #12-02,New Sale,Strata,62,"38,335",-,Apartment,1,Freehold,Uncompleted,HDB,229160,09,22,Central Region,Newton
8 HULLET,"2,281,780",667.37,"3,419",31 Mar 2018,8 HULLET ROAD #07-02,New Sale,Strata,62,"36,803",-,Apartment,1,Freehold,Uncompleted,Private,229160,09,22,Central Region,Newton
8 HULLET,"2,202,380",656.6,"3,354",31 Mar 2018,8 HULLET ROAD #03-01,New Sale,Strata,61,"36,105",-,Apartment,1,Freehold,Uncompleted,Private,229160,09,22,Central Region,Newton
GRANDEUR PARK RESIDENCES,"1,192,000",667.37,"1,786",31 Mar 2018,9 BEDOK SOUTH AVENUE 3 #14-38,New Sale,Strata,62,"19,226",-,Condominium,1,99 yrs from 25/05/2016,Uncompleted,N.A,465465,16,46,East Region,Bedok
ARTRA,"1,665,500",828.83,"2,009",31 Mar 2018,10 ALEXANDRA VIEW #34-06,New Sale,Strata,77,"21,630",-,Apartment,1,99 yrs from 15/02/2016,Uncompleted,HDB,158745,03,15,Central Region,Bukit Merah
QUEENS PEAK,"1,621,000",850.36,"1,906",31 Mar 2018,1 DUNDEE ROAD #35-09,New Sale,Strata,79,"20,519",-,Condominium,1,99 yrs from 28/09/2015,Uncompleted,HDB,149456,03,14,Central Region,Queenstown
8 HULLET,"2,235,780",667.37,"3,350",31 Mar 2018,8 HULLET ROAD #03-02,New Sale,Strata,62,"36,061",-,Apartment,1,Freehold,Uncompleted,N.A,229160,09,22,Central Region,Newton
THE TAPESTRY,"665,820",473.62,"1,406",31 Mar 2018,51 TAMPINES STREET 86 #02-12,New Sale,Strata,44,"15,132",-,Condominium,1,99 yrs from 31/07/2017,Uncompleted,HDB,528539,18,52,East Region,Tampines
8 HULLET,"2,296,780",667.37,"3,442",31 Mar 2018,8 HULLET ROAD #08-02,New Sale,Strata,62,"37,045",-,Apartment,1,Freehold,Uncompleted,Private,229160,09,22,Central Region,Newton
SOPHIA HILLS,"3,376,000","1,539.25","2,193",31 Mar 2018,27 MOUNT SOPHIA #04-98,New Sale,Strata,143,"23,608",-,Condominium,1,99 yrs from 10/12/2013,2018,N.A,228478,09,22,Central Region,Rochor
SOPHIA HILLS,"2,143,000",979.52,"2,188",31 Mar 2018,25 MOUNT SOPHIA #01-84,New Sale,Strata,91,"23,549",-,Condominium,1,99 yrs from 10/12/2013,2018,Private,228477,09,22,Central Region,Rochor
